uid	category	field	context	english	current_ukrainian	official_bg3_ukrainian
hc868035bgcc3dg4f6ag8137g0a3e325b8ba7	backgrounds	Description	UUID=1252a86e-9baa-4ccb-b8ce-2378ae006f0b	"Feat: Savage Attacker

You are trained in battlefield tactics and combat, having served in a militia, mercenary company, or officer corps. Show smart tactics and bravery on the battlefield to enhance your prowess."	"Риса: Лютий нападник

Ви опанували бойову тактику, служачи в ополченні, загоні найманців або офіцерському корпусі. Виявляйте на полі бою кмітливість і відвагу, щоб удосконалювати свою майстерність."	
h7187b090g05a9g4c6fgefa0g22b1e8de0294	backgrounds	Description	UUID=12685f6b-fef6-4646-8346-0d5f2da3fb2e	"Feat: Tavern Brawler

You lived as a seafarer, wind at your back and decks swaying beneath your feet. You’ve perched on barstools in more ports of call than you can remember, faced mighty storms, and swapped stories with folk who live beneath the waves."	"Риса: Забіяка

Ви жили мореплавством: вітер дув у спину, а палуба гойдалася під ногами. Ви засиджувалися в шинках стількох портів, що всіх і не злічити, долали могутні бурі й обмінювалися оповідками з народами, що живуть під хвилями."	
h9ce67cb6ga5b0ga13bg7785g0b5aae8510f3	backgrounds	Description	UUID=167c1415-3f41-4704-ab29-3271d6c7b36f	"Feat: Cult of the Dragon Initiate

You are an initiate of the Cult of the Dragon. You discovered or were brought to a cell cult, where you exemplified the values honored by dragon cultists: duplicity, secrecy, and determination. In exchange for your oath to serve the cult, the cult offered you the company of fellow dragon worshipers, plus access to resources that might help further your studies in the realms of arcana and occultism.

Dragon's Terror. You can take a Magic action to instill terror in a creature you can see within 30 feet of yourself. The target must succeed on a Wisdom saving throw or have the Frightened condition until the end of your next turn.

Inspired by Fear. When you cause a creature to gain the Frightened condition and you are the source of its fear, you gain Heroic Inspiration. Once you use this benefit, you can’t use it again until you finish a Short or Long Rest."	"Риса: Посвячений Культу Дракона

Ви — посвячений Культу Дракона. Ви знайшли осередок культу або вас привели до нього, і там ви втілили чесноти, які шанують драконопоклонники: лукавство, потайність і рішучість. В обмін на присягу служити культові ви отримали товариство однодумців і доступ до засобів, що допомагають глибше пізнавати містику й окультизм.

Драконячий жах. Магічною дією ви можете нажахати істоту, яку бачите в межах 30 футів від себе. Ціль повинна успішно виконати кидок протидії мудрістю, інакше набуде стану переляку до кінця вашого наступного ходу.

Натхнення страхом. Коли через вас істота набуває стану переляку, ви отримуєте героїчне натхнення. Після застосування цієї переваги ви не зможете скористатися нею знову до завершення короткого або довгого відпочинку."	
h7177de01ge0f7g8a37g6b7cgdf616c3162ac	backgrounds	Description	UUID=20d865ea-03bd-47bf-97d3-777e1b36b073	"Feat: Alert

A wicked moment, person, or thing that cannot be slain by sword or spell haunts your mind and flickers in your peripheral vision. You carry it wherever your adventure takes you - or perhaps it carries you."	"Риса: Пильність

Лиховісна мить, особа чи сутність, яку не здолати ані мечем, ані закляттям, переслідує ваші думки й мерехтить на краю зору. Ви несете її із собою, куди б не завели пригоди, — а може, це вона веде вас."	
h2716640cg5333g5237g4376g52bc2bce3db6	backgrounds	Description	UUID=229775c9-3044-4779-a3bb-532c39238e03	"Feat: Musician

You live to sway and subvert your audience, engaging common crowds and high society alike. Preserving art and bringing joy to the hapless and downtrodden heightens your charismatic aura."	"Риса: Музикант

Ви живете заради того, щоб захоплювати й бентежити публіку — від простого люду до вищого світу. Зберігаючи мистецтво та даруючи радість знедоленим і пригнобленим, ви посилюєте свою харизматичну ауру."	
h38b188b6g2fc2g8138g725agd0f6fbca254c	backgrounds	Description	UUID=2abb581f-659a-4696-b64b-ba7e09fbb47e	"Feat: Magic Initiate (Druid)

Like many who hail from the Moonshae Isles, you grew up revering the blessed land, its unique gods, and the mysterious shrines called the moonwells. As a moonwell pilgrim, you undertook a quest to visit and commune with every moonwell on (or off) the map. Along your idyllic journeys, you collected a repertoire of Moonshavian folk songs, painted landscapes of enchanting vistas, and even learned how to wield a bit of primal magic."	"Риса: Магічний хист: друїд

Як і багато уродженців островів Мунша, ви змалку шанували благословенну землю, її самобутніх богів і таємничі святилища — місячні криниці. Ставши прочанином місячних криниць, ви вирушили відвідати кожну з них і поспілкуватися з її силами — позначену на мапі чи приховану від світу. У цих мальовничих мандрах ви зібрали чимало муншайських народних пісень, змалювали безліч чарівних краєвидів і навіть навчилися володіти дещицею первісної магії."	
he15395feg34cbgfdbbgc738g75da56bca5d6	backgrounds	Description	UUID=324ee095-f9fc-41e8-ae35-1c3b7fdc0b22	"Feat: Savage Attacker

You trained your whole life to become a member of the Shadowmasters, the mysterious thieves’ guild that controls the realm of Thesk from behind the scenes. Stealth and quick reflexes were just the start of your Shadowmaster education; you also needed to hone your ruthlessness to ensure the safety of the guild’s secrets. But one wrong move led to your expulsion from the order. Now you must walk your own path."	"Риса: Лютий нападник

Усе життя ви готувалися вступити до Володарів тіней — таємничої гільдії злодіїв, яка нишком править Теском. Непомітність і швидкі рефлекси були лише початком навчання: вам також довелося плекати безжальність, щоб берегти таємниці гільдії. Та через один хибний крок вас вигнали з ордену. Тепер ви мусите торувати власний шлях."	
h96aa51dag6fb2gf3a9g321fged3d699fde79	backgrounds	Description	UUID=4add273f-f0c8-420e-a2fc-8182051261ec	"Feat: Lucky

You grew up in a land of living god-kings, and as a child you were told countless stories of ancient empires and buried cities. In these tales, Mulhorand was a land overflowing with forgotten riches—priceless treasures awaiting anyone cunning and brave enough to seek them out. You’ve taken it upon yourself to explore your homeland’s crypts, tombs, and pyramids to reclaim your people’s relics."	"Риса: Удача

Ви виросли в країні живих царів-богів і змалку чули незліченні оповіді про стародавні імперії та поховані міста. У них Мулгоранд поставав краєм забутих багатств — безцінних скарбів, що чекають на досить хитрих і відважних шукачів. Ви взялися досліджувати склепи, гробниці й піраміди батьківщини, щоб повернути реліквії свого народу."	
he504b2a7g6a08gdabfgb8a9g1df72a68f86c	backgrounds	Description	UUID=548ec404-27c3-4400-9871-d3be475d3bf1	"Feat: Skilled

Though most youths in Chondath accept their four-year term of compulsory military service, you bristled at that authoritarian attempt to control your life. You forsook your nationhood, discarded your given name, and worked as a freebooter with the first ship that would have you. Since then, you’ve traveled the Vilhon Reach. Though you’ve never sailed more than a few dozen leagues from land, you make up for it with deep local connections and the breadth of your experiences."	"Риса: Обдарований

Більшість юнаків Чондату покірно відбуває чотири роки обов’язкової військової служби, але вас обурила ця владна спроба розпоряджатися вашим життям. Ви зреклися підданства й даного при народженні імені та найнялися флібустьєром на перше судно, що погодилося вас узяти. Відтоді ви мандруєте Вілгонським краєм. Хоч ви й не відпливали від суходолу далі ніж на кілька десятків ліг, зате маєте широке коло місцевих знайомств і неабиякий життєвий досвід."	
h5039598cg6db2g2d04g6e52gb5d4956c7773	backgrounds	Description	UUID=5b1e726f-52bf-4e93-a798-9f93c067ee7f	"Feat: Tough

You grew up in the wilds, learning to survive far from the comforts of civilisation. Surviving unusual hazards of the wild will enhance your prowess and understanding."	"Риса: Гартований

Ви виросли серед дикої природи й навчилися виживати далеко від благ цивілізації. Долайте незвичайні небезпеки пущі, щоб гартувати майстерність і поглиблювати знання."	
h7d405f4ag1770gee29gfd7egc0479b1be286	backgrounds	Description	UUID=5d625775-e823-4bba-a232-58536fca9eea	"Feat: Grave Keeper

In a place closer to the lands of the dead than the living, those who tend the eternal rest and disposition of the deceased are held in a mixture of high esteem and apprehension. You have plied the trade of the gravedigger, the mortician, and the embalmer. There are times when you have been the only one to say a kind word in honor of those who passed. The depredations of the Undead are well-known to you, and you don’t suffer their meddling in the rest of your charges.

Grave Keeper. You gain one use of the Channel Divinity feature from the Cleric class, and you can create the Turn Undead effect with it. If you already have Channel Divinity, you add this use to the feature from one class of your choice."	"Риса: Хранитель могил

У краях, ближчих до земель мертвих, ніж живих, тих, хто дбає про вічний спокій і поховання померлих, водночас глибоко шанують і побоюються. Ви працювали могильником, трунарем і бальзамувальником. Часом лише від вас небіжчик чув останнє добре слово. Ви добре знаєте про безчинства невмерлих і не дозволяєте їм тривожити спокій своїх підопічних.

Хранитель могил. Ви отримуєте одне застосування класової особливості клірика «Боже наснаження» й можете витратити його на «Вигнання невмерлих». Якщо ви вже маєте «Боже наснаження», це застосування додається до однойменної особливості одного класу на ваш вибір."	
h18021532g7cf1g263eg148bg852a52db6cf5	backgrounds	Description	UUID=633aa4be-365f-4358-ba56-e2b85f9a88ec	"Feat: Magic Initiate (Cleric)

You have spent your life in service to a temple, learning sacred rites and providing sacrifices to the god or gods you worship. Serving the gods and discovering their sacred works will guide you to greatness."	"Риса: Магічний хист: клірик

Ви присвятили життя служінню в храмі, де вивчали священні обряди й приносили жертви богові чи богам, яким поклоняєтеся. Служіння богам і пізнання їхніх священних діянь приведе вас до величі."	
h44bec492ga13fg76e5gfab8g3f1ba78481ca	backgrounds	Description	UUID=63d1a97c-7b3c-4f15-90d0-dcce9b4a63fb	"Feat: Magic Initiate (Wizard)

Although genies no longer rule Calimshan, genie magic is still common in your homeland. Perhaps you inadvertently summoned a djinni from a magic lamp, or maybe you came upon an oasis guarded by a marid. A dao might have saved you from a landslide, or you bargained with an efreeti for fleeting wealth. However your fate intersected with that of a genie, the experience left you with a keen eye, a silver tongue, and more than a touch of magic."	"Риса: Магічний хист: чарівник

Хоча джини більше не правлять Калімшаном, на вашій батьківщині й досі поширена їхня магія. Можливо, ви ненароком викликали джина з чарівної лампи або натрапили на оазу під охороною марида. Можливо, дао врятував вас від зсуву, а може, ви уклали угоду з іфритом заради швидкоплинного багатства. Хоч би як ваша доля перетнулася з долею джина, ця зустріч подарувала вам гостре око, красномовство й неабияку частку магії."	
h906ec4f3gc82ag542bgde14g6bc7078122ad	backgrounds	Description	UUID=6906105a-0d54-43a2-ad51-683911aed015	"Feat: Lucky

You grew up on the streets surrounded by similarly ill-fated castoffs, a few of them friends and a few of them rivals. You slept where you could and did odd jobs for food. At times, when the hunger became unbearable, you resorted to theft. Still, you never lost your pride and never abandoned hope. Fate is not yet finished with you."	"Риса: Удача

Ви виросли на вулиці серед таких самих знедолених вигнанців — одні стали вашими друзями, інші суперниками. Ви ночували де доведеться й перебивалися випадковими заробітками заради їжі. Коли голод ставав нестерпним, часом доводилося красти. Та ви ніколи не втрачали гідності й не полишали надії. Доля ще має на вас плани."	
hdeab958dge913gf95bg123dg27338a365d6d	backgrounds	Description	UUID=6d5ba518-437a-4a31-8b64-e6e62ac5ceee	"Feat: Zhentarim Ruffian

Maybe you needed the money. Maybe you longed for a family, no matter how dubious. Or maybe you’re just good at getting the job done by any means necessary. Whatever your reason, you enlisted with the Zhentarim, the most notorious mercenary guild in the Realms. Though the Zhentarim’s leaders insist the organization is more like a family than a shadowy syndicate, few families exhibit as much dishonesty, nepotism, and corruption as this one. You’ve honed your cunning, reflexes, and blade to climb the guild’s ranks.

Exploit Opening. When you roll damage for an Opportunity Attack, you can roll the damage dice twice and use either roll against the target.

Family First. Once per Long Rest, you grant yourself and allies within 30 feet of you Advantage on Initiative rolls."	"Риса: Зентаримський головоріз

Можливо, вам були потрібні гроші. Можливо, ви прагнули мати родину — хоч би й сумнівну. А може, ви просто вмієте виконувати роботу за будь-яку ціну. Хай там як, ви вступили до Зентариму — найлиховіснішої гільдії найманців у Королівствах. Її ватажки запевняють, що організація радше родина, ніж таємний синдикат, хоча мало яка родина може похвалитися такою кількістю брехні, кумівства й корупції. Щоб піднятися в лавах гільдії, ви відточували хитрість, реакцію та свій клинок.

Скористатися нагодою. Визначаючи шкоду від Принагідної атаки, ви можете двічі кинути кістки шкоди й вибрати один із результатів проти цілі.

Родина понад усе. Один раз за довгий відпочинок ви надаєте собі та союзникам у межах 30 футів від вас перевагу на кидки ініціативи."	
h0326e7b1g8c73g586agce87gedf968fe63ea	backgrounds	Description	UUID=73a1674a-9ef3-4b8f-b407-2260669b4237	"Feat: Alert

You come from a proud line of ice fishers out of Ten-Towns in Icewind Dale. Catching knucklehead trout isn’t the most glorious trade in the North, but it’s an honest living. You’ve trained your senses for the slightest tug on the line, wrestled big trout out of ice-covered lakes, and gutted enough knucklehead trout to feed your village many times over. These experiences have toughened your body and mind for a life of adventuring.

Stand as One. When an ally within 5 feet of you is subjected to an effect that would push or pull it, you can take a Reaction to prevent that ally from being pushed or pulled. To receive this benefit, the ally can’t have the Incapacitated condition."	"Риса: Пильність

Ви походите зі славетного роду підлідних рибалок із Десятимістя в Долині Крижаного Вітру. Ловити лобату форель — не найпочесніше заняття на Півночі, зате чесне. Ви навчилися відчувати найменший рух волосіні, витягали величезних риб із укритих кригою озер і випатрали стільки форелі, що нею можна було б не раз нагодувати все селище. Цей досвід загартував ваше тіло й дух для життя шукача пригод.

Стояти разом. Коли союзник у межах 5 футів від вас зазнає ефекту, що має штовхнути або притягнути його, ви можете застосувати реагування, щоб завадити цьому переміщенню. Союзник не повинен перебувати в стані недієздатності."	
hcc3c36c6gd341g9ef3g75a6gd57375a199cd	backgrounds	Description	UUID=76925f0b-3ec8-4f42-86a9-cd4f745af2ac	"Feat: Skilled

You're an expert in manipulation, prone to exaggeration and more than happy to profit from it. Bending the truth and turning allies against each other will lead to greater success down the road."	"Риса: Обдарований

Ви майстер маніпуляцій, схильний до перебільшень і завжди готовий на цьому нажитися. Перекручуйте правду й нацьковуйте союзників одне на одного, щоб відкрити шлях до ще більших успіхів."	
h49166a1eg4322g9138gf1d7g4a5a791dc1d6	backgrounds	Description	UUID=7e13d7ea-fd20-4bbf-9cee-328c4cb6a51a	"Feat: Magic Initiate (Druid)

You came of age outdoors, far from settled lands. Your home was anywhere you chose to spread your bedroll. There are wonders in the wilderness—strange monsters, pristine forests and streams, overgrown ruins of great halls once trod by giants—and you learned to fend for yourself as you explored them. From time to time, you guided friendly nature priests who instructed you in the fundamentals of channeling the magic of the wild."	"Риса: Магічний хист: друїд

Ви подорослішали просто неба, далеко від обжитих земель, і домом вам було кожне місце, де можна розстелити спальник. Дика природа сповнена див: дивних чудовиськ, незайманих лісів і струмків, порослих руїн величних зал, якими колись ходили велетні. Досліджуючи їх, ви навчилися покладатися на себе. Час від часу ви супроводжували приязних жерців природи, а вони навчали вас основ спрямування магії пущі."	
h11a3cb02g94efge2aagfd7eg2559e2181833	backgrounds	Description	UUID=7e820dee-a8fc-43b2-8661-2b404454bade	"Feat: Skilled

You were raised in a family among the social elite, accustomed to power and privilege. Accumulating renown, power, and loyalty will raise your status."	"Риса: Обдарований

Ви виросли в родині, що належала до суспільної верхівки й звикла до влади та привілеїв. Здобувайте славу, вплив і відданих прибічників, щоб підвищувати свій статус."	
ha5ec425bg430dg6de7ge56ag7b5f719afc8e	backgrounds	Description	UUID=826b9553-5cb4-410c-aea6-1db15ce50d74	"Feat: Healer

You spent your early years secluded in a hut or monastery located well beyond the outskirts of the nearest settlement. In those days, your only companions were the creatures of the forest and those who would occasionally visit to bring news of the outside world and supplies. The solitude allowed you to spend many hours pondering the mysteries of creation."	"Риса: Цілитель

Ранні роки ви провели на самоті в хатині чи монастирі далеко за межами найближчого поселення. Тоді вашим товариством були лише лісові створіння та рідкісні відвідувачі, які приносили припаси й новини із зовнішнього світу. Самотність подарувала вам безліч годин для роздумів над таємницями творіння."	
hca28ebc2ga938g8c68g1dbag7edf639c41fc	backgrounds	Description	UUID=8807a6c6-d8cf-494b-aec2-cc01d7517a56	"Feat: Magic Initiate (Wizard)

You are curious and well-read, with an unending thirst for knowledge. Learning about rare lore of the world will inspire you to put this knowledge to greater purpose."	"Риса: Магічний хист: чарівник

Ви допитливі, начитані й маєте невситиму жагу до знань. Пізнаючи рідкісні таємниці світу, ви надихаєтеся застосовувати ці знання заради вищої мети."	
h75277cafgfc31g7483g2ad8gfd91011a85cc	backgrounds	Description	UUID=8d6d409c-3f31-43e7-b421-6a9397c54662	"Feat: Tough

You spent years wandering the highlands of Rashemen, a dangerous windswept heath that’s dotted with ancient obelisks enchanted to imprison Fiends and home to dragons, gnolls, and other deadly creatures. Friendships are hard to find in such an isolated land, and you’ve learned to keep strangers at a distance."	"Риса: Гартований

Роками ви мандрували високогір’ям Рашемену — небезпечними вітряними пустищами, де стародавні зачаровані обеліски ув’язнюють нечистих, а поміж ними живуть дракони, гноли та інші смертоносні створіння. У такому відлюдному краї нелегко знайти друзів, тож ви навчилися не підпускати чужинців надто близько."	
he09a0c77g31aeg7362g892bg7bdd827aa73e	backgrounds	Description	UUID=92f04fd6-8879-427b-8087-eab168a1b7a2	"Feat: Tough

The chief law enforcement branch of Baldur’s Gate is the Flaming Fist, a brawny mercenary guild led by the city’s grand duke. You once served as a Flaming Fist, where you learned how to preempt trouble with your intimidating stare and, when necessary, absorb deadly blows. Flaming Fist mercenaries, active or retired, are known as some of the toughest, most resilient warriors along the Sword Coast, and you seek to maintain that reputation."	"Риса: Гартований

Головна правоохоронна сила Брами Балдура — «Полум’яний кулак», могутня гільдія найманців під проводом великого герцога міста. Колись ви служили в її лавах і навчилися відвертати лихо одним грізним поглядом, а за потреби — витримувати смертоносні удари. Чинні й колишні найманці «Полум’яного кулака» відомі як одні з найвитриваліших воїнів Узбережжя Мечів, і ви прагнете бути гідними цієї слави."	
h9f4e80c6g4dd1gb652gbb63g04b844b503ae	backgrounds	Description	UUID=ac38525a-222b-4280-9c8e-60d5533b675c	"Feat: Savage Attacker

After surviving a poor and bleak childhood, you know how to make the most out of very little. Using your street smarts bolsters your spirit for the journey ahead."	"Риса: Лютий нападник

Переживши злиденне й похмуре дитинство, ви навчилися здобувати максимум із мізерних можливостей. Вулична кмітливість додає вам духу в прийдешніх мандрах."	
h0026be6dg10c9g0f95gcab2g7474991939fb	backgrounds	Description	UUID=ac3ac898-0052-468f-a067-f42f18b97ef1	"Feat: Healer

The dead magic zones of the Anauroch desert are anathema to spellcasters and monsters that rely on magic—which is exactly why you made your life there. Perhaps you’re on the run from Red Wizards, or you ran afoul of a powerful djinni in Calimshan. Whatever the case, you decided that living in Anauroch was your best option. After long months or years, you’re stronger, wiser, and armed with hard-earned knowledge of desert medicine and wasteland survival."	"Риса: Цілитель

Зони мертвої магії в пустелі Анаурох згубні для заклиначів і чудовиськ, що покладаються на магію, — саме тому ви там оселилися. Можливо, ви переховуєтеся від Червоних чарівників або перейшли дорогу могутньому джинові в Калімшані. Хай там як, життя в Анауросі було найкращим із доступних варіантів. За довгі місяці чи роки ви стали сильнішими й мудрішими та важкою працею здобули знання пустельної медицини й виживання на пустищах."	
h196d3642g2b8eg0c5ag525dg06fde33550c2	backgrounds	Description	UUID=ae832ab3-586d-47da-8376-c167475ebce1	"Feat: Skilled

You spent formative years in a scriptorium, a monastery dedicated to the preservation of knowledge, or a government agency, where you learned to write with a clear hand and produce finely written texts. Perhaps you scribed government documents or copied tomes of literature. You might have some skill as a writer of poetry, narrative, or scholarly research. Above all, you have a careful attention to detail, helping you avoid introducing mistakes to the documents you copy and create."	"Риса: Обдарований

Роки становлення ви провели в скрипторії, монастирі, присвяченому збереженню знань, або державній установі. Там ви виробили чіткий почерк і навчилися складати вишукані тексти. Можливо, ви переписували урядові документи чи літературні фоліанти, а також маєте хист до поезії, прози або наукових праць. Передусім ви надзвичайно уважні до подробиць, тому рідко припускаєтеся помилок у документах, які переписуєте чи створюєте."	
hc3c055e8g4d69gee62gad8cg75de8ea0fec1	backgrounds	Description	UUID=affd6524-3a92-4015-935c-b613cd8d8b6c	"Feat: Tyro of the Gauntlet

Not all who answer the call of a higher power are content to pore over scripture in a stuffy temple apse. You chose the path of the holy warrior by joining the Order of the Gauntlet. As a knight of the Gauntlet, you exercise righteous scorn for the forces of evil, unswerving camaraderie for your siblings in arms, and heartfelt compassion for the survivors of war. With weapon and holy symbol in hand, you’ve sworn not to rest until the light of justice has vanquished the shadow of chaos across Faerûn."	"Риса: Неофіт Рукавиці

Не всі, хто відгукнувся на поклик вищої сили, ладні вдовольнятися вивченням писань у задушливій храмовій апсиді. Вступивши до Ордену Рукавиці, ви обрали шлях святого воїна. Як лицар Рукавиці, ви праведно зневажаєте сили зла, непохитно підтримуєте побратимів і щиро співчуваєте жертвам війни. Зі зброєю та святим символом у руках ви заприсяглися не спочивати, доки світло справедливості не здолає тінь хаосу в усьому Фаеруні."	
h07cec1a0g7220ge9ebg9676gffd755fa50d0	backgrounds	Description	UUID=b45b8945-f47b-4ee4-940f-a92e2a5ca4f1	"Feat: Purple Dragon Rook

You’ve pledged your life to the safety of Cormyr and sought admission to that realm’s order of elite warriors: the Purple Dragon Knights. But before you have the chance to join the ranks officially, you must first serve as a knight’s squire. You’ve found a liege willing to take you on and teach you the order’s ways. Will you uphold the Purple Dragon Knights’ ideals of glory, honor, and strength and prove yourself worthy of knighthood?

Entreat. You gain proficiency in <LSTag Type=""Skills"" Tooltip=""Persuasion"">Persuasion</LSTag>.

Rallying Cry. You can choose a number of creatures equal to your Proficiency Bonus that you can see within 30 feet of yourself. Those creatures gain Heroic Inspiration. Once you use this benefit, you can’t do so again until you finish a Long Rest."	"Риса: Тура Пурпурного Дракона

Ви присвятили життя безпеці Корміру й прагнете вступити до ордену його добірних воїнів — Лицарів Пурпурного Дракона. Та перш ніж офіційно долучитися до їхніх лав, ви мусите послужити лицарським зброєносцем. Ви знайшли зверхника, готового взяти вас на службу й навчити звичаїв ордену. Чи збережете ви вірність ідеалам слави, честі й сили та доведете, що гідні лицарського звання?

Прохання. Ви отримуєте володіння навичкою <LSTag Type=""Skills"" Tooltip=""Persuasion"">Переконливість</LSTag>.

Бойовий клич. Виберіть видимих вам істот у межах 30 футів від себе в кількості, що дорівнює вашому бонусу спеціалізації. Вони отримують героїчне натхнення. Після застосування цієї переваги ви не зможете скористатися нею знову до завершення довгого відпочинку."	
hdb90b6a2g422eg0fbeg786dgb67c50e37043	backgrounds	Description	UUID=c4c58cf1-7b2f-42f0-9fd1-1eece642d5c8	"Feat: Charm Twister

You know the ancient rites kept alive by secretive druids and hedge practitioners in the shadowed groves of the primordial forests. Remedies and hexes woven into wicker charms can stave off misfortune and ward away evil. They could just as likely invite gloom and the ire of the old spirits.

Charm Twister. You always have the Bless and Hex spells prepared. In addition, you gain one 1st-level spell slot that can be used to cast them."	"Риса: Плетільник оберегів

Ви знаєте стародавні обряди, які потайні друїди й сільські знахарі зберігають у тінистих гаях прадавніх лісів. Цілющі чари й прокляття, вплетені в плетені обереги, здатні відвернути лихо й відігнати зло. Утім, вони так само легко можуть накликати морок і гнів давніх духів.

Плетільник оберегів. У вас завжди підготовлені закляття «Благословення» та «Прокляття». Крім того, ви отримуєте одну чарунку заклять 1-го рівня, яку можете витратити на проказування цих заклять."	
he8c36bc0g70c8g1d48g6d88g25469ebb3fda	backgrounds	Description	UUID=c8f0e1c5-184b-486c-abe2-45303965d42e	"Feat: Spellfire Spark

You bear the gift of spellfire: a rare form of magic that channels the raw power of the Weave. Wielding spellfire takes a heavy toll on the body. You’ve trained both mind and body to efficiently wield this sacred power.

Magic Absorption. Once per turn, when you take damage from a spell or magical effect, you reduce the total damage taken by 1d4.

Spellfire Flame. You learn the Sacred Flame cantrip. You can also cast this cantrip as a Bonus Action a number of times equal to your Proficiency Bonus, and you regain all expended uses when you finish a Long Rest."	"Риса: Іскра чаровогню

Ви несете дар чаровогню — рідкісної магії, що спрямовує первісну силу Плетіння. Чаровогонь виснажує тіло, тому ви загартували тіло й розум, щоб вправно володіти цією священною силою.

Поглинання магії. Один раз за хід, коли ви зазнаєте шкоди від закляття чи магічного ефекту, зменште загальну отриману шкоду на 1d4.

Полум’я чаровогню. Ви вивчаєте замовляння «Священний вогонь». Крім того, ви можете проказати його вторинною дією кількість разів, що дорівнює вашому бонусу спеціалізації. Усі витрачені застосування відновлюються після довгого відпочинку."	
h3ab69a8agd42agbda7g29dbgb432d976003a	backgrounds	Description	UUID=d39632e5-e486-4452-a46e-dfb2ec657a80	"Feat: Emerald Enclave Fledgling

As a Caretaker with the Emerald Enclave, you take care of those who care for the world. Either alongside your fellow Emerald Enclave members or by yourself, you’ve learned essential skills for living with the land: how to track game, where to forage for useful herbs, and even how to forecast the weather. You use these talents to maintain the balance between civilization and the wilds and to rid the world of unnatural creatures.

Speak with Animals. You always have the Speak with Animals spell prepared and can cast it with any spell slots you have.

Tag Team. When you take the Help action, you can switch places with a willing ally within 5 feet of yourself as part of that same action. This movement doesn’t provoke Opportunity Attacks."	"Риса: Початківець Смарагдового Анклаву

Як доглядач Смарагдового Анклаву ви піклуєтеся про тих, хто береже світ. Разом з іншими членами Анклаву чи самотужки ви опанували життєво важливі вміння: вистежувати дичину, знаходити корисні трави й навіть передбачати погоду. Завдяки цим талантам ви підтримуєте рівновагу між цивілізацією та пущею й очищаєте світ від неприродних створінь.

Розмова з тваринами. У вас завжди підготовлене закляття «Розмова з тваринами», і ви можете проказувати його, витрачаючи будь-які наявні чарунки заклять.

Злагоджена пара. Виконуючи дію «Допомога», ви можете в межах цієї самої дії помінятися місцями з охочим союзником у межах 5 футів від вас. Таке переміщення не провокує Принагідних атак."	
h2ba4fa20gb5a4gcf6fg0c48g86e73cad2928	backgrounds	Description	UUID=de726808-ce77-4071-af83-02eaa5ad35be	"Feat: Altered

You are forever altered in some drastic, physical way, perhaps even made monstrous. A blasphemous fusion of science, alchemy, and magic changed you, possibly to mend some unrecoverable malady, or to test the limits of your biology. The process was a success, at least to a point, but the change left its mark on you. The indelible warping of your form can be a source of fear for those who do not understand what they see.

Altered. You gain natural armor (AC 10 + Dexterity and Constitution modifiers), natural weapons (1d6 unarmed strikes), and darkvision out to 60 feet (or +30 feet if you already have it)."	"Риса: Змінений

Ваше тіло назавжди зазнало докорінної зміни, яка, можливо, навіть зробила вас чудовиськом. Блюзнірське поєднання науки, алхімії й магії перетворило вас — чи то задля лікування невиліковної недуги, чи то для випробування меж вашої природи. Принаймні почасти дослід удався, але залишив на вас незгладимий слід. Незворотне спотворення подоби може лякати тих, хто не розуміє побаченого.

Змінений. Ви отримуєте природний захист (РЗ 10 + модифікатори спритності й статури), природну зброю (1d6 шкоди від беззбройних ударів) і темнозір на 60 футів (або ще на 30 футів, якщо вже його маєте)."	
hfabda183g7436g881egc8e9gf6ec8a6a8cb3	backgrounds	Description	UUID=e15900f9-2bac-4156-9024-67444a2321b8	"Feat: Lords’ Alliance Agent

You’ve pledged your loyalty to a member-city of the Lords’ Alliance. As an Alliance agent, you must uphold the tenets of the Alliance and seek to increase safety and prosperity along the Sword Coast. You’re sworn to bring honor and glory to your lord’s house, whether that means securing trade roads for a merchant-lord of Waterdeep or vanquishing monsters upriver of Daggerford. You’ve trained in the arts of swordplay and statecraft and are as deft with a blade as you are with a quill.

Inspiring Strike. Once per turn when you score a Critical Hit against a creature, you gain Heroic Inspiration.

Reassert Honor. When an enemy you can see deals damage to you, you have Advantage on your next attack roll against that enemy before the end of your next turn."	"Риса: Агент Альянсу лордів

Ви присягнули на вірність одному з міст Альянсу лордів. Як агент Альянсу ви мусите дотримуватися його засад і зміцнювати безпеку та добробут Узбережжя Мечів. Ви заприсяглися принести честь і славу дому свого лорда — чи то охороняючи торгові шляхи вотердіпського купця-лорда, чи то винищуючи чудовиськ вище за течією від Дагерфорда. Ви опанували фехтування й державне ремесло, тож однаково вправно володієте клинком і пером.

Надихальний удар. Один раз за хід, коли ви завдаєте істоті критичного влучання, ви отримуєте героїчне натхнення.

Відновлення честі. Коли видимий вам ворог завдає вам шкоди, ви отримуєте перевагу на свій наступний кидок атаки проти нього до кінця свого наступного ходу."	
hbcaf83c9gb788g62e0g6965g3fa62228f254	backgrounds	Description	UUID=e8c84134-5e91-4ecc-881a-efc47680129b	"Feat: Alert

You have a history of breaking the law and survive by leveraging less-than-legal connections. Profiting from criminal enterprise will lead to greater opportunities in the future."	"Риса: Пильність

Ви не раз порушували закон і виживаєте завдяки сумнівним зв’язкам. Наживайтеся на злочинних оборудках, щоб у майбутньому відкривати ще ширші можливості."	
hecaca218g03ebge2e3g1541g30dab1f4df21	backgrounds	Description	UUID=e9aeac40-6c4e-4d81-9a24-e9eeb6208e85	"Feat: Skilled

Your skill in a particular craft has earned you membership in a mercantile guild, offering privileges and protection while engaging in your art. Repairing and discovering rare crafts will bring new inspiration."	"Риса: Обдарований

Майстерність у певному ремеслі принесла вам членство в купецькій гільдії, а разом із ним — привілеї та захист під час роботи. Відновлюйте рідкісні вироби й відкривайте забуті ремесла, щоб черпати нове натхнення."	
h16aa023egdc3cg5bc2g7476g71950aebff42	backgrounds	Description	UUID=efcb0b57-5d5a-4a54-a7b3-a618829fe379	"Feat: Tough

You're a champion of the common people, challenging tyrants and monsters to protect the helpless. Saving innocents in imminent danger will make your legend grow."	"Риса: Гартований

Ви — захисник простого люду, який кидає виклик тиранам і чудовиськам заради безпорадних. Рятуйте невинних від неминучої загибелі, щоб примножувати свою славу."	
he00a4a5dg14ebg9a5cg87e7ga940f48f405e	backgrounds	Description	UUID=f37b0b12-6a99-4969-8f3f-d187f834dd5b	"Feat: Harper Agent

You accepted an invitation to join the Harpers, pledging an oath to uphold the Harper code and act in service to the common good. Like all Harpers, you understand the value of teamwork as well as when it’s best to go it alone. Harper veterans have taught you the order’s secrets—magical melodies, special watchwords, and legerdemain—and have entrusted you to use such knowledge to surveil and undermine the forces of evil.

Instrument Training. You gain proficiency with Musical Instruments.

Distracting Melody. When you take the Distract action to assist an ally’s attack roll, the enemy you’re distracting can be within 30 feet of you, rather than within 5 feet of you, provided the enemy can see or hear you."	"Риса: Агент Арфістів

Ви прийняли запрошення вступити до Арфістів, присягнувши дотримуватися їхнього кодексу й служити спільному благу. Як і всі Арфісти, ви розумієте цінність командної роботи та знаєте, коли краще діяти самотужки. Ветерани відкрили вам таємниці ордену — магічні мелодії, особливі паролі й хитромудрі трюки — та доручили застосовувати ці знання для стеження за силами зла й підриву їхніх планів.

Гра на інструментах. Ви отримуєте володіння музичними інструментами.

Відволікальна мелодія. Коли ви виконуєте дію «Відволікти», щоб допомогти союзникові з кидком атаки, ворог може перебувати в межах 30 футів від вас замість 5 футів, якщо бачить або чує вас."	
h1de6d67bgeb49gcb85gfb65g06babeedf8df	backgrounds	Description	UUID=f5ce39fe-38d4-460e-a8b9-3ce884b399e8	"Feat: Lucky

You were apprenticed to a trader, caravan master, or shopkeeper, learning the fundamentals of commerce. You traveled broadly, and you earned a living by buying and selling the raw materials artisans need to practice their craft or finished works from such crafters. You might have transported goods from one place to another (by ship, wagon, or caravan) or bought them from traveling traders and sold them in your own shop."	"Риса: Удача

Ви були учнем купця, караванника чи крамаря й опановували основи торгівлі. Ви багато мандрували й заробляли на життя, купуючи та продаючи сировину для ремісників і готові вироби майстрів. Можливо, ви перевозили товари кораблем, возом або караваном чи купували їх у мандрівних торговців, а потім продавали у власній крамниці."	
hc52cd33bg7738g4b5eg085dgfcbe54464a64	backgrounds	Description	UUID=f60b7db2-aa2b-49af-aa91-5a50264acaf4	"Feat: Lucky

Mythals are sources of great magical power that can alter the Weave or even the very nature of reality. Most were constructed in antiquity, and many have since been damaged or gone dormant. As a mythalkeeper from the Dalelands, your first experience with a mythal was likely in the ruins of Myth Drannor. You roam Faerûn in search of other ruined places of power, hoping to learn more about the history and powers of mythals—or even restore a malfunctioning one."	"Риса: Удача

Міфали — джерела величезної магічної сили, здатні змінювати Плетіння й навіть саму природу реальності. Більшість із них створили в давнину, а згодом чимало пошкодили або вони згасли. Як хранитель міфалів із Долинних земель, ви, найімовірніше, вперше зустріли міфал серед руїн Міф-Драннора. Ви мандруєте Фаеруном у пошуках інших зруйнованих осередків сили, сподіваючись більше дізнатися про історію й могутність міфалів або навіть відновити один із пошкоджених."	
h15dc29ceg8c9cg6290g5aa9gcfb5242e5617	backgrounds	Description	UUID=ff536789-1926-4bb8-8841-194d068a9cd0	"Feat: Tough

You grew up close to the land. Years tending animals and cultivating the earth rewarded you with patience and good health. You have a keen appreciation for nature’s bounty alongside a healthy respect for nature’s wrath."	"Риса: Гартований

Ви виросли в тісному зв’язку із землею. Роки догляду за тваринами й обробітку ґрунту подарували вам терпіння та міцне здоров’я. Ви щиро цінуєте щедрість природи й водночас належно поважаєте її гнів."	
h8109bc16gabcag925cgdd47gb46dba14be0c	backgrounds	DisplayName	UUID=1252a86e-9baa-4ccb-b8ce-2378ae006f0b	Soldier	Військовий	Військовий
h75361877g462ag56f8g1373ge76df7dda28e	backgrounds	DisplayName	UUID=12685f6b-fef6-4646-8346-0d5f2da3fb2e	Sailor	Моряк	Моряк
h0bf7e770g96a0g3f97g6ab1g8d7f9041630c	backgrounds	DisplayName	UUID=167c1415-3f41-4704-ab29-3271d6c7b36f	Dragon Cultist	Культист Дракона	
h4c3975fag2626gb08fg2d75g1948720b803b	backgrounds	DisplayName	UUID=20d865ea-03bd-47bf-97d3-777e1b36b073	Haunted One	Нав'язливий образ	Нав'язливий образ
h71130c00gf7fegc295g7a78g226b23bab525	backgrounds	DisplayName	UUID=229775c9-3044-4779-a3bb-532c39238e03	Entertainer	Артист	Артист
ha3b66239g0fceg1dd7gf543g116ada2a1fc1	backgrounds	DisplayName	UUID=2abb581f-659a-4696-b64b-ba7e09fbb47e	Moonwell Pilgrim	Прочанин місячних криниць	
h02a4f737g934ag8c5fg60d4gbe36054837ed	backgrounds	DisplayName	UUID=324ee095-f9fc-41e8-ae35-1c3b7fdc0b22	Shadowmasters Exile	Вигнанець Володарів Тіней	
h2b4ab32dg3157gd5f2g6219g187c4cdef9f7	backgrounds	DisplayName	UUID=4add273f-f0c8-420e-a2fc-8182051261ec	Mulhorandi Tomb Raider	Мулхорандський розкрадач гробниць	
he12b9f94g6f02gff63gc972g8305903353f4	backgrounds	DisplayName	UUID=548ec404-27c3-4400-9871-d3be475d3bf1	Chondathan Freebooter	Чондатанський флібустьєр	
hdffa4c4fgb9e6g20ebg7a88g407a2ca29c32	backgrounds	DisplayName	UUID=5b1e726f-52bf-4e93-a798-9f93c067ee7f	Outlander	Чужинець	Чужинець
h8de8eb2bg4b97gfd23gf17fg132f6e2c9157	backgrounds	DisplayName	UUID=5d625775-e823-4bba-a232-58536fca9eea	Rest Warden	Вартовий спочинку	
hda66831fg300fg893ega428gd807bb12f766	backgrounds	DisplayName	UUID=633aa4be-365f-4358-ba56-e2b85f9a88ec	Acolyte	Послушник	Послушник
h105bb9d9g609ag49cfg2111g5249b2b04f14	backgrounds	DisplayName	UUID=63d1a97c-7b3c-4f15-90d0-dcce9b4a63fb	Genie Touched	Торкнутий джином	
h1f45de0dg88e1g0733gfc1fg831305fea871	backgrounds	DisplayName	UUID=6906105a-0d54-43a2-ad51-683911aed015	Wayfarer	Мандрівник	
h502820d0g8b37g078bg65f7g4a80446379d8	backgrounds	DisplayName	UUID=6d5ba518-437a-4a31-8b64-e6e62ac5ceee	Zhentarim Mercenary	Найманець Зентариму	
h3da2c0c2ge282gffe0g4fc2gbb39fdf2759a	backgrounds	DisplayName	UUID=73a1674a-9ef3-4b8f-b407-2260669b4237	Ice Fisher	Крижаний рибалка	
hb75003cbgf00cga299gd802g14c70c5d2869	backgrounds	DisplayName	UUID=76925f0b-3ec8-4f42-86a9-cd4f745af2ac	Charlatan	Шарлатан	Шарлатан
hfb98470dgc1a0gda55g59fbgedacd498ecb1	backgrounds	DisplayName	UUID=7e13d7ea-fd20-4bbf-9cee-328c4cb6a51a	Guide	Провідник	
h68877c75g37c1gbf22gf33fg60fb10459cda	backgrounds	DisplayName	UUID=7e820dee-a8fc-43b2-8661-2b404454bade	Noble	Шляхтич	Шляхтич
h0fa8ec83g19fag6182gb455g1d2c24eddba3	backgrounds	DisplayName	UUID=826b9553-5cb4-410c-aea6-1db15ce50d74	Hermit	Самітник	Самітник
h95a25eaegdeafgb7b8g4801g7a8367fc65a7	backgrounds	DisplayName	UUID=8807a6c6-d8cf-494b-aec2-cc01d7517a56	Sage	Мудрець	Мудрець
h625450b8g42bdgc0cag5d94g932492b64ed0	backgrounds	DisplayName	UUID=8d6d409c-3f31-43e7-b421-6a9397c54662	Rashemi Wanderer	Рашеменський мандрівник	
hdca03596gcde4g4b29g8a36g81f8496c69a4	backgrounds	DisplayName	UUID=92f04fd6-8879-427b-8087-eab168a1b7a2	Flaming Fist Mercenary	"Найманець ""Полум'яного кулака"""	"Найманець ""Полум'яного кулака"""
hc87a3f0fgaf2eg6057g69fbg9ba7b0e2f7bb	backgrounds	DisplayName	UUID=ac38525a-222b-4280-9c8e-60d5533b675c	Urchin	Безхатько	Безхатько
ha0d25efeg81cagb1eag57a7gc306ed49c4ed	backgrounds	DisplayName	UUID=ac3ac898-0052-468f-a067-f42f18b97ef1	Dead Magic Dweller	Мешканець зони мертвої магії	
h27dc6fe0gecf0gbd0fg3e2eg5238adc0ffe1	backgrounds	DisplayName	UUID=ae832ab3-586d-47da-8376-c167475ebce1	Scribe	Писар	
hc067f1degeab6gcb46ge111g828cec427e50	backgrounds	DisplayName	UUID=affd6524-3a92-4015-935c-b613cd8d8b6c	Knight of the Gauntlet	Лицар Панцерної Рукавиці	
h099b8c13g6adeg4d63g45deg207f06214cb4	backgrounds	DisplayName	UUID=b45b8945-f47b-4ee4-940f-a92e2a5ca4f1	Purple Dragon Squire	Зброєносець Пурпурового Дракона	
h6b9942c5g3516g176fg224dg36bf0a71d821	backgrounds	DisplayName	UUID=c4c58cf1-7b2f-42f0-9fd1-1eece642d5c8	Wicker Weaver	Плетільник оберегів	
hbefddbd1g977eg0ac2g94b5g9fadf9b4b0ba	backgrounds	DisplayName	UUID=c8f0e1c5-184b-486c-abe2-45303965d42e	Spellfire Initiate	Посвячений у чаровогонь	
h90ac0b94ga91cg1944g4476gd94460ac409f	backgrounds	DisplayName	UUID=d39632e5-e486-4452-a46e-dfb2ec657a80	Emerald Enclave Caretaker	Доглядач Смарагдового анклаву	
h5edcd5f5g2597g4cb6g5ebcg6f37e6b6f496	backgrounds	DisplayName	UUID=de726808-ce77-4071-af83-02eaa5ad35be	Experiment	Піддослідний	
h1ec0a941gc588ga341g98c0g61f235c0bedd	backgrounds	DisplayName	UUID=e15900f9-2bac-4156-9024-67444a2321b8	Lords' Alliance Vassal	Васал Альянсу Лордів	
h4b835e70g04c6g5a06g0c6dg1a3127667686	backgrounds	DisplayName	UUID=e8c84134-5e91-4ecc-881a-efc47680129b	Criminal	Злочинець	Злочинець
h8872efb5g9022g184cg8400gc8622021c434	backgrounds	DisplayName	UUID=e9aeac40-6c4e-4d81-9a24-e9eeb6208e85	Guild Artisan	Ремісник	Ремісник
h08144bfegc7fbg3b4cg2a08gf4711304db2f	backgrounds	DisplayName	UUID=efcb0b57-5d5a-4a54-a7b3-a618829fe379	Folk Hero	Народний герой	Народний герой
h9cef8d1ag8ca9gc531gcb6fg4f3bce89a4a8	backgrounds	DisplayName	UUID=f37b0b12-6a99-4969-8f3f-d187f834dd5b	Harper	Арфіст	
h1696d2f4g7bc6gd4a6gfafbg09abc3a4acdc	backgrounds	DisplayName	UUID=f5ce39fe-38d4-460e-a8b9-3ce884b399e8	Merchant	Торговець	
h21f658cdg376fg2dd1gdeaeg3ea987213e26	backgrounds	DisplayName	UUID=f60b7db2-aa2b-49af-aa91-5a50264acaf4	Mythalkeeper	Хранитель міфалю	
h97952f3cg6278g1f14ge37fg872fa1c84f63	backgrounds	DisplayName	UUID=ff536789-1926-4bb8-8841-194d068a9cd0	Farmer	Фермер	
hdcc3a388gb292gacb2gf7d4gedf14ac8aeed	classes	Description	Name=Aberrant;UUID=ee5a89b5-21c6-419e-8b30-aecf929bd7d7	"An alien influence has wrapped its tendrils around your mind, giving you psionic power. You can now touch other minds with that power and alter the world around you. Will this power shine from you as a hopeful beacon to others? Or will you be a terror to those who feel the stab of your mind?

Perhaps a psychic wind from the Astral Plane carried psionic energy to you, or you were exposed to the Far Realm’s warping influence. Alternatively, you were implanted with a mind flayer tadpole, but your transformation into a mind flayer never occurred; now the tadpole’s psionic power is yours. However you acquired this power, your mind is aflame with it."	"Чужинний вплив обплів ваш розум і наділив вас псіонічною силою. Тепер нею ви можете торкатися чужих думок і змінювати світ довкола. Чи засяє ця сила маяком надії для інших? Або ви станете жахом для кожного, хто відчує укол вашої свідомості?

Можливо, псіонічну енергію приніс вам ментальний вітер з Астрального плану або вас спотворив вплив Далекої царини. А може, у вас підселили пуголовка мізкожера, але перетворення так і не сталося — і тепер псіонічна сила паразита належить вам. Хоч би як ви здобули цей дар, ваш розум палає ним."	
h1862f304g5affgfe27g9f72g632fb90f977f	classes	Description	Name=AbjurationSchool;UUID=e6a0eb75-7a01-4f40-8563-24ba2615e99b	Your study of magic is focused on spells that block, banish, or protect—ending harmful effects, banishing evil influences, and protecting the weak. Abjurers are sought when baleful spirits require exorcism, when locations must be guarded against magical spying, and when portals to other planes of existence must be closed. Adventuring parties value Abjurers for the protection they provide against a variety of hostile magic and other attacks.	Ви зосередилися на закляттях, що блокують, виганяють і захищають: припиняють шкідливі ефекти, віднаджують злі сили та боронять слабких. Віднаджувачів кличуть, коли треба вигнати згубних духів, убезпечити місце від магічного стеження або закрити портал до іншого плану буття. Загони шукачів пригод цінують їх за захист від ворожої магії та інших нападів.	
hb0914d9fg1cd5gf675g447bg8f8c7b23a8bc	classes	Description	Name=Alchemist;UUID=ab2f7820-cb6b-49e4-804a-820d25291a16	An Alchemist is an expert at combining reagents to produce magical effects. Alchemists use their creations to give life and to leech it away.	Алхіміки вправно поєднують реагенти, створюючи магічні ефекти. Своїми витворами вони можуть як дарувати життя, так і висмоктувати його.	
h38a12140g389dg5222g5edag43885ca9c8ce	classes	Description	Name=ApocalypseDomain;UUID=4d7bc9f4-526f-4902-b9a2-b31577203d02	"Few gods embrace the Apocalypse Domain, yet in times of war, disease, or social upheaval, its Clerics appear at the head of grim cults that proclaim the world’s imminent demise. Devotes of the Apocalypse Domain are usually apostates and heretics cast from religious orders for their fanatical conviction to the end of all things.

The exact origin of their divine power confounds the elders of established religions. Sometimes, these Clerics derive their powers from the gods of fate, doom, or change. More often, though, they seem to draw their power from the collective gloom of a population facing disaster. Perhaps the world’s demise is truly imminent, and these visionaries have found some way to tap into the apocalypse as it grows near."	"Мало хто з богів визнає Домен апокаліпсису, проте за часів війни, мору чи суспільних потрясінь його клірики очолюють похмурі культи, що провіщають близьку загибель світу. Прибічники цього домену зазвичай є відступниками та єретиками, вигнаними з релігійних орденів за фанатичну віру в кінець усього сущого.

Старійшини усталених релігій не можуть збагнути походження їхньої божественної сили. Іноді ці клірики отримують її від богів долі, загибелі чи змін, але частіше, здається, черпають із колективного відчаю народу перед катастрофою. Можливо, кінець світу й справді близько, а ці провидці навчилися торкатися сили прийдешнього апокаліпсиса."	
h5e78186dgabebg2b99g11acg070fef938db4	classes	Description	Name=Archfey;UUID=733ddf8c-9ec4-4c5a-85e3-c70fd3df3c24	Your pact draws on the power of the Feywild. When you choose this subclass, you might make a deal with an archfey, such as the Prince of Frost; the Queen of Air and Darkness, ruler of the Gloaming Court; Titania of the Summer Court; or an ancient hag. Or you might call on a spectrum of Fey, weaving a web of favors and debts. Whoever they are, your patron is often inscrutable and whimsical.	Сила вашого договору походить із Феєлону. Обравши цей підклас, ви могли укласти угоду з архіфеєю — наприклад, Принцом Морозу, Королевою Повітря і Темряви з Похмурого двору, Титанією з Літнього двору або прадавньою каргою. А може, ви звернулися до багатьох фей, сплівши павутину послуг і боргів. Хай ким є ваш покровитель, його наміри здебільшого незбагненні, а вдача — примхлива.	
h7dfa2a4bg13bfg7ea9g611cgc213f4b0ba43	classes	Description	Name=ArchitectOfRuin;UUID=ba0844e2-726c-4e39-b6f7-c46733df19c4	"Architects of Ruin are cool and calculating arcane knights who serve Asmodeus, deploying spells, steel, and subterfuge to win at any cost.

Asmodeus rules Acheron, the City of Fear. His illriggers scour the timescape, collecting secrets and spells designed to deceive and terrify his opponents. The war he fights against the other archdevils is one of deception and information.

His Architects of Ruin work to make Hell’s enemies seem outnumbered and outmaneuvered. These illriggers are skillful spellblades on the battlefield, though some employ tactics such as research, infiltration, and propaganda to play mind games with their quarry. When an Architect of Ruin finally confronts an enemy, the advantage is theirs—they have studied, prepared, and gripped fate within their gauntlet, forcing it to favor them. They hungrily seek the dark arts to arm both themselves and Asmodeus with the impossible."	"Архітектори Руїни — холоднокровні й розважливі містичні лицарі Асмодея, які заради перемоги за будь-яку ціну застосовують закляття, сталь та обман.

Асмодей править Ахероном, Містом Страху. Його ілріґери нишпорять часовими просторами, збираючи таємниці й закляття, покликані ошукувати та жахати супротивників. Його війна з іншими архідияволами — це війна брехні та відомостей.

Архітектори Руїни прагнуть, щоб вороги Пекла почувалися оточеними й переграними. На полі бою ці ілріґери вправно поєднують клинок із чарами, а дехто вдається до досліджень, проникнення й пропаганди, щоб вести психологічну гру зі здобиччю. Коли Архітектор Руїни нарешті постає перед ворогом, перевага вже на його боці: він усе вивчив, підготувався і стиснув долю в латній рукавиці, змусивши її сприяти собі. Вони жадібно шукають темних мистецтв, щоб озброїти себе й Асмодея неможливим."	
h02b82287gfc4bg3b91g9ef9g28e9e7d50dc8	classes	Description	Name=Armorer;UUID=d9c984db-15cb-4308-88be-fb88cf3e8c32	An Armorer modifies armor to function almost like a second skin. The armor is enhanced to hone the Armorer’s magic, unleash potent attacks, and generate a formidable defense.	Броняр переробляє обладунки так, щоб вони стали майже другою шкірою. Посилений обладунок зосереджує магію броняра, дає змогу здійснювати потужні атаки й забезпечує надійний захист.	
h2fdc2689g1529ge2b4gd969g4df570df4ae6	classes	Description	Name=Artificer;UUID=8aa2cf37-7739-4978-ab86-b1190b881620	Masters of invention, Artificers use ingenuity and magic to unlock extraordinary capabilities in objects. They see magic as a complex system waiting to be decoded and then harnessed in their spells and inventions.	Винахідники — майстри новаторства, які завдяки кмітливості й магії відкривають надзвичайні можливості звичайних предметів. Вони сприймають магію як складну систему, що чекає на розшифрування й застосування у закляттях і винаходах.	
he4ee4e0eg19a4gb02cgb58agdfdbd170d103	classes	Description	Name=Artillerist;UUID=9b1afbf5-2133-4042-b39e-dfbade27a60b	An Artillerist specializes in using magic to hurl energy, projectiles, and explosions on a battlefield.	Артилерист спеціалізується на магії, що обрушує на поле бою енергію, снаряди й вибухи.	
hf149dfc0gc190g57f0g98c9g5ca3daadd069	classes	Description	Name=AstralDomain;UUID=0a7ae8c2-4fd5-48d8-9e5e-6a29189f3fb1	Gods of the Astral Plane are as lost to time and space as the realm they reign over. The Astral Plane fills the gaps between the planes of existence and is an important balancing force in the cosmic ecosystem of the multiverse. Practitioners of this domain see the absence of anything as something and consider the Astral Plane as the ultimate destination of all things. These acolytes follow the ultimate path to their destination, and help shepherd others along their way in a grand mission of entropy. Clerics of the Astral Domain are chaotic by nature, but typically choose to destroy evil where they find it and hasten its inevitable journey to the Astral Plane.	Боги Астрального плану так само загублені в часі й просторі, як і царство, яким вони правлять. Астральний план заповнює проміжки між планами буття й підтримує рівновагу в космічній екосистемі мультивсесвіту. Прихильники цього домену вбачають присутність у самій відсутності й вважають Астральний план остаточним призначенням усього сущого. Вони йдуть до цієї кінцевої мети й супроводжують інших у величній місії ентропії. Клірики Астрального домену хаотичні за природою, але зазвичай винищують зло, де б його не зустріли, прискорюючи його неминучу подорож до Астрального плану.	
h6ea1c6eag9b3dg7479ge12cgb52dd829b0da	classes	Description	Name=Banneret;UUID=f507f7bc-3d1a-4034-9590-ddef5a05d5b3	"Bannerets are paragons of valor and leadership who protect the innocent and rally fellow adventurers to the causes of justice and freedom. Many are knights serving in Cormyr, the Silver Marches, Damara, Chessenta, or other lands across Faerûn. They wander the realms as knights errant, taking the fight against evil beyond their kingdom’s borders.

A Banneret relies on judgment, bravery, and fidelity to the code of chivalry to guide them in defeating evildoers. A lone Banneret is a skilled warrior, but when leading a band of allies one of these warriors can transform even a poorly equipped militia into a ferocious war band."	"Банерети — взірці звитяги й провідництва, які захищають невинних і згуртовують шукачів пригод заради справедливості та свободи. Багато з них служать лицарями в Кормірі, Срібних Маршах, Дамарі, Чессенті та інших землях Фаеруну. Вони мандрують світом як лицарі без володінь і б’ються зі злом далеко за межами рідних королівств.

У боротьбі з лиходіями банерет покладається на розсудливість, відвагу й вірність лицарському кодексу. Наодинці це вправний воїн, але на чолі союзників він здатний перетворити навіть погано споряджене ополчення на грізний бойовий загін."	
h4bf8da96g64a3g0f5eg135bg7645978583b0	classes	Description	Name=BattleSmith;UUID=f574d2d6-cfc2-4cda-8771-1917f1eabaf1	A Battle Smith is a combination of protector and medic, an expert at defending others and repairing both materiel and personnel. To aid in their work, Battle Smiths are accompanied by a Steel Defender, a protective companion of their own creation.	Бойовий коваль поєднує ролі захисника й цілителя: боронить інших і лагодить як спорядження, так і живих соратників. У цьому йому допомагає Сталевий захисник — створений власноруч вірний охоронець.	
h054c34e8gf7acg1ce5g9297g2f198a57cc90	classes	Description	Name=BerserkerPath;UUID=32eee7d8-1b2f-4de5-b9ee-78fbd286c6ef	"Barbarians who walk the Path of the Berserker direct their <LSTag Type=""Status"" Tooltip=""RAGE"">Rage</LSTag> primarily toward violence. Their path is one of untrammeled fury, and they thrill in the chaos of battle as they allow their <LSTag Type=""Status"" Tooltip=""RAGE"">Rage</LSTag> to seize and empower them."	"Варвари Шляху берсерка спрямовують свою <LSTag Type=""Status"" Tooltip=""RAGE"">Лють</LSTag> передусім на насильство. Це шлях неприборканої ярості: вони впиваються хаосом битви й дозволяють <LSTag Type=""Status"" Tooltip=""RAGE"">Люті</LSTag> опанувати та зміцнити їх."	
hb5daba8dgda0agdf43g3675gc6035aefebbd	classes	Description	Name=BladeOfRadiance;UUID=94def2b4-eabb-4da2-baae-6dc366e87d82	"The Blades of Radiance, also known as Steel Saints, are among the most lethal orders of the Church. To become a blade, one must be a devout follower of the faith, for only those willing to die for the cause are deemed worthy. Prospective members are trained within the Church’s walls, taking the clergy as their new kin and discarding whatever familial bonds they once held. Their zealous fervor grants them unrivaled power on the battlefield, wielding massive weapons as if they were toys, infusing their blades with divine energy, and breaking their foes one by one.

The Blades of Radiance undertake an incredibly diverse range of missions. The most brutal members handle gruesome matters with lethal precision, while those of a more empathetic temperament protect their fellows. Despite their differences, all share a single goal: safeguarding the Church and its members, no matter the cost."	"Клинки Сяйва, відомі також як Сталеві святі, належать до найсмертоносніших орденів Церкви. Клинком може стати лише ревний послідовник віри, готовий померти за її справу. Майбутніх членів навчають у стінах Церкви; духовенство стає їхньою новою родиною, а всі колишні родинні зв’язки вони відкидають. Фанатичний запал дарує їм неперевершену міць у бою: вони орудують велетенською зброєю, наче іграшкою, насичують клинки божественною енергією й ламають ворогів одного за одним.

Клинки Сяйва виконують найрізноманітніші доручення. Найжорстокіші з них зі смертоносною точністю беруться за криваві справи, а співчутливіші захищають побратимів. Попри відмінності, усіх єднає одна мета: за будь-яку ціну боронити Церкву та її вірян."	
hf106deb5gfb07g4bdeg0a01g623dd85de6b9	classes	Description	Name=BladesingingSchool;UUID=8047cf29-2c79-4f12-a4bf-d965a023be63	"Bladesingers master a tradition of wizardry that incorporates swordplay and dance. In combat, a Bladesinger uses intricate, elegant maneuvers that fend off harm and allow the Bladesinger to channel magic into devastating attacks and a cunning defense. Many who have observed a Bladesinger at work remember the display as one of the more beautiful experiences in their life—a glorious dance accompanied by a singing blade.

Bladesinging is associated with the ancient elven societies that first mastered the art and coined the term. Even today, most Bladesingers still hail from old elven realms, such as Myth Drannor, or from non-elven societies that share land and history with elves, such as the Silver Marches. Wherever they hail from, Bladesingers take their talents all across the Realms to help common people and perform heroic deeds. Most communities greet the arrival of a Bladesinger as a good omen."	"Співці клинка опановують чарівницьку традицію, що поєднує фехтування й танець. У бою вони виконують складні та вишукані рухи, які відвертають шкоду й спрямовують магію в нищівні атаки та хитромудрий захист. Багато хто з очевидців називає цей величний танець під спів клинка одним із найпрекрасніших видовищ у своєму житті.

Спів клинка пов’язаний із прадавніми ельфійськими народами, що першими опанували й назвали це мистецтво. Навіть нині більшість його майстрів походить зі старих ельфійських царств на кшталт Міф-Драннора або з неельфійських земель, які поділяють з ельфами історію, як-от Срібні Марші. Хоч би де вони народилися, співці клинка мандрують Королівствами, допомагають простим людям і чинять героїчні діяння. У більшості громад їхню появу вважають доброю прикметою."	
he0ef5905gc6d4gce1ag48ceg2478a264ead0	classes	Description	Name=CarverGuild;UUID=d84e3f76-0e56-4344-9454-ba167a286bdb	"Since the beginning of time, the brave glared into danger’s ferocious eyes and fought monsters. Those who survived were the ones smart enough to arm themselves properly and know precisely where to strike—or those who knew when to flee and return with a new plan.

Members of the Carver Guild are the Monster Hunters typically called upon when immediate danger threatens a settlement and there is no army or militia available. Carvers stride unflinchingly toward death, armed with years of training and the knowledge passed down from those before them."	"Від початку часів сміливці вдивлялися в люті очі небезпеки й билися з чудовиськами. Виживали ті, кому ставало розуму належно озброїтися й точно знати, куди бити, — або вчасно відступити й повернутися з новим планом.

Членів Гільдії різьбярів зазвичай кличуть, коли поселення опиняється в безпосередній небезпеці, а війська чи ополчення поблизу немає. Ці мисливці на чудовиськ незворушно крокують назустріч смерті, озброєні роками підготовки та знаннями попередників."	
h7ac02ad8g0798gdcabg9abag78fd5b57ba92	classes	Description	Name=Cavalier;UUID=58e63bc1-b176-412f-8b30-3cea9a647dbb	Cavalier excels at mounted combat. Usually born among the nobility and raised at court, a Cavalier is equally at home leading a cavalry charge or exchanging repartee at a state dinner. Cavaliers also learn how to guard those in their charge from harm, often serving as the protectors of their superiors and of the weak. Compelled to right wrongs or earn prestige, many of these fighters leave their lives of comfort to embark on glorious adventure.	Кавалер неперевершений у кінному бою. Зазвичай народжений у шляхетній родині й вихований при дворі, він однаково впевнено очолює кавалерійську атаку й обмінюється дотепами на державній вечері. Кавалери також учаться захищати своїх підопічних, часто стаючи охоронцями можновладців і слабких. Прагнучи виправити кривду чи здобути славу, багато таких бійців полишають затишне життя заради величних пригод.	
h3662fdcag8fe4g979eg5288g490b31f1f882	classes	Description	Name=Celestial;UUID=1e077f6b-1034-43ab-b54c-5718d78e9437	Your pact draws on the Upper Planes, the realms of everlasting bliss. You might enter an agreement with an empyrean, a couatl, a sphinx, a unicorn, or another heavenly entity. Or you might call on numerous such beings as you pursue goals aligned with theirs. Your pact allows you to experience a hint of the holy light that illuminates the multiverse.	Сила вашого договору походить із Верхніх планів — царств вічного блаженства. Ви могли укласти угоду з емпіреєм, куатлем, сфінксом, єдинорогом чи іншим небесником або звернутися одразу до багатьох таких істот заради спільної мети. Завдяки договору ви відчуваєте частку святого світла, що осяває мультивсесвіт.	
h4dcc12fag7d0cgb63ag23cfg441ee129b6df	classes	Description	Name=CircleOfDragons;UUID=2db79008-fad4-4e31-bda3-8d5d34ccda3f	"The Circle of Dragons is an old order of druids steeped in rigid tradition. These honor-bound wardens of nature and draconic heritage are members of a secret society that have influenced governance, war, and culture across the world. High-standing members of this Circle have ties to royal bloodlines that date back generations, a connection that’s subtly showcased in royal family crests and insignia.

Druids from this Circle know that dragons, and draconic magic, are as connected to the world as plants or beasts, and utilize that connection to transform into a unique and powerful draconic form all their own."	"Коло Драконів — стародавній орден друїдів, відданий суворим традиціям. Ці зв’язані честю вартові природи й драконячої спадщини належать до таємного товариства, яке впливало на владу, війни й культуру в усьому світі. Високопоставлені члени Кола мають давні зв’язки з королівськими родами, непомітно відображені в їхніх гербах і відзнаках.

Друїди цього Кола знають, що дракони та їхня магія пов’язані зі світом не менше за рослини чи звірів. Завдяки цьому зв’язку кожен із них набуває власної неповторної та могутньої драконячої подоби."	
h59958a6fg7ff5g9780g1b47g688c0909621b	classes	Description	Name=CircleOfDreams;UUID=3619c8a4-333d-4d22-a836-a9a8adea92f3	Druids who are members of the Circle of Dreams hail from regions that have strong ties to the Feywild and its dreamlike realms. The druids’ guardianship of the natural world makes for a natural alliance between them and good-aligned fey. These druids seek to fill the world with dreamy wonder. Their magic mends wounds and brings joy to downcast hearts, and the realms they protect are gleaming, fruitful places, where dream and reality blur together and where the weary can find rest.	Друїди Кола Мрій походять із країв, тісно пов’язаних із Феєлоном та його сновидними царствами. Захист природи природно зближує їх із доброзичливими феями. Ці друїди прагнуть сповнити світ дивами, подібними до снів. Їхня магія загоює рани й приносить радість засмученим серцям, а підзахисні землі сяють і квітнуть — там сон зливається з дійсністю, а стомлені знаходять спочинок.	
h620c69f6g5443g20cdg6ba6g742691ee6c08	classes	Description	Name=CircleOfTheSea;UUID=4d73bb8e-5405-4586-9947-0cda0e2f424b	Druids of the Circle of the Sea draw on the tempestuous forces of oceans and storms. Some view themselves as embodiments of nature’s wrath, seeking vengeance against those who despoil nature. Others seek mystical unity with nature by attuning themselves to the ebb and flow of the tides, following the rush of currents and waves and listening to the inscrutable whispers and roars of the winds.	Друїди Кола Моря черпають із бурхливої сили океанів і штормів. Дехто вважає себе втіленням гніву природи й мститься тим, хто її спаплюжує. Інші прагнуть містичної єдності з природою: налаштовуються на ритм припливів і відпливів, ідуть за течіями та хвилями й дослухаються до незбагненних шепоту та ревіння вітрів.	
h7620f19ag43c9g05a4g36acg0cd45d849578	classes	Description	Name=CircleOfTheUnbroken;UUID=25ffd448-e661-4994-a354-1bb1d79bbb65	"The Unbroken Circle is an order of Druids who have abandoned the patient teachings of their predecessors, deciding instead to take up arms in defense of the wilderness. These combative Druids form militias and harness the fury of nature itself to forcefully remove any encroaching evil that threatens their sacred lands.

While the chaotic bend of nature is found within these Druids, their bodies and impulses are tamed through training and discipline. Originally from the unforgiving Festerwood, this circle’s teachings are as rigorous as the forest, blending a mixture of offense and defense to stand up to all of the world’s challenges."	"Коло Незламних — орден друїдів, які відкинули терплячі настанови попередників і взялися за зброю на захист пущі. Ці войовничі друїди створюють ополчення й спрямовують лють самої природи, силою викорінюючи будь-яке зло, що зазіхає на їхні священні землі.

У них живе хаотична вдача природи, але тіло й пориви приборкані підготовкою та дисципліною. Це Коло походить із безжального Фестервуду, і його вчення таке ж суворе, як сам ліс: воно поєднує напад і захист, щоб протистояти всім випробуванням світу."	
h955ef661gc670g5024g8289g7b1595fc740c	classes	Description	Name=Clockwork;UUID=886e988c-1d77-43ad-a0a9-f1e48c56d29b	The cosmic force of order has suffused you with magic. That power arises from Mechanus or a realm like it—a plane of existence shaped entirely by clockwork efficiency. You or someone from your lineage might have become entangled in the machinations of modrons, the orderly beings who inhabit Mechanus. Perhaps your ancestor even took part in the Great Modron March. Whatever its origin within you, the power of order can seem strange to others, but for you, it’s part of a vast and glorious system.	Космічна сила порядку наситила вас магією. Вона походить із Механуса або подібного царства — плану буття, цілком підпорядкованого бездоганній роботі механізмів. Ви чи хтось із вашого роду могли опинитися втягнутими в задуми модронів, упорядкованих мешканців Механуса. Можливо, ваш предок навіть брав участь у Великому марші модронів. Хоч би яким було джерело, сила порядку може здаватися іншим дивною, але для вас вона — частина величної та всеосяжної системи.	
hf0b95e32g4ebbg93cdgf26eg83a31fd8654e	classes	Description	Name=DanceCollege;UUID=0da91e7c-7880-4cfa-819b-82eb6f41130f	Bards of the College of Dance know that the Words of Creation can’t be contained within speech or song; the words are uttered by the movements of celestial bodies and flow through the motions of the smallest creatures. These Bards practice a way of being in harmony with the whirling cosmos that emphasizes agility, speed, and grace.	Барди Колегії Танцю знають, що Слів Творіння не вмістити ані в мову, ані в пісню: їх промовляє рух небесних тіл, і вони струменять у порухах найменших створінь. Ці барди живуть у гармонії з вирливим космосом, плекуючи спритність, швидкість і грацію.	
ha031b042gd64ag0b74g62b9g7aa92b2a2119	classes	Description	Name=DeadThree;UUID=eeb1f97b-7cc4-4720-b2a8-bf8cbb4dc76e	"A Scion of the Three draws power from a group of malevolent gods known in Baldur’s Gate as the Dead Three: Bane, a god of tyranny; Bhaal, a god of violence and murder; and Myrkul, a god of death. While some Rogues of this subclass pledge themselves ardently to those three macabre gods, others are thrust on this path by a curse. Either way, a scion’s power manifests as various occult gifts, as well as an uncanny talent for striking and terrifying foes.

Scions of the Three are most common in Baldur’s Gate, where the Dead Three lived as mortals before ascending to godhood. Underground cults to Bane, Bhaal, and Myrkul often count Scions of the Three among their most useful agents. Outside Baldur’s Gate, secular thieves’ guilds such as the Shadow Thieves of Amn or the Xanathar Guild in Waterdeep might call on a Scion of the Three to undertake an especially violent contract."	"Нащадок Трійці черпає силу від зловісних богів, відомих у Брамі Балдура як Мертва Трійця: Бейна, бога тиранії; Баала, бога насильства й убивства; та Меркула, бога смерті. Одні пройдисвіти цього підкласу ревно служать трьом моторошним богам, а інших штовхає на цей шлях прокляття. У будь-якому разі сила нащадка проявляється окультними дарами й надприродним хистом уражати та жахати ворогів.

Найчастіше Нащадки Трійці трапляються в Брамі Балдура, де боги Мертвої Трійці жили смертними до свого обожнення. Підпільні культи Бейна, Баала й Меркула часто використовують їх як найцінніших агентів. За межами міста світські злодійські гільдії на кшталт Тіньових злодіїв Амну чи Гільдії Ксанатара в Глибоководді можуть доручити Нащадкові Трійці особливо кривавий контракт."	
hae222c4fga6fbgac62g739fg68a9d81a56c3	classes	Description	Name=DevourerGuild;UUID=bebbfa54-1ad1-4459-b11b-8755e8633c5a	"Folk in Etharis don’t always speak highly of Monster Hunters, and many consider them to be just as depraved and inhuman as the evils they vanquish. Many of the appalling tales about Monster Hunters can be attributed, directly or indirectly, to the Devourer Guild, who are accused of being monstrous cannibals.

The truth is barely any better. Devourers have spent their days consuming the flesh and blood of the monsters they slay, and, over time, their metabolism has changed to tolerate this disgusting practice. Devourers adopt mutations shortly after consuming their prey."	"В Етарісі про мисливців на чудовиськ не завжди говорять добре: багато хто вважає їх не менш розбещеними й нелюдськими за винищуване ними зло. Чимало моторошних оповідей про мисливців прямо чи опосередковано пов’язані з Гільдією Пожирачів, членів якої звинувачують у жахливому канібалізмі.

Насправді все ненабагато краще. Пожирачі роками споживали плоть і кров убитих чудовиськ, і з часом їхній обмін речовин пристосувався до цієї огидної практики. Після пожирання здобичі вони набувають мутацій."	
h082d1855ga658g2a35g05a7g0252200ad020	classes	Description	Name=DivinationSchool;UUID=7577b0e1-a517-4f82-8f72-05a227dc5e88	The counsel of a Diviner is sought by those who want a clearer understanding of the past, present, and future. As a Diviner, you strive to part the veils of space, time, and consciousness. You work to master spells of discernment, remote viewing, supernatural knowledge, and foresight.	До ворожбитів звертаються ті, хто прагне краще осягнути минуле, сучасне й майбутнє. Як ворожбит, ви розсуваєте завіси простору, часу та свідомості й опановуєте закляття прозріння, далекобачення, надприродного знання та передчуття.	
h135ef26bgf199g1ad5g7571gfe75a8983f9c	classes	Description	Name=EvocationSchool;UUID=c059dca1-c17d-4dce-8260-83ede5070eac	Your studies focus on magic that creates powerful elemental effects such as bitter cold, searing flame, rolling thunder, crackling lightning, and burning acid. Some Evokers find employment in military forces, serving as artillery to blast armies from afar. Others use their power to protect others, while some seek their own gain.	Ви вивчаєте магію, що породжує могутні стихійні явища: лютий холод, пекуче полум’я, гуркіт грому, тріск блискавки й їдку кислоту. Деякі втілювачі служать у військах живою артилерією та нищать армії здалеку. Інші спрямовують силу на захист ближніх, а дехто — на власну вигоду.	
h60b4a6b6g2c59g4b4cgb657g5872fb1a68d4	classes	Description	Name=FeyWanderer;UUID=c2f64e7b-124f-4b2d-9dcb-bbeeef2d747e	A fey mystique surrounds you, thanks to the boon of an archfey or a location in the Feywild that transformed you. However you gained fey magic, you are now a Fey Wanderer. Your joyful laughter brightens the hearts of the downtrodden, and your martial prowess strikes terror in your foes, for great is the mirth of the fey and dreadful is their fury.	Вас огортає фейська загадковість — дар архіфеї або наслідок перебування в куточку Феєлону, що змінив вас. Хоч би як ви здобули цю магію, тепер ви — Фейський мандрівник. Ваш веселий сміх зігріває серця пригноблених, а бойова майстерність жахає ворогів, бо безмежні веселощі фей і страшна їхня лють.	
h52d5cbc0g4e75gc1bfgaf8egc799b8481188	classes	Description	Name=Fiend;UUID=8866db28-7dda-4fd6-93ed-20eca16314f0	You have pledged your soul to the Hells or Abyss in return for a deadly arsenal of fiendish arcana.	Ви присягнули душею Пеклам або Безодні в обмін на смертоносну нечестиву магію.	Ви присягнули душею Пеклам або Безодні в обмін на смертоносну нечестиву магію.
he8be7bbbg7ac3ge2fegb60egac3d86538826	classes	Description	Name=Fractured;UUID=1434b384-f51c-4f78-ad7f-db0f13f5a3ee	Barbarians are defined by their rage, channeling it to unleash brief but potent destruction. Few are brave or unwise enough to study esoteric psychological techniques that split their rage from the rest of their psyche, dividing their identity into two parts: ego and id. When their ego is in control, the Fractured—as these Barbarians are known—possess self-control and cunning beyond most other Barbarians. When they allow their id to take control, their countenance turns monstrous and their bodies swell with the power of rage made physically manifest.	Варварів визначає їхня лють, яку вони спрямовують у короткі, але нищівні спалахи. Мало кому вистачає сміливості чи нерозважливості вивчати езотеричні психологічні техніки, що відокремлюють лють від решти психіки й розділяють особистість на дві частини: Я та Воно. Коли гору бере Я, Розколоті — так називають цих варварів — виявляють незвичайні для своїх побратимів самовладання й хитрість. Коли ж вони випускають Воно, їхня подоба стає чудовиською, а тіла наливаються силою втіленої люті.	
hb8891366g1f90g73e0ge8d1ge4a2ec9f47e0	classes	Description	Name=FrostSorcery;UUID=d45d0e7a-e5f9-4b43-865d-fb51aec2d32b	Your magic is created by pieces of the Everheart, the center and driving force behind the expanding Everglacier wastelands. This power within you might be passed down through ancestors who protected the glacier’s magical core, or it might have been forced upon you through a chance encounter with the enchanted ice itself. Regardless of the source of your power, you are a creature of cold incarnate.	Ваша магія породжена уламками Евергарта — серця й рушійної сили пусток Еверґлейшера, що невпинно ширяться. Цей дар могли передати предки, які захищали магічне ядро льодовика, або ж він оселився у вас після випадкової зустрічі із зачарованою кригою. Хоч би яким було джерело сили, ви — втілення холоду.	
haa843db4g20ebg9021gacedg3f8ada559a41	classes	Description	Name=GiantPath;UUID=07234f31-c239-4a57-aeb4-868f3e1a318e	"Barbarians who walk the Path of the Giant draw strength from the same primal forces as giants. As they <LSTag Type=""Status"" Tooltip=""RAGE"">rage</LSTag>, these barbarians surge with elemental power and grow in size, taking on forms that evoke the glory of giants. Some barbarians look like oversized versions of themselves, perhaps with a hint of elemental energy flaring in their eyes and around their weapons. Others transform more dramatically, taking on the appearance of an actual giant or a form similar to an Elemental, wreathed in fire, frost, or lightning."	"Варвари Шляху Велетня черпають силу з тих самих первісних джерел, що й велетні. У стані <LSTag Type=""Status"" Tooltip=""RAGE"">Люті</LSTag> їх сповнює стихійна міць, а тіла збільшуються, набуваючи подоб, гідних слави велетнів. Одні стають просто велетенськими версіями себе, хіба що в очах і довкола зброї спалахує стихійна енергія. Інші змінюються докорінно, набуваючи вигляду справжнього велетня або стихійника, оповитого вогнем, морозом чи блискавкою."	
haa96615cga522gdeb1ga810g8bef49c9c9e6	classes	Description	Name=Glory;UUID=b81df0a8-5ecb-43b5-abd9-39b9a244561c	Paladins who take the Oath of Glory believe they and their companions are destined to achieve glory through deeds of heroism. They train diligently and encourage their companions, so they’re all ready when destiny calls.	Паладини Обіту Слави вірять, що їм і їхнім супутникам судилося здобути славу героїчними діяннями. Вони невтомно тренуються й підбадьорюють товаришів, щоб усі були готові, коли покличе доля.	
hb6b0d9beg878egbb1fg173cgc579422a5d85	classes	Description	Name=GraveDomain;UUID=aa644f08-d368-40d3-802a-b3bce31cd4e8	"The Grave Domain concerns itself with the boundary between life and death. To those who tap into this domain’s power, death is a natural and inevitable part of the multiverse. Such Clerics seek to destroy undead and shepherd spirits.

The magic of this domain also allows these Clerics to stave off death for a time. But this is merely a delay of death, not a denial of it, for the grave will always claim its due."	"Могильний домен опікується межею між життям і смертю. Для тих, хто черпає з нього силу, смерть є природною та неминучою частиною мультивсесвіту. Такі клірики винищують невмерлих і проводжають душі померлих.

Магія домену також дає їм змогу на певний час відвернути смерть. Та це лише відстрочка, а не заперечення смерті, бо могила завжди забере належне."	
h3504f51eg1ac0gd563g881eg515b53b1f37b	classes	Description	Name=GreatOldOne;UUID=e1e4a21f-9405-46ec-81a0-ccc8d58d9736	When you choose this subclass, you might bind yourself to an unspeakable being from the Far Realm or an elder god—a being such as Tharizdun, the Chained God; Zargon, the Returner; Hadar, the Dark Hunger; or Great Cthulhu. Or you might invoke several entities without yoking yourself to one. The motives of these beings are incomprehensible, and the Great Old One might be indifferent to your existence. But the secrets you’ve learned nevertheless allow you to draw strange magic from it.	Обравши цей підклас, ви могли пов’язати себе з невимовною істотою з Далекої царини або прадавнім богом — наприклад, Таріздуном, Прикутим Богом; Зарґоном, Поверненим; Гадаром, Темним Голодом; чи Великим Ктулху. А може, ви закликаєте кількох сутностей, не служачи жодній із них. Їхні мотиви незбагненні, а Величний Древній може навіть не зважати на ваше існування. Та пізнані вами таємниці однаково дають змогу черпати від нього дивну магію.	
hcf74d85ag3ed2g6eecga0d3g6e6a0fa87154	classes	Description	Name=Gunslinger;UUID=b6cd23fa-ec1a-44a6-86c5-693201654dba	"Risk is in a Gunslinger’s blood. They are bold renegades, bucking tradition and forging a new path with dangerous and inelegant firearms. Gunslingers are infamous for surviving by their wits and relying on split-second timing and a considerable amount of luck to survive.

Black powder isn’t for the faint of heart. Its thunderous applause is volatile and imprecise—a barely controlled explosion directed at an enemy. Only the truly fearless seek to master it. But Gunslingers have nerves of steel, hurling death from their guns in a roaring cacophony. Adapted for shootouts, gunslingers are mobile and daring, knowing that life or death hangs on snap decision-making and one’s own mettle.

A Gunslinger’s explosive lifestyle lends well to wandering and adventuring. Gunslingers often shoot first and ask questions later, an attitude which earns them few friends and bountiful enemies. In their travels, most gunslingers are secretive and take great lengths to go unnoticed, lest they be spotted by old foes with scores to settle."	"Ризик у стрільця в крові. Це зухвалі відступники, які відкидають традиції й прокладають новий шлях із небезпечною та незграбною вогнепальною зброєю в руках. Стрільці славляться вмінням виживати завдяки кмітливості, миттєвій реакції та чималій удачі.

Чорний порох не для полохливих. Його громові оплески непередбачувані й неточні — це ледь приборканий вибух, спрямований у ворога. Лише справді безстрашні наважуються його опанувати. Та стрільці мають сталеві нерви й сіють смерть із рушниць у ревучій какофонії. Рухливі й відчайдушні, вони знають: у перестрілці життя залежить від миттєвих рішень і власної стійкості.

Вибуховий спосіб життя спонукає стрільців до мандрів і пригод. Вони часто спершу стріляють, а вже потім ставлять запитання, через що мають мало друзів і безліч ворогів. У дорозі більшість із них приховує себе й докладає всіх зусиль, аби не потрапити на очі давнім недругам, які прагнуть звести рахунки."	
hd5322297g3c9agc288gf0d2g3bf720ba3cbf	classes	Description	Name=Hellspeaker;UUID=f576dd16-d230-4233-bf3e-1d5ed0106b0c	"The charismatic and manipulative Hellspeakers serve Moloch as they slip about the battlefield, coercing enemies into becoming unwitting allies.

Moloch rules Styx, the City of Lies, but his reach extends far beyond it. Hell’s greatest politicians and diplomats rise to prominence through Moloch’s subtle manipulations. They follow him with great loyalty, for they know they are nothing without him—and thus his power echoes through all of Hell.

Moloch’s illriggers are silver-tongued enchanters, lulling his foes to complacency with sorcery and subterfuge until they wake and find themselves under the command of the Order of Desolation. These Hellspeakers train in the art known as the Red Cant or Hell’s Cant. By understanding their enemy and through weaving subtle sorceries into normal speech, Hellspeakers can make their foes feel, think, or do nearly anything to accelerate Hell’s victory.

Across the timescape, Hellspeakers enjoy a reputation as smiling rogues and swashbuckling villains. An asset in any negotiation, Hellspeakers know that in a world of lies, the truth can be as potent a weapon as steel."	"Харизматичні й маніпулятивні Пекломовці служать Молоху, ковзають полем бою та примушують ворогів мимоволі ставати союзниками.

Молох править Стіксом, Містом Брехні, але його вплив сягає далеко за його межі. Найвидатніші політики й дипломати Пекла підносяться завдяки тонким маніпуляціям Молоха. Вони безмежно віддані йому, бо знають: без нього вони ніщо. Так його сила відлунює в усьому Пеклі.

Ілріґери Молоха — красномовні чарівники, які чаклунством і хитрощами заколисують ворогів до самовдоволення, аж доки ті не опиняться під владою Ордену Спустошення. Пекломовці вивчають мистецтво, відоме як Червона говірка, або Говірка Пекла. Розуміючи ворога й непомітно вплітаючи чари у звичайну мову, вони здатні змусити його відчувати, думати чи робити майже будь-що задля перемоги Пекла.

У часових просторах Пекломовці мають славу усміхнених пройдисвітів і хвацьких лиходіїв. Вони безцінні на будь-яких переговорах і знають, що у світі брехні правда може бути не менш могутньою зброєю, ніж сталь."	
h76260c1cg2fd0ga2b1gf453g7108d2706083	classes	Description	Name=Hexblade;UUID=8fb57960-eb92-48f5-b99d-ab36519e4d4f	You've made a pact with a sentient magic weapon and the cursed forces contained within its blade. Such a weapon could be the sword sheathed at a Warlock's side, or it could be an infamous magic weapon stored elsewhere, projecting its power across the multiverse to further its cunning plans. To those willing to follow its whims, these inscrutable patrons grant the power to bestow malignant curses, deliver punishing blows, and bolster their wielders.	Ви уклали договір із розумною магічною зброєю та проклятими силами, замкненими в її клинку. Це може бути меч при боці чаклуна або сумнозвісна зброя, що зберігається десь далеко й спрямовує свою силу крізь мультивсесвіт заради хитрих задумів. Тим, хто ладен коритися її примхам, такий незбагненний покровитель дарує змогу накладати згубні прокляття, завдавати каральних ударів і зміцнювати свого носія.	
h1594d7ffge703g7b01g1f9bg2776670f8c1f	classes	Description	Name=HighRoller;UUID=3f014425-480c-49d8-9b9d-2303543c0d11	Fortune is a fickle thing—unless you’re a High Roller. These Gunslingers are master card sharps and dice throwers that mix their love of risk with their talent for gunplay. High Rollers push their luck until it runs out, then push harder. Why settle for a win when you could bet it all and win big?	Фортуна мінлива — якщо тільки ви не Великий гравець. Ці стрільці майстерно шахраюють у карти й кидають кості, поєднуючи любов до ризику з талантом до вогнепальної зброї. Вони випробовують удачу, доки та не вичерпається, а тоді тиснуть іще дужче. Навіщо вдовольнятися звичайною перемогою, якщо можна поставити все й зірвати куш?	
h71ff1a29gf725g3e28gb5bfg5096950ebc3f	classes	Description	Name=HighwayRider;UUID=e0613554-075a-48ac-8c74-a051d57d4a39	Stalking the backroads, the Highway Rider strikes fear into the heart of every traveler and penny-pinching merchant. They run down their prize astride a swift and loyal steed— and then make a quick getaway.	Чатуючи на манівцях, Дорожній вершник наганяє страх на мандрівників і скнар-купців. На прудкому й вірному коні він наздоганяє здобич — а тоді блискавично зникає.	
h52252f05gb82agd434gc0a3g495ebfd2fb82	classes	Description	Name=HollowWarden;UUID=42e7625d-114d-4bb3-9af1-663295711a01	Legends tell that the most ancient and bloodthirsty terrors lurk deep within the old places of the earth. Hollow Wardens venerate and draw power from such beings, transforming themselves into merciless and monstrous guardians that stalk jagged coastlines, steep mountain crags, and other dark and wild places.	За легендами, найдавніші й найкровожерливіші жахіття чатують у прадавніх глибинах землі. Порожні вартові шанують цих істот і черпають із них силу, перетворюючись на безжальних чудовиських охоронців зубчастих узбереж, стрімких гірських бескидів та інших темних і диких місць.	
hd9f88f32g2a3eg5ee1gdb45g1b062c876f03	classes	Description	Name=Illrigger;UUID=33bd368d-2ff4-4add-8692-66d87372053a	"The archdevils who rule the Seven Cities of Hell scheme endlessly. Each eternally plots to bring the others to heel—to ascend to the Throne of Hell, unite the Seven Cities and every infernal being living there, and lead an inexhaustible army of devils across the timescape until all worlds burn.

These archdevils’ elite operatives are the illriggers. Knights, assassins, mages, and terror-commandos of Hell, illriggers command the battlefield, disrupt enemy factions, and carry out their archdevil’s infernal will."	"Архідияволи, що правлять Сімома Містами Пекла, безупинно плетуть інтриги. Кожен вічно намагається підкорити решту, зійти на Престол Пекла, об’єднати Сім Міст і всіх їхніх пекельних мешканців та повести незліченне військо бісів крізь часові простори, доки не запалають усі світи.

Елітні агенти архідияволів — ілріґери. Ці лицарі, убивці, маги й пекельні командос панують на полі бою, розколюють ворожі угруповання та виконують пекельну волю свого володаря."	
hd2b280acgffccg1945g84d8g178fda0ac2df	classes	Description	Name=IllusionSchool;UUID=436c9e1a-3a39-48dd-b753-7cee1bd19c00	You specialize in magic that dazzles the senses and tricks the mind, and the illusions you craft make the impossible seem real.	Ви спеціалізуєтеся на магії, що приголомшує чуття й ошукує розум, а створені вами ілюзії надають неможливому подоби реальності.	
hc099c3bdga141ga29ag0b89g93d39a6878cd	classes	Description	Name=Kensei;UUID=71637280-b294-4c33-9328-b0b77c74d662	"Monks of the Way of the Kensei train relentlessly with their weapons, to the point where the weapon becomes an extension of the body. Founded on a mastery of sword fighting, the tradition has expanded to include many different weapons.

A kensei sees a weapon in much the same way a calligrapher or painter regards a pen or brush. Whatever the weapon, the kensei views it as a tool used to express the beauty and precision of the martial arts. That such mastery makes a kensei a peerless warrior is but a side effect of intense devotion, practice, and study."	"Монахи Шляху кенсея невтомно вправляються зі зброєю, доки та не стає продовженням їхнього тіла. Традиція виникла з майстерності фехтування, але згодом охопила безліч інших видів зброї.

Кенсей дивиться на зброю так само, як каліграф або художник на перо чи пензель. Хоч би що він тримав у руках, це знаряддя для вираження краси й точності бойового мистецтва. Те, що така майстерність робить кенсея незрівнянним воїном, — лише побічний наслідок глибокої відданості, вправ і навчання."	
h815eabb9gc85dg52dcg5f7ag22caae5f76ac	classes	Description	Name=Mercy;UUID=acb94255-2c1e-4472-a707-4b58d183428f	Warriors of Mercy manipulate the life force of others. These Monks are wandering physicians, but they bring a swift end to their enemies. They often wear masks, presenting themselves as faceless bringers of life and death.	Воїни Милосердя керують життєвою силою інших. Ці монахи мандрують як цілителі, але швидко кладуть край життю ворогів. Вони часто носять маски й постають безликими провісниками життя та смерті.	
h8a6990cbg9b40g71f3gb9cfg5c82ea25fcf2	classes	Description	Name=MindDomain;UUID=bfad935f-cefd-4e18-bb9c-e052fcb0229e	The Mind Domain celebrates the power of the mortal mind, channeling psychic energy to protect the faithful and smite your enemies. While this is most often associated with the Path of Light or the Riedran Path of Inspiration, followers of the daelkyr can also master this power. Visions of Xoriat can drive a priest to madness, but they can also reveal deadly secrets of the mind.	Домен Розуму звеличує силу смертної свідомості й спрямовує психічну енергію на захист вірних і покарання ворогів. Найчастіше цю силу пов’язують зі Шляхом Світла або рідранським Шляхом Натхнення, проте її можуть опанувати й послідовники даелкірів. Видіння Ксоріату здатні звести жерця з розуму, але водночас відкривають смертоносні таємниці свідомості.	
h0869d35bg1af1g491egad72g2bce5ad0bb7c	classes	Description	Name=MonsterHunter;UUID=e137179a-0c6f-4608-837a-322c13403943	"Monster Hunters are skilled professionals, specializing in identifying, tracking, and slaying monsters that threaten the lives and the livelihoods of the people of Etharis.

Each Monster Hunter trains in a different method for these tasks. Some hunters don heavy armor and carry shields to protect against crushing jaws and scything claws, others deploy cunning traps to keep a safe distance from the horrors they hunt, some assume the traits and powers of their enemies to better slay them, and others dabble in magic to supplement martial prowess with arcane wrath."	"Мисливці на чудовиськ — досвідчені фахівці з розпізнавання, вистежування та винищення потвор, що загрожують життю й добробуту мешканців Етарісу.

Кожен мисливець має власний підхід. Одні вдягають важкі обладунки й беруть щити, щоб захиститися від нищівних щелеп і серпоподібних пазурів. Інші розставляють хитромудрі пастки й тримаються подалі від жахіть, на яких полюють. Дехто переймає риси та сили ворогів, а дехто доповнює бойову майстерність містичною люттю."	
h759d592bgce3eg0689gb28cgb0e2182d4aba	classes	Description	Name=MoonCollege;UUID=338cd823-6cec-434c-91ea-083ad535833f	The College of the Moon traces its origins to the ancient druidic circles of the Moonshae Isles, who entrusted the first Bards of this tradition with chronicling the stories of the islands and their people. Bards of this college draw from the isles’ fey magic and the primal power of the moonwells to bolster their allies, protect the natural world, and inspire their bardic works.	Колегія Місяця бере початок від стародавніх друїдських кіл островів Мунша, які доручили першим бардам цієї традиції літописати історії островів та їхніх народів. Барди Колегії черпають із фейської магії островів і первісної сили місячних криниць, щоб зміцнювати союзників, захищати природу й знаходити натхнення для своїх творів.	
h1e8b4682gc0aag5810g20f4gffc2487083b4	classes	Description	Name=NobleGenie;UUID=0845c298-29fa-424b-b2be-b941345a5e90	Paladins sworn to the Oath of the Noble Genies revere the forces of the Elemental Planes. Through taking this oath, Paladins draw power from the four different types of genies—dao, masters of earth; djinn, masters of air; efreet, masters of fire; and marids, masters of water. In Faerûn, many Paladins who swear this oath hail from Calimshan, a land teeming with genies.	Паладини Обіту Шляхетних Джинів шанують сили Стихійних планів. Склавши цей обіт, вони черпають силу від чотирьох видів джинів: дао, володарів землі; джинів, володарів повітря; іфритів, володарів вогню; та маридів, володарів води. На Фаеруні багато паладинів цього обіту походять із Калімшану — краю, сповненого джинів.	
ha52e0ea7g613bg7d1egefc0gbcb5735e1445	classes	Description	Name=OccultistGuild;UUID=2e13292f-2fe2-4807-adae-d72bf04f020d	In Etharis, there are those who fear magic, and those who seek to understand it. Monster Hunters from the Occultist Guild know folk from both sides are equally dangerous. An Occultist investigates the arcane, the supernatural, and the uncanny, while avoiding the influence of superstition or ideology. Despite their reputation as mage hunters, Occultists don’t burn their enemies at the stake—Occultists put them to the sword, as that’s what swords are for. Knowledge and magic give Occultists an edge over their mystical adversaries. Their spells are used to detect and defend against dangerous arcana, and, above all, magic is used to destroy monsters that can’t be harmed by steel.	В Етарісі одні бояться магії, а інші прагнуть її осягнути. Мисливці на чудовиськ із Гільдії окультистів знають: обидві сторони однаково небезпечні. Окультист досліджує містичне, надприродне й незбагненне, не піддаючись забобонам та ідеологіям. Попри славу мисливців на магів, окультисти не палять ворогів на вогнищі — вони вражають їх мечем, адже мечі саме для цього. Знання й магія дають їм перевагу над містичними супротивниками. Закляття допомагають виявляти небезпечні чари й захищатися від них, а головне — знищувати чудовиськ, яким не шкодить сталь.	
hf1e041c0ga156g608cg02dfg22c1dad1bf3a	classes	Description	Name=Painkiller;UUID=499d1db7-129f-4416-b762-43675c43d0c9	"The heavily armored death troopers of Hell, Painkillers serve Dispater, leading from the front of every major infernal battle.

Dispater rules Dis, the City of War. When Hell invades another world, Dispater’s army does the fighting and dying. His Painkillers are master strategists who lead from the front, inspiring terror and awe in their soldiers. The imperious Painkillers are full of pride and hubris, and they often obsess over their personal appearance.

Though among the most chivalrous of the illriggers, a Painkiller’s gallantry is twisted. They accept and honor challenges to single combat, and swiftly punish any who try to interfere—but if losing, they don’t hesitate to cheat, and if winning, they arrogantly toy with an enemy before finishing them.

In a moment of weakness or desperation, a ruler in another world might see their army facing certain defeat and call on Dispater. Ever eager to sow strife and discord, Dispater often responds to these pleas by sending a Painkiller to lead the desperate ruler’s armies."	"Знеболювачі — важкоозброєні пекельні штурмовики Диспатера, які очолюють наступ у кожній великій інфернальній битві.

Диспатер править Дісом, Містом Війни. Коли Пекло вторгається до іншого світу, саме його військо б’ється й гине. Знеболювачі — майстерні стратеги, які ведуть із передової та вселяють у своїх солдатів жах і благоговіння. Вони владні, сповнені гордині й часто одержимі власною зовнішністю.

Хоч Знеболювачі належать до найлицарськіших ілріґерів, їхня шляхетність спотворена. Вони приймають виклики на двобій і швидко карають кожного, хто втрутиться. Та коли програють — без вагань шахрують, а коли перемагають — пихато граються з ворогом перед смертельним ударом.

У мить слабкості чи відчаю правитель іншого світу може побачити неминучу поразку свого війська й звернутися до Диспатера. Той завжди прагне сіяти чвари й розбрат, тож часто відгукується, посилаючи Знеболювача очолити армію зневіреного володаря."	
h3bda8161g54fbg0765gf90ag164a1cc634ba	classes	Description	Name=Paladin;UUID=ff4d9497-023c-434a-bd14-82fc367e991c	A promise made so deeply that it becomes divine in itself flows through a paladin, burning bright enough to inspire allies and smite foes.	Обітниця, дана з усією щирістю й глибиною, сама стає божественною та пронизує паладина яскравим запалом настільки, що може надихати союзників і карати ворогів.	Обітниця, дана з усією щирістю й глибиною, сама стає божественною та пронизує паладина яскравим запалом настільки, що може надихати союзників і карати ворогів.
h59454ac0g0de7g8defg7a22g0fd1397b1f85	classes	Description	Name=PsiWarrior;UUID=1d23232f-cafb-4162-ac2a-a926fd6f734f	Psi Warriors awaken the power of their minds to augment their physical might. They harness this psionic power to infuse their weapon strikes, lash out with telekinetic energy, and create barriers of mental force.	Пси-воїни пробуджують силу розуму, щоб зміцнити тіло. Вони спрямовують псіонічну міць у удари зброєю, атакують телекінетичною енергією та створюють заслони ментальної сили.	
hbd354410g485cg7eb3gce6cg2beae2ab9c6b	classes	Description	Name=Ranger;UUID=36be18ba-23db-4dff-bfa6-ae105ce43144	Rangers are unrivalled scouts and trackers, honing a deep connection with nature in order to hunt their favoured prey.	Слідопити — незрівнянні розвідники й вистежувачі, які плекають глибокий зв'язок з природою для ефективного полювання.	Слідопити — незрівнянні розвідники й вистежувачі, які плекають глибокий зв'язок з природою для ефективного полювання.
h0e929a83g6124gede3gd6d6g810f31fc91bf	classes	Description	Name=RuneKnight;UUID=3d9e9113-46c7-4c81-bb20-93ad097588bc	Rune Knights enhance their martial prowess using the supernatural power of runes, an ancient practice that originated with giants. Rune cutters can be found among any family of giants, and you likely learned your methods first or second hand from such a mystical artisan. Whether you found the giant’s work carved into a hill or cave, learned of the runes from a sage, or met the giant in person, you studied the giant’s craft and learned how to apply magic runes to empower your equipment.	Рунні лицарі підсилюють бойову майстерність надприродною силою рун — стародавнім мистецтвом велетнів. Різьбярі рун трапляються серед усіх велетенських родів, і ви, найімовірніше, перейняли прийоми безпосередньо від такого містичного майстра або від його учня. Можливо, ви знайшли велетенські письмена на схилі чи в печері, почули про руни від мудреця або зустріли самого велетня. Так чи інакше, ви вивчили це ремесло й навчилися посилювати спорядження магічними рунами.	
h00467a34g3b88g453cg081eg6e394afa8e61	classes	Description	Name=SanguineKnight;UUID=11576009-15e0-4cb2-b0ce-77dab572f106	"The blood-knights of Hell, Sanguine Knights serve Sutekh, Lord of Blood. Their sorceries drain their enemies’ life force, pouring this stolen vitality into infernal rituals to turn the tide of battle.

Sutekh rules Naraka, the City of Blood. Recognized as the greatest sorcerer in hell, he carries the title of High Sanguinary and rules from the Temple of Vitality. He is a master of blood magic, and his inner circle of priests and wizards are the Bloodliches, undead spellcasters whose corporeal forms turned to ash centuries ago and whose bodies are crafted from solid blood.

Sutekh’s illriggers all belong to a cult known as the Chalice of Vitality. Knights of the Chalice drink deeply of their enemies’ essence, draining it to power their magics. Other members of the Order of Desecration fear that the Sanguine Knights seek more than Sutekh’s mere ascension to the Throne of Hell; some whisper that the Chalice secretly schemes to make Sutekh a god. This would, of course, be treason."	"Криваві лицарі — кровні лицарі Пекла, що служать Сутеху, Володарю Крові. Їхнє чаклунство висмоктує життєву силу ворогів і вливає викрадену снагу в пекельні ритуали, змінюючи перебіг битви.

Сутех править Наракою, Містом Крові. Його визнають найвеличнішим чародієм Пекла; він носить титул Вищого Кровника й володарює з Храму Життєвості. Сутех — майстер магії крові, а його найближче коло жерців і чарівників складають кроволічі: невмерлі заклиначі, чиї тілесні оболонки століття тому обернулися на попіл, а нові тіла створено із застиглої крові.

Усі ілріґери Сутеха належать до культу Чаші Життєвості. Лицарі Чаші п’ють сутність ворогів, живлячи нею свою магію. Інші члени Ордену Осквернення підозрюють, що Криваві лицарі прагнуть не лише піднести Сутеха на Престол Пекла: подейкують, ніби Чаша таємно замислила зробити його богом. Звісно, це було б зрадою."	
h034102c0gf054g2c35ga023g5f4e2e8fbffd	classes	Description	Name=ShadowDomain;UUID=926bed98-903f-45db-8df1-b8a57742c622	The Shadow domain embraces the darkness that surrounds all things and manipulates the transitory gray that separates light from dark. Shadow domain clerics walk a subtle path, frequently changing allegiances and preferring to operate unseen.	Тіньовий домен приймає темряву, що огортає все суще, і керує мінливою сірістю на межі світла й мороку. Його клірики ступають непримітним шляхом, часто змінюють союзників і воліють діяти невидимо.	
hfe14fa15g4768gf83fgce60gc2ba393904d3	classes	Description	Name=ShadowGnawer;UUID=8287c130-a3aa-4c88-bceb-be9d8fe1be84	"Dark energy infuses the Shadow Realm, corrupting and corroding everything it touches. Some barbarians intentionally consume this raw shadow, infusing their bodies with shadow energy to manifest potent magical abilities.

Many of the barbarians who walk this path do so to absorb harmful shadow magic into themselves in order to protect others from its influence. A smaller group consumes shadow simply because they cannot resist its ever-present temptation."	"Темна енергія пронизує Царство Тіней, спотворюючи й роз’їдаючи все, чого торкається. Деякі варвари свідомо поглинають необроблену тінь і насичують тіло її енергією, щоб пробудити могутні магічні здібності.

Багато послідовників цього шляху приймають у себе згубну тіньову магію, аби захистити інших від її впливу. Інші ж пожирають тінь лише тому, що не здатні опиратися її невпинній спокусі."	
hae8c9a5cgf06dg6b71gb093ge2e25716f7d2	classes	Description	Name=ShadowMagic;UUID=b443a7fa-b36a-4cbc-9e4b-f3167de34d1b	Your innate magic comes from the most nebulous and inscrutable forces of the Shadowfell or from other regions of supernatural darkness. You might trace your lineage to an entity from such a place, or perhaps you were exposed to the sinister energy of a shadow dragon and were transformed by it. Your shadowy magic allows you to command darkness, undeath, and woe.	Ваша вроджена магія походить від найпримарніших і незбагненних сил Тінепаду або інших царств надприродного мороку. Можливо, у вашому родоводі є істота з такого краю, а може, вас перетворила зловісна енергія тіньового дракона. Ця магія дає вам владу над темрявою, невмертям і стражданням.	
h8f230721g7cfdg98e3gf8a5g5d16598f3c1e	classes	Description	Name=Shadowmaster;UUID=9d4ed957-c140-4955-89a6-56b8cb5313ee	"The hidden assassins of Hell, Shadowmasters serve Belial and excel at stealth and disguise.

Belial rules Gehennom, the City of Darkness. He strives to rule Hell through poison, torture, and assassination. His illriggers strike from the shadows or use deception to earn high-ranking positions close to powerful rulers. Many Shadowmasters run networks of spies and assassins who have no idea of the infernal provenance of their leader.

Shadowmasters are sworn not to reveal their true allegiance, and if need be, they must take their own lives to fulfill this oath. Many Shadowmasters prepare elaborate plans for their own assassination so that, should they risk discovery, their assassination obscures the truth. Of course, these killers never learn they were hired by their deceased target."	"Володарі Тіней — потаємні вбивці Пекла, що служать Беліалу й неперевершено володіють мистецтвом непомітності та маскування.

Беліал править Геенномом, Містом Темряви. Він прагне панувати над Пеклом за допомогою отрут, тортур і вбивств. Його ілріґери б’ють із тіні або обманом здобувають високі посади біля могутніх володарів. Багато Володарів Тіней керують мережами шпигунів і вбивць, які навіть не здогадуються про пекельне походження свого ватажка.

Володарі Тіней присягаються ніколи не викривати справжньої вірності й за потреби мусять накласти на себе руки. Багато з них заздалегідь розробляють складний план власного вбивства, щоб у разі викриття смерть приховала правду. Звісно, наймані вбивці так і не дізнаються, що їх винайняла майбутня жертва."	
h9d72f0d7g2c0egb1bbgde11g3864f11ceed2	classes	Description	Name=Soulknife;UUID=5764faec-f81c-4708-a652-15b3459715e8	A Soulknife strikes with the mind, cutting through barriers both physical and psychic. These Rogues discover psionic power within themselves and channel it to do their roguish work. As a Soulknife, your psionic abilities might have haunted you since childhood, revealing their full potential only as you experienced the stress of adventure. Or you might have sought out an order of psychic adepts and spent years learning how to manifest your power.	Клинок Душі вражає силою розуму й прорізає як фізичні, так і психічні перешкоди. Ці пройдисвіти відкривають у собі псіонічну міць і спрямовують її на своє ремесло. Можливо, здібності переслідували вас із дитинства, але повністю розкрилися лише під тиском пригод. А може, ви розшукали орден психічних адептів і роками вчилися втілювати свою силу.	
h60db9c86g6587g9b47g7ddcgd3131d7fdb99	classes	Description	Name=Spellfire;UUID=42622d71-74af-409a-b821-85f270245fe2	"Your innate power stems from the source of magic itself: the Weave. This connection manifests as a rare ability known as spellfire, and you surge with radiant bursts of this raw magic. Your talent with spellfire allows you to heal allies, sear enemies, and absorb powerful spells.

Wielders of spellfire tend to have a penchant for wandering. Many travel between cosmopolitan settlements, such as those along the Sword Coast, and wield their magic in service of the common good. Others realize their own strange powers by roaming equally strange lands, from the magic-blasted wastes of the desert of Anauroch to the god-touched wilds of the Old Empires. Wherever they go in the Realms, spellfire Sorcerers are courted by factions with interests in the arcane arts, such as the Harpers, Cult of the Dragon, and Red Wizards."	"Ваша вроджена сила походить із самого джерела магії — Плетіння. Цей зв’язок проявляється рідкісною здатністю, відомою як чаровогонь, а ваше тіло пульсує променевими спалахами первісної магії. Завдяки чаровогню ви можете зцілювати союзників, обпалювати ворогів і поглинати могутні закляття.

Носії чаровогню зазвичай мають жагу до мандрів. Багато хто подорожує між багатолюдними поселеннями Узбережжя Мечів і служить магією спільному благу. Інші відкривають власні дивні сили в не менш дивних краях — від спустошених магією пусток Анауроху до благословенних богами земель Старих Імперій. Де б у Королівствах не з’явилися чародії чаровогню, їх прихильності домагаються Арфісти, Культ Дракона, Червоні чарівники та інші угруповання, зацікавлені в містичних мистецтвах."	
hc1e20b2eg75ccg05fcgecaag065752a6e0ac	classes	Description	Name=Spellslinger;UUID=f617ec08-b29d-4ac0-a742-3fd6c25c4520	Magic and guns aren’t so different—arcane power is like gunpowder, a spell is like a bullet, and you are like a gun, directing your spells with precision at unfortunate targets. Spellslingers mix the disciplines of gunplay and spellcasting, sometimes loading arcane charges with your shots and firing bullets enhanced with lightning, frost, or flame.	Магія та рушниці не такі вже й різні: містична сила подібна до пороху, закляття — до кулі, а ви — до зброї, що точно спрямовує чари в нещасну ціль. Чаростріли поєднують стрілецьке мистецтво з проказуванням заклять, вкладають у постріли містичні заряди й випускають кулі, посилені блискавкою, морозом або полум’ям.	
h6923d229ga101g2539g1a0fg9771146b44a4	classes	Description	Name=SpiritsCollege;UUID=2f1f3761-64fd-42b7-a5e1-f1c381f6be1a	Bards of the College of Spirits conjure legendary spirits to change the world. But such entities are capricious, and what a Bard summons isn’t always entirely under their control.	Барди Колегії Духів прикликають легендарних духів, щоб змінювати світ. Та ці сутності примхливі, й викликане бардом не завжди цілком йому підкоряється.	
h0a89d75bg6efag48a6gf526g8742bbe1176f	classes	Description	Name=TotemWarriorPath;UUID=2e585948-d775-451d-b58b-15b75321d11e	"Barbarians who follow the Path of the Wild Heart view themselves as kin to animals. These Barbarians learn magical means to communicate with animals, and their <LSTag Type=""Status"" Tooltip=""RAGE"">Rage</LSTag> heightens their connection to animals as it fills them with supernatural might."	"Варвари Шляху Дикого Серця вважають себе ріднею звірів. Вони вивчають магічні способи спілкування з тваринами, а <LSTag Type=""Status"" Tooltip=""RAGE"">Лють</LSTag> поглиблює цей зв’язок і сповнює їх надприродною міццю."	
h8fe28200g46b7g051cga5b0ga6bd5b6a5b73	classes	Description	Name=UndeadPatron;UUID=e0e6a5e2-b147-4088-9a81-6364f3ebe25c	You’ve made a pact with a creature that defies the cycle of life and death: a powerful lich, a vampire, or another entity of undeath. Having once been mortal, these ancient patrons know firsthand the paths of ambition and the routes past the doors of death. They eagerly share this profane knowledge and other secrets with those who work their will among the living.	Ви уклали договір з істотою, що заперечує коло життя і смерті: могутнім лічем, вампіром чи іншою невмерлою сутністю. Колись смертні, ці прадавні покровителі з власного досвіду знають шлях честолюбства й дороги за дверима смерті. Вони охоче діляться нечестивими знаннями та іншими таємницями з тими, хто вершить їхню волю серед живих.	
he18e2299gab76g9494gca06g85d28e4049b1	classes	Description	Name=Viking;UUID=b400e0f2-7824-4c8c-aebb-6124500e6988	Vikings are battle-hardened warriors and sailors who ply the seas of the Northlands for glory and plunder. As followers of the Reaver’s Way, they have their own sense of honor, yet they can be merciless in times of raiding and war. Vikings are known for their prowess with the spear and axe, and for their belief that they can earn a special place in the halls of the dead through their deeds of valor in battle.	Вікінги — загартовані боями воїни й мореплавці, що борознять моря Північних земель заради слави та здобичі. Послідовники Шляху Нальотчика мають власне уявлення про честь, але в набігах і війнах бувають безжальними. Вони славляться вправністю зі списом і сокирою та вірять, що бойовою звитягою здобудуть особливе місце в чертогах мертвих.	
h5e8ae88cg3e3fg20acg354bg8c4bea47525e	classes	Description	Name=WhiteHat;UUID=d215aa58-a49c-4e43-ad94-ccabe49dcdaa	Some Gunslingers live by a code and expect others to do the same. These Gunslingers, known as White Hats, sometimes serve as officers of the law but never hesitate to do what’s right when the law says otherwise. Despite their affinity for deadly weapons, White Hats prefer to keep their friends safe and subdue their enemies nonviolently—a preference their enemies don’t often oblige.	Деякі стрільці живуть за кодексом і вимагають того самого від інших. Їх називають Білими Капелюхами. Часом вони служать закону, але ніколи не вагаються вчинити правильно, навіть якщо закон велить інакше. Попри любов до смертоносної зброї, Білі Капелюхи воліють берегти друзів і приборкувати ворогів без кровопролиття — хоча вороги рідко дають їм таку можливість.	
h18ed8a2cgfbfbgc16ag59c2gdbdf16bfd5ca	classes	Description	Name=WildMagic;UUID=14374d37-a70e-41a8-9dc5-85a23f8b5dd2	Your innate magic stems from the forces of chaos that underlie the order of creation. You or an ancestor might have endured exposure to raw magic, perhaps through a planar portal leading to Limbo or the Elemental Planes. Perhaps you were blessed by a fey being or marked by a demon. Or your magic could be a fluke with no apparent cause. Whatever its source, this magic churns within you, waiting for any outlet.	Ваша вроджена магія походить із сил хаосу, що лежать в основі впорядкованого творіння. Ви чи ваш предок могли зазнати впливу первісної магії — наприклад, крізь планарний портал до Лімбо або Стихійних планів. Можливо, вас благословила фейська істота чи позначив демон. А може, магія виникла випадково, без видимої причини. Хоч би яким було джерело, вона вирує всередині й шукає виходу.	
h08c08b52g956bgcf55gaba1gfea165770305	classes	Description	Name=WildMagicPath;UUID=d6bf00fc-3518-4d63-ba8b-03532c1abc4d	Many places in the multiverse abound with beauty, intense emotion, and rampant magic; the Feywild, the Upper Planes, and other realms of supernatural power radiate with such forces and can profoundly influence people. As folk of deep feeling, barbarians are especially susceptible to these wild influences, with some barbarians being transformed by the magic. These magic-suffused barbarians walk the Path of Wild Magic. Elf, tiefling, aasimar, and genasi barbarians often seek this path, eager to manifest the otherworldly magic of their ancestors.	У мультивсесвіті є чимало місць, сповнених краси, сильних почуттів і нестримної магії. Феєлон, Верхні плани й інші царства надприродної сили випромінюють могутні енергії, здатні докорінно змінювати людей. Варвари живуть глибокими почуттями, тож особливо вразливі до такого дикого впливу, а декого магія перетворює назавжди. Насичені нею варвари ступають Шляхом Дикої Магії. Ельфи, бісини, асимари й дженазі часто обирають цей шлях, прагнучи проявити потойбічну магію предків.	
h11ed03f2g16a9g0ee9g4b45g6c8ca4ac593d	classes	Description	Name=WinterWalker;UUID=fbf9d94c-9175-4145-9bd9-645dec6d4f1d	Winter Walkers hone their craft in the bleak and frozen wilds of places like Icewind Dale. These ruthless, rimed Rangers hunt monsters that haunt arctic wastelands, eventually becoming frigid terrors themselves. Winter Walkers are well versed in the phenomena of Icewind Dale, including the latent magic of fallen Netherese cities, endemic monsters like yetis and crag cats, and the rising threat of Underdark invaders. Due to their cold pragmatism, terrifying magic, and mastery of the region, Winter Walkers are regarded with equal parts respect and fear. Ten-Towns citizens say that Winter Walkers’ frequent exposure to malignant entities gives them their fearsome powers. Many Reghed nomads, on the other hand, believe that nature spirits bestow on Winter Walkers a unique curse.	Зимові Мандрівники відточують ремесло в похмурих крижаних пущах на кшталт Долини Крижаного Вітру. Ці безжальні, вкриті памороззю слідопити полюють на чудовиськ арктичних пустищ і зрештою самі стають морозними жахіттями. Вони добре знають усі дива й небезпеки Долини: приховану магію загиблих нетерезьких міст, місцевих потвор на кшталт єті та скельних котів і дедалі більшу загрозу нападників із Підмор’я. Через холодний прагматизм, страшну магію та знання краю їх однаково поважають і бояться. Мешканці Десятимістя кажуть, що жахливу силу Мандрівникам дарують часті зустрічі зі зловісними сутностями. Натомість багато регедських кочовиків вірять, що це особливе прокляття духів природи.	
h07ac58a7gdc95gd7d3g0b48g2015e769d0d0	classes	Description	Name=WorldTreePath;UUID=d6db66be-cc60-4ebd-bf63-2a856bbfedaf	"Barbarians who follow the Path of the World Tree connect with the cosmic tree Yggdrasil through their <LSTag Type=""Status"" Tooltip=""RAGE"">Rage</LSTag>. This tree grows among the Outer Planes, connecting them to each other and the Material Plane. These Barbarians draw on the tree’s magic for vitality and as a means of dimensional travel."	"Варвари Шляху Світового Дерева через свою <LSTag Type=""Status"" Tooltip=""RAGE"">Лють</LSTag> єднаються з космічним деревом Іґґдрасілем. Воно росте поміж Зовнішніми планами й пов’язує їх між собою та з Матеріальним планом. Варвари черпають із його магії життєву силу й використовують її для подорожей між вимірами."	
h0e363cf3g0162gc215g7872g2aa8512bdbd6	classes	Description	Name=ZealotPath;UUID=0e37e9bc-3909-49f4-8035-6d9736ad6867	"Barbarians who walk the Path of the Zealot receive boons from a god or pantheon. These Barbarians experience their <LSTag Type=""Status"" Tooltip=""RAGE"">Rage</LSTag> as an ecstatic episode of divine union that infuses them with power. They are often allies to the priests and other followers of their god or pantheon."	"Варвари Шляху Ревнителя отримують блага від бога чи пантеону. Вони переживають свою <LSTag Type=""Status"" Tooltip=""RAGE"">Лють</LSTag> як екстатичну мить єднання з божеством, що сповнює їх силою. Часто вони стають союзниками жерців та інших послідовників свого бога чи пантеону."	
h12ea65c7g08eega4d5gb643g2f478032d14d	classes	DisplayName	Name=Aberrant;UUID=ee5a89b5-21c6-419e-8b30-aecf929bd7d7	Aberrant Sorcery	Аберрантне чаклунство	
hff219b81gb634gcfe0g4f39gf3e454dd21c9	classes	DisplayName	Name=AbjurationSchool;UUID=e6a0eb75-7a01-4f40-8563-24ba2615e99b	Abjurer	Віднаджувач	
h7616ad89g71cag4308g0298ge537bbd04ae3	classes	DisplayName	Name=Alchemist;UUID=ab2f7820-cb6b-49e4-804a-820d25291a16	Alchemist	Алхімік	
hf24a59b2g7e92gd5b5g78b7gd7fdcf01dfd9	classes	DisplayName	Name=ApocalypseDomain;UUID=4d7bc9f4-526f-4902-b9a2-b31577203d02	Apocalypse Domain	Домен апокаліпсису	
h41b0a1dbg7c44g6848gbf1ag34105de9296b	classes	DisplayName	Name=Archfey;UUID=733ddf8c-9ec4-4c5a-85e3-c70fd3df3c24	Archfey Patron	Покровитель-Архіфея	
hfd5e585egb97dg0f1dg5612g9096a1551c2e	classes	DisplayName	Name=ArchitectOfRuin;UUID=ba0844e2-726c-4e39-b6f7-c46733df19c4	Architect of Ruin	Архітектор руїни	
h47131d60gec85gc936gc2dcgea0e6754c6e8	classes	DisplayName	Name=Armorer;UUID=d9c984db-15cb-4308-88be-fb88cf3e8c32	Armorer	Броняр	
h420e8530gf543gee3dg23ebg5105a14fcc37	classes	DisplayName	Name=Artificer;UUID=8aa2cf37-7739-4978-ab86-b1190b881620	Artificer	Винахідник	
heb8b42dfgf791g5695g2d5bg94d944d01b24	classes	DisplayName	Name=Artillerist;UUID=9b1afbf5-2133-4042-b39e-dfbade27a60b	Artillerist	Артилерист	
h8c3059c7g991dgb256g6789g777eedf802cd	classes	DisplayName	Name=AstralDomain;UUID=0a7ae8c2-4fd5-48d8-9e5e-6a29189f3fb1	Astral Domain	Астральний домен	
h010a539fg50d1ga5d6g15a9g504704ac4e2c	classes	DisplayName	Name=Banneret;UUID=f507f7bc-3d1a-4034-9590-ddef5a05d5b3	Banneret	Знаменосець	
h074e1d16gaccag0b0bg55e9g233c194cbe67	classes	DisplayName	Name=BattleSmith;UUID=f574d2d6-cfc2-4cda-8771-1917f1eabaf1	Battle Smith	Бойовий коваль	
hf0667bf6g77dagda24g515cg27017347e947	classes	DisplayName	Name=BerserkerPath;UUID=32eee7d8-1b2f-4de5-b9ee-78fbd286c6ef	Path of the Berserker	Шлях Берсерка	
h48078124g7f94gbb02g1bbeg8729dfed349b	classes	DisplayName	Name=BladeOfRadiance;UUID=94def2b4-eabb-4da2-baae-6dc366e87d82	Blade of Radiance	Клинок сяйва	
hede4cb27g87edg8c8fg8923ga74ca862fc12	classes	DisplayName	Name=BladesingingSchool;UUID=8047cf29-2c79-4f12-a4bf-d965a023be63	Bladesinger	Співець клинка	
h01ea6745gf575gdd08g5ff4gb54b6b04ee5f	classes	DisplayName	Name=CarverGuild;UUID=d84e3f76-0e56-4344-9454-ba167a286bdb	Carver Guild	Гільдія різьбярів	
h19db7115g1409g1483g8306g3b0909c3bde9	classes	DisplayName	Name=Cavalier;UUID=58e63bc1-b176-412f-8b30-3cea9a647dbb	Cavalier	Кавалер	
hc3053d70g9f50g8beeg6377g17705d962791	classes	DisplayName	Name=Celestial;UUID=1e077f6b-1034-43ab-b54c-5718d78e9437	Celestial Patron	Покровитель-Небесник	
h8a2a463cg9e0fg4e84gefd3g2307577a9b84	classes	DisplayName	Name=CircleOfDragons;UUID=2db79008-fad4-4e31-bda3-8d5d34ccda3f	Circle of Dragons	Коло драконів	
h0e4f0ac6g2f7egd603gf1dfgbe7d59c073b3	classes	DisplayName	Name=CircleOfDreams;UUID=3619c8a4-333d-4d22-a836-a9a8adea92f3	Circle of Dreams	Коло мрій	
h993714a3gef7eg3fa3g8208g34aa994bdb90	classes	DisplayName	Name=CircleOfTheSea;UUID=4d73bb8e-5405-4586-9947-0cda0e2f424b	Circle of the Sea	Коло моря	
h42221b4agb3bdgef46gaa3ag9261ebba0bea	classes	DisplayName	Name=CircleOfTheUnbroken;UUID=25ffd448-e661-4994-a354-1bb1d79bbb65	Circle of the Unbroken	Коло незламних	
h129f9c6ag91ebg3ef2gb8e5g098fd3be5d35	classes	DisplayName	Name=Clockwork;UUID=886e988c-1d77-43ad-a0a9-f1e48c56d29b	Clockwork Sorcery	Механічне чаклунство	
heb20c7adg4399g29d8g90d1g05ee938a1427	classes	DisplayName	Name=DanceCollege;UUID=0da91e7c-7880-4cfa-819b-82eb6f41130f	College of Dance	Колегія танцю	
h4876a353g9a95g73aag2414g5dbd7bc595cb	classes	DisplayName	Name=DeadThree;UUID=eeb1f97b-7cc4-4720-b2a8-bf8cbb4dc76e	Scion of the Three	Нащадок Трійці	
h23fe18adga21bgcce1g94begc4e07deb93fe	classes	DisplayName	Name=DevourerGuild;UUID=bebbfa54-1ad1-4459-b11b-8755e8633c5a	Devourer Guild	Гільдія пожирачів	
hd419a5dcg621bg5ccagb91bgf4b3862d5fde	classes	DisplayName	Name=DivinationSchool;UUID=7577b0e1-a517-4f82-8f72-05a227dc5e88	Diviner	Ворожбит	
haf5be1bagceecg0615g9988g0af66eb534ad	classes	DisplayName	Name=EvocationSchool;UUID=c059dca1-c17d-4dce-8260-83ede5070eac	Evoker	Втілювач	
h7448ea4fg8ab9g8b26gf04dg6a7767cae2dd	classes	DisplayName	Name=FeyWanderer;UUID=c2f64e7b-124f-4b2d-9dcb-bbeeef2d747e	Fey Wanderer	Фейський мандрівник	
hd55742dag24b8g9010g614cg8ff311ddd61a	classes	DisplayName	Name=Fiend;UUID=8866db28-7dda-4fd6-93ed-20eca16314f0	Fiend Patron	Покровитель-Нечистий	
hf3cc24d4g40efg76d7g744fgfdf00c511218	classes	DisplayName	Name=Fractured;UUID=1434b384-f51c-4f78-ad7f-db0f13f5a3ee	Path of the Fractured	Шлях Розколотого	
h2be99baag9938gfc17g13cfg590c60db09e5	classes	DisplayName	Name=FrostSorcery;UUID=d45d0e7a-e5f9-4b43-865d-fb51aec2d32b	Frost Sorcery	Морозне чаклунство	
h20c62466g58aegc458g775bg12619ff97e87	classes	DisplayName	Name=GiantPath;UUID=07234f31-c239-4a57-aeb4-868f3e1a318e	Path of the Giant	Шлях Велетня	
h25af72e1gf482g34a9g529cg6374b4fb3326	classes	DisplayName	Name=Glory;UUID=b81df0a8-5ecb-43b5-abd9-39b9a244561c	Oath of Glory	Обіт Слави	
h0d9ac304ge050g65c4gadd7gb2db9a3a6388	classes	DisplayName	Name=GraveDomain;UUID=aa644f08-d368-40d3-802a-b3bce31cd4e8	Grave Domain	Могильний домен	
ha989ddfeg14aege15egc09fgf298fc8f086e	classes	DisplayName	Name=GreatOldOne;UUID=e1e4a21f-9405-46ec-81a0-ccc8d58d9736	Great Old One Patron	Покровитель-Величний древній	
hd858b0fag8269g3078g7c9aga7aa5e71ba17	classes	DisplayName	Name=Gunslinger;UUID=b6cd23fa-ec1a-44a6-86c5-693201654dba	Gunslinger	Стрілець	
h778d0370g733dgefbfg0390g325187e3b8f4	classes	DisplayName	Name=Hellspeaker;UUID=f576dd16-d230-4233-bf3e-1d5ed0106b0c	Hellspeaker	Пекломовець	
h1e3fa5f7g9907g40dag9d6ag90042eff8573	classes	DisplayName	Name=Hexblade;UUID=8fb57960-eb92-48f5-b99d-ab36519e4d4f	Hexblade Patron	Покровитель-Відьомський клинок	
he1d26149g3d4dgbec3g0b58g70c8afd98072	classes	DisplayName	Name=HighRoller;UUID=3f014425-480c-49d8-9b9d-2303543c0d11	High Roller	Великий гравець	
he87fc2b8g89e0g6349gbba8g169827090bfc	classes	DisplayName	Name=HighwayRider;UUID=e0613554-075a-48ac-8c74-a051d57d4a39	Highway Rider	Дорожній вершник	
h36f8ec91gd0ffg30e0g363aga7612313e95b	classes	DisplayName	Name=HollowWarden;UUID=42e7625d-114d-4bb3-9af1-663295711a01	Hollow Warden	Порожній вартовий	
h99d927b5gafddg8654g1453g82bbe0c6e89f	classes	DisplayName	Name=Illrigger;UUID=33bd368d-2ff4-4add-8692-66d87372053a	Illrigger	Ілріґер	
h5e364771gbbf3gcea4gc521g7ebe73137887	classes	DisplayName	Name=IllusionSchool;UUID=436c9e1a-3a39-48dd-b753-7cee1bd19c00	Illusionist	Ілюзіоніст	
h96b414b5gdd91g3ee2g39ccg5cc08f37e532	classes	DisplayName	Name=Kensei;UUID=71637280-b294-4c33-9328-b0b77c74d662	Way of the Kensei	Шлях Кенсея	
hf1367018g2ff0g0c06g94e6g7b5a5f21d863	classes	DisplayName	Name=Mercy;UUID=acb94255-2c1e-4472-a707-4b58d183428f	Warrior of Mercy	Воїн Милосердя	
h30872ab2g5b2ag089dg12deg82ee03d2fe8f	classes	DisplayName	Name=MindDomain;UUID=bfad935f-cefd-4e18-bb9c-e052fcb0229e	Mind Domain	Домен Розуму	
h2f2351eagc707g9459g9834g51d1c7e9978b	classes	DisplayName	Name=MonsterHunter;UUID=e137179a-0c6f-4608-837a-322c13403943	Monster Hunter	Мисливець на чудовиськ	
h8c610e61ga284gbdd9gf4c4gc19e363942ea	classes	DisplayName	Name=MoonCollege;UUID=338cd823-6cec-434c-91ea-083ad535833f	College of the Moon	Колегія Місяця	
hfc2052ffgc5b0gbd9agca4bg0c13d926684c	classes	DisplayName	Name=NobleGenie;UUID=0845c298-29fa-424b-b2be-b941345a5e90	Oath of the Noble Genies	Обіт Шляхетних Джинів	
hb94ed556g5e70g8c49g722fge57833fe8a79	classes	DisplayName	Name=OccultistGuild;UUID=2e13292f-2fe2-4807-adae-d72bf04f020d	Occultist Guild	Гільдія окультистів	
h4dc2f45dg35b4g1e82ga16cg73f1f783e261	classes	DisplayName	Name=Painkiller;UUID=499d1db7-129f-4416-b762-43675c43d0c9	Painkiller	Знеболювач	
h60ea26b2gbcebg085dg4445g8f07a9d3ff4c	classes	DisplayName	Name=Paladin;UUID=ff4d9497-023c-434a-bd14-82fc367e991c	Paladin	Паладин	Паладин
h7f73ecccg72adgef93gb362g40f93abb7b1c	classes	DisplayName	Name=PsiWarrior;UUID=1d23232f-cafb-4162-ac2a-a926fd6f734f	Psi Warrior	Пси-воїн	
hcff76038gf183g3e0cg380cgd7a4d9b485d4	classes	DisplayName	Name=Ranger;UUID=36be18ba-23db-4dff-bfa6-ae105ce43144	Ranger	Слідопит	Слідопит
h62929300g0a1ag65dcg0311gee7ce76b7030	classes	DisplayName	Name=RuneKnight;UUID=3d9e9113-46c7-4c81-bb20-93ad097588bc	Rune Knight	Рунний лицар	
h7403d9e2gd4ffg8c95g6874gba9be784c5c0	classes	DisplayName	Name=SanguineKnight;UUID=11576009-15e0-4cb2-b0ce-77dab572f106	Sanguine Knight	Кривавий лицар	
h1064bb85gee8cg09fbge5ebg6e90aa761e30	classes	DisplayName	Name=ShadowDomain;UUID=926bed98-903f-45db-8df1-b8a57742c622	Shadow Domain	Тіньовий домен	
h25aaafe6g04e0ge670gb330gf129adbda2f3	classes	DisplayName	Name=ShadowGnawer;UUID=8287c130-a3aa-4c88-bceb-be9d8fe1be84	Shadow Gnawer	Тінегриз	
h8169cd0cg492cg6dbeg7bafg507ce72f8ac4	classes	DisplayName	Name=ShadowMagic;UUID=b443a7fa-b36a-4cbc-9e4b-f3167de34d1b	Shadow Sorcery	Тіньове чаклунство	
h2fe200c7ga105g2c4eg493fg373d790dcb13	classes	DisplayName	Name=Shadowmaster;UUID=9d4ed957-c140-4955-89a6-56b8cb5313ee	Shadowmaster	Володар тіней	
h2c7c5414g15dagaf08gfc1fg11fb9d066b49	classes	DisplayName	Name=Soulknife;UUID=5764faec-f81c-4708-a652-15b3459715e8	Soulknife	Клинок душі	
hebae72e1ga142gbc3dg8f84ge0a92b2e9d8e	classes	DisplayName	Name=Spellfire;UUID=42622d71-74af-409a-b821-85f270245fe2	Spellfire Sorcery	Чаклунство чаровогню	
hd5cd42c6g00b9gf97bg188bgb80ad6f17e94	classes	DisplayName	Name=Spellslinger;UUID=f617ec08-b29d-4ac0-a742-3fd6c25c4520	Spellslinger	Чаростріл	
h717d6a55gf9a8g7d5eg5430gc31fbe95ad80	classes	DisplayName	Name=SpiritsCollege;UUID=2f1f3761-64fd-42b7-a5e1-f1c381f6be1a	College of Spirits	Колегія Духів	
hfe2d7a7cg1f66g7b4cg4485g45ffc2e4f8ca	classes	DisplayName	Name=TotemWarriorPath;UUID=2e585948-d775-451d-b58b-15b75321d11e	Path of the Wild Heart	Шлях Дикого Серця	
h82eeb0d5g97f8gb543g1fccgc1ddce66a5b2	classes	DisplayName	Name=UndeadPatron;UUID=e0e6a5e2-b147-4088-9a81-6364f3ebe25c	Undead Patron	Покровитель-Невмерлий	
hb9127c70g1995gf222g6ab6g02340332c0ad	classes	DisplayName	Name=Viking;UUID=b400e0f2-7824-4c8c-aebb-6124500e6988	Viking	Вікінг	
hcf49c14dg93ceg7906g770dg50e2ea6a3c87	classes	DisplayName	Name=WhiteHat;UUID=d215aa58-a49c-4e43-ad94-ccabe49dcdaa	White Hat	Білий капелюх	
h442cd917g6095gef57g713bg55e902c18ad3	classes	DisplayName	Name=WildMagic;UUID=14374d37-a70e-41a8-9dc5-85a23f8b5dd2	Wild Magic Sorcery	Чаклунство дикої магії	
h64ffc9d5ga96fg168bg296eg9642cbd7f4b0	classes	DisplayName	Name=WildMagicPath;UUID=d6bf00fc-3518-4d63-ba8b-03532c1abc4d	Path of Wild Magic	Шлях дикої магії	
h6c8f835eg0910g6b96ga78bg651c0ba6cd54	classes	DisplayName	Name=WinterWalker;UUID=fbf9d94c-9175-4145-9bd9-645dec6d4f1d	Winter Walker	Зимовий мандрівник	
hed4fadaag2f33gc2b5g10bcg877f54981719	classes	DisplayName	Name=WorldTreePath;UUID=d6db66be-cc60-4ebd-bf63-2a856bbfedaf	Path of the World Tree	Шлях Світового Дерева	
hfa0367c5gd524g439egbb91gf1d01da462a1	classes	DisplayName	Name=ZealotPath;UUID=0e37e9bc-3909-49f4-8035-6d9736ad6867	Path of the Zealot	Шлях Ревнителя	
h9db7ea7cgcffdgdbaeg920dgbe5a72481ab8	classes	ShortName	Name=ApocalypseDomain;UUID=4d7bc9f4-526f-4902-b9a2-b31577203d02	Apocalypse	Апокаліпсис	
hc89f541bg33a9g6e04g2561g6e4b1e11a18e	classes	ShortName	Name=AstralDomain;UUID=0a7ae8c2-4fd5-48d8-9e5e-6a29189f3fb1	Astral	Астрал	
h526ff611g11bfg567cg8e51gf38acce5196d	classes	ShortName	Name=GraveDomain;UUID=aa644f08-d368-40d3-802a-b3bce31cd4e8	Grave	Могила	Могила
h80d2cf8bgc729g9a24gbc58gb659d3b9da3a	classes	ShortName	Name=MindDomain;UUID=bfad935f-cefd-4e18-bb9c-e052fcb0229e	Mind	Розум	
h904f48b3g5c0bg6e25g75bcg2b014d46c23f	classes	ShortName	Name=ShadowDomain;UUID=926bed98-903f-45db-8df1-b8a57742c622	Shadow	Тінь	Тінь
h724861ebg88f2g481bg1282g74ea90aa0663	feats	Description	ExactMatch=Altered;FeatId=fdbd8822-aad7-4723-a057-b586925ec18d;UUID=96d0d225-7caa-46d6-b70b-77b18925495d	"You have been changed through magic, science, or a volatile blend of the two. You have a blatant physical augmentation of your choice from the options below. The augmentation is obvious—such as with stitches, grafts of other creature’s body parts, or implants—unless disguised.

Natural Armor. You have scales, plates, or thick hide that grants you an AC of 10 + your Dexterity and Constitution modifier.

Natural Weapons. You have claws, fangs, horns, or some other natural weapon that you can use to make Unarmed Strikes that deal 1d6 damage on a hit.

Night Vision. You have Darkvision with a range of 60 feet. If you already have Darkvision, its range increases by 30 feet."	"Магія, наука або їхня нестабільна суміш змінили вас. Виберіть одне з наведених нижче помітних фізичних удосконалень. Якщо його не замаскувати, шви, пересаджені частини чужого тіла чи імпланти видно неозброєним оком.

Природний захист. Луска, пластини або товста шкура дають вам РЗ 10 + модифікатори спритності й статури.

Природна зброя. Ваші кігті, ікла, роги чи інша природна зброя дають змогу здійснювати Беззбройні удари, що в разі влучання завдають 1d6 шкоди.

Нічний зір. Ви отримуєте темнозір на 60 футів. Якщо ви вже маєте темнозір, його дальність збільшується на 30 футів."	
he017d973g0291gbe65g86dbgfc62954d6af5	feats	Description	ExactMatch=Athlete;FeatId=d674aa33-8633-4b67-8623-b6788f0d5fc4;UUID=e5a796ab-3b90-4cd3-8b5a-c3aa5d993833	"Hop Up. While you have the Prone condition, you can stand up by spending only 5 feet of movement.

Jumping. Once per turn, you can make a Jump by spending only 10 feet of movement."	"Підхопитися. У стані повалення ви можете підвестися, витративши лише 5 футів переміщення.

Стрибок. Один раз за хід ви можете стрибнути, витративши лише 10 футів переміщення."	
h9ed109c6ga680g6d73gce1ag6e136e676cb2	feats	Description	ExactMatch=Charger;FeatId=eab25714-15d6-4e26-b809-3fad832d0484;UUID=cfe571e4-5d45-4715-82e6-d63dd4a8335b	"Improved Dash. When you take the Dash action, your Speed increases by 10 feet for that action.

Charge Attack. If you move at least 10 feet in a straight line toward a target immediately before hitting it with a melee attack roll as part of the Attack action, choose one of the following effects: gain a 1d8 bonus to the attack’s damage roll, or push the target up to 10 feet away if it is no more than one size larger than you. You can use this benefit only once on each of your turns."	"Покращений ривок. Коли ви виконуєте дію «Ривок», ваша швидкість для цієї дії збільшується на 10 футів.

Атака з розгону. Якщо безпосередньо перед влучанням атакою ближнього бою в межах дії «Атака» ви перемістилися до цілі щонайменше на 10 футів по прямій, виберіть один ефект: додайте 1d8 до кидка шкоди або відштовхніть ціль на відстань до 10 футів, якщо вона не більш ніж на один розмір більша за вас. Цю перевагу можна застосувати лише раз за хід."	
h83fd0391g6b2fgac96ga1a2gb0b7edabeb3b	feats	Description	ExactMatch=CharmTwister;FeatId=7a6fde1f-bd94-48ef-b94c-2384584688b3;UUID=e88443d2-4836-424b-882c-4ad75177d6ed	"You know hedge remedies and hexes passed down through Old Ways teachings, and you can impart them into small wicker charms you weave. You gain the following benefits.

You always have the Bless and Hex spells prepared. In addition, you gain one 1st-level spell slot that can be used to cast them."	"Ви знаєте сільські ліки й прокляття, передані у вченні Старих Шляхів, і вмієте вплітати їх у невеликі плетені обереги. Ви отримуєте такі переваги.

У вас завжди підготовлені закляття «Благословення» та «Прокляття». Крім того, ви отримуєте одну чарунку заклять 1-го рівня, яку можете витратити на проказування цих заклять."	
hc43fd16fgcee0g3229g6eaeg057f44917b4e	feats	Description	ExactMatch=ColdCaster;FeatId=0ffdc323-8a42-4d1d-84b8-bf4997918bf9;UUID=a0edeeb9-6a0d-4371-b6d5-391246780fb8	"Cantrip. You learn the Ray of Frost cantrip.

Frostbite. Once per turn when you hit a creature with an attack roll and deal Cold damage, you can temporarily negate the creature’s defenses. The creature subtracts 1d4 from the next saving throw it makes before the end of your next turn."	"Замовляння. Ви вивчаєте замовляння «Морозний промінь».

Обмороження. Один раз за хід, коли ви влучаєте в істоту кидком атаки й завдаєте холодової шкоди, ви можете тимчасово послабити її захист. Істота віднімає 1d4 від наступного кидка протидії, здійсненого до кінця вашого наступного ходу."	
hc7b891e9gd9c0g1617g0233ga492c5e47dc7	feats	Description	ExactMatch=CrossbowExpert;FeatId=94a78b4c-a8f2-404f-8cdc-2d454c13cb97;UUID=0715b482-2377-4288-a2b3-9c818a1836b3	"Firing in Melee. Being within 5 feet of an enemy doesn’t impose Disadvantage on your attack rolls with crossbows.

Wounding Bolt. When you hit a creature with a ranged attack, it has a chance to gain the <LSTag Type=""Status"" Tooltip=""GAPING_WOUND"">Gaping Wounds</LSTag> condition."	"Стрільба в ближньому бою. Перебування в межах 5 футів від ворога не накладає завади на ваші кидки атаки з арбалета.

Ранливий болт. Коли ви влучаєте в істоту дальньою атакою, вона може набути стану <LSTag Type=""Status"" Tooltip=""GAPING_WOUND"">Глибокі рани</LSTag>."	
he62f99bbgc9f2g862dg2430gdefa25e39624	feats	Description	ExactMatch=Crusher;FeatId=75af3059-8160-4a89-b2e2-3337dd052c04;UUID=051bd43c-78a5-4a8d-acfe-067f70472ec2	"Push. Once per turn, when you hit a creature with an attack that deals Bludgeoning damage, you can move it 5 feet to an unoccupied space if the target is no more than one size larger than you.

Enhanced Critical. When you score a Critical Hit that deals Bludgeoning damage to a creature, attack rolls against that creature have Advantage until the start of your next turn."	"Поштовх. Один раз за хід, коли ви влучаєте в істоту атакою з дробильною шкодою, можете перемістити її на 5 футів у вільне місце, якщо ціль не більш ніж на один розмір більша за вас.

Посилене критичне влучання. Коли ви завдаєте істоті критичного влучання з дробильною шкодою, кидки атаки проти неї мають перевагу до початку вашого наступного ходу."	
hc477acf9gaec4g36b5g7d0bg06d04d9b41f4	feats	Description	ExactMatch=CultOfTheDragonInitiate;FeatId=d0cd7940-22a8-4e79-9e86-ad29a51dec97;UUID=90570651-a4fd-416e-9da3-195e91af68d9	"Dragon's Terror. You can take a Magic action to instill terror in a creature you can see within 30 feet of yourself. The target must succeed on a Wisdom saving throw or have the Frightened condition until the end of your next turn.

Inspired by Fear. When you cause a creature to gain the Frightened condition and you are the source of its fear, you gain Heroic Inspiration. Once you use this benefit, you can’t use it again until you finish a Short or Long Rest."	"Драконячий жах. Магічною дією ви можете нажахати істоту, яку бачите в межах 30 футів від себе. Ціль повинна успішно виконати кидок протидії мудрістю, інакше набуде стану переляку до кінця вашого наступного ходу.

Натхнення страхом. Коли через вас істота набуває стану переляку, ви отримуєте героїчне натхнення. Після застосування цієї переваги ви не зможете скористатися нею знову до завершення короткого або довгого відпочинку."	
h0f8ca247g66e5g6260ga870g3e352f39fa6e	feats	Description	ExactMatch=DeadlyArchery;FeatId=268d6ae8-b849-4d65-af68-42a60845030d;UUID=f6af2fa7-500b-4a87-8558-798e0df8526e	"Elves possess a natural talent for hitting the mark when using their bows. You have honed this talent almost to perfection, and your arrows find their target with uncanny precision.

As a bonus action, you can give yourself advantage on your ranged weapon attack roll on the current turn. You can use this bonus action only if you haven’t moved during this turn, and after you use the bonus action, your speed is 0 until the end of the current turn."	"Ельфи мають природний хист до влучної стрільби з лука. Ви довели цей талант майже до досконалості, й ваші стріли знаходять ціль із надприродною точністю.

Вторинною дією ви можете надати собі перевагу на кидок атаки далекобійною зброєю в поточному ході. Цю дію можна виконати, лише якщо цього ходу ви ще не переміщувалися; після неї ваша швидкість дорівнює 0 до кінця поточного ходу."	
h09b18db4g2c3fg8d01g01b6g0d3e69735925	feats	Description	ExactMatch=DeathDefier;FeatId=cdf6d5ea-aad1-49c6-b544-c5b291cc9a90;UUID=d77fb963-9521-4913-a0d1-3bffb73519d8	If an effect would kill you outright without Death Saving Throws or would reduce you directly to 0 Hit Points without dealing damage, you are instead reduced to a number of Hit Points equal to your level. You can’t use this benefit again until you finish a Long Rest.	Якщо ефект мав би миттєво вбити вас без кидків протидії смерті або зменшити ваші очки здоров’я безпосередньо до 0, не завдаючи шкоди, натомість у вас залишається кількість очок здоров’я, що дорівнює вашому рівню. Після цього ви не зможете скористатися цією перевагою знову до завершення довгого відпочинку.	
hd032f660g8a39g73eagc4bdgd4038c7dc8de	feats	Description	ExactMatch=DefensiveDuelist;FeatId=661eee63-ff91-4f29-9f21-3a974c9d6fe5;UUID=413644a9-3cb5-4f76-980a-bf2397dcac3d	Parry. If you’re holding a Finesse weapon and another creature hits you with a melee attack, you can take a Reaction to add your Proficiency Bonus to your Armor Class, potentially causing the attack to miss you. You gain this bonus to your AC against melee attacks until the start of your next turn.	Парирування. Якщо ви тримаєте фехтувальну зброю й інша істота влучає у вас атакою ближнього бою, ви можете застосувати реагування та додати свій бонус спеціалізації до РЗ, що може перетворити влучання на промах. Цей бонус до РЗ проти атак ближнього бою діє до початку вашого наступного ходу.	
h1db10ba1g91aagc5a2g2acbg5853ba104450	feats	Description	ExactMatch=DragonFear;FeatId=5d4b9689-6e3c-4970-bc2f-23d4a3c41f5d;UUID=248cab4d-15c2-4c72-bb07-19f6aae5a3b3	"Prerequisite: Dragonborn

When angered, you can radiate menace.

You gain one use of your Breath Weapon.

You can expend one use of your Breath Weapon to roar, forcing each creature of your choice within 30 feet of you to make a Wisdom saving throw. On a failed save, a target becomes frightened of you for 1 minute."	"Необхідна умова: драконич

У гніві ви випромінюєте загрозу.

Ви отримуєте одне додаткове застосування Дихальної зброї.

Ви можете витратити застосування Дихальної зброї, щоб заревіти. Кожна вибрана вами істота в межах 30 футів повинна виконати кидок протидії мудрістю. У разі невдачі ціль боїться вас протягом 1 хвилини."	
h9034c86agb8d7g13ffge863g1561ec6ea096	feats	Description	ExactMatch=DragonHide;FeatId=e0c2d7b8-d6de-46bf-aeba-133b63f744be;UUID=c13455dd-049f-42e2-bfca-7e24bc6482f1	"Prerequisite: Dragonborn

You manifest scales and claws reminiscent of your draconic ancestors.

Your scales harden. While you aren’t wearing armor, you can calculate your AC as 13 + your Dexterity modifier. You can use a shield and still gain this benefit.

You grow retractable claws from the tips of your fingers. Extending or retracting the claws requires no action. The claws are natural weapons, which you can use to make unarmed strikes. When you hit with an unarmed strike using these claws, the attack deals an additional 1d4 slashing damage."	"Необхідна умова: драконич

У вас виростають луска й кігті, подібні до ознак драконячих предків.

Ваша луска твердішає. Коли ви не носите обладунків, ваш РЗ дорівнює 13 + модифікатор спритності. Щит не позбавляє вас цієї переваги.

На кінчиках пальців виростають утяжні кігті. Випустити або сховати їх можна без дії. Кігті є природною зброєю для Беззбройних ударів. Влучивши таким ударом, ви завдаєте додатково 1d4 рубаної шкоди."	
ha77cb967ga90dgf3bagbb92g9b2af176e030	feats	Description	ExactMatch=DragonSlayer;FeatId=7c2f1e44-5cde-4931-b654-d327354a054e;UUID=07ca2481-9096-4e31-9ad0-20be5ece2aeb	"The legend of Bard the Bowman has inspired many young men and women from Dale, so much that they long to prove their worth with the killing of a great monster. As many more before you, you have long pondered on the ways to deal with creatures of size, hoping one day to gain renown defeating them.

You have Advantage on Attack Rolls against Large or larger creatures. In addition, you deal additional damage equal to your Strength modifier when you hit such creatures."	"Легенда про Барда Лучника надихнула багатьох юнаків і дівчат із Долу, які прагнуть довести свою вправність, убивши велике чудовисько. Як і численні попередники, ви довго вивчали способи боротьби з велетенськими істотами, сподіваючись одного дня уславитися перемогою над ними.

Ви маєте перевагу на кидки атаки проти Великих або більших істот. Крім того, влучаючи в таку істоту, ви завдаєте додаткової шкоди в кількості, що дорівнює вашому модифікатору сили."	
hb1847b98g2cc5gbe94g49f1gc11efdbfb5a5	feats	Description	ExactMatch=Dragonscarred;FeatId=d5f64547-82ed-4b24-8ae6-e69c3e7519c6;UUID=c7cc2654-d0de-4f9a-9626-47a84c8e161e	"Damage Resistance. When you gain this feat, choose Acid, Cold, Fire, Lightning, or Poison. You have Resistance to the chosen damage type.

Fearsome Power. When you deal damage to a creature as part of the Attack or Magic action on your turn, you can use the Dragon’s Terror benefit of the Cult of the Dragon Initiate feat as a Bonus Action this turn."	"Стійкість до шкоди. Отримавши цю рису, виберіть кислоту, холод, вогонь, блискавку або отруту. Ви отримуєте стійкість до вибраного типу шкоди.

Грізна сила. Коли у свій хід ви завдаєте істоті шкоди в межах дії «Атака» чи «Магія», цього самого ходу можете вторинною дією застосувати перевагу «Драконячий жах» риси «Посвячений Культу Дракона»."	
h2d809685g28ffge26ag3e6ag5fa20f63c9e3	feats	Description	ExactMatch=DualWielder;FeatId=f692f7b5-ffd5-4942-91a1-a71ebb2f5e7c;UUID=95777965-bb2b-4ad5-8cc8-3c0c407c4bc4	"You can use Two-Weapon Fighting even if your weapons aren't <LSTag Tooltip=""Light"">Light</LSTag>. You cannot dual-wield <LSTag Tooltip=""TwoHanded"">Two-Handed</LSTag> weapons.<br><br>When you take the Attack action on your turn and attack with a melee weapon, you can make one Off-Hand Attack as a Bonus Action later on the same turn. If you have mastered the Nick property and have a Nick weapon equipped in your off hand, you can make up to two Off-Hand Attacks per turn."	"Ви можете битися двома видами зброї, навіть якщо вони не <LSTag Tooltip=""Light"">легкі</LSTag>. Водночас не можна одночасно використовувати дві <LSTag Tooltip=""TwoHanded"">дворучні</LSTag> зброї.<br><br>Коли у свій хід ви виконуєте дію «Атака» й атакуєте зброєю ближнього бою, пізніше цього самого ходу можете вторинною дією здійснити одну Атаку другою рукою. Якщо ви опанували властивість «Нік» і тримаєте в другій руці зброю з нею, то можете здійснювати до двох Атак другою рукою за хід."	
h9dd8a551g9f01g98dbg64f1ga485e59f0e9d	feats	Description	ExactMatch=DungeonDelver;FeatId=71b65667-0eac-4e62-b878-fa862e88ebbf;UUID=5438a1a6-83e6-44dd-813a-b87c0f8fba36	"You gain <LSTag Tooltip=""Advantage"">Advantage</LSTag> on <LSTag Type=""Skills"" Tooltip=""Perception"">Perception</LSTag> <LSTag Tooltip=""AbilityCheck"">Checks</LSTag> made to detect hidden objects and on <LSTag Tooltip=""SavingThrow"">Saving Throws</LSTag> made to avoid or resist traps.

You gain <LSTag Tooltip=""Resistant"">Resistance</LSTag> to the damage dealt by traps.

You can see in the dark."	"Ви отримуєте <LSTag Tooltip=""Advantage"">перевагу</LSTag> на <LSTag Tooltip=""AbilityCheck"">перевірки</LSTag> <LSTag Type=""Skills"" Tooltip=""Perception"">Відчуття</LSTag> для виявлення прихованих предметів і на <LSTag Tooltip=""SavingThrow"">кидки протидії</LSTag> для уникнення пасток або спротиву їм.

Ви отримуєте <LSTag Tooltip=""Resistant"">стійкість</LSTag> до шкоди від пасток.

Ви можете бачити в темряві."	
h6299a92eg8049g117bga5b7g17d26b0619d6	feats	Description	ExactMatch=Durable;FeatId=56c3c247-35cf-4ffd-86dd-7d249cc1808f;UUID=43c5159d-1ba2-400b-8657-805aa84bec04	"Defy Death. You have Advantage on Death Saving Throws.

Speedy Recovery. You regains the maximum <LSTag Tooltip=""HitPoints"">hit points</LSTag> possible when healed."	"Кинути виклик смерті. Ви маєте перевагу на кидки протидії смерті.

Швидке відновлення. Під час зцілення ви відновлюєте найбільшу можливу кількість <LSTag Tooltip=""HitPoints"">очок здоров’я</LSTag>."	
h5d6d057fg00c7g16f2g3e29g4815f812225a	feats	Description	ExactMatch=DwarvenFortitude;FeatId=5be836d8-c798-4fe3-99a3-412165b11842;UUID=67e7dcc6-1bc1-49ba-8f33-f7ba1dfb8d28	"Prerequisite: Dwarf

You have the blood of dwarf heroes flowing through your veins.

Whenever you take the Dodge action in combat, you can spend one Hit Die to heal yourself. Roll the die, add your Constitution modifier, and regain a number of hit points equal to the total (minimum of 1)."	"Необхідна умова: карлик

У ваших жилах тече кров карлицьких героїв.

Коли в бою ви виконуєте дію «Ухилення», то можете витратити одну кістку здоров’я, щоб зцілитися. Киньте її, додайте модифікатор статури й відновіть отриману кількість очок здоров’я (щонайменше 1)."	
h12be78fcg4014gf53egdd87g0988b8262c10	feats	Description	ExactMatch=EldritchAdept;FeatId=a230431d-ce32-4a08-8d1b-bc6c6d462d0e;UUID=cfa4e735-30b9-4cb5-be3f-34c68832a806	Studying occult lore, you learn one Eldritch Invocation option of your choice from the warlock class. If the invocation has a prerequisite of any kind, you can choose that invocation only if you’re a warlock who meets the prerequisite.	Вивчаючи окультні знання, ви опановуєте одну Древню інвокацію чаклуна на свій вибір. Якщо вона має будь-яку необхідну умову, ви можете вибрати її лише як чаклун, що відповідає цій умові.	
h9859bb44g3e14g4995geac2ga0aad82d5174	feats	Description	ExactMatch=ElvenAccuracy;FeatId=3d755d1a-82d9-42a8-8b6e-265aa9c3b0f9;UUID=8eb15d5d-a7d8-47cb-a94a-b47dba1f8fb3	"Prerequisite: Elf or half-elf

The accuracy of elves is legendary, especially that of elf archers and spellcasters. You have uncanny aim with attacks that rely on precision rather than brute force.

Whenever you have advantage on an attack roll using Dexterity, Intelligence, Wisdom, or Charisma, you can reroll one of the dice once."	"Необхідна умова: ельф або напівельф

Ельфійська влучність легендарна, особливо серед лучників і заклиначів. Ви надприродно точні в атаках, що покладаються на вправність, а не грубу силу.

Коли ви маєте перевагу на кидок атаки зі спритністю, інтелектом, мудрістю чи харизмою, можете один раз перекинути одну з кісток."	
h9dd6f816g7d8eg2378g9af9g3b609e271919	feats	Description	ExactMatch=EmeraldEnclaveFledgling;FeatId=f09e0734-4d05-4596-9e4b-e9ec758cd280;UUID=9147f1d6-a449-47f6-a033-f9d03d6bc61e	"Speak with Animals. You always have the Speak with Animals spell prepared and can cast it with any spell slots you have.

Tag Team. When you take the Help action, you can switch places with a willing ally within 5 feet of yourself as part of that same action. This movement doesn’t provoke Opportunity Attacks."	"Розмова з тваринами. У вас завжди підготовлене закляття «Розмова з тваринами», і ви можете проказувати його, витрачаючи будь-які наявні чарунки заклять.

Злагоджена пара. Виконуючи дію «Допомога», ви можете в межах цієї самої дії помінятися місцями з охочим союзником у межах 5 футів від вас. Таке переміщення не провокує Принагідних атак."	
hd23656cfg57f8g9378gb515g69eaf09ae893	feats	Description	ExactMatch=EnclaveMagic;FeatId=fd17c873-ed49-48a7-b757-a057e68efcd9;UUID=792632ae-d08d-4ccf-944c-1bc87928b3df	You always have the Spike Growth spell prepared. You can cast it once without expending a spell slot, and you regain the ability to do so when you finish a Short Rest. When you cast the spell in this way, it doesn’t require Concentration.	У вас завжди підготовлене закляття «Приріст шипів». Ви можете один раз проказати його, не витрачаючи чарунки заклять, і відновлюєте цю можливість після короткого відпочинку. Проказане в такий спосіб закляття не потребує зосередження.	
h05d7703fg52a0gdeefgd5b6g6d58a2ca1db4	feats	Description	ExactMatch=FadeAway;FeatId=9e850cf0-8b7f-4b87-8c00-72040822555c;UUID=9f317d3f-18be-46a7-a264-4a751e04ae0a	"Prerequisite: Gnome

Your people are clever, with a knack for illusion magic. You have learned a magical trick for fading away when you suffer harm.

Immediately after you take damage, you can use a reaction to magically become invisible until the end of your next turn or until you attack, deal damage, or force someone to make a saving throw. Once you use this ability, you can’t do so again until you finish a short or long rest."	"Необхідна умова: гном

Ваш народ кмітливий і має хист до магії ілюзій. Ви вивчили магічний трюк, що дає змогу зникати після поранення.

Одразу після отримання шкоди ви можете застосувати реагування й магічно стати невидимим до кінця свого наступного ходу або доки не атакуєте, не завдасте шкоди чи не змусите когось виконати кидок протидії. Після цього здатність відновиться лише по завершенні короткого або довгого відпочинку."	
h978a3ea0g73c2gc59cgc52eg4aecbaa53dae	feats	Description	ExactMatch=FairyTrickster;FeatId=3477234e-6bed-4fac-9201-63e48a286aca;UUID=52d8f103-3855-4241-a055-cd35c77d75f3	"Faerie Trod Trotter. When you take the Disengage action on your turn, Difficult Terrain doesn’t cost you extra movement for the rest of that turn.

Flustering Strike. When you hit a creature with an attack roll, you can attempt to fluster the target. The target must succeed on a Wisdom saving throw (DC 8 plus the ability modifier of the score increased by this feat and your Proficiency Bonus) or have Disadvantage on saving throws until the end of your next turn.

You can use this benefit a number of times equal to your Proficiency Bonus, and you regain all expended uses when you finish a Long Rest."	"Мандрівник фейськими стежками. Після виконання дії «Відступ» складний рельєф не потребує від вас додаткового переміщення до кінця цього ходу.

Бентежний удар. Влучивши в істоту кидком атаки, ви можете спробувати збентежити її. Ціль повинна успішно виконати кидок протидії мудрістю (МС 8 + модифікатор характеристики, підвищеної цією рисою, + ваш бонус спеціалізації), інакше матиме заваду на кидки протидії до кінця вашого наступного ходу.

Цю перевагу можна застосувати кількість разів, що дорівнює вашому бонусу спеціалізації. Усі витрачені застосування відновлюються після довгого відпочинку."	
h9dd19073g7262gabe8g561dga56e7269712b	feats	Description	ExactMatch=FeyTouched;FeatId=04ca42bc-8dfd-4aaa-8cc4-e27f564fd7a6;UUID=fd9c803c-638b-4a60-b1a3-023b56512f40	Choose one 1st-level spell from the Divination or Enchantment school. You always have that spell and Misty Step prepared. You also gain one 1st-level spell slot and one 2nd-level spell slot.	Виберіть одне закляття 1-го рівня зі школи віщування або зачарування. Це закляття та «Маревний крок» завжди підготовлені. Ви також отримуєте одну чарунку заклять 1-го рівня й одну чарунку 2-го рівня.	
ha574dfdfgf055g69c1g9889gce2fffa674e6	feats	Description	ExactMatch=FierceShot;FeatId=d5138112-8de6-4581-bbc6-7a1c9351f518;UUID=eee0a150-9553-4249-9631-6f8a8e20ceb4	"The Black Arrow that brought down Smaug the Dragon may have been fated to do so, but the hand that sent it flying so fiercely was exceedingly strong. When you throw a spear or bend your bow, you make sure that your grip is steady and your aim true.

When making an attack with a ranged weapon, you use your Strength modifier for the attack and damage rolls. You must use the same modifier for both rolls. If you move no more than half your speed on the same turn and you hit a creature with a ranged weapon attack, you can use a bonus action to cause the attack to deal 1d4 extra damage of the weapon’s type."	"Можливо, Чорній Стрілі судилося повалити дракона Смоґа, але рука, що випустила її з такою силою, була надзвичайно міцною. Кидаючи спис або напинаючи лук, ви твердо тримаєте зброю й точно цілитеся.

Атакуючи далекобійною зброєю, ви використовуєте модифікатор сили для кидків атаки та шкоди; для обох кидків слід застосовувати той самий модифікатор. Якщо цього ходу ви перемістилися не більш ніж на половину своєї швидкості й влучили в істоту далекобійною зброєю, то можете вторинною дією завдати цією атакою ще 1d4 шкоди того самого типу."	
ha9db555bg9216gb5b2g0ee9gc9f5d2f74c3a	feats	Description	ExactMatch=FightingInitiate;FeatId=ef5a96c7-b21f-4a23-aa44-3997efe5b471;UUID=f335dd67-30b3-44f9-934c-990f48510837	Your martial training has helped you develop a particular style of fighting. As a result, you learn one Fighting Style option of your choice from the fighter class.	Бойова підготовка допомогла вам виробити власний стиль. Ви опановуєте один Бойовий стиль бійця на свій вибір.	
hc93c8d09ge62bg58d1g07dcgb03858e06604	feats	Description	ExactMatch=FlamesOfPhlegethos;FeatId=ea66dbc0-86df-4a4a-9c41-be5e4edcc16f;UUID=172e3b28-2c7a-429c-a22c-45734d857edb	"Prerequisite: Tiefling

You learn to call on hellfire to serve your commands.

When you roll fire damage for a spell you cast, you can reroll any 1 on the fire damage dice.

Whenever you cast a spell that deals fire damage, you can cause flames to wreathe you until the end of your next turn. While these flames are present, any creature that hits you with a melee attack takes 1d4 fire damage."	"Необхідна умова: бісин

Ви вчитеся підкоряти пекельний вогонь своїй волі.

Коли ви кидаєте кістки вогняної шкоди проказаного закляття, то можете перекинути кожну 1.

Щоразу, коли ви проказуєте закляття з вогняною шкодою, можете оповити себе полум’ям до кінця наступного ходу. Поки воно палає, кожна істота, що влучає у вас атакою ближнього бою, зазнає 1d4 вогняної шкоди."	
h55dcc998g2b80g48f8g46ddg8233ec32e4b0	feats	Description	ExactMatch=GenieMagic;FeatId=c1ca1854-00af-4ef2-8e98-615b6fdf1a4f;UUID=8360ad15-ee7d-4046-8bff-0fe8f5512f54	You gain two 1st-level spell slot and one 2nd-level spell slot.	Ви отримуєте дві чарунки заклять 1-го рівня й одну чарунку 2-го рівня.	
h63f9716cgc2d1g6fcbg46fcg4c5e77c4be1d	feats	Description	ExactMatch=GleamOfWrath;FeatId=91d37609-5bc1-41ec-bf6c-a58e683d563b;UUID=6515e346-cdf1-4415-9e11-6cef782ac10d	"Your folk have seen many defeats, and many fruitless victories in their wars against the Shadow. The deadly rage that your kindred harbour for the Enemy infuses your weapons with a gleam of chill flame.

As a bonus action, you can cause a melee weapon you are wielding to emit dim light in a 10-foot radius for 10 turns. The light is sunlight. While the weapon gleams, it deals radiant damage instead of its normal damage type.

When you score a critical hit with a melee weapon attack, you can roll one of the weapon’s damage dice one additional time and add it."	"Ваш народ зазнав багатьох поразок і здобув чимало марних перемог у війнах проти Тіні. Смертоносна лють вашого роду до Ворога насичує зброю відблиском холодного полум’я.

Вторинною дією ви можете змусити зброю ближнього бою у своїх руках протягом 10 ходів випромінювати тьмяне сонячне світло в радіусі 10 футів. Поки зброя сяє, вона завдає променевої шкоди замість звичайного типу.

Коли ви завдаєте критичного влучання атакою зброєю ближнього бою, то можете ще раз кинути одну кістку шкоди зброї й додати результат."	
h894a8c5dg5c28g7d23gb198gb51499628687	feats	Description	ExactMatch=GraveKeeper;FeatId=66528522-8d20-446e-b86f-a5aba999bf06;UUID=eb1d1298-0f0e-4117-b0a5-b0f87776c43a	"Studying funeral rites and tending the dead’s rest has made you a conduit between the worlds of the living and the dead. You gain the following benefits.

Divine Channel. You gain one use of the Channel Divinity feature from the Cleric class, and you can create the Turn Undead effect with it. If you already have Channel Divinity, you add this use to the feature from one class of your choice."	"Вивчення поховальних обрядів і турбота про спокій померлих зробили вас провідником між світами живих і мертвих. Ви отримуєте такі переваги.

Божественний канал. Ви отримуєте одне застосування класової особливості клірика «Боже наснаження» й можете витратити його на «Вигнання невмерлих». Якщо ви вже маєте «Боже наснаження», це застосування додається до однойменної особливості одного класу на ваш вибір."	
h00f044d5gf4edgc900g397bgca53d410bdad	feats	Description	ExactMatch=GreatWeaponMaster;FeatId=c09815f7-282b-4ccf-bd89-a51caa1b550f;UUID=da220d1c-c365-4695-9c3a-60927f364201	"Heavy Weapon Mastery. When you hit a creature with a weapon that has the Heavy property as part of the Attack action on your turn, you can cause the weapon to deal extra damage to the target. The extra damage equals your Proficiency Bonus.

Hew. Immediately after you score a Critical Hit with a Melee weapon or reduce a creature to 0 Hit Points with one, you can make one attack with the same weapon as a Bonus Action."	"Майстерність важкої зброї. Коли у свій хід ви влучаєте в істоту зброєю з властивістю «Важка» в межах дії «Атака», можете завдати цілі додаткової шкоди в кількості, що дорівнює вашому бонусу спеціалізації.

Розсікання. Одразу після критичного влучання зброєю ближнього бою або зменшення нею очок здоров’я істоти до 0 ви можете вторинною дією здійснити ще одну атаку тією самою зброєю."	
h9a020e0cgf5c4g50b0g2c1eg4923fce674b6	feats	Description	ExactMatch=HarperAgent;FeatId=9d75c4c9-4700-4858-b0aa-5aca36dbc354;UUID=80d0935e-2c6d-47e1-86e1-a8991a48dddd	"Instrument Training. You gain proficiency with Musical Instruments.

Distracting Melody. When you take the Distract action to assist an ally’s attack roll, the enemy you’re distracting can be within 30 feet of you, rather than within 5 feet of you, provided the enemy can see or hear you."	"Гра на інструментах. Ви отримуєте володіння музичними інструментами.

Відволікальна мелодія. Коли ви виконуєте дію «Відволікти», щоб допомогти союзникові з кидком атаки, ворог може перебувати в межах 30 футів від вас замість 5 футів, якщо бачить або чує вас."	
h03d01a13gaf6ag041ag792ag03d578243374	feats	Description	ExactMatch=HarperTeamwork;FeatId=6552e7c3-701f-41f0-ad04-dfe27a01a6ba;UUID=56df3e52-3393-4cb2-b321-bd758958c5d5	"Withering Wordplay. When you take the Distract action to assist an ally’s attack roll against an enemy, that enemy also has Disadvantage on the first saving throw it makes before the start of your next turn.

Inspiring Willpower. You have Advantage on saving throws against the Frightened and Paralyzed conditions."	"Убивча гра слів. Коли ви виконуєте дію «Відволікти», щоб допомогти кидку атаки союзника проти ворога, цей ворог також має заваду на перший кидок протидії до початку вашого наступного ходу.

Натхненна сила волі. Ви маєте перевагу на кидки протидії станам переляку й паралічу."	
hf4670cedg622ag16adgd7fbgf472400d198b	feats	Description	ExactMatch=Healer;FeatId=5cf5633f-b4cc-4016-a96f-38669879097a;UUID=84539fb9-11f9-405f-9076-2d653394bc96	"Battle Medic. You gain the ability to restore Hit Points to a creature equal to 1d8. You can use this ability a number of times equal to your Proficiency Bonus, and you regain all expended uses when you finish a Long Rest.

Healing. Each time you restore Hit Points to a creature, it regains additional Hit Points equal to your Proficiency Bonus."	"Бойовий медик. Ви отримуєте здатність відновити істоті 1d8 очок здоров’я. Здатність можна застосувати кількість разів, що дорівнює вашому бонусу спеціалізації. Усі витрачені застосування відновлюються після довгого відпочинку.

Зцілення. Щоразу, коли ви відновлюєте істоті очки здоров’я, вона додатково відновлює їх у кількості, що дорівнює вашому бонусу спеціалізації."	
h514d8491g4149gd42dgac44g49eb428cfab7	feats	Description	ExactMatch=HeavilyArmored;FeatId=7bc235ac-7eeb-49d3-8249-c3313d87af75;UUID=8ee6c346-ccdf-4335-a342-a15261051035	"You gain <LSTag Tooltip=""ArmourProficiency"">Armour Proficiency</LSTag> with Heavy Armour."	"Ви отримуєте <LSTag Tooltip=""ArmourProficiency"">володіння</LSTag> важкими обладунками."	
h0266d9b6g2d5egdfa6g1bfag6db68cf5e3ff	feats	Description	ExactMatch=HeavyArmorMaster;FeatId=0de08fff-ab18-442f-a0b1-f53e7be04c03;UUID=91ab8967-1a89-490b-882c-36b9db4d7ed4	Damage Reduction. When you’re hit by an attack while you’re wearing Heavy armor, any Bludgeoning, Piercing, and Slashing damage dealt to you by that attack is reduced by an amount equal to your Proficiency Bonus.	Зменшення шкоди. Коли атака влучає у вас, поки ви носите важкі обладунки, завдана нею дробильна, колюча й рубана шкода зменшується на ваш бонус спеціалізації.	
h303c0002gfd86g7697g4741ge4ae9b93c916	feats	Description	ExactMatch=InfernalConstitution;FeatId=f6d75b9a-93ad-4b7a-bcd4-15645bea97ba;UUID=87cdf26e-786a-475e-b747-dddd862b6f30	"Prerequisite: Tiefling

Fiendish blood runs strong in you, unlocking a resilience akin to that possessed by some fiends.

You have resistance to cold damage and poison damage.
You have advantage on saving throws against being poisoned."	"Необхідна умова: бісин

У ваших жилах вирує кров нечистих, даруючи стійкість, властиву деяким із них.

Ви маєте стійкість до холодової шкоди та шкоди отрутою.
Ви маєте перевагу на кидки протидії отруєнню."	
hfe85ad95g8cb3g8eecg7ca9g7f8ee3255f42	feats	Description	ExactMatch=InspiringLeader;FeatId=688715c7-8f8f-4a1f-81d0-7acaedffc53a;UUID=5f35c322-000a-4db4-a176-e89350f149e0	When you finish a Short or Long Rest, you can give an inspiring performance: a speech, song, or dance. You can use this feature once per Short Rest. When you do so, each ally within 30 feet of you gains Temporary Hit Points equal to your character level plus your Proficiency Bonus.	Завершивши короткий або довгий відпочинок, ви можете влаштувати натхненний виступ — виголосити промову, заспівати чи станцювати. Цю особливість можна застосувати один раз за короткий відпочинок. Кожен союзник у межах 30 футів від вас отримує тимчасові очки здоров’я в кількості, що дорівнює вашому рівню персонажа + бонус спеціалізації.	
h1bf3ecc0g938dg39f4g8e16gfe946978878f	feats	Description	ExactMatch=LightlyArmored;FeatId=b441c722-e4d4-4702-861a-039bfd77c124;UUID=b12ac1e4-aad8-4cdf-aa22-d92b5757bd50	Armor Training. You gain training with Light armor and Shields.	Володіння обладунками. Ви отримуєте володіння легкими обладунками та щитами.	
hca4c73c6g5ff9g1e2dg6288g9bd5466da9c1	feats	Description	ExactMatch=LordlyResolve;FeatId=517d59f8-340e-4123-91f0-d67f7dd78097;UUID=e880d524-f0a2-44d6-9a7d-ab9e50188a8a	Standard Bearer. You are immune to the Prone, Charmed, and Frightened conditions.	Прапороносець. Ви маєте імунітет до станів повалення, причарування та переляку.	
h4ee892fdg07d1g3e46ga80bg74e493bcf181	feats	Description	ExactMatch=LordsAllianceAgent;FeatId=3febb938-6128-4001-9dfb-581c943da22e;UUID=18251952-c4ce-4ae3-8554-1246bf9a42ef	"Inspiring Strike. Once per turn when you score a Critical Hit against a creature, you gain Heroic Inspiration.

Reassert Honor. When an enemy you can see deals damage to you, you have Advantage on your next attack roll against that enemy before the end of your next turn."	"Надихальний удар. Один раз за хід, коли ви завдаєте істоті критичного влучання, ви отримуєте героїчне натхнення.

Відновлення честі. Коли видимий вам ворог завдає вам шкоди, ви отримуєте перевагу на свій наступний кидок атаки проти нього до кінця свого наступного ходу."	
h8708a627g8357g1f81g5bfdgc87a5b00b9fe	feats	Description	ExactMatch=Lucky;FeatId=d84c7f36-8c5b-4b17-b95a-e1da725f9004;UUID=27bbfed5-ec5b-484f-8ae6-dab3299a28dd	"You gain a number of <LSTag Type=""ActionResource"" Tooltip=""LuckPoint"">Luck Points</LSTag> equal to your proficiency bonus. You can use these points to gain <LSTag Tooltip=""Advantage"">Advantage</LSTag> on <LSTag Tooltip=""AttackRoll"">Attack Rolls</LSTag>, <LSTag Tooltip=""AbilityCheck"">Ability Checks</LSTag>, or <LSTag Tooltip=""SavingThrow"">Saving Throws</LSTag>, or to make an enemy reroll an <LSTag Tooltip=""AttackRoll"">Attack Roll</LSTag>."	"Ви отримуєте <LSTag Type=""ActionResource"" Tooltip=""LuckPoint"">очки удачі</LSTag> в кількості, що дорівнює вашому бонусу спеціалізації. Їх можна витрачати, щоб отримувати <LSTag Tooltip=""Advantage"">перевагу</LSTag> на <LSTag Tooltip=""AttackRoll"">кидки атаки</LSTag>, <LSTag Tooltip=""AbilityCheck"">перевірки характеристик</LSTag> чи <LSTag Tooltip=""SavingThrow"">кидки протидії</LSTag> або змушувати ворога перекинути <LSTag Tooltip=""AttackRoll"">кидок атаки</LSTag>."	
h97c2a4b1gf596g1516g285eg988549b0ed6f	feats	Description	ExactMatch=MageSlayer;FeatId=a533fde7-ee0a-46ce-92e2-9763201a54d2;UUID=d2e48d4d-4b19-458f-a880-34aa51c04519	"Concentration Breaker. When you damage a creature that is concentrating, it has Disadvantage on the saving throw it makes to maintain Concentration.

Guarded Mind. If you fail an Intelligence, a Wisdom, or a Charisma saving throw, you can cause yourself to succeed instead. Once you use this benefit, you can’t use it again until you finish a Short or Long Rest."	"Порушення зосередження. Коли ви завдаєте шкоди істоті, що зосереджується, вона має заваду на кидок протидії для збереження зосередження.

Захищений розум. Проваливши кидок протидії інтелектом, мудрістю чи харизмою, ви можете натомість досягти успіху. Після застосування цієї переваги ви не зможете скористатися нею знову до завершення короткого або довгого відпочинку."	
h1fb22109gb584g03f6g66f8g5a967386d305	feats	Description	ExactMatch=MagicInitiateBard;FeatId=4f744a6e-8589-4a46-89ab-a95415a73245;UUID=c3abcd7c-67da-491b-ad6f-d96623fc675f	Deprecated	Застаріле	
h0df39a9dg1cfag178cg75f0g6adabe0323af	feats	Description	ExactMatch=MagicInitiateCleric;FeatId=28e5fed3-bd41-4b74-ab48-b8e824ad3443;UUID=8df4c2d0-cd9e-4473-abd9-45e8073d3e64	"You learn 2 <LSTag Tooltip=""Cantrip"">cantrips</LSTag> and a Level 1 spell from the cleric spell list."	"Ви вивчаєте 2 <LSTag Tooltip=""Cantrip"">замовляння</LSTag> та одне закляття 1-го рівня зі списку заклять клірика."	
h65af80fagec9bg5351g2f9agc30e65db33e7	feats	Description	ExactMatch=MagicInitiateDruid;FeatId=1e1a9a4d-38f4-4a05-b080-d32c2b872250;UUID=aaa0c12c-b643-44eb-b419-42ee72c0f2f2	"You learn 2 <LSTag Tooltip=""Cantrip"">cantrips</LSTag> and a Level 1 spell from the druid spell list."	"Ви вивчаєте 2 <LSTag Tooltip=""Cantrip"">замовляння</LSTag> та одне закляття 1-го рівня зі списку заклять друїда."	
h3199ad9dg3293g80a6g74adg1bf55e642821	feats	Description	ExactMatch=MagicInitiateSorcerer;FeatId=93d41226-d7af-495c-b023-08a6af077962;UUID=4099d9bc-92dc-41fb-8b58-19c2bf8d32c8	Deprecated	Застаріле	
hd8bfa253g9a70g0b3dga7f3g8b52b646dc9a	feats	Description	ExactMatch=MagicInitiateWarlock;FeatId=1e0ac3c4-5bb5-42d7-941c-9de58d919732;UUID=19681957-adaa-4feb-b813-4413aed56de0	Deprecated	Застаріле	
hf53d0a43g624eg7762g6910g0264f0ae7c73	feats	Description	ExactMatch=MagicInitiateWizard;FeatId=26c6990b-d9f0-41a2-8108-209789fafc18;UUID=5670e7db-cbe0-4135-8802-5f33f304346d	"You learn 2 <LSTag Tooltip=""Cantrip"">cantrips</LSTag> and a Level 1 spell from the wizard spell list."	"Ви вивчаєте 2 <LSTag Tooltip=""Cantrip"">замовляння</LSTag> та одне закляття 1-го рівня зі списку заклять чарівника."	
hf9cd95ecgf1f8gb541gd6dcgf5f3c5bd5322	feats	Description	ExactMatch=MetamagicAdept;FeatId=8af37785-7ab1-4010-82f2-7fd226593ea1;UUID=cf1681fe-71db-4094-a844-69091db575cc	"You learn two Metamagic options of your choice from the sorcerer class. You can use only one Metamagic option on a spell when you cast it, unless the option says otherwise.
You gain 2 sorcery points to spend on Metamagic (these points are added to any sorcery points you have from another source but can be used only on Metamagic). You regain all spent sorcery points when you finish a long rest."	"Ви вивчаєте два варіанти метамагії чародія на свій вибір. Під час проказування закляття можна застосувати лише один варіант метамагії, якщо в його описі не зазначено інакше.
Ви отримуєте 2 очки чародійства, які можна витрачати лише на метамагію. Вони додаються до очок чародійства з інших джерел. Усі витрачені очки відновлюються після довгого відпочинку."	
h9aba9e0ag4af1g9f8fg922ag7e65e5b8a86b	feats	Description	ExactMatch=Mobile;FeatId=0a3b07bf-a806-4c77-9c8f-6e7c0965f9dd;UUID=00a17a40-2f3a-429f-a8fc-e3dc264f6670	"Speed Increase. Your Speed increases by 10 feet.

Dash over <LSTag Type=""Status"" Tooltip=""DIFFICULT_TERRAIN"">Difficult Terrain</LSTag>. When you take the Dash action on your turn, Difficult Terrain doesn't cost you extra movement for the rest of that turn.

Agile Movement. Opportunity Attacks have Disadvantage against you."	"Збільшення швидкості. Ваша швидкість збільшується на 10 футів.

Ривок крізь <LSTag Type=""Status"" Tooltip=""DIFFICULT_TERRAIN"">складний рельєф</LSTag>. Коли у свій хід ви виконуєте дію «Ривок», складний рельєф не потребує додаткового переміщення до кінця цього ходу.

Спритне переміщення. Принагідні атаки проти вас мають заваду."	
h9683622cg2b30ga13egcae5g1c9525ef5014	feats	Description	ExactMatch=ModeratelyArmored;FeatId=681d5307-f0ed-4c94-8cf0-db0c51116f56;UUID=3ff13547-e5dd-4c26-955f-ec02535defa2	"You gain <LSTag Tooltip=""ArmourProficiency"">Armour Proficiency</LSTag> with Medium Armour and shields, and your <LSTag Tooltip=""Strength"">Strength</LSTag> or <LSTag Tooltip=""Dexterity"">Dexterity</LSTag> increases by 1, to a maximum of 20."	"Персонаж отримує <LSTag Tooltip=""ArmourProficiency"">спеціалізацію</LSTag> на середніх обладунках, а його <LSTag Tooltip=""Strength"">сила</LSTag> або <LSTag Tooltip=""Dexterity"">спритність</LSTag> зростає на 1, але не вище за 20."	"Персонаж отримує <LSTag Tooltip=""ArmourProficiency"">спеціалізацію</LSTag> на середніх обладунках, а його <LSTag Tooltip=""Strength"">сила</LSTag> або <LSTag Tooltip=""Dexterity"">спритність</LSTag> зростає на 1, але не вище за 20."
hc9a0b12cgc8fegf87fgb641gfcf715d58982	feats	Description	ExactMatch=MountedCombatant;FeatId=87b4f657-b656-4305-8435-ff39d78be5e5;UUID=22c3f2cc-c57f-4841-82bd-c3893f95b6b3	While you are mounted on the steed, you have Advantage on melee attack rolls against creatures of Small size or smaller. In addition, while mounted, you can’t be dismounted or knocked prone as a result of taking damage.	Перебуваючи верхи, ви маєте перевагу на кидки атаки ближнього бою проти Малих або менших істот. Крім того, отримана шкода не може скинути вас із сідла чи повалити.	
hb1afe5dagdd44g9fb0ga44bgfc95f9dd8e59	feats	Description	ExactMatch=MythalTouched;FeatId=9f038fd8-6641-4803-9e09-8508db8e20b3;UUID=61b801e4-f75c-4578-96ec-3ba28e7c1578	Your spellcasting can unleash surges of untamed magic. Once per turn, you can roll 1d20 immediately after you cast a spell with a spell slot. If you roll a 20, roll on the Wild Magic Surge table to create a magical effect.	Ваші закляття здатні вивільняти сплески неприборканої магії. Один раз за хід, одразу після проказування закляття з витратою чарунки, ви можете кинути 1d20. Якщо випаде 20, киньте кістку за таблицею «Сплеск дикої магії», щоб створити магічний ефект.	
h624efb18g8179g6ce0gbe0fg03d310683b76	feats	Description	ExactMatch=Nimbleness;FeatId=46557a4e-aa90-4ce8-b9e5-a7f5a1603cea;UUID=403e590f-6504-462c-9b55-8433e3680b67	"Your skill (or fortune?) in battle has increased with your growth in experience.

You gain a +1 bonus to AC. You lose this bonus if you are incapacitated or wielding a shield."	"З досвідом зросла ваша бойова вправність — чи, може, удача?

Ви отримуєте бонус +1 до РЗ. У стані недієздатності або зі щитом у руках ви втрачаєте цей бонус."	
h505c9691gb92dg0066g1bd8gee8dbadfa730	feats	Description	ExactMatch=OrcishFury;FeatId=8c182840-eca5-411f-92b2-783e8b80dfaf;UUID=6db64923-7d58-4557-809b-72f92e166d5c	"Prerequisite: Half-orc

When you land a <LSTag Tooltip=""CriticalHit"">Critical Hit</LSTag> with a melee weapon attack, you deal an extra dice of weapon damage. "	"Необхідна умова: напіворк

Коли ви завдаєте <LSTag Tooltip=""CriticalHit"">критичного влучання</LSTag> атакою зброєю ближнього бою, то кидаєте одну додаткову кістку шкоди зброї. "	
h4d3fa3f2g1f1aga0c3gb83bg94d626b6b33f	feats	Description	ExactMatch=OrdersResilience;FeatId=cd4048c8-09b5-48b3-9c85-fe42790ac454;UUID=f10dfa30-f8fa-4396-8704-05973c95521d	While you are using Stand as One (Tyro of the Gauntlet), allies within 5 feet of you are immune to the Prone condition and have Advantage on Strength saving throws.	Поки ви застосовуєте «Стояти разом» («Неофіт Рукавиці»), союзники в межах 5 футів від вас мають імунітет до стану повалення й перевагу на кидки протидії силою.	
hbc4803a8gd847gc698gdcb8g8e6853f62ff5	feats	Description	ExactMatch=Performer;FeatId=60dfd716-3ba8-4611-90ee-018b59775b1d;UUID=4dcb182b-3d98-406c-845a-fed95f3f8711	"Instrument Training. You gain proficiency with three Musical Instruments.

Encouraging Song. As you finish a Short or Long Rest, you can play a song on a Musical Instrument with which you have proficiency and give Heroic Inspiration to allies who hear the song. The number of allies you can affect in this way equals your Proficiency Bonus."	"Гра на інструментах. Ви отримуєте володіння трьома музичними інструментами.

Підбадьорлива пісня. Завершивши короткий або довгий відпочинок, ви можете виконати пісню на музичному інструменті, яким володієте, і надати героїчне натхнення союзникам, що її почують. Кількість таких союзників дорівнює вашому бонусу спеціалізації."	
hf202d0a0gaaf3ge15bgc2f1g94f60d8193aa	feats	Description	ExactMatch=Piercer;FeatId=48fcd4e6-761d-406e-95b9-b998957d7aaa;UUID=3f20a53d-5d1d-4133-9e2f-480d7c86a66a	"Puncture. Once per turn, when you hit a creature with an attack that deals Piercing damage, you can reroll one of the attack’s damage dice, and you must use the new roll.

Enhanced Critical. When you score a Critical Hit that deals Piercing damage to a creature, you can roll one additional damage die when determining the extra Piercing damage the target takes."	"Прокол. Один раз за хід, коли ви влучаєте в істоту атакою з колючою шкодою, можете перекинути одну кістку шкоди цієї атаки й мусите використати новий результат.

Посилене критичне влучання. Коли ви завдаєте істоті критичного влучання з колючою шкодою, можете кинути ще одну кістку, визначаючи додаткову колючу шкоду цілі."	
he05ad460g276fg1990g8fccg4bd00b5d035a	feats	Description	ExactMatch=Poisoner;FeatId=882ddfe5-4fa8-4298-8767-2ed23b298735;UUID=4a62cbfc-c5a5-40a3-92bf-88203c857e4e	"Potent Poison. Spells you cast and attacks you make ignore <LSTag Tooltip=""Resistant"">Resistance</LSTag> to Poison damage. In addition, when you deal Poison damage with a spell, you cannot roll a 1. 

Brew Poison. You gain a Poisoner’s Kit, and you have proficiency with them. When you deal poison damage to a creature, it must succeed on a Constitution saving throw or become Poisoned."	"Могутня отрута. Ваші закляття й атаки ігнорують <LSTag Tooltip=""Resistant"">стійкість</LSTag> до шкоди отрутою. Крім того, кістки шкоди отрутою від ваших заклять не можуть дати результат 1. 

Варіння отрути. Ви отримуєте набір отруйника й володіння ним. Коли ви завдаєте істоті шкоди отрутою, вона повинна успішно виконати кидок протидії статурою, інакше набуде стану отруєння."	
h215cfcadg8e38gf1d3g5cbfgf68a823d6955	feats	Description	ExactMatch=PolearmMaster;FeatId=fdf0be80-cc1e-4501-bd2e-7a1ea737362c;UUID=9f9e19ea-117e-4717-acd8-9370e9956d07	"Pole Strike. Immediately after you take the Attack action and attack with a Quarterstaff, a Spear, or a weapon that has the Heavy and Reach properties, you can use a Bonus Action to make a melee attack with the opposite end of the weapon. The weapon deals Bludgeoning damage, and the weapon’s damage die for this attack is a d4.

Reactive Strike. While you’re holding a Quarterstaff, a Spear, or a weapon that has the Heavy and Reach properties, you can take a Reaction to make one melee attack against a creature that enters the reach you have with that weapon."	"Удар держаком. Одразу після дії «Атака» з палицею, списом або зброєю з властивостями «Важка» й «Досяжність» ви можете вторинною дією атакувати в ближньому бою протилежним кінцем зброї. Така атака завдає дробильної шкоди, а її кістка шкоди — d4.

Випереджальний удар. Тримаючи палицю, спис або зброю з властивостями «Важка» й «Досяжність», ви можете застосувати реагування й атакувати в ближньому бою істоту, що входить у межі досяжності цієї зброї."	
h4f5ef875gef6dg93aag6e38g370f1fde0a68	feats	Description	ExactMatch=PurpleDragonCommandant;FeatId=dbe1a4dc-2883-4f34-869c-2ca23f736475;UUID=825dbbb4-2ce5-412f-8113-0e7cf6a76759	"Encourage Ally. As a Bonus Action, you bolster one ally you can see within 30 feet. That ally gains Temporary Hit Points equal to 2d6 plus your Proficiency Bonus. You can use this Bonus Action a number of times equal to your Proficiency Bonus, and you regain all expended uses when you finish a Long Rest.

Last Stand. You have Advantage on attack rolls while Bloodied."	"Підбадьорити союзника. Вторинною дією ви зміцнюєте одного видимого союзника в межах 30 футів. Він отримує тимчасові очки здоров’я в кількості 2d6 + ваш бонус спеціалізації. Цю вторинну дію можна застосувати кількість разів, що дорівнює вашому бонусу спеціалізації. Усі витрачені застосування відновлюються після довгого відпочинку.

Останній рубіж. У закривавленому стані ви маєте перевагу на кидки атаки."	
hf2f81938g5ca0gb0eega680g3ec73dd11dd8	feats	Description	ExactMatch=PurpleDragonRook;FeatId=d0ec7532-bf16-45dd-9583-4f56b7ce332a;UUID=837dc8cb-4b04-48fb-9449-1df74cf11d94	"Entreat. You gain proficiency in <LSTag Type=""Skills"" Tooltip=""Persuasion"">Persuasion</LSTag>.

Rallying Cry. You can choose a number of creatures equal to your Proficiency Bonus that you can see within 30 feet of yourself. Those creatures gain Heroic Inspiration. Once you use this benefit, you can’t do so again until you finish a Long Rest."	"Прохання. Ви отримуєте володіння навичкою <LSTag Type=""Skills"" Tooltip=""Persuasion"">Переконливість</LSTag>.

Бойовий клич. Виберіть видимих вам істот у межах 30 футів від себе в кількості, що дорівнює вашому бонусу спеціалізації. Вони отримують героїчне натхнення. Після застосування цієї переваги ви не зможете скористатися нею знову до завершення довгого відпочинку."	
h59358ad8g6cf9g5327ga84dg411f42012881	feats	Description	ExactMatch=RuneShaper;FeatId=b44a9372-d1b0-4517-a9d0-e3a0df5d906c;UUID=852ca1d9-be49-4f3e-9ba9-271ce264deaa	Rune Magic. You know two runes of your choice from the Rune Spells table. You learn the 1st-level spells associated with those runes, as shown in the Rune Spells table. You gain one 1st-level spell slot, which can be used only to cast these spells. You can also cast the spells associated with your runes using any other spell slots you have.	Магія рун. Виберіть дві руни з таблиці «Рунні закляття». Ви вивчаєте пов’язані з ними закляття 1-го рівня, зазначені в таблиці, й отримуєте одну чарунку 1-го рівня, яку можна витрачати лише на ці закляття. Крім того, їх можна проказувати з будь-яких інших наявних чарунок.	
he25db363g9a78g7f74gf0acgfff6880e8210	feats	Description	ExactMatch=SavageAttacker;FeatId=e061a323-3430-4cff-88d3-5eae7a1779a4;UUID=5551971b-22e1-4107-afe0-28d568fb3446	When making weapon attacks, you roll your damage dice twice and use the highest result.	Атакуючи зброєю, ви двічі кидаєте кістки шкоди й використовуєте вищий результат.	
h531047f9gd6d4g5415g3f87gada7b4be2fa4	feats	Description	ExactMatch=Sentinel;FeatId=816b1554-9384-49e9-aaa0-05dd622e60f7;UUID=5a63d60f-5dea-423f-8acf-14b76da93a50	"When an enemy within melee range attacks an ally, you can use a <LSTag Type=""ActionResource"" Tooltip=""ReactionActionPoint"">reaction</LSTag> to make a weapon attack against that enemy. Target ally must not have the Sentinel Feat.

You gain <LSTag Tooltip=""Advantage"">Advantage</LSTag> on <LSTag Tooltip=""OpportunityAttack"">Opportunity Attacks</LSTag>, and when you hit a creature with an Opportunity Attack, it can no longer move for the rest of its turn."	"Коли ворог у межах ближнього бою атакує союзника, ви можете застосувати <LSTag Type=""ActionResource"" Tooltip=""ReactionActionPoint"">реагування</LSTag> і атакувати цього ворога зброєю. Союзник не повинен мати рису «Вартовий».

Ви отримуєте <LSTag Tooltip=""Advantage"">перевагу</LSTag> на <LSTag Tooltip=""OpportunityAttack"">Принагідні атаки</LSTag>. Коли ви влучаєте Принагідною атакою, істота більше не може переміщуватися до кінця свого ходу."	
hbd7f0193ge427g3d75gc0adgfdba8212fb8b	feats	Description	ExactMatch=ShadowTouched;FeatId=5d736b5a-70a2-4cfa-9c9e-d580fe6de1dc;UUID=0702382b-7bec-4a49-90e4-a944245374bd	"Choose one 1st-level spell from the Illusion or Necromancy school. You always have that spell and <LSTag Type=""Spell"" Tooltip=""Target_Invisibility"">Invisibility</LSTag> prepared. You also gain one 1st-level spell slot and one 2nd-level spell slot."	"Виберіть одне закляття 1-го рівня зі школи ілюзій або некромантії. Це закляття та <LSTag Type=""Spell"" Tooltip=""Target_Invisibility"">Невидимість</LSTag> завжди підготовлені. Ви також отримуєте одну чарунку заклять 1-го рівня й одну чарунку 2-го рівня."	
h5b4e785ag06afgf727gca99g7e0aa28facda	feats	Description	ExactMatch=Sharpshooter;FeatId=010f717e-c6e2-45cf-bbf9-298a72db4cad;UUID=19ec3631-4933-4695-a65c-84fbbcebe796	"Bypass Cover. Your <LSTag Tooltip=""RangedWeaponAttack"">ranged weapon attacks</LSTag> do not receive penalties from <LSTag Tooltip=""HighGroundRules"">High Ground Rules</LSTag>.

Firing in Melee. Being within 5 feet of an enemy doesn’t impose Disadvantage on your attack rolls with Ranged weapons.

Long Shots. Attacking with a two-handed ranged weapon increases its normal range to 90 feet."	"Обхід укриття. Ваші <LSTag Tooltip=""RangedWeaponAttack"">атаки далекобійною зброєю</LSTag> не зазнають штрафів від <LSTag Tooltip=""HighGroundRules"">правил височини</LSTag>.

Стрільба в ближньому бою. Перебування в межах 5 футів від ворога не накладає завади на кидки атаки далекобійною зброєю.

Далекі постріли. Звичайна дальність атак дворучною далекобійною зброєю збільшується до 90 футів."	
he75553c3gd15ag322eg1dcega59ac6593319	feats	Description	ExactMatch=ShieldMaster;FeatId=3fe71254-d1b2-44c7-886c-927552fe5f2e;UUID=367e04a9-9e10-481c-987f-8b94f9ae0015	"Shield Bash. If you attack a creature within 5 feet of you as part of the Attack action and hit with a Melee weapon, you can immediately bash the target with your Shield if it’s equipped, forcing the target to make a Strength saving throw (DC 8 plus your Strength modifier and Proficiency Bonus). On a failed save, you either push the target 5 feet from you or cause it to have the Prone condition (your choice). You can use this benefit only once on each of your turns.

Interpose Shield. If you’re subjected to an effect that allows you to make a Dexterity saving throw to take only half damage, you can take a Reaction to take no damage if you succeed on the saving throw and are holding a Shield."	"Удар щитом. Якщо в межах дії «Атака» ви атакуєте істоту в межах 5 футів і влучаєте зброєю ближнього бою, то можете негайно вдарити ціль спорядженим щитом. Вона повинна виконати кидок протидії силою (МС 8 + ваш модифікатор сили + бонус спеціалізації). У разі невдачі на ваш вибір відштовхніть ціль на 5 футів або надайте їй стан повалення. Цю перевагу можна застосувати лише раз за хід.

Підставити щит. Якщо ефект дає вам змогу виконати кидок протидії спритністю, щоб зазнати лише половини шкоди, ви можете застосувати реагування: у разі успішного кидка ви не зазнаєте шкоди, якщо тримаєте щит."	
he4358e65g244dg1eb4g4922g6f5157e7df61	feats	Description	ExactMatch=SkillExpert;FeatId=6dc5b792-a6f2-4d76-92c3-e0e2798976df;UUID=0ab0aee1-18bf-417c-b843-0bb585c71239	"Skill Proficiency. You gain proficiency in one skill of your choice.

Expertise. Choose one skill in which you have proficiency but lack Expertise. You gain Expertise with that skill."	"Володіння навичкою. Ви отримуєте володіння однією навичкою на свій вибір.

Вправність. Виберіть одну навичку, якою володієте, але в якій іще не маєте Вправності. Ви отримуєте Вправність у цій навичці."	
h0df1df8cg4144g5ee4g0641gab98d991d8dc	feats	Description	ExactMatch=Skulker;FeatId=b83c88fe-6331-4871-b0b1-f71eb435fbc3;UUID=1b0ae0c7-ca6e-49d8-878a-90b1b98ac120	"Blindsight. You have Blindsight with a range of 10 feet.

Fog of War. The DC to become Invisible when you take the Hide action is 15 instead of 20."	"Сліпозір. Ви отримуєте сліпозір на 10 футів.

Туман війни. МС для набуття невидимості під час дії «Сховатися» дорівнює 15 замість 20."	
he322b215g4b74g107eg1abfg1d7e848abd23	feats	Description	ExactMatch=Slasher;FeatId=e66e98e1-928e-45e0-9840-17ede32c13fe;UUID=3fee2603-3235-4f15-907f-24619c5dae1d	"Hamstring. Once per turn when you hit a creature with an attack that deals Slashing damage, you can reduce the Speed of that creature by 10 feet until the start of your next turn.

Enhanced Critical. When you score a Critical Hit that deals Slashing damage to a creature, it has Disadvantage on attack rolls until the start of your next turn."	"Підрізання сухожилля. Один раз за хід, коли ви влучаєте в істоту атакою з рубаною шкодою, можете зменшити її швидкість на 10 футів до початку свого наступного ходу.

Посилене критичне влучання. Коли ви завдаєте істоті критичного влучання з рубаною шкодою, вона має заваду на кидки атаки до початку вашого наступного ходу."	
hd2aeaec7g64f4g180fg4fc9g91918a557c3c	feats	Description	ExactMatch=SpellSniper;FeatId=c02f22c9-9a06-4001-b917-4d5cf09be399;UUID=78660721-cdf0-4218-bb19-e1c8b50b4d4d	"Bypass Cover. Your ranged spell attacks do not receive penalties from <LSTag Tooltip=""HighGroundRules"">High Ground Rules</LSTag>.

Casting in Melee. Being within 5 feet of an enemy doesn’t impose Disadvantage on your attack rolls with spells.

Increased Range. Increase the range of spells by 50%."	"Обхід укриття. Ваші дальні атаки закляттями не зазнають штрафів від <LSTag Tooltip=""HighGroundRules"">правил висоти</LSTag>.

Проказування в ближньому бою. Перебування в межах 5 футів від ворога не спричиняє завади для ваших кидків атаки закляттями.

Збільшена дальність. Збільшити дальність заклять на 50%."	
hf7ce49baga00eg630eg2b32g38d71accc648	feats	Description	ExactMatch=SpellfireAdept;FeatId=fc1fb2ea-675a-4e23-95eb-2f82c20446f6;UUID=49f1afc0-e738-4e7a-a687-5a4214ff533e	"Spells you cast and attacks you make ignore <LSTag Tooltip=""Resistant"">Resistance</LSTag> to Radiant damage. In addition, when you deal Radiant damage with a spell, you cannot roll a 1. "	"Ваші закляття й атаки ігнорують <LSTag Tooltip=""Resistant"">стійкість</LSTag> до променевої шкоди. Крім того, кістки променевої шкоди від ваших заклять не можуть дати результат 1. "	
hdefd07e9gac32g3227g03d6g27116876f808	feats	Description	ExactMatch=SpellfireSpark;FeatId=41ad39b6-a333-4359-aed0-aed465318ac1;UUID=34357ee5-357c-45de-aaf4-05bc1f9b502d	"Magic Absorption. Once per turn, when you take damage from a spell or magical effect, you reduce the total damage taken by 1d4.

Spellfire Flame. You learn the Sacred Flame cantrip. You can also cast this cantrip as a Bonus Action a number of times equal to your Proficiency Bonus, and you regain all expended uses when you finish a Long Rest."	"Поглинання магії. Один раз за хід, коли ви зазнаєте шкоди від закляття чи магічного ефекту, зменште загальну отриману шкоду на 1d4.

Полум’я чаровогню. Ви вивчаєте замовляння «Священний вогонь». Крім того, ви можете проказати його вторинною дією кількість разів, що дорівнює вашому бонусу спеціалізації. Усі витрачені застосування відновлюються після довгого відпочинку."	
h4512f4d8gc99aga64eg600bg8cac11c86e39	feats	Description	ExactMatch=SquatNimbleness;FeatId=4ed110ea-6f86-4567-8469-973e9591fec5;UUID=bc285876-ee56-4c01-a0b5-e3f74302dbb7	"Prerequisite: Dwarf or a Small race

You are uncommonly nimble for your race.

Increase your walking speed by 5 feet.
You gain proficiency in the <LSTag Type=""Skills"" Tooltip=""Acrobatics"">Acrobatics</LSTag> or <LSTag Type=""Skills"" Tooltip=""Athletics"">Athletics</LSTag> skill (your choice).
You have advantage on any Strength (Athletics) or Dexterity (Acrobatics) check you make to escape from being restrained."	"Необхідна умова: карлик або Малий вид

Ви надзвичайно спритні як на свій зріст.

Ваша швидкість ходьби збільшується на 5 футів.
Ви отримуєте володіння навичкою <LSTag Type=""Skills"" Tooltip=""Acrobatics"">Акробатика</LSTag> або <LSTag Type=""Skills"" Tooltip=""Athletics"">Атлетизм</LSTag> на свій вибір.
Ви маєте перевагу на перевірки сили (Атлетизм) або спритності (Акробатика), щоб звільнитися зі стану знерухомлення."	
h46ad0c90g0874gdcd5g9dbdg6328d1abaf2f	feats	Description	ExactMatch=SwiftWitchcraft;FeatId=4f8aaee9-abeb-46c2-a900-ca3ef8dd85f3;UUID=8be164c5-0942-48ac-a1dc-ad6a24595871	You can cast more than one spell that uses a spell slot on your turn. Once you use this benefit, you can’t do so again until you finish a Long Rest.	У свій хід ви можете проказати більш ніж одне закляття, що витрачає чарунку. Після застосування цієї переваги ви не зможете скористатися нею знову до завершення довгого відпочинку.	
h77c6e22dg906bge2b2g1f89ged91e34c41a3	feats	Description	ExactMatch=TavernBrawler;FeatId=be0889d2-f9aa-472d-b942-592bff0f1ef3;UUID=31cba9b2-bf42-4f7b-919d-a0bccc2dff5e	When making unarmed attacks, you roll your damage dice twice and use the highest result.	Атакуючи без зброї, ви двічі кидаєте кістки шкоди й використовуєте вищий результат.	
hfde09985geec3g307ag4015ga087801eec7f	feats	Description	ExactMatch=TyroOfTheGauntlet;FeatId=3428189b-9a9b-40f5-979b-bfc6833a085c;UUID=dd5c31c4-0285-4211-adf2-856dbf93694b	Stand as One. When an ally within 5 feet of you is subjected to an effect that would push or pull it, you can take a Reaction to prevent that ally from being pushed or pulled. To receive this benefit, the ally can’t have the Incapacitated condition.	Стояти разом. Коли союзник у межах 5 футів від вас зазнає ефекту, що має штовхнути або притягнути його, ви можете застосувати реагування, щоб завадити цьому переміщенню. Союзник не повинен перебувати в стані недієздатності.	
haea51e98gfb73g894eg965bg2978e243f5e4	feats	Description	ExactMatch=WarCaster;FeatId=ed4e367d-d136-4285-abac-077147e84cf2;UUID=ce02138b-918a-4191-87d1-092892642ff8	"You gain <LSTag Tooltip=""Advantage"">Advantage</LSTag> on <LSTag Tooltip=""SavingThrow"">Saving Throws</LSTag> to maintain <LSTag Tooltip=""Concentration"">Concentration</LSTag> on a spell.

You can also use a <LSTag Type=""ActionResource"" Tooltip=""ReactionActionPoint"">reaction</LSTag> to cast <LSTag Type=""Spell"" Tooltip=""Target_ShockingGrasp"">Shocking Grasp</LSTag> at a target moving out of melee range."	"Ви отримуєте <LSTag Tooltip=""Advantage"">перевагу</LSTag> на <LSTag Tooltip=""SavingThrow"">кидки протидії</LSTag> для збереження <LSTag Tooltip=""Concentration"">зосередження</LSTag> на заклятті.

Крім того, ви можете застосувати <LSTag Type=""ActionResource"" Tooltip=""ReactionActionPoint"">реагування</LSTag>, щоб проказати <LSTag Type=""Spell"" Tooltip=""Target_ShockingGrasp"">Шоковий хват</LSTag> на ціль, яка виходить із меж ближнього бою."	
h71ada843g58a3g712bgd82agc840de1595e5	feats	Description	ExactMatch=WeaponMaster;FeatId=b153e75c-27a2-4412-95cd-60b477121679;UUID=e1c40138-38a8-4067-87a6-597b52f379fa	"You gain <LSTag Tooltip=""Proficiency"">Proficiency</LSTag> with martial weapons.

You gain two weapon mastery properties of your choice."	"Ви отримуєте <LSTag Tooltip=""Proficiency"">володіння</LSTag> бойовою зброєю.

Ви отримуєте дві властивості майстерності зброї на свій вибір."	
h35e74b0fg788bg373bg7feag7976ce468738	feats	Description	ExactMatch=ZhentarimRuffian;FeatId=ad0e0884-9af9-4dea-b497-d4394ca68903;UUID=a1ac6997-84c1-49bc-800e-50ad23575d68	"Exploit Opening. When you roll damage for an Opportunity Attack, you can roll the damage dice twice and use either roll against the target.

Family First. Once per Long Rest, you grant yourself and allies within 30 feet of you Advantage on Initiative rolls."	"Скористатися нагодою. Визначаючи шкоду від Принагідної атаки, ви можете двічі кинути кістки шкоди й вибрати один із результатів проти цілі.

Родина понад усе. Один раз за довгий відпочинок ви надаєте собі та союзникам у межах 30 футів від вас перевагу на кидки ініціативи."	
he09232a3g8429ge28bga994gd171ef3f3292	feats	Description	ExactMatch=ZhentarimTactics;FeatId=cbd956c2-755d-4de6-97de-664ce7c31650;UUID=45534d89-557f-418d-837b-795270235ad8	"Retaliate. Immediately after a creature within 5 feet of you hits you with a melee attack, you can make an Opportunity Attack against that creature.

Versatile Merc. Choose a skill in which you have proficiency. You have Expertise in that skill."	"Відплата. Одразу після того, як істота в межах 5 футів влучає у вас атакою ближнього бою, ви можете здійснити проти неї Принагідну атаку.

Універсальний найманець. Виберіть навичку, якою володієте. Ви отримуєте Вправність у цій навичці."	
h417af85ag7511g8d7ag32c6g96d4b8febe56	feats	DisplayName	ExactMatch=Altered;FeatId=fdbd8822-aad7-4723-a057-b586925ec18d;UUID=96d0d225-7caa-46d6-b70b-77b18925495d	Altered	Змінений	
h2d1c35beg6336gdd1eg258dg69afd0b6b19f	feats	DisplayName	ExactMatch=Athlete;FeatId=d674aa33-8633-4b67-8623-b6788f0d5fc4;UUID=e5a796ab-3b90-4cd3-8b5a-c3aa5d993833	Athlete	Атлет	Атлет
hf57c9070gd267g0022g18deg38ad134018ab	feats	DisplayName	ExactMatch=Charger;FeatId=eab25714-15d6-4e26-b809-3fad832d0484;UUID=cfe571e4-5d45-4715-82e6-d63dd4a8335b	Charger	Нестримний	Нестримний
hc64822f1g7cc1ga5c5g36f2g38615ca2fa8b	feats	DisplayName	ExactMatch=CharmTwister;FeatId=7a6fde1f-bd94-48ef-b94c-2384584688b3;UUID=e88443d2-4836-424b-882c-4ad75177d6ed	Charm Twister	Плетільник оберегів	
h29ab3531g02fbgac9egf6b3g45f445778cb6	feats	DisplayName	ExactMatch=ColdCaster;FeatId=0ffdc323-8a42-4d1d-84b8-bf4997918bf9;UUID=a0edeeb9-6a0d-4371-b6d5-391246780fb8	Cold Caster	Заклинач холоду	
hafd66c3cg4becg70e3gdeb1g96e635182645	feats	DisplayName	ExactMatch=CrossbowExpert;FeatId=94a78b4c-a8f2-404f-8cdc-2d454c13cb97;UUID=0715b482-2377-4288-a2b3-9c818a1836b3	Crossbow Expert	Експерт з арбалетів	Експерт з арбалетів
h02827ffcg5d6bg438bg7f75g9b6516ac3842	feats	DisplayName	ExactMatch=Crusher;FeatId=75af3059-8160-4a89-b2e2-3337dd052c04;UUID=051bd43c-78a5-4a8d-acfe-067f70472ec2	Crusher	Ломака	Ломака
h131adc06g9cd1g7b27g9571g87157dc4b980	feats	DisplayName	ExactMatch=CultOfTheDragonInitiate;FeatId=d0cd7940-22a8-4e79-9e86-ad29a51dec97;UUID=90570651-a4fd-416e-9da3-195e91af68d9	Cult of the Dragon Initiate	Посвячений Культу Дракона	
h8e50ea07g829fg41c1gfdaeg0618e6beca34	feats	DisplayName	ExactMatch=DeadlyArchery;FeatId=268d6ae8-b849-4d65-af68-42a60845030d;UUID=f6af2fa7-500b-4a87-8558-798e0df8526e	Deadly Archery	Смертельна стрільба	
hbc8108d4gfe3cg400bg087fg1b35d6a3ae28	feats	DisplayName	ExactMatch=DeathDefier;FeatId=cdf6d5ea-aad1-49c6-b544-c5b291cc9a90;UUID=d77fb963-9521-4913-a0d1-3bffb73519d8	Death Defier	Непідвладний смерті	
h32eff9e8g416dgc4dagd8e6g74260b215e68	feats	DisplayName	ExactMatch=DefensiveDuelist;FeatId=661eee63-ff91-4f29-9f21-3a974c9d6fe5;UUID=413644a9-3cb5-4f76-980a-bf2397dcac3d	Defensive Duellist	Захисне фехтування	Захисне фехтування
hf77239c8gc341gd005gafa4g973247f6b867	feats	DisplayName	ExactMatch=DragonFear;FeatId=5d4b9689-6e3c-4970-bc2f-23d4a3c41f5d;UUID=248cab4d-15c2-4c72-bb07-19f6aae5a3b3	Dragon Fear	Драконячий страх	
h8f0ab00ag0746gf074g340age19b8809a448	feats	DisplayName	ExactMatch=DragonHide;FeatId=e0c2d7b8-d6de-46bf-aeba-133b63f744be;UUID=c13455dd-049f-42e2-bfca-7e24bc6482f1	Dragon Hide	Драконяча шкура	
h6e348a1aga0b0g9788gb85dgeba21fa79668	feats	DisplayName	ExactMatch=DragonSlayer;FeatId=7c2f1e44-5cde-4931-b654-d327354a054e;UUID=07ca2481-9096-4e31-9ad0-20be5ece2aeb	Dragon-Slayer	Драконоборець	
h1c19b94dg0f16g1ad9ge5e7g35a02c85c163	feats	DisplayName	ExactMatch=Dragonscarred;FeatId=d5f64547-82ed-4b24-8ae6-e69c3e7519c6;UUID=c7cc2654-d0de-4f9a-9626-47a84c8e161e	Dragonscarred	Позначений драконами	
hfa2c5254ge5fag62b7gffb6g392787c61974	feats	DisplayName	ExactMatch=DualWielder;FeatId=f692f7b5-ffd5-4942-91a1-a71ebb2f5e7c;UUID=95777965-bb2b-4ad5-8cc8-3c0c407c4bc4	Dual Wielder	Двозбройне фехтування	Двозбройне фехтування
hfba39959g9b2dg1bffgffd6g069588fe122e	feats	DisplayName	ExactMatch=DungeonDelver;FeatId=71b65667-0eac-4e62-b878-fa862e88ebbf;UUID=5438a1a6-83e6-44dd-813a-b87c0f8fba36	Dungeon Delver	Дослідник підземель	Дослідник підземель
h3e8e3421g4852g1a98g9d7cgf3947ee60a89	feats	DisplayName	ExactMatch=Durable;FeatId=56c3c247-35cf-4ffd-86dd-7d249cc1808f;UUID=43c5159d-1ba2-400b-8657-805aa84bec04	Durable	Міцний	Міцний
h399266afg5858g5079g1067g6fd5b17e38ef	feats	DisplayName	ExactMatch=DwarvenFortitude;FeatId=5be836d8-c798-4fe3-99a3-412165b11842;UUID=67e7dcc6-1bc1-49ba-8f33-f7ba1dfb8d28	Dwarven Fortitude	Карлицька стійкість	
h35050c0eg78deg45e0g4f6fg8c9ef353a3a9	feats	DisplayName	ExactMatch=EldritchAdept;FeatId=a230431d-ce32-4a08-8d1b-bc6c6d462d0e;UUID=cfa4e735-30b9-4cb5-be3f-34c68832a806	Eldritch Adept	Потойбічний адепт	
h871574cdg815eg20feg9c4bg90c69f23267f	feats	DisplayName	ExactMatch=ElvenAccuracy;FeatId=3d755d1a-82d9-42a8-8b6e-265aa9c3b0f9;UUID=8eb15d5d-a7d8-47cb-a94a-b47dba1f8fb3	Elven Accuracy	Ельфійська точність	
hff02d5beg6459g3c3ag3b99gadddccb29990	feats	DisplayName	ExactMatch=EmeraldEnclaveFledgling;FeatId=f09e0734-4d05-4596-9e4b-e9ec758cd280;UUID=9147f1d6-a449-47f6-a033-f9d03d6bc61e	Emerald Enclave Fledgling	Новак Смарагдового анклаву	
h2fc939d2gdb2egc680g11d6gd7ecee244590	feats	DisplayName	ExactMatch=EnclaveMagic;FeatId=fd17c873-ed49-48a7-b757-a057e68efcd9;UUID=792632ae-d08d-4ccf-944c-1bc87928b3df	Enclave Magic	Магія анклаву	
hb58ca71cg198agc573gb1c7g7c178be23f23	feats	DisplayName	ExactMatch=FadeAway;FeatId=9e850cf0-8b7f-4b87-8c00-72040822555c;UUID=9f317d3f-18be-46a7-a264-4a751e04ae0a	Fade Away	Зникнення	
hb79bd3d9g613dg22a6gdf89ged7bb1cc5f1d	feats	DisplayName	ExactMatch=FairyTrickster;FeatId=3477234e-6bed-4fac-9201-63e48a286aca;UUID=52d8f103-3855-4241-a055-cd35c77d75f3	Fairy Trickster	Фейський штукар	
h3e078741g3071gaa98ga931g651f9cac58d8	feats	DisplayName	ExactMatch=FeyTouched;FeatId=04ca42bc-8dfd-4aaa-8cc4-e27f564fd7a6;UUID=fd9c803c-638b-4a60-b1a3-023b56512f40	Fey Touched	Торкнутий феями	
h27541f87g50d6gf441gbab6geae246f77643	feats	DisplayName	ExactMatch=FierceShot;FeatId=d5138112-8de6-4581-bbc6-7a1c9351f518;UUID=eee0a150-9553-4249-9631-6f8a8e20ceb4	Fierce Shot	Лютий постріл	
h417312b5gae0dgc1a6gfa11g6ce1f7d0f573	feats	DisplayName	ExactMatch=FightingInitiate;FeatId=ef5a96c7-b21f-4a23-aa44-3997efe5b471;UUID=f335dd67-30b3-44f9-934c-990f48510837	Fighting Initiate	Бойовий адепт	
h3502d470g3a45gf7d7g2d8dgb6979a6b5440	feats	DisplayName	ExactMatch=FlamesOfPhlegethos;FeatId=ea66dbc0-86df-4a4a-9c41-be5e4edcc16f;UUID=172e3b28-2c7a-429c-a22c-45734d857edb	Flames of Phlegethos	Полум’я Флеґетосу	
h2aff44fbga1d3g84a9g91cege594afc8805c	feats	DisplayName	ExactMatch=GenieMagic;FeatId=c1ca1854-00af-4ef2-8e98-615b6fdf1a4f;UUID=8360ad15-ee7d-4046-8bff-0fe8f5512f54	Genie Magic	Магія джина	
h2ffcb591g0cc8ga4f6g50f8g0b3e5ae7dcf0	feats	DisplayName	ExactMatch=GleamOfWrath;FeatId=91d37609-5bc1-41ec-bf6c-a58e683d563b;UUID=6515e346-cdf1-4415-9e11-6cef782ac10d	Gleam of Wrath	Відблиск гніву	
h9a29ca57g6b16g45d2gd6b2g59beaebcff8a	feats	DisplayName	ExactMatch=GraveKeeper;FeatId=66528522-8d20-446e-b86f-a5aba999bf06;UUID=eb1d1298-0f0e-4117-b0a5-b0f87776c43a	Grave Keeper	Хранитель могил	
h3f1eb96eg51f4gaf8cg5396g435ffda2161a	feats	DisplayName	ExactMatch=GreatWeaponMaster;FeatId=c09815f7-282b-4ccf-bd89-a51caa1b550f;UUID=da220d1c-c365-4695-9c3a-60927f364201	Great Weapon Master	Майстер великої зброї	Майстер великої зброї
h0c7893begd4c4gb155gaa06gc35e907bc369	feats	DisplayName	ExactMatch=HarperAgent;FeatId=9d75c4c9-4700-4858-b0aa-5aca36dbc354;UUID=80d0935e-2c6d-47e1-86e1-a8991a48dddd	Harper Agent	Агент Арфістів	
h2f66b26dg1725g05e8g8305g92b9060c4712	feats	DisplayName	ExactMatch=HarperTeamwork;FeatId=6552e7c3-701f-41f0-ad04-dfe27a01a6ba;UUID=56df3e52-3393-4cb2-b321-bd758958c5d5	Harper Teamwork	Злагодженість Арфістів	
ha2477884g01b8g19b8g2ca3g0ae325883ca5	feats	DisplayName	ExactMatch=Healer;FeatId=5cf5633f-b4cc-4016-a96f-38669879097a;UUID=84539fb9-11f9-405f-9076-2d653394bc96	Healer 	Цілитель	
h9d48061fg5f17gd0d7gcc47g4d36f5a2b812	feats	DisplayName	ExactMatch=HeavilyArmored;FeatId=7bc235ac-7eeb-49d3-8249-c3313d87af75;UUID=8ee6c346-ccdf-4335-a342-a15261051035	Heavily Armoured	Знавець важких обладунків	Знавець важких обладунків
h839231bbgeb1bg509bgdb9cge3286fb2cd64	feats	DisplayName	ExactMatch=HeavyArmorMaster;FeatId=0de08fff-ab18-442f-a0b1-f53e7be04c03;UUID=91ab8967-1a89-490b-882c-36b9db4d7ed4	Heavy Armour Master	Майстер важких обладунків	Майстер важких обладунків
h9870add4g87a1g306fg4d11g7626059e8997	feats	DisplayName	ExactMatch=InfernalConstitution;FeatId=f6d75b9a-93ad-4b7a-bcd4-15645bea97ba;UUID=87cdf26e-786a-475e-b747-dddd862b6f30	Infernal Constitution	Пекельна статура	
hea65502fg6391g1f02gf466g3d9d8f544c0b	feats	DisplayName	ExactMatch=InspiringLeader;FeatId=688715c7-8f8f-4a1f-81d0-7acaedffc53a;UUID=5f35c322-000a-4db4-a176-e89350f149e0	Inspiring Leader	Природжений лідер	Природжений лідер
h494aa429g631cgf105g1994g4c64836d3f3d	feats	DisplayName	ExactMatch=LightlyArmored;FeatId=b441c722-e4d4-4702-861a-039bfd77c124;UUID=b12ac1e4-aad8-4cdf-aa22-d92b5757bd50	Lightly Armoured	Знавець легких обладунків	Знавець легких обладунків
h073d0597g8104g5749g9c62g13790ccd3f2b	feats	DisplayName	ExactMatch=LordlyResolve;FeatId=517d59f8-340e-4123-91f0-d67f7dd78097;UUID=e880d524-f0a2-44d6-9a7d-ab9e50188a8a	Lordly Resolve	Лордська рішучість	
ha3dd6113g523fga059ga221g580b213b88b8	feats	DisplayName	ExactMatch=LordsAllianceAgent;FeatId=3febb938-6128-4001-9dfb-581c943da22e;UUID=18251952-c4ce-4ae3-8554-1246bf9a42ef	Lords' Alliance Agent	Агент Альянсу лордів	
hae25381bgef2fgb3e0ga319g98ed9f6981b8	feats	DisplayName	ExactMatch=Lucky;FeatId=d84c7f36-8c5b-4b17-b95a-e1da725f9004;UUID=27bbfed5-ec5b-484f-8ae6-dab3299a28dd	Lucky	Удача	Удача
heb622813gde8ag8560g8db8ga20dd3f55a1c	feats	DisplayName	ExactMatch=MageSlayer;FeatId=a533fde7-ee0a-46ce-92e2-9763201a54d2;UUID=d2e48d4d-4b19-458f-a880-34aa51c04519	Mage Slayer	Убивця магів	Убивця магів
h4272602ag3fa1g398bgb969g13be228622d0	feats	DisplayName	ExactMatch=MagicInitiateBard;FeatId=4f744a6e-8589-4a46-89ab-a95415a73245;UUID=c3abcd7c-67da-491b-ad6f-d96623fc675f	Deprecated	Застаріле	
hd9a3ce8dg39a9gb357gf766g5a7a8e8a2b47	feats	DisplayName	ExactMatch=MagicInitiateCleric;FeatId=28e5fed3-bd41-4b74-ab48-b8e824ad3443;UUID=8df4c2d0-cd9e-4473-abd9-45e8073d3e64	Magic Initiate: Cleric	Магічний хист: клірик	Магічний хист: клірик
hafe8b652g4e6agf0fdg68cdgfa9f15790432	feats	DisplayName	ExactMatch=MagicInitiateDruid;FeatId=1e1a9a4d-38f4-4a05-b080-d32c2b872250;UUID=aaa0c12c-b643-44eb-b419-42ee72c0f2f2	Magic Initiate: Druid	Магічний хист: друїд	Магічний хист: друїд
hc0b48f30g3f17g3a7fg830dgd6bcb23043d6	feats	DisplayName	ExactMatch=MagicInitiateSorcerer;FeatId=93d41226-d7af-495c-b023-08a6af077962;UUID=4099d9bc-92dc-41fb-8b58-19c2bf8d32c8	Deprecated	Застаріле	
h14abb3cdgc934g76a7g47aeg2111983c2f7a	feats	DisplayName	ExactMatch=MagicInitiateWarlock;FeatId=1e0ac3c4-5bb5-42d7-941c-9de58d919732;UUID=19681957-adaa-4feb-b813-4413aed56de0	Deprecated	Застаріле	
h01e4f65cg7f45g4509g7911g655523dbfc23	feats	DisplayName	ExactMatch=MagicInitiateWizard;FeatId=26c6990b-d9f0-41a2-8108-209789fafc18;UUID=5670e7db-cbe0-4135-8802-5f33f304346d	Magic Initiate: Wizard	Магічний хист: чарівник	Магічний хист: чарівник
h4998c762g7d6egdfc2g2fd6gdf770ccc5c4d	feats	DisplayName	ExactMatch=MetamagicAdept;FeatId=8af37785-7ab1-4010-82f2-7fd226593ea1;UUID=cf1681fe-71db-4094-a844-69091db575cc	Metamagic Adept	Адепт метамагії	
h9f345cf4g20e3g3adbg0568g4c6d7a467ed6	feats	DisplayName	ExactMatch=Mobile;FeatId=0a3b07bf-a806-4c77-9c8f-6e7c0965f9dd;UUID=00a17a40-2f3a-429f-a8fc-e3dc264f6670	Speedy	Швидкий	
h8eacabe1gf4e0g46a9g32adg16f61a4b3530	feats	DisplayName	ExactMatch=ModeratelyArmored;FeatId=681d5307-f0ed-4c94-8cf0-db0c51116f56;UUID=3ff13547-e5dd-4c26-955f-ec02535defa2	Moderately Armoured	Знавець середніх обладунків	Знавець середніх обладунків
h98f7bf60g0be6g2f80g7ff8g89648f02353b	feats	DisplayName	ExactMatch=MountedCombatant;FeatId=87b4f657-b656-4305-8435-ff39d78be5e5;UUID=22c3f2cc-c57f-4841-82bd-c3893f95b6b3	Mounted Combatant	Кінний боєць	
h4da279bag6b5fg0d46gfa98g0b2a70b0ce8e	feats	DisplayName	ExactMatch=MythalTouched;FeatId=9f038fd8-6641-4803-9e09-8508db8e20b3;UUID=61b801e4-f75c-4578-96ec-3ba28e7c1578	Mythal Touched	Торкнутий міфалом	
hbae36f77gae16gae82g11feg104123766490	feats	DisplayName	ExactMatch=Nimbleness;FeatId=46557a4e-aa90-4ce8-b9e5-a7f5a1603cea;UUID=403e590f-6504-462c-9b55-8433e3680b67	Nimbleness	Спритність	
h09b6e651g8c58gb250g73d8gf855f2d9b768	feats	DisplayName	ExactMatch=OrcishFury;FeatId=8c182840-eca5-411f-92b2-783e8b80dfaf;UUID=6db64923-7d58-4557-809b-72f92e166d5c	Orcish Fury	Оркська лють	
h9cc613dfgb0bcgce96gb19bg02330e4dff7a	feats	DisplayName	ExactMatch=OrdersResilience;FeatId=cd4048c8-09b5-48b3-9c85-fe42790ac454;UUID=f10dfa30-f8fa-4396-8704-05973c95521d	Orders Resilience	Стійкість Ордену	
h03f42ae5g766bg7991gbcd3gacac23773d6c	feats	DisplayName	ExactMatch=Performer;FeatId=60dfd716-3ba8-4611-90ee-018b59775b1d;UUID=4dcb182b-3d98-406c-845a-fed95f3f8711	Musician	Музикант	
hdd11c1e7geb40g6616g906dgcfc584d52dda	feats	DisplayName	ExactMatch=Piercer;FeatId=48fcd4e6-761d-406e-95b9-b998957d7aaa;UUID=3f20a53d-5d1d-4133-9e2f-480d7c86a66a	Piercer	Проколювач	
h32a854e4gba0ag03e3g6c4agac345edd3b25	feats	DisplayName	ExactMatch=Poisoner;FeatId=882ddfe5-4fa8-4298-8767-2ed23b298735;UUID=4a62cbfc-c5a5-40a3-92bf-88203c857e4e	Poisoner	Отруйник	
h3cebc5b8g1e08g6174g4093gbb24e545e462	feats	DisplayName	ExactMatch=PolearmMaster;FeatId=fdf0be80-cc1e-4501-bd2e-7a1ea737362c;UUID=9f9e19ea-117e-4717-acd8-9370e9956d07	Polearm Master	Майстер держакової зброї	Майстер держакової зброї
h322b2b28g4f47gfef1g0501g09a299ea04dd	feats	DisplayName	ExactMatch=PurpleDragonCommandant;FeatId=dbe1a4dc-2883-4f34-869c-2ca23f736475;UUID=825dbbb4-2ce5-412f-8113-0e7cf6a76759	Purple Dragon Commandant	Комендант Пурпурових Драконів	
ha118d2a1gbbb4gcfd3g1676g37accfee78d4	feats	DisplayName	ExactMatch=PurpleDragonRook;FeatId=d0ec7532-bf16-45dd-9583-4f56b7ce332a;UUID=837dc8cb-4b04-48fb-9449-1df74cf11d94	Purple Dragon Rook	Тура Пурпурового Дракона	
hee3bf9a3g10d7g5e5dgbcf7g322706a2afa1	feats	DisplayName	ExactMatch=RuneShaper;FeatId=b44a9372-d1b0-4517-a9d0-e3a0df5d906c;UUID=852ca1d9-be49-4f3e-9ba9-271ce264deaa	Rune Shaper	Творець рун	
hd0637db0gbaaag6a4eg8e04g319e2086edb5	feats	DisplayName	ExactMatch=SavageAttacker;FeatId=e061a323-3430-4cff-88d3-5eae7a1779a4;UUID=5551971b-22e1-4107-afe0-28d568fb3446	Savage Attacker	Лютий нападник	Лютий нападник
h1015def7gafdbg59d8g86d2g26b83e1c4b9e	feats	DisplayName	ExactMatch=Sentinel;FeatId=816b1554-9384-49e9-aaa0-05dd622e60f7;UUID=5a63d60f-5dea-423f-8acf-14b76da93a50	Sentinel	Вартовий	Вартовий
h45c39024gdfe0g1fbeg74d2g67115110174b	feats	DisplayName	ExactMatch=ShadowTouched;FeatId=5d736b5a-70a2-4cfa-9c9e-d580fe6de1dc;UUID=0702382b-7bec-4a49-90e4-a944245374bd	Shadow Touched	Торкнутий тінню	
h90887d29g0a12g4a4eg7f87ga23f7765f7dc	feats	DisplayName	ExactMatch=Sharpshooter;FeatId=010f717e-c6e2-45cf-bbf9-298a72db4cad;UUID=19ec3631-4933-4695-a65c-84fbbcebe796	Sharpshooter	Влучний стрілець	Влучний стрілець
hcf7e607eg1421g2fc9g4205gd10b92961b19	feats	DisplayName	ExactMatch=ShieldMaster;FeatId=3fe71254-d1b2-44c7-886c-927552fe5f2e;UUID=367e04a9-9e10-481c-987f-8b94f9ae0015	Shield Master	Майстер щитів	Майстер щитів
h1c29dc7ag7a83g1964gab06g26984b4238e0	feats	DisplayName	ExactMatch=SkillExpert;FeatId=6dc5b792-a6f2-4d76-92c3-e0e2798976df;UUID=0ab0aee1-18bf-417c-b843-0bb585c71239	Skill Expert	Експерт з навичок	
h3590e174g151cg1c92gb9f4gb875191a6261	feats	DisplayName	ExactMatch=Skulker;FeatId=b83c88fe-6331-4871-b0b1-f71eb435fbc3;UUID=1b0ae0c7-ca6e-49d8-878a-90b1b98ac120	Skulker	Скрадник	
h538ab943g74c6g0712gaaccgc23a7c3fb624	feats	DisplayName	ExactMatch=Slasher;FeatId=e66e98e1-928e-45e0-9840-17ede32c13fe;UUID=3fee2603-3235-4f15-907f-24619c5dae1d	Slasher	Рубака	
hc89bef70gb4acgcaf4g1bd4gc4db62830233	feats	DisplayName	ExactMatch=SpellSniper;FeatId=c02f22c9-9a06-4001-b917-4d5cf09be399;UUID=78660721-cdf0-4218-bb19-e1c8b50b4d4d	Spell Sniper	Влучний заклинач	Влучний заклинач
he27e1f66g8aceg44b2gecc9g07a86e98de57	feats	DisplayName	ExactMatch=SpellfireAdept;FeatId=fc1fb2ea-675a-4e23-95eb-2f82c20446f6;UUID=49f1afc0-e738-4e7a-a687-5a4214ff533e	Spellfire Adept	Адепт чаровогню	
h37427b79gd475g84c7g03e9g66f300db641b	feats	DisplayName	ExactMatch=SpellfireSpark;FeatId=41ad39b6-a333-4359-aed0-aed465318ac1;UUID=34357ee5-357c-45de-aaf4-05bc1f9b502d	Spellfire Spark	Іскра чаровогню	
he151a721gdcf4gc33fg689cg1cae9782fe92	feats	DisplayName	ExactMatch=SquatNimbleness;FeatId=4ed110ea-6f86-4567-8469-973e9591fec5;UUID=bc285876-ee56-4c01-a0b5-e3f74302dbb7	Squat Nimbleness	Спритність малих народів	
hb62d358fga20fg4314g8013g4f3aaddafafa	feats	DisplayName	ExactMatch=SwiftWitchcraft;FeatId=4f8aaee9-abeb-46c2-a900-ca3ef8dd85f3;UUID=8be164c5-0942-48ac-a1dc-ad6a24595871	Swift Witchcraft	Швидке чаклування	
hb4c3b9b7g429bg1543gc57cg6b3b5b25dd7e	feats	DisplayName	ExactMatch=TavernBrawler;FeatId=be0889d2-f9aa-472d-b942-592bff0f1ef3;UUID=31cba9b2-bf42-4f7b-919d-a0bccc2dff5e	Tavern Brawler	Забіяка	Забіяка
h1683d699gbd26g0b5fg3b54g431044aa2005	feats	DisplayName	ExactMatch=TyroOfTheGauntlet;FeatId=3428189b-9a9b-40f5-979b-bfc6833a085c;UUID=dd5c31c4-0285-4211-adf2-856dbf93694b	Tyro of the Gauntlet	Неофіт Панцерної Рукавиці	
hdfe62e0fgf3abgc70ag0019g4af2fcfb5109	feats	DisplayName	ExactMatch=WarCaster;FeatId=ed4e367d-d136-4285-abac-077147e84cf2;UUID=ce02138b-918a-4191-87d1-092892642ff8	War Caster	Бойовий заклинач	Бойовий заклинач
h1e8be1d2gda52g488egf12aga4dbd08a8b2c	feats	DisplayName	ExactMatch=WeaponMaster;FeatId=b153e75c-27a2-4412-95cd-60b477121679;UUID=e1c40138-38a8-4067-87a6-597b52f379fa	Weapon Master	Майстер зброї	Майстер зброї
h892adbd2g77e7g3445g2923gacaeb87d4b31	feats	DisplayName	ExactMatch=ZhentarimRuffian;FeatId=ad0e0884-9af9-4dea-b497-d4394ca68903;UUID=a1ac6997-84c1-49bc-800e-50ad23575d68	Zhentarim Ruffian	Зентаримський головоріз	
h868d132cgda3cg9662gc17ega94ac1ad380e	feats	DisplayName	ExactMatch=ZhentarimTactics;FeatId=cbd956c2-755d-4de6-97de-664ce7c31650;UUID=45534d89-557f-418d-837b-795270235ad8	Zhentarim Tactics	Тактика Зентариму	
hd08ff7b2gae53g91e3g1c43g984682ce4af8	progressions	Description	ExactMatch=IncreaseMaxHP(ClassLevel(Sorcerer));ProgressionId=15f581f8-b68a-46ab-b2c7-6212c7fcd83b;UUID=4143bf4b-264a-474e-a3ff-3909d54df3b1	"Your <LSTag Tooltip=""HitPoints"">hit point</LSTag> maximum increases by 1 for each Sorcerer level."	"Ваш максимум <LSTag Tooltip=""HitPoints"">очок здоров'я</LSTag> збільшується на 1 за кожен рівень чародія."	"Ваш максимум <LSTag Tooltip=""HitPoints"">очок здоров'я</LSTag> збільшується на 1 за кожен рівень чародія."
h0f6ded08gcd3bgf273gc080g6c03b3f1633b	progressions	Description	UUID=11425d5c-8b71-4ccb-a667-be965abba0d3	You gain an Origin feat of your choice, or you can choose a trait from a non-Human species.	Ви отримуєте рису походження на свій вибір або можете вибрати одну рису нелюдського виду.	
h5f2491abg74f5g071bgce31ge29ac76995fd	progressions	Description	UUID=1d769ad6-011e-4e7b-a523-288e53a41e34	Your archdevil grants you uncanny skill in a certain form of combat. Choose one of the following illrigger combat masteries:	Ваш архідиявол дарує вам надзвичайну вправність у певному виді бою. Виберіть одну з наведених нижче бойових майстерностей ілріґера:	
h17794a45gbffdg8b0dg0332g414e8cee0aa7	progressions	Description	UUID=30f576af-a417-49fa-83b1-01d351982c50	"Aasimar (pronounced AH-sih-mar) are mortals who carry a spark of the Upper Planes within their souls. Whether descended from an angelic being or infused with celestial power, they can fan that spark to bring light, healing, and heavenly fury.

Aasimar can arise among any population of mortals. They resemble their parents, but they live for up to 160 years and have features that hint at their celestial heritage, such as metallic freckles, luminous eyes, a halo, or the skin color of an angel (silver, opalescent green, or coppery red). These features start subtle and become obvious when the aasimar learns to reveal their full celestial nature."	"Асимари (вимовляється «а-си-мар») — смертні, у чиїх душах жевріє іскра Верхніх планів. Успадкувавши її від ангельської істоти чи отримавши разом із небесною силою, вони здатні роздмухати цю іскру, несучи світло, зцілення й небесну лють.

Асимар може народитися серед будь-якого народу смертних. Асимари схожі на своїх батьків, але живуть до 160 років і мають ознаки небесної спадщини: металеві веснянки, сяйливі очі, німб або шкіру ангельського кольору — сріблясту, опалово-зелену чи мідно-червону. Спершу ці ознаки ледь помітні, але проявляються виразніше, коли асимар учиться розкривати свою істинну небесну природу."	
h2fb7412egdbddg4e3cgd275g9982279ad118	progressions	Description	UUID=45f17154-fd9e-482b-9f93-5714f12dd377	"Dhampirs are living people who possess vampiric prowess but are cursed with macabre hunger. Most dhampirs thirst for blood, but some gain sustenance from dreams, life energy, or other vital sources. Dhampirs must choose whether to fight to control their hunger or give in to predatory urges.

Dhampirs often arise from encounters with vampires; some are the descendants of a powerful vampire, while others are partially transformed by a vampire’s bite. All manner of macabre bargains and necromantic influences might also give rise to a dhampir. Regardless of their origins, dhampirs exhibit their vampiric nature in various ways, including increased speed and a life-draining bite."	"Дампіри — живі люди з вампірськими здібностями, прокляті моторошним голодом. Більшість із них жадає крові, хоча дехто живиться снами, життєвою енергією чи іншими джерелами життєвої сили. Кожен дампір мусить вирішити, чи приборкувати свій голод, чи віддатися хижацьким поривам.

Дампіри часто з’являються після зустрічей із вампірами: одні є нащадками могутнього вампіра, а інших частково перетворив вампірський укус. Причиною також можуть стати моторошна угода або некромантичний вплив. Хоч би яким було їхнє походження, вампірська природа дампірів проявляється по-різному — зокрема надзвичайною швидкістю та укусом, що висмоктує життєву силу."	
h621fd279gebdag777dg35cdge79dc6dc09a3	progressions	Description	UUID=47f651cd-d1df-4085-88f4-ca515ebd4d3d	You gain proficiency in one skill of your choice.	Ви отримуєте володіння однією навичкою на свій вибір.	
h8c28362ag369agee34gc8d4g6ccec5460b53	progressions	Description	UUID=61d7a977-f2e9-4df4-b922-23421eba42a3	"Your training with weapons allows you to use weapon mastery properties.

As you reach certain levels in your class, you gain the ability to use the mastery properties of additional weapon types."	"Бойова підготовка дає вам змогу застосовувати властивості майстерності зброї.

На певних рівнях класу ви опановуєте властивості майстерності додаткових типів зброї."	
h0c4d3581gf44cg6a9ag27f8ge9f2dd54d6ed	progressions	Description	UUID=88684917-76de-49cc-aab2-ea01033590f4	Divine power infuses you in battle. You gain one of the following options of your choice.	Божественна сила наповнює вас у бою. Ви отримуєте один із наступних варіантів на ваш вибір.	
h97af1d74g3b7ega7c6g7dceg969a03ccef68	progressions	Description	UUID=9479c89f-0d1b-44ef-a8c1-25f481588d34	The other major lineage of elves in the Northlands roams the tundra and icy hills of the Bleak Expanse in small bands, hunting caribou and mammoths from the backs of reindeer and white-furred saber-toothed tigers. Ice elves are largely insular and fiercely self-sufficient. This has given them the reputation of being secretive, while the truth is more that they have little interest in the larger world. They expect no aid from outsiders, nor do they freely give it. Yet, the ice elves are sometimes willing to trade with humans, dwarves, and trollkin. Despite what ignorant outsiders believe, only a few ice elf communities worship Boreas and do his bidding, and most wish nothing to do with the malevolent deity.	Інша велика гілка ельфів Північних земель невеликими гуртами мандрує тундрою та крижаними пагорбами Похмурого простору. Вони полюють на карібу й мамонтів верхи на північних оленях і білошерстих шаблезубих тиграх. Крижані ельфи живуть відособлено й покладаються лише на себе. Через це їх вважають потайними, хоча насправді вони просто мало цікавляться зовнішнім світом. Вони не чекають допомоги від чужинців і самі не поспішають її надавати, проте іноді торгують із людьми, карликами й тролекровними. Усупереч уявленням необізнаних чужинців, лише деякі громади крижаних ельфів поклоняються Борею та виконують його волю; більшість не бажає мати нічого спільного із цим лихим божеством.	
hbfc7d66dgd649g2d81g9f50ga79cce5da957	progressions	Description	UUID=9d7b96e9-2b59-46c3-a2a3-45ff9afce7d3	You are descended from Giants. Choose one of the following benefits—a supernatural boon from your ancestry; you can use the chosen benefit a number of times equal to your Proficiency Bonus, and you regain all expended uses when you finish a Long Rest:	Ви — нащадок велетнів. Виберіть одне з наведених нижче надприродних благ, успадкованих від предків. Ви можете застосувати вибране благо кількість разів, що дорівнює вашому бонусу спеціалізації, і відновлюєте всі витрачені застосування після довгого відпочинку:	
hff4e6b44g07dbg7d46g1dfbg11ee89aaef5b	progressions	Description	UUID=a27df203-fe31-402d-b04b-bff6ca783047	"You have proficiency in the <LSTag Type=""Skills"" Tooltip=""Insight"">Insight</LSTag>, <LSTag Type=""Skills"" Tooltip=""Perception"">Perception</LSTag>, or <LSTag Type=""Skills"" Tooltip=""Survival"">Survival</LSTag> skill."	"Ви отримуєте володіння навичкою <LSTag Type=""Skills"" Tooltip=""Insight"">Проникливість</LSTag>, <LSTag Type=""Skills"" Tooltip=""Perception"">Відчуття</LSTag> або <LSTag Type=""Skills"" Tooltip=""Survival"">Виживання</LSTag>."	
hf078c843g4ca9gd89bgde69g7b94c3d7e9b4	progressions	Description	UUID=ac24fbe8-baa3-4468-afe2-3c9dffa18194	You have dedicated yourself to one of the following sacred roles of your choice.	Ви присвятили себе одній із наведених нижче священних ролей на ваш вибір.	
h98cf324dg4c24g1b78gdb54g670e46f0f8fb	progressions	Description	UUID=afe0cc28-1288-4181-910b-10f2e850d009	"You gain the ability to twist your spells to suit your needs. Choose from the following Metamagic options.

You gain two more options at Sorcerer level 10."	"Ви набуваєте здатності змінювати свої закляття відповідно до потреб. Виберіть один із наведених нижче варіантів метамагії.

На 10-му рівні чародія ви отримуєте ще два варіанти."	
h10a80e89g464fgbd0cgd70dg610b32e6acc3	progressions	Description	UUID=cd13d32a-6885-4998-9cbc-04234bee5794	"Towering over most folk, goliaths are distant descendants of giants. Each goliath bears the favors of the first giants—favors that manifest in various supernatural boons, including the ability to quickly grow and temporarily approach the height of goliaths’ gigantic kin.

Goliaths have physical characteristics that are reminiscent of the giants in their family lines. For example, some goliaths look like stone giants, while others resemble fire giants. Whatever giants they count as kin, goliaths have forged their own path in the multiverse—unencumbered by the internecine conflicts that have ravaged giantkind for ages—and seek heights above those reached by their ancestors."	"Голіафи височіють над більшістю народів і є далекими нащадками велетнів. Кожен голіаф має дари прадавніх велетнів, що проявляються різноманітними надприродними благами — зокрема здатністю стрімко виростати й на короткий час наближатися зростом до своїх велетенських родичів.

Зовнішність голіафів нагадує велетнів із їхнього родоводу: одні схожі на кам’яних велетнів, інші — на вогняних. Хоч би кого вони вважали ріднею, голіафи проклали власний шлях у мультивсесвіті, не обтяжений міжусобицями, що споконвіку спустошують велетенський рід, і прагнуть перевершити здобутки своїх предків."	
hd180b5fege06agd03ag32b2g4030476ac579	progressions	Description	UUID=cd6d923c-951c-4537-b41f-164f66c86917	"Kalashtar (pronounced kal-ASH-tar) are created from the union of humanity and renegade spirits called quori from the plane of dreams. Kalashtar appear human, but their spiritual connection affects them in a variety of ways. They have symmetrical, slightly angular features, and their eyes often glow when they are concentrating or expressing strong emotions.

Kalashtar can’t communicate directly with their quori spirits. Rather, kalashtar might experience them as a source of instinct and inspiration, drawing on the spirits’ memories when the kalashtar sleep. This connection grants kalashtar minor psionic abilities, as well as protection from psionic attacks."	"Калаштари (вимовляється «кал-АШ-тар») постали із союзу людей і бунтівних духів кворі з Плану снів. Вони мають людську подобу, проте духовний зв’язок позначається на них по-різному. Їхні риси обличчя симетричні й дещо кутасті, а очі часто світяться під час зосередження або сильних емоцій.

Калаштари не можуть безпосередньо спілкуватися зі своїми духами кворі. Натомість вони відчувають їх як джерело інстинктів і натхнення та уві сні черпають зі спогадів духів. Цей зв’язок дарує калаштарам незначні псіонічні здібності й захищає від псіонічних атак."	
he346a671g0b23g7417g4182g5a8d53b45077	progressions	Description	UUID=d0138cf5-dcfe-4aba-b5b9-6c8f50b7ebd1	"You can infuse your seals with hellish magical power, enhancing their effects.

Some boons require a minimum Illrigger level. When you reach level 7, you gain one additional boon."	"Ви можете насичувати свої печаті пекельною магією, посилюючи їхню дію.

Деякі блага потребують певного рівня ілріґера. Досягнувши 7-го рівня, ви отримуєте ще одне благо."	
h22f70fd0g4354g1c46g6712gdc288b7803e5	progressions	Description	UUID=edb6cd87-4949-4023-ac76-e92af140461d	You have dedicated yourself to one of the following sacred roles of your choice.	Ви присвятили себе одній із наведених нижче священних ролей на ваш вибір.	
h22eae394ga5fbg653egff67gee9e5b542914	progressions	Description	UUID=efd5067b-2870-4d07-af8d-095883c2cf62	The might of the elements flows through you. You gain one of the following options of your choice.	Крізь вас тече сила стихій. Ви отримуєте один із наступних варіантів на ваш вибір.	
h9adf7805gb424g309ag6e71g53eca41cd8d5	progressions	Description	UUID=fe1ddfe9-0d84-4114-9705-ae55ff51babd	"You may change your cantrip by selecting another one from the Wizard spell list below. This cantrip doesn't use <LSTag Tooltip=""SpellSlot"">spell slots</LSTag> and can be cast at will."	"Ви можете замінити це замовляння, вибравши інше з наведеного нижче списку заклять чарівника. Це замовляння не витрачає <LSTag Tooltip=""SpellSlot"">чарунок заклять</LSTag>, і його можна проказувати за бажанням."	
h70590391g8a16g000bg3b85gb758c7f01fc9	progressions	DisplayName	ExactMatch=IncreaseMaxHP(ClassLevel(Sorcerer));ProgressionId=15f581f8-b68a-46ab-b2c7-6212c7fcd83b;UUID=4143bf4b-264a-474e-a3ff-3909d54df3b1	Draconic Resilience: Hit Points	Драконяча стійкість: очки здоров'я	Драконяча стійкість: очки здоров'я
h387fbbd8g1993g3f29gb171ge2f1a3b1e7cd	progressions	DisplayName	UUID=11425d5c-8b71-4ccb-a667-be965abba0d3	Versatile	Універсальний	
hb8cf1d46g6834g9baagbf6dg50299be625eb	progressions	DisplayName	UUID=1d769ad6-011e-4e7b-a523-288e53a41e34	Combat Mastery	Бойова майстерність	
h1441708fgd061g4a56g61b7gb8e8733cc36d	progressions	DisplayName	UUID=30f576af-a417-49fa-83b1-01d351982c50	Aasimar	Асимар	Асимар
h46b0c2f8g60cfgf514g75e0g2b9f80721ed5	progressions	DisplayName	UUID=45f17154-fd9e-482b-9f93-5714f12dd377	Dhampir	Дампір	
h325e735fg2b3bg04e3g4111g0c40750b7fbe	progressions	DisplayName	UUID=47f651cd-d1df-4085-88f4-ca515ebd4d3d	Skillful	Вправний	
h6e0a316bg6ce3gc18fgb7c0ge96c73d6dfa0	progressions	DisplayName	UUID=61d7a977-f2e9-4df4-b922-23421eba42a3	Weapon Mastery	Майстерність зброї	
h4bebd04fg3a81gc270gd50bga237aecd8ef8	progressions	DisplayName	UUID=88684917-76de-49cc-aab2-ea01033590f4	Blessed Strikes	Благословенні удари	
h1bcfb060g8de9ga777gb7c0gf7094b81c5f0	progressions	DisplayName	UUID=9479c89f-0d1b-44ef-a8c1-25f481588d34	Ice Elf	Крижаний ельф	
h30624b26g7d8bgc040g2e6dgfef7836f5019	progressions	DisplayName	UUID=9d7b96e9-2b59-46c3-a2a3-45ff9afce7d3	Giant Ancestry	Велетенське походження	
hffb15f0dg8d46g8ce2g4665g6ab0e628d277	progressions	DisplayName	UUID=a27df203-fe31-402d-b04b-bff6ca783047	Keen Senses	Гостре чуття	Гостре чуття
h5d663b96gee20gd7abg28bdgde325d686903	progressions	DisplayName	UUID=ac24fbe8-baa3-4468-afe2-3c9dffa18194	Divine Order	Божественний порядок	
hc9e4f723g5054g3b21ga6bage65df9a6ae78	progressions	DisplayName	UUID=afe0cc28-1288-4181-910b-10f2e850d009	Metamagic	Метамагія	Метамагія
hd9e0aa16gc37bg4b4cg2ebbg38b9bb10a41c	progressions	DisplayName	UUID=cd13d32a-6885-4998-9cbc-04234bee5794	Goliath	Голіаф	
ha860cb95g7c9ag10c1g85f5gc9e5b708f2a5	progressions	DisplayName	UUID=cd6d923c-951c-4537-b41f-164f66c86917	Kalashtar	Калаштар	
h2ab85095gd8e1gd4f8g159bg5479bf29202f	progressions	DisplayName	UUID=d0138cf5-dcfe-4aba-b5b9-6c8f50b7ebd1	Interdiction	Заборона	
ha16fbd5eg7072g66aeg7f0eg739d38d2a607	progressions	DisplayName	UUID=edb6cd87-4949-4023-ac76-e92af140461d	Primal Order	Первісний порядок	
h59bddf9bg3094g2868gce0dgb0fbfbb3fdd4	progressions	DisplayName	UUID=efd5067b-2870-4d07-af8d-095883c2cf62	Elemental Fury	Стихійна лють	
hdfda798egce43g07bbgc366gf55a071720ff	progressions	DisplayName	UUID=f57920c1-e686-41a5-8027-831894c5045f	Human	Людина	Людина
hebe3b6e0g1e21g24c8g8ce2gd9aaa9e5dde4	progressions	DisplayName	UUID=fe1ddfe9-0d84-4114-9705-ae55ff51babd	High Elf Cantrip	Замовляння високих ельфів	Замовляння високих ельфів
hc3405af3g4811g97c2gc534g546e8726cc0d	progressions;races	Description	Name=Human;UUID=0eb594cb-8820-4be6-a58d-8be7a1a98fba | UUID=f57920c1-e686-41a5-8027-831894c5045f	"Found throughout the multiverse, humans are as varied as they are numerous, and they endeavor to achieve as much as they can in the years they are given. Their ambition and resourcefulness are commended, respected, and feared on many worlds.

Humans are as diverse in appearance as the people of Earth, and they have many gods. Scholars dispute the origin of humanity, but one of the earliest known human gatherings is said to have occurred in Sigil, the torus-shaped city at the center of the multiverse and the place where the Common language was born. From there, humans could have spread to every part of the multiverse, bringing the City of Doors’ cosmopolitanism with them."	"Люди трапляються в усьому мультивсесвіті й так само численні, як і різноманітні. За відведені їм роки вони прагнуть досягти якомога більшого. У багатьох світах їхні честолюбство й винахідливість водночас шанують і побоюються.

Зовнішністю люди не менш різноманітні, ніж мешканці Землі, і поклоняються багатьом богам. Науковці сперечаються про походження людства, але кажуть, що одне з перших відомих людських поселень виникло в Сиґілі — тороподібному місті в центрі мультивсесвіту, де зародилася Загальна мова. Звідти люди могли розселитися по всьому мультивсесвіту, несучи із собою космополітизм Міста Дверей."	
h4cdf86a0g7d76g2e84gd83dg6220d5a5ca95	races	Description	Name=Dhampir;UUID=c6a54353-a61c-440c-ba7e-ead2edd700d2	"Dhampirs are living people who possess vampiric prowess but are cursed with macabre hunger. Most dhampirs thirst for blood, but some gain sustenance from dreams, life energy, or other vital sources. Dhampirs must choose whether to fight to control their hunger or give in to predatory urges.

Dhampirs often arise from encounters with vampires; some are the descendants of a powerful vampire, while others are partially transformed by a vampire’s bite. All manner of macabre bargains and necromantic influences might also give rise to a dhampir. Regardless of their origins, dhampirs exhibit their vampiric nature in various ways, including increased speed and a life-draining bite."	"Дампіри — живі люди з вампірськими здібностями, прокляті моторошним голодом. Більшість із них жадає крові, хоча дехто живиться снами, життєвою енергією чи іншими джерелами життєвої сили. Кожен дампір мусить вирішити, чи приборкувати свій голод, чи віддатися хижацьким поривам.

Дампіри часто з’являються після зустрічей із вампірами: одні є нащадками могутнього вампіра, а інших частково перетворив вампірський укус. Причиною також можуть стати моторошна угода або некромантичний вплив. Хоч би яким було їхнє походження, вампірська природа дампірів проявляється по-різному — зокрема надзвичайною швидкістю та укусом, що висмоктує життєву силу."	
h61b97fdcga929gadd6gfe5cgaff22e08890c	races	Description	Name=Elf_IceElf;UUID=efaafae0-dcd6-4b58-a256-7fca857fdf98	The other major lineage of elves in the Northlands roams the tundra and icy hills of the Bleak Expanse in small bands, hunting caribou and mammoths from the backs of reindeer and white-furred saber-toothed tigers. Ice elves are largely insular and fiercely self-sufficient. This has given them the reputation of being secretive, while the truth is more that they have little interest in the larger world. They expect no aid from outsiders, nor do they freely give it. Yet, the ice elves are sometimes willing to trade with humans, dwarves, and trollkin. Despite what ignorant outsiders believe, only a few ice elf communities worship Boreas and do his bidding, and most wish nothing to do with the malevolent deity.	Інша велика гілка ельфів Північних земель невеликими гуртами мандрує тундрою та крижаними пагорбами Похмурого простору. Вони полюють на карібу й мамонтів верхи на північних оленях і білошерстих шаблезубих тиграх. Крижані ельфи живуть відособлено й покладаються лише на себе. Через це їх вважають потайними, хоча насправді вони просто мало цікавляться зовнішнім світом. Вони не чекають допомоги від чужинців і самі не поспішають її надавати, проте іноді торгують із людьми, карликами й тролекровними. Усупереч уявленням необізнаних чужинців, лише деякі громади крижаних ельфів поклоняються Борею та виконують його волю; більшість не бажає мати нічого спільного із цим лихим божеством.	
h1201eb50gacb7ge804g6428g5470579075dc	races	Description	Name=Goliath;UUID=b354777e-df8c-493f-a3e7-89b92333b6da	"Towering over most folk, goliaths are distant descendants of giants. Each goliath bears the favors of the first giants—favors that manifest in various supernatural boons, including the ability to quickly grow and temporarily approach the height of goliaths’ gigantic kin.

Goliaths have physical characteristics that are reminiscent of the giants in their family lines. For example, some goliaths look like stone giants, while others resemble fire giants. Whatever giants they count as kin, goliaths have forged their own path in the multiverse—unencumbered by the internecine conflicts that have ravaged giantkind for ages—and seek heights above those reached by their ancestors."	"Голіафи височіють над більшістю народів і є далекими нащадками велетнів. Кожен голіаф має дари прадавніх велетнів, що проявляються різноманітними надприродними благами — зокрема здатністю стрімко виростати й на короткий час наближатися зростом до своїх велетенських родичів.

Зовнішність голіафів нагадує велетнів із їхнього родоводу: одні схожі на кам’яних велетнів, інші — на вогняних. Хоч би кого вони вважали ріднею, голіафи проклали власний шлях у мультивсесвіті, не обтяжений міжусобицями, що споконвіку спустошують велетенський рід, і прагнуть перевершити здобутки своїх предків."	
hce976d1agab7cg7729g705eged5dfe8fa201	races	Description	Name=HumanAasimar;UUID=82e23632-0151-4a00-af48-97db2a634a3c	"Aasimar (pronounced AH-sih-mar) are mortals who carry a spark of the Upper Planes within their souls. Whether descended from an angelic being or infused with celestial power, they can fan that spark to bring light, healing, and heavenly fury.

Aasimar can arise among any population of mortals. They resemble their parents, but they live for up to 160 years and have features that hint at their celestial heritage, such as metallic freckles, luminous eyes, a halo, or the skin color of an angel (silver, opalescent green, or coppery red). These features start subtle and become obvious when the aasimar learns to reveal their full celestial nature."	"Асимари (вимовляється «а-си-мар») — смертні, у чиїх душах жевріє іскра Верхніх планів. Успадкувавши її від ангельської істоти чи отримавши разом із небесною силою, вони здатні роздмухати цю іскру, несучи світло, зцілення й небесну лють.

Асимар може народитися серед будь-якого народу смертних. Асимари схожі на своїх батьків, але живуть до 160 років і мають ознаки небесної спадщини: металеві веснянки, сяйливі очі, німб або шкіру ангельського кольору — сріблясту, опалово-зелену чи мідно-червону. Спершу ці ознаки ледь помітні, але проявляються виразніше, коли асимар учиться розкривати свою істинну небесну природу."	
hf3d6ddebg352bg36d4g9fbbg9ac02f78c004	races	Description	Name=HumanHuman;UUID=32806145-fd6a-4eb8-ab90-c20000e0ba61	"Found throughout the multiverse, humans are as varied as they are numerous, and they endeavor to achieve as much as they can in the years they are given. Their ambition and resourcefulness are commended, respected, and feared on many worlds.

Humans are as diverse in appearance as the people of Earth, and they have many gods. Scholars dispute the origin of humanity, but one of the earliest known human gatherings is said to have occurred in Sigil, the torus-shaped city at the center of the multiverse and the place where the Common language was born. From there, humans could have spread to every part of the multiverse, bringing the City of Doors’ cosmopolitanism with them."	"Люди трапляються в усьому мультивсесвіті й так само численні, як і різноманітні. За відведені їм роки вони прагнуть досягти якомога більшого. У багатьох світах їхні честолюбство й винахідливість водночас шанують і побоюються.

Зовнішністю люди не менш різноманітні, ніж мешканці Землі, і поклоняються багатьом богам. Науковці сперечаються про походження людства, але кажуть, що одне з перших відомих людських поселень виникло в Сиґілі — тороподібному місті в центрі мультивсесвіту, де зародилася Загальна мова. Звідти люди могли розселитися по всьому мультивсесвіту, несучи із собою космополітизм Міста Дверей."	
h7272c6b6gd59fg3f4dg8d02g45a02e4928d6	races	Description	Name=Kalashtar;UUID=65ab9967-ab57-4728-ad56-1e552d9f5ef6	"Kalashtar (pronounced kal-ASH-tar) are created from the union of humanity and renegade spirits called quori from the plane of dreams. Kalashtar appear human, but their spiritual connection affects them in a variety of ways. They have symmetrical, slightly angular features, and their eyes often glow when they are concentrating or expressing strong emotions.

Kalashtar can’t communicate directly with their quori spirits. Rather, kalashtar might experience them as a source of instinct and inspiration, drawing on the spirits’ memories when the kalashtar sleep. This connection grants kalashtar minor psionic abilities, as well as protection from psionic attacks."	"Калаштари (вимовляється «кал-АШ-тар») постали із союзу людей і бунтівних духів кворі з Плану снів. Вони мають людську подобу, проте духовний зв’язок позначається на них по-різному. Їхні риси обличчя симетричні й дещо кутасті, а очі часто світяться під час зосередження або сильних емоцій.

Калаштари не можуть безпосередньо спілкуватися зі своїми духами кворі. Натомість вони відчувають їх як джерело інстинктів і натхнення та уві сні черпають зі спогадів духів. Цей зв’язок дарує калаштарам незначні псіонічні здібності й захищає від псіонічних атак."	
h290db207g3982g8671gfbdeg7a8b3e079800	races	DisplayName	Name=Dhampir;UUID=c6a54353-a61c-440c-ba7e-ead2edd700d2	Dhampir	Дампір	
hc4299a96g2f91ge777g37f1gc3a5dae657c3	races	DisplayName	Name=Elf_IceElf;UUID=efaafae0-dcd6-4b58-a256-7fca857fdf98	Ice Elf	Крижаний ельф	
h0ab77ea5gdc5bg9766g3e31gd30e3393b12e	races	DisplayName	Name=Goliath;UUID=b354777e-df8c-493f-a3e7-89b92333b6da	Goliath	Голіаф	
h9c1c2999g7b54g854bgfdafg85a366d81a61	races	DisplayName	Name=Human;UUID=0eb594cb-8820-4be6-a58d-8be7a1a98fba	Human	Людина	Людина
h4a85606fg83fegb919g2561gba3dd6f0fdf8	races	DisplayName	Name=HumanAasimar;UUID=82e23632-0151-4a00-af48-97db2a634a3c	Aasimar	Асимар	Асимар
he9f4aef0gbf9dgc383g7636g28f7af45dc34	races	DisplayName	Name=HumanHuman;UUID=32806145-fd6a-4eb8-ab90-c20000e0ba61	Human	Людина	Людина
hfa61106eg95adg47fbg8362gcbea543e7ea6	races	DisplayName	Name=Kalashtar;UUID=65ab9967-ab57-4728-ad56-1e552d9f5ef6	Kalashtar	Калаштар	
