contentuid	rule_id	category	offending	message	suggestions	translation
h77f164a8g908ag78fdg969cg13b085d02634	MORFOLOGIK_RULE_PL_PL	Prawdopodobna literówka	k20	Wykryto prawdopodobny błąd pisowni	KRO, K2, KKO	"Gdy twoje punkty wytrzymałości spadną do 0, tracisz przytomność i musisz wykonywać rzuty obronne przed śmiercią. Po 3 powodzeniach przestajesz się wykrwawiać i twój stan się stabilizuje. Po 3 niepowodzeniach giniesz. Jeśli na k20 wypadnie 20, odzyskujesz 1 punkt wytrzymałości.\n\nStan ten kończy się, gdy odzyskasz dowolną liczbę punktów wytrzymałości. Jeśli sojusznik <LSTag Type=""Spell"" Tooltip=""Target_Help"">udzieli ci Pomocy</LSTag>, odzyskujesz 1 punkt wytrzymałości."
h5af643b9gd1b7g259cg51cegf17292ec2f43	SKROTY_Z_KROPKA	Błędy ortograficzne	ST	"Ten skrót piszemy z kropką: ""ST."""	ST.	Gdy trafisz istotę tą bronią, możesz zmusić ją do rzutu obronnego na Kondycję (ST 8 plus modyfikator cechy użyty w teście ataku i twoja premia z biegłości). Przy niepowodzeniu istota otrzymuje stan Powalenia.
h0de5940ag21a0gff32gb8dfg01c84e54f73e	MORFOLOGIK_RULE_PL_PL	Prawdopodobna literówka	sejmitar	Wykryto prawdopodobny błąd pisowni		Sztylet, młot lekki, sierp, sejmitar
h6fd4a879g6dd9g5936gc329gc012af72f9c6	PODMIOT_ORZECZENIE	Błędy interpunkcyjne	, pika	"Przecinek między podmiotem a orzeczeniem jest zbędny, powinno być: "" pika""."	 pika	Maczuga, pika, młot bojowy, kusza ciężka
h05a1ab8cg6b39gabd2g55c7g3a1f851c31fb	MORFOLOGIK_RULE_PL_PL	Prawdopodobna literówka	morgensztern	Wykryto prawdopodobny błąd pisowni	morgenstern, Morgenstern	Buława, włócznia, kiścień, miecz długi, morgensztern, nadziak
h3a320da8g90b9g9714ge237g45c9782afbd0	MORFOLOGIK_RULE_PL_PL	Prawdopodobna literówka	1k10	Wykryto prawdopodobny błąd pisowni		Jeśli użyjesz Szaleńczego ataku, cel otrzymuje dodatkowe 1k10 obrażeń tego samego typu co obrażenia zadane przez broń lub atak bez broni, a ty możesz wywołać jeden wybrany efekt Brutalnego uderzenia.\n\nPotężny cios. Cel zostaje odepchnięty o [1] prosto od ciebie. Następnie możesz przemieścić się prosto w stronę celu na odległość równą maksymalnie połowie swojej szybkości, nie prowokując ataków okazyjnych.\nPodcięcie ścięgna. Szybkość celu zostaje zmniejszona o [1] do początku twojej następnej tury. Cel może być objęty tylko jednym Podcięciem ścięgna naraz — działa najnowsze.
hd21b5d53gc033g82abgfcdag21730bb83c68	MORFOLOGIK_RULE_PL_PL	Prawdopodobna literówka	k6	Wykryto prawdopodobny błąd pisowni	km, kg, ks, ku, KC, kW, KP, KK	"Jeśli użyjesz Szaleńczego ataku podczas <LSTag Type=""Status"" Tooltip=""RAGE"">szału</LSTag>, zadajesz dodatkowe obrażenia pierwszemu celowi trafionemu w swojej turze atakiem opartym na Sile. Aby określić dodatkowe obrażenia, rzuć tyloma k6, ile wynosi twoja premia do obrażeń <LSTag Type=""Status"" Tooltip=""RAGE"">szału</LSTag>, i zsumuj wyniki. Obrażenia są tego samego typu co obrażenia broni albo ataku bez broni użytego do wykonania ataku."
h5acf268bg7a2dgd7c7g4d2dg20caffe2e8a4	ZDANIA_ZLOZONE	Błędy interpunkcyjne	Możesz kopnąć cel ważący maksymalnie dwa razy więcej niż pozwalałoby popchnięcie.	W tym zdaniu złożonym brakuje przecinka lub spójnika między jednym czasownikiem („Możesz”) a drugim („pozwalałoby”).		"Możesz kopnąć cel ważący maksymalnie dwa razy więcej niż pozwalałoby <LSTag Type=""Spell"" Tooltip=""Target_Shove"">popchnięcie</LSTag>."
h5d1b01ffgd776g8ca4gd2edgb4e5e0068ad7	MORFOLOGIK_RULE_PL_PL	Prawdopodobna literówka	Bardowskiej	Wykryto prawdopodobny błąd pisowni	Badowskiej, Bartkowskiej, Barzowskiej, Batowskiej, Nartowskiej, Artowskiej, Bałtowskiej, Brdowskiej	Ponadto możesz zużyć komórkę czaru (bez konieczności użycia akcji), aby odzyskać jedno zużyte użycie Bardowskiej inspiracji.
h7c14769cg0f8ag7968g4156g1272fd5b7850	MORFOLOGIK_RULE_PL_PL	Prawdopodobna literówka	bardowskiej	Wykryto prawdopodobny błąd pisowni	Badowskiej, Bartkowskiej, Barzowskiej, Batowskiej, Nartowskiej, artowskiej, bartkowskiej, bałtowskiej	Zużyj komórkę czaru, aby odzyskać jedno użycie bardowskiej inspiracji.
h1dedae79g3922gbd27g0925g98aec4318fa7	BRAK_PRZECINKA_ANI	Błędy interpunkcyjne	 lub	"Prawdopodobnie brakuje przecinka. Powinno być: "", lub""."	, lub	Możesz użyć nut muzycznych lub słów mocy, aby zakłócić efekty wpływające na umysł. Gdy tobie lub istocie w promieniu 9 m od ciebie nie powiedzie się rzut obronny przeciwko efektowi nakładającemu stan Zauroczenia lub Przerażenia, możesz użyć reakcji, by wymusić ponowienie rzutu obronnego. Nowy rzut jest wykonywany z ułatwieniem.
hf8844bacg4eb3geecdg5fbagf17d5ba9d6b0	MORFOLOGIK_RULE_PL_PL	Prawdopodobna literówka	Przeciwurok	Wykryto prawdopodobny błąd pisowni	Przeciw urok	Przeciwurok
h0f358bf7g4a10gc77fg43cfg0c187137ef7a	BRAK_PRZECINKA_ANI	Błędy interpunkcyjne	 lub	"Prawdopodobnie brakuje przecinka. Powinno być: "", lub""."	, lub	Możesz użyć nut muzycznych lub słów mocy, aby zakłócić efekty wpływające na umysł. Gdy tobie lub istocie w promieniu 9 m od ciebie nie powiedzie się rzut obronny przeciwko efektowi nakładającemu stan Zauroczenia lub Przerażenia, możesz użyć reakcji, by wymusić ponowienie rzutu obronnego. Nowy rzut jest wykonywany z ułatwieniem.
h035b29c1g51d0ge9f8gb63fgc75cd5045b0c	SKROTY_Z_KROPKA	Błędy ortograficzne	ST	"Ten skrót piszemy z kropką: ""ST."""	ST.	Zawsze masz przygotowane czary Zauroczenie osoby i Lustrzane odbicia.\n\nPonadto bezpośrednio po rzuceniu czaru ze szkoły uroków lub iluzji przy użyciu komórki czaru możesz zmusić istotę, którą widzisz w odległości do [1] od siebie, do wykonania rzutu obronnego na Mądrość przeciwko twojemu ST obrony przed czarami. W razie niepowodzenia cel jest Zauroczony lub Przerażony (wedle twojego wyboru) przez 1 minutę.
hd68a192ag408cg0b94ge1bcgb6efd87c7b6a	MORFOLOGIK_RULE_PL_PL	Prawdopodobna literówka	fey	Wykryto prawdopodobny błąd pisowni	fe, fen, key, fes, fez, fee, Fe, Feb	Możesz wpleść magię fey w pieśń albo taniec, aby napełnić innych wigorem. W ramach akcji dodatkowej możesz zużyć jedno użycie bardowskiej inspiracji i rzucić jej kością. Następnie wybierz maksymalnie tyle innych istot w promieniu [1] od siebie, ile wynosi twój modyfikator Charyzmy (co najmniej jedną).\n\nKażda z tych istot zyskuje tymczasowe punkty wytrzymałości w liczbie równej dwukrotności wyniku rzutu kością bardowskiej inspiracji i do końca swojej następnej tury może się przemieszczać bez prowokowania ataków okazyjnych.
hd68a192ag408cg0b94ge1bcgb6efd87c7b6a	MORFOLOGIK_RULE_PL_PL	Prawdopodobna literówka	bardowskiej	Wykryto prawdopodobny błąd pisowni	Badowskiej, Bartkowskiej, Barzowskiej, Batowskiej, Nartowskiej, artowskiej, bartkowskiej, bałtowskiej	Możesz wpleść magię fey w pieśń albo taniec, aby napełnić innych wigorem. W ramach akcji dodatkowej możesz zużyć jedno użycie bardowskiej inspiracji i rzucić jej kością. Następnie wybierz maksymalnie tyle innych istot w promieniu [1] od siebie, ile wynosi twój modyfikator Charyzmy (co najmniej jedną).\n\nKażda z tych istot zyskuje tymczasowe punkty wytrzymałości w liczbie równej dwukrotności wyniku rzutu kością bardowskiej inspiracji i do końca swojej następnej tury może się przemieszczać bez prowokowania ataków okazyjnych.
hd68a192ag408cg0b94ge1bcgb6efd87c7b6a	MORFOLOGIK_RULE_PL_PL	Prawdopodobna literówka	bardowskiej	Wykryto prawdopodobny błąd pisowni	Badowskiej, Bartkowskiej, Barzowskiej, Batowskiej, Nartowskiej, artowskiej, bartkowskiej, bałtowskiej	Możesz wpleść magię fey w pieśń albo taniec, aby napełnić innych wigorem. W ramach akcji dodatkowej możesz zużyć jedno użycie bardowskiej inspiracji i rzucić jej kością. Następnie wybierz maksymalnie tyle innych istot w promieniu [1] od siebie, ile wynosi twój modyfikator Charyzmy (co najmniej jedną).\n\nKażda z tych istot zyskuje tymczasowe punkty wytrzymałości w liczbie równej dwukrotności wyniku rzutu kością bardowskiej inspiracji i do końca swojej następnej tury może się przemieszczać bez prowokowania ataków okazyjnych.
h719facf1g5f1cg71c4gbf18g0bc0200d571d	MORFOLOGIK_RULE_PL_PL	Prawdopodobna literówka	bardowskiej	Wykryto prawdopodobny błąd pisowni	Badowskiej, Bartkowskiej, Barzowskiej, Batowskiej, Nartowskiej, artowskiej, bartkowskiej, bałtowskiej	Każda z tych istot zyskuje tymczasowe punkty wytrzymałości w liczbie równej dwukrotności wyniku rzutu kością bardowskiej inspiracji i do końca swojej następnej tury może się przemieszczać bez prowokowania ataków okazyjnych.
hd927a3dfg462bg2162g0ddegc1f29c11bb86	MORFOLOGIK_RULE_PL_PL	Prawdopodobna literówka	bardowskiej	Wykryto prawdopodobny błąd pisowni	Badowskiej, Bartkowskiej, Barzowskiej, Batowskiej, Nartowskiej, artowskiej, bartkowskiej, bałtowskiej	Każda z tych istot zyskuje tymczasowe punkty wytrzymałości w liczbie równej dwukrotności wyniku rzutu kością bardowskiej inspiracji i do końca swojej następnej tury może się przemieszczać bez prowokowania ataków okazyjnych.
hf3f5c8f9g2b3bg1058g7715gee2645709a64	MORFOLOGIK_RULE_PL_PL	Prawdopodobna literówka	bardowskiej	Wykryto prawdopodobny błąd pisowni	Badowskiej, Bartkowskiej, Barzowskiej, Batowskiej, Nartowskiej, artowskiej, bartkowskiej, bałtowskiej	Każda z tych istot zyskuje tymczasowe punkty wytrzymałości w liczbie równej dwukrotności wyniku rzutu kością bardowskiej inspiracji i do końca swojej następnej tury może się przemieszczać bez prowokowania ataków okazyjnych.
h52a153aag53d8g2658g72aegc55c7baffc11	MORFOLOGIK_RULE_PL_PL	Prawdopodobna literówka	bardowskiej	Wykryto prawdopodobny błąd pisowni	Badowskiej, Bartkowskiej, Barzowskiej, Batowskiej, Nartowskiej, artowskiej, bartkowskiej, bałtowskiej	Każda z tych istot zyskuje tymczasowe punkty wytrzymałości w liczbie równej dwukrotności wyniku rzutu kością bardowskiej inspiracji i do końca swojej następnej tury może się przemieszczać bez prowokowania ataków okazyjnych.
h530230d7ge34cg06b9g06a3ge16228b8a608	MORFOLOGIK_RULE_PL_PL	Prawdopodobna literówka	bardowskiej	Wykryto prawdopodobny błąd pisowni	Badowskiej, Bartkowskiej, Barzowskiej, Batowskiej, Nartowskiej, artowskiej, bartkowskiej, bałtowskiej	Każda z tych istot zyskuje tymczasowe punkty wytrzymałości w liczbie równej dwukrotności wyniku rzutu kością bardowskiej inspiracji i może poruszać się bez prowokowania ataków okazyjnych do końca swojej następnej tury.
h619804afg28a4g6f48g9db2gb39ec7c1d073	SUBST_ADJ_UNIFY	Błędy składniowe	Odpędzanie nieumarłych	Przypuszczalnie brak zgodności form przypadków rzeczownika i przymiotnika: Odpędzanie nieumarłych.		"Możesz ukierunkować boską energię, aby wywoływać specjalne efekty, takie jak <LSTag Type=""Spell"" Tooltip=""Target_DivineSpark"">Boska iskra</LSTag> i Odpędzanie nieumarłych. Za każdym razem, gdy używasz Aktu wiary, wybierasz jeden z nich. Na wyższych poziomach kleryka zyskujesz dodatkowe efekty i użycia. Jedno użycie odzyskujesz po krótkim odpoczynku, a wszystkie po długim odpoczynku. ST rzutów obronnych oblicza się na podstawie twojego ST obrony przed czarami."
h619804afg28a4g6f48g9db2gb39ec7c1d073	SKROTY_Z_KROPKA	Błędy ortograficzne	ST	"Ten skrót piszemy z kropką: ""ST."""	ST.	"Możesz ukierunkować boską energię, aby wywoływać specjalne efekty, takie jak <LSTag Type=""Spell"" Tooltip=""Target_DivineSpark"">Boska iskra</LSTag> i Odpędzanie nieumarłych. Za każdym razem, gdy używasz Aktu wiary, wybierasz jeden z nich. Na wyższych poziomach kleryka zyskujesz dodatkowe efekty i użycia. Jedno użycie odzyskujesz po krótkim odpoczynku, a wszystkie po długim odpoczynku. ST rzutów obronnych oblicza się na podstawie twojego ST obrony przed czarami."
h619804afg28a4g6f48g9db2gb39ec7c1d073	SKROTY_Z_KROPKA	Błędy ortograficzne	ST	"Ten skrót piszemy z kropką: ""ST."""	ST.	"Możesz ukierunkować boską energię, aby wywoływać specjalne efekty, takie jak <LSTag Type=""Spell"" Tooltip=""Target_DivineSpark"">Boska iskra</LSTag> i Odpędzanie nieumarłych. Za każdym razem, gdy używasz Aktu wiary, wybierasz jeden z nich. Na wyższych poziomach kleryka zyskujesz dodatkowe efekty i użycia. Jedno użycie odzyskujesz po krótkim odpoczynku, a wszystkie po długim odpoczynku. ST rzutów obronnych oblicza się na podstawie twojego ST obrony przed czarami."
hd61761e0gbebfg6542gac8bgd70ab3faa548	MORFOLOGIK_RULE_PL_PL	Prawdopodobna literówka	1k8	Wykryto prawdopodobny błąd pisowni		Raz na turę, gdy trafisz istotę atakiem bronią, możesz zadać jej dodatkowe 1k8 obrażeń nekrotycznych.
hf73a03f1g9a62g7708g6ac9ge3ea9b45c4a8	ZAIMKI_DLUZSZE	Błędy składniowe	ciebie	"W tym miejscu prawdopodobnie należy użyć krótszej formy zaimka: ""cię""."	cię	W ramach akcji Magii przedstawiasz swój Święty Symbol i wykorzystujesz swój Akt wiary, aby przywołać uzdrawiającą energię, która może przywrócić liczbę punktów wytrzymałości równą pięciokrotności twojego poziomu Kleryka. Wybierz Zakrwawione istoty w promieniu [1] od siebie (co może obejmować ciebie) i podziel między nie te punkty wytrzymałości.
hcac62cb2g678dgbdc4g4a80g875b53ed7a48	MORFOLOGIK_RULE_PL_PL	Prawdopodobna literówka	2k6	Wykryto prawdopodobny błąd pisowni		Po zakończeniu krótkiego lub długiego odpoczynku odzyskujesz wszystkie użycia Ochronnego rozbłysku.\n\nPonadto za każdym razem, gdy używasz Ochronnego rozbłysku, możesz przyznać celowi ataku, który go wywołał, tymczasowe punkty wytrzymałości w liczbie równej sumie 2k6 i twojego modyfikatora Mądrości.
hb5220d58g095fg5ae1g7115g72d15a96ef0c	MORFOLOGIK_RULE_PL_PL	Prawdopodobna literówka	bardowskiej	Wykryto prawdopodobny błąd pisowni	Badowskiej, Bartkowskiej, Barzowskiej, Batowskiej, Nartowskiej, artowskiej, bartkowskiej, bałtowskiej	Potrafisz w nadprzyrodzony sposób inspirować innych słowami, muzyką albo tańcem. Inspirację tę reprezentuje kość bardowskiej inspiracji, która początkowo jest k6.\n\nKorzystanie z bardowskiej inspiracji. W ramach akcji dodatkowej możesz zainspirować inną istotę w promieniu 18 m, która cię widzi albo słyszy. Otrzymuje ona jedną z twoich kości bardowskiej inspiracji. Istota może mieć tylko jedną taką kość naraz.\n\nRaz w ciągu następnej godziny, gdy istota nie zda testu k20, może rzucić kością bardowskiej inspiracji i dodać wynik do rzutu k20, co może zmienić niepowodzenie w powodzenie. Kość zostaje zużyta po wykonaniu rzutu.\n\nLiczba użyć. Możesz obdarzyć istotę kością bardowskiej inspiracji tyle razy, ile wynosi twój modyfikator Charyzmy (co najmniej raz). Wszystkie użycia odzyskujesz po ukończeniu długiego odpoczynku.\n\nNa wyższych poziomach. Kość bardowskiej inspiracji zmienia się po osiągnięciu określonych poziomów Barda, zgodnie z kolumną Kość bardowskiej inspiracji w tabeli cech Barda: na 5. poziomie staje się k8, na 10. poziomie — k10, a na 15. poziomie — k12.
hb5220d58g095fg5ae1g7115g72d15a96ef0c	MORFOLOGIK_RULE_PL_PL	Prawdopodobna literówka	k6	Wykryto prawdopodobny błąd pisowni	km, kg, ks, ku, KC, kW, KP, KK	Potrafisz w nadprzyrodzony sposób inspirować innych słowami, muzyką albo tańcem. Inspirację tę reprezentuje kość bardowskiej inspiracji, która początkowo jest k6.\n\nKorzystanie z bardowskiej inspiracji. W ramach akcji dodatkowej możesz zainspirować inną istotę w promieniu 18 m, która cię widzi albo słyszy. Otrzymuje ona jedną z twoich kości bardowskiej inspiracji. Istota może mieć tylko jedną taką kość naraz.\n\nRaz w ciągu następnej godziny, gdy istota nie zda testu k20, może rzucić kością bardowskiej inspiracji i dodać wynik do rzutu k20, co może zmienić niepowodzenie w powodzenie. Kość zostaje zużyta po wykonaniu rzutu.\n\nLiczba użyć. Możesz obdarzyć istotę kością bardowskiej inspiracji tyle razy, ile wynosi twój modyfikator Charyzmy (co najmniej raz). Wszystkie użycia odzyskujesz po ukończeniu długiego odpoczynku.\n\nNa wyższych poziomach. Kość bardowskiej inspiracji zmienia się po osiągnięciu określonych poziomów Barda, zgodnie z kolumną Kość bardowskiej inspiracji w tabeli cech Barda: na 5. poziomie staje się k8, na 10. poziomie — k10, a na 15. poziomie — k12.
hb5220d58g095fg5ae1g7115g72d15a96ef0c	MORFOLOGIK_RULE_PL_PL	Prawdopodobna literówka	bardowskiej	Wykryto prawdopodobny błąd pisowni	Badowskiej, Bartkowskiej, Barzowskiej, Batowskiej, Nartowskiej, artowskiej, bartkowskiej, bałtowskiej	Potrafisz w nadprzyrodzony sposób inspirować innych słowami, muzyką albo tańcem. Inspirację tę reprezentuje kość bardowskiej inspiracji, która początkowo jest k6.\n\nKorzystanie z bardowskiej inspiracji. W ramach akcji dodatkowej możesz zainspirować inną istotę w promieniu 18 m, która cię widzi albo słyszy. Otrzymuje ona jedną z twoich kości bardowskiej inspiracji. Istota może mieć tylko jedną taką kość naraz.\n\nRaz w ciągu następnej godziny, gdy istota nie zda testu k20, może rzucić kością bardowskiej inspiracji i dodać wynik do rzutu k20, co może zmienić niepowodzenie w powodzenie. Kość zostaje zużyta po wykonaniu rzutu.\n\nLiczba użyć. Możesz obdarzyć istotę kością bardowskiej inspiracji tyle razy, ile wynosi twój modyfikator Charyzmy (co najmniej raz). Wszystkie użycia odzyskujesz po ukończeniu długiego odpoczynku.\n\nNa wyższych poziomach. Kość bardowskiej inspiracji zmienia się po osiągnięciu określonych poziomów Barda, zgodnie z kolumną Kość bardowskiej inspiracji w tabeli cech Barda: na 5. poziomie staje się k8, na 10. poziomie — k10, a na 15. poziomie — k12.
hb5220d58g095fg5ae1g7115g72d15a96ef0c	MORFOLOGIK_RULE_PL_PL	Prawdopodobna literówka	bardowskiej	Wykryto prawdopodobny błąd pisowni	Badowskiej, Bartkowskiej, Barzowskiej, Batowskiej, Nartowskiej, artowskiej, bartkowskiej, bałtowskiej	Potrafisz w nadprzyrodzony sposób inspirować innych słowami, muzyką albo tańcem. Inspirację tę reprezentuje kość bardowskiej inspiracji, która początkowo jest k6.\n\nKorzystanie z bardowskiej inspiracji. W ramach akcji dodatkowej możesz zainspirować inną istotę w promieniu 18 m, która cię widzi albo słyszy. Otrzymuje ona jedną z twoich kości bardowskiej inspiracji. Istota może mieć tylko jedną taką kość naraz.\n\nRaz w ciągu następnej godziny, gdy istota nie zda testu k20, może rzucić kością bardowskiej inspiracji i dodać wynik do rzutu k20, co może zmienić niepowodzenie w powodzenie. Kość zostaje zużyta po wykonaniu rzutu.\n\nLiczba użyć. Możesz obdarzyć istotę kością bardowskiej inspiracji tyle razy, ile wynosi twój modyfikator Charyzmy (co najmniej raz). Wszystkie użycia odzyskujesz po ukończeniu długiego odpoczynku.\n\nNa wyższych poziomach. Kość bardowskiej inspiracji zmienia się po osiągnięciu określonych poziomów Barda, zgodnie z kolumną Kość bardowskiej inspiracji w tabeli cech Barda: na 5. poziomie staje się k8, na 10. poziomie — k10, a na 15. poziomie — k12.
hb5220d58g095fg5ae1g7115g72d15a96ef0c	MORFOLOGIK_RULE_PL_PL	Prawdopodobna literówka	k20	Wykryto prawdopodobny błąd pisowni	KRO, K2, KKO	Potrafisz w nadprzyrodzony sposób inspirować innych słowami, muzyką albo tańcem. Inspirację tę reprezentuje kość bardowskiej inspiracji, która początkowo jest k6.\n\nKorzystanie z bardowskiej inspiracji. W ramach akcji dodatkowej możesz zainspirować inną istotę w promieniu 18 m, która cię widzi albo słyszy. Otrzymuje ona jedną z twoich kości bardowskiej inspiracji. Istota może mieć tylko jedną taką kość naraz.\n\nRaz w ciągu następnej godziny, gdy istota nie zda testu k20, może rzucić kością bardowskiej inspiracji i dodać wynik do rzutu k20, co może zmienić niepowodzenie w powodzenie. Kość zostaje zużyta po wykonaniu rzutu.\n\nLiczba użyć. Możesz obdarzyć istotę kością bardowskiej inspiracji tyle razy, ile wynosi twój modyfikator Charyzmy (co najmniej raz). Wszystkie użycia odzyskujesz po ukończeniu długiego odpoczynku.\n\nNa wyższych poziomach. Kość bardowskiej inspiracji zmienia się po osiągnięciu określonych poziomów Barda, zgodnie z kolumną Kość bardowskiej inspiracji w tabeli cech Barda: na 5. poziomie staje się k8, na 10. poziomie — k10, a na 15. poziomie — k12.
hb5220d58g095fg5ae1g7115g72d15a96ef0c	MORFOLOGIK_RULE_PL_PL	Prawdopodobna literówka	bardowskiej	Wykryto prawdopodobny błąd pisowni	Badowskiej, Bartkowskiej, Barzowskiej, Batowskiej, Nartowskiej, artowskiej, bartkowskiej, bałtowskiej	Potrafisz w nadprzyrodzony sposób inspirować innych słowami, muzyką albo tańcem. Inspirację tę reprezentuje kość bardowskiej inspiracji, która początkowo jest k6.\n\nKorzystanie z bardowskiej inspiracji. W ramach akcji dodatkowej możesz zainspirować inną istotę w promieniu 18 m, która cię widzi albo słyszy. Otrzymuje ona jedną z twoich kości bardowskiej inspiracji. Istota może mieć tylko jedną taką kość naraz.\n\nRaz w ciągu następnej godziny, gdy istota nie zda testu k20, może rzucić kością bardowskiej inspiracji i dodać wynik do rzutu k20, co może zmienić niepowodzenie w powodzenie. Kość zostaje zużyta po wykonaniu rzutu.\n\nLiczba użyć. Możesz obdarzyć istotę kością bardowskiej inspiracji tyle razy, ile wynosi twój modyfikator Charyzmy (co najmniej raz). Wszystkie użycia odzyskujesz po ukończeniu długiego odpoczynku.\n\nNa wyższych poziomach. Kość bardowskiej inspiracji zmienia się po osiągnięciu określonych poziomów Barda, zgodnie z kolumną Kość bardowskiej inspiracji w tabeli cech Barda: na 5. poziomie staje się k8, na 10. poziomie — k10, a na 15. poziomie — k12.
hb5220d58g095fg5ae1g7115g72d15a96ef0c	MORFOLOGIK_RULE_PL_PL	Prawdopodobna literówka	k20	Wykryto prawdopodobny błąd pisowni	KRO, K2, KKO	Potrafisz w nadprzyrodzony sposób inspirować innych słowami, muzyką albo tańcem. Inspirację tę reprezentuje kość bardowskiej inspiracji, która początkowo jest k6.\n\nKorzystanie z bardowskiej inspiracji. W ramach akcji dodatkowej możesz zainspirować inną istotę w promieniu 18 m, która cię widzi albo słyszy. Otrzymuje ona jedną z twoich kości bardowskiej inspiracji. Istota może mieć tylko jedną taką kość naraz.\n\nRaz w ciągu następnej godziny, gdy istota nie zda testu k20, może rzucić kością bardowskiej inspiracji i dodać wynik do rzutu k20, co może zmienić niepowodzenie w powodzenie. Kość zostaje zużyta po wykonaniu rzutu.\n\nLiczba użyć. Możesz obdarzyć istotę kością bardowskiej inspiracji tyle razy, ile wynosi twój modyfikator Charyzmy (co najmniej raz). Wszystkie użycia odzyskujesz po ukończeniu długiego odpoczynku.\n\nNa wyższych poziomach. Kość bardowskiej inspiracji zmienia się po osiągnięciu określonych poziomów Barda, zgodnie z kolumną Kość bardowskiej inspiracji w tabeli cech Barda: na 5. poziomie staje się k8, na 10. poziomie — k10, a na 15. poziomie — k12.
hb5220d58g095fg5ae1g7115g72d15a96ef0c	UZYWAC_CO	Błędy składniowe	Liczba	Czasownik „użyć” łączy się z dopełniaczem.		Potrafisz w nadprzyrodzony sposób inspirować innych słowami, muzyką albo tańcem. Inspirację tę reprezentuje kość bardowskiej inspiracji, która początkowo jest k6.\n\nKorzystanie z bardowskiej inspiracji. W ramach akcji dodatkowej możesz zainspirować inną istotę w promieniu 18 m, która cię widzi albo słyszy. Otrzymuje ona jedną z twoich kości bardowskiej inspiracji. Istota może mieć tylko jedną taką kość naraz.\n\nRaz w ciągu następnej godziny, gdy istota nie zda testu k20, może rzucić kością bardowskiej inspiracji i dodać wynik do rzutu k20, co może zmienić niepowodzenie w powodzenie. Kość zostaje zużyta po wykonaniu rzutu.\n\nLiczba użyć. Możesz obdarzyć istotę kością bardowskiej inspiracji tyle razy, ile wynosi twój modyfikator Charyzmy (co najmniej raz). Wszystkie użycia odzyskujesz po ukończeniu długiego odpoczynku.\n\nNa wyższych poziomach. Kość bardowskiej inspiracji zmienia się po osiągnięciu określonych poziomów Barda, zgodnie z kolumną Kość bardowskiej inspiracji w tabeli cech Barda: na 5. poziomie staje się k8, na 10. poziomie — k10, a na 15. poziomie — k12.
hb5220d58g095fg5ae1g7115g72d15a96ef0c	MORFOLOGIK_RULE_PL_PL	Prawdopodobna literówka	bardowskiej	Wykryto prawdopodobny błąd pisowni	Badowskiej, Bartkowskiej, Barzowskiej, Batowskiej, Nartowskiej, artowskiej, bartkowskiej, bałtowskiej	Potrafisz w nadprzyrodzony sposób inspirować innych słowami, muzyką albo tańcem. Inspirację tę reprezentuje kość bardowskiej inspiracji, która początkowo jest k6.\n\nKorzystanie z bardowskiej inspiracji. W ramach akcji dodatkowej możesz zainspirować inną istotę w promieniu 18 m, która cię widzi albo słyszy. Otrzymuje ona jedną z twoich kości bardowskiej inspiracji. Istota może mieć tylko jedną taką kość naraz.\n\nRaz w ciągu następnej godziny, gdy istota nie zda testu k20, może rzucić kością bardowskiej inspiracji i dodać wynik do rzutu k20, co może zmienić niepowodzenie w powodzenie. Kość zostaje zużyta po wykonaniu rzutu.\n\nLiczba użyć. Możesz obdarzyć istotę kością bardowskiej inspiracji tyle razy, ile wynosi twój modyfikator Charyzmy (co najmniej raz). Wszystkie użycia odzyskujesz po ukończeniu długiego odpoczynku.\n\nNa wyższych poziomach. Kość bardowskiej inspiracji zmienia się po osiągnięciu określonych poziomów Barda, zgodnie z kolumną Kość bardowskiej inspiracji w tabeli cech Barda: na 5. poziomie staje się k8, na 10. poziomie — k10, a na 15. poziomie — k12.
hb5220d58g095fg5ae1g7115g72d15a96ef0c	MORFOLOGIK_RULE_PL_PL	Prawdopodobna literówka	bardowskiej	Wykryto prawdopodobny błąd pisowni	Badowskiej, Bartkowskiej, Barzowskiej, Batowskiej, Nartowskiej, artowskiej, bartkowskiej, bałtowskiej	Potrafisz w nadprzyrodzony sposób inspirować innych słowami, muzyką albo tańcem. Inspirację tę reprezentuje kość bardowskiej inspiracji, która początkowo jest k6.\n\nKorzystanie z bardowskiej inspiracji. W ramach akcji dodatkowej możesz zainspirować inną istotę w promieniu 18 m, która cię widzi albo słyszy. Otrzymuje ona jedną z twoich kości bardowskiej inspiracji. Istota może mieć tylko jedną taką kość naraz.\n\nRaz w ciągu następnej godziny, gdy istota nie zda testu k20, może rzucić kością bardowskiej inspiracji i dodać wynik do rzutu k20, co może zmienić niepowodzenie w powodzenie. Kość zostaje zużyta po wykonaniu rzutu.\n\nLiczba użyć. Możesz obdarzyć istotę kością bardowskiej inspiracji tyle razy, ile wynosi twój modyfikator Charyzmy (co najmniej raz). Wszystkie użycia odzyskujesz po ukończeniu długiego odpoczynku.\n\nNa wyższych poziomach. Kość bardowskiej inspiracji zmienia się po osiągnięciu określonych poziomów Barda, zgodnie z kolumną Kość bardowskiej inspiracji w tabeli cech Barda: na 5. poziomie staje się k8, na 10. poziomie — k10, a na 15. poziomie — k12.
hb5220d58g095fg5ae1g7115g72d15a96ef0c	MORFOLOGIK_RULE_PL_PL	Prawdopodobna literówka	bardowskiej	Wykryto prawdopodobny błąd pisowni	Badowskiej, Bartkowskiej, Barzowskiej, Batowskiej, Nartowskiej, artowskiej, bartkowskiej, bałtowskiej	Potrafisz w nadprzyrodzony sposób inspirować innych słowami, muzyką albo tańcem. Inspirację tę reprezentuje kość bardowskiej inspiracji, która początkowo jest k6.\n\nKorzystanie z bardowskiej inspiracji. W ramach akcji dodatkowej możesz zainspirować inną istotę w promieniu 18 m, która cię widzi albo słyszy. Otrzymuje ona jedną z twoich kości bardowskiej inspiracji. Istota może mieć tylko jedną taką kość naraz.\n\nRaz w ciągu następnej godziny, gdy istota nie zda testu k20, może rzucić kością bardowskiej inspiracji i dodać wynik do rzutu k20, co może zmienić niepowodzenie w powodzenie. Kość zostaje zużyta po wykonaniu rzutu.\n\nLiczba użyć. Możesz obdarzyć istotę kością bardowskiej inspiracji tyle razy, ile wynosi twój modyfikator Charyzmy (co najmniej raz). Wszystkie użycia odzyskujesz po ukończeniu długiego odpoczynku.\n\nNa wyższych poziomach. Kość bardowskiej inspiracji zmienia się po osiągnięciu określonych poziomów Barda, zgodnie z kolumną Kość bardowskiej inspiracji w tabeli cech Barda: na 5. poziomie staje się k8, na 10. poziomie — k10, a na 15. poziomie — k12.
hb5220d58g095fg5ae1g7115g72d15a96ef0c	MORFOLOGIK_RULE_PL_PL	Prawdopodobna literówka	k8	Wykryto prawdopodobny błąd pisowni	km, kg, ks, ku, KC, kW, KP, KK	Potrafisz w nadprzyrodzony sposób inspirować innych słowami, muzyką albo tańcem. Inspirację tę reprezentuje kość bardowskiej inspiracji, która początkowo jest k6.\n\nKorzystanie z bardowskiej inspiracji. W ramach akcji dodatkowej możesz zainspirować inną istotę w promieniu 18 m, która cię widzi albo słyszy. Otrzymuje ona jedną z twoich kości bardowskiej inspiracji. Istota może mieć tylko jedną taką kość naraz.\n\nRaz w ciągu następnej godziny, gdy istota nie zda testu k20, może rzucić kością bardowskiej inspiracji i dodać wynik do rzutu k20, co może zmienić niepowodzenie w powodzenie. Kość zostaje zużyta po wykonaniu rzutu.\n\nLiczba użyć. Możesz obdarzyć istotę kością bardowskiej inspiracji tyle razy, ile wynosi twój modyfikator Charyzmy (co najmniej raz). Wszystkie użycia odzyskujesz po ukończeniu długiego odpoczynku.\n\nNa wyższych poziomach. Kość bardowskiej inspiracji zmienia się po osiągnięciu określonych poziomów Barda, zgodnie z kolumną Kość bardowskiej inspiracji w tabeli cech Barda: na 5. poziomie staje się k8, na 10. poziomie — k10, a na 15. poziomie — k12.
hb5220d58g095fg5ae1g7115g72d15a96ef0c	MORFOLOGIK_RULE_PL_PL	Prawdopodobna literówka	k10	Wykryto prawdopodobny błąd pisowni	KRO, KKO	Potrafisz w nadprzyrodzony sposób inspirować innych słowami, muzyką albo tańcem. Inspirację tę reprezentuje kość bardowskiej inspiracji, która początkowo jest k6.\n\nKorzystanie z bardowskiej inspiracji. W ramach akcji dodatkowej możesz zainspirować inną istotę w promieniu 18 m, która cię widzi albo słyszy. Otrzymuje ona jedną z twoich kości bardowskiej inspiracji. Istota może mieć tylko jedną taką kość naraz.\n\nRaz w ciągu następnej godziny, gdy istota nie zda testu k20, może rzucić kością bardowskiej inspiracji i dodać wynik do rzutu k20, co może zmienić niepowodzenie w powodzenie. Kość zostaje zużyta po wykonaniu rzutu.\n\nLiczba użyć. Możesz obdarzyć istotę kością bardowskiej inspiracji tyle razy, ile wynosi twój modyfikator Charyzmy (co najmniej raz). Wszystkie użycia odzyskujesz po ukończeniu długiego odpoczynku.\n\nNa wyższych poziomach. Kość bardowskiej inspiracji zmienia się po osiągnięciu określonych poziomów Barda, zgodnie z kolumną Kość bardowskiej inspiracji w tabeli cech Barda: na 5. poziomie staje się k8, na 10. poziomie — k10, a na 15. poziomie — k12.
hb5220d58g095fg5ae1g7115g72d15a96ef0c	MORFOLOGIK_RULE_PL_PL	Prawdopodobna literówka	k12	Wykryto prawdopodobny błąd pisowni	K2, B12, km2	Potrafisz w nadprzyrodzony sposób inspirować innych słowami, muzyką albo tańcem. Inspirację tę reprezentuje kość bardowskiej inspiracji, która początkowo jest k6.\n\nKorzystanie z bardowskiej inspiracji. W ramach akcji dodatkowej możesz zainspirować inną istotę w promieniu 18 m, która cię widzi albo słyszy. Otrzymuje ona jedną z twoich kości bardowskiej inspiracji. Istota może mieć tylko jedną taką kość naraz.\n\nRaz w ciągu następnej godziny, gdy istota nie zda testu k20, może rzucić kością bardowskiej inspiracji i dodać wynik do rzutu k20, co może zmienić niepowodzenie w powodzenie. Kość zostaje zużyta po wykonaniu rzutu.\n\nLiczba użyć. Możesz obdarzyć istotę kością bardowskiej inspiracji tyle razy, ile wynosi twój modyfikator Charyzmy (co najmniej raz). Wszystkie użycia odzyskujesz po ukończeniu długiego odpoczynku.\n\nNa wyższych poziomach. Kość bardowskiej inspiracji zmienia się po osiągnięciu określonych poziomów Barda, zgodnie z kolumną Kość bardowskiej inspiracji w tabeli cech Barda: na 5. poziomie staje się k8, na 10. poziomie — k10, a na 15. poziomie — k12.
h63129871gfb37gc314g1fdfg9b10303bcc26	MORFOLOGIK_RULE_PL_PL	Prawdopodobna literówka	Bardowska	Wykryto prawdopodobny błąd pisowni	Badowska, Badowską, Bartkowska, Bartkowską, Barzowska, Barzowską, Batowska, Batowską	Poziom 1: Bardowska inspiracja
h2810e8cag53f2gddb2gb1bbg7d5f6848ec0b	MORFOLOGIK_RULE_PL_PL	Prawdopodobna literówka	bardowskiej	Wykryto prawdopodobny błąd pisowni	Badowskiej, Bartkowskiej, Barzowskiej, Batowskiej, Nartowskiej, artowskiej, bartkowskiej, bałtowskiej	Potrafisz w nadprzyrodzony sposób inspirować innych słowami, muzyką albo tańcem. Inspirację tę reprezentuje kość bardowskiej inspiracji, która początkowo jest k6.\n\nKorzystanie z bardowskiej inspiracji. W ramach akcji dodatkowej możesz zainspirować inną istotę w promieniu 18 m, która cię widzi albo słyszy. Otrzymuje ona jedną z twoich kości bardowskiej inspiracji. Istota może mieć tylko jedną taką kość naraz.\n\nRaz w ciągu następnej godziny, gdy istota nie zda testu k20, może rzucić kością bardowskiej inspiracji i dodać wynik do rzutu k20, co może zmienić niepowodzenie w powodzenie. Kość zostaje zużyta po wykonaniu rzutu.\n\nLiczba użyć. Możesz obdarzyć istotę kością bardowskiej inspiracji tyle razy, ile wynosi twój modyfikator Charyzmy (co najmniej raz). Wszystkie użycia odzyskujesz po ukończeniu długiego odpoczynku.\n\nNa wyższych poziomach. Kość bardowskiej inspiracji zmienia się po osiągnięciu określonych poziomów Barda, zgodnie z kolumną Kość bardowskiej inspiracji w tabeli cech Barda: na 5. poziomie staje się k8, na 10. poziomie — k10, a na 15. poziomie — k12.
h2810e8cag53f2gddb2gb1bbg7d5f6848ec0b	MORFOLOGIK_RULE_PL_PL	Prawdopodobna literówka	k6	Wykryto prawdopodobny błąd pisowni	km, kg, ks, ku, KC, kW, KP, KK	Potrafisz w nadprzyrodzony sposób inspirować innych słowami, muzyką albo tańcem. Inspirację tę reprezentuje kość bardowskiej inspiracji, która początkowo jest k6.\n\nKorzystanie z bardowskiej inspiracji. W ramach akcji dodatkowej możesz zainspirować inną istotę w promieniu 18 m, która cię widzi albo słyszy. Otrzymuje ona jedną z twoich kości bardowskiej inspiracji. Istota może mieć tylko jedną taką kość naraz.\n\nRaz w ciągu następnej godziny, gdy istota nie zda testu k20, może rzucić kością bardowskiej inspiracji i dodać wynik do rzutu k20, co może zmienić niepowodzenie w powodzenie. Kość zostaje zużyta po wykonaniu rzutu.\n\nLiczba użyć. Możesz obdarzyć istotę kością bardowskiej inspiracji tyle razy, ile wynosi twój modyfikator Charyzmy (co najmniej raz). Wszystkie użycia odzyskujesz po ukończeniu długiego odpoczynku.\n\nNa wyższych poziomach. Kość bardowskiej inspiracji zmienia się po osiągnięciu określonych poziomów Barda, zgodnie z kolumną Kość bardowskiej inspiracji w tabeli cech Barda: na 5. poziomie staje się k8, na 10. poziomie — k10, a na 15. poziomie — k12.
h2810e8cag53f2gddb2gb1bbg7d5f6848ec0b	MORFOLOGIK_RULE_PL_PL	Prawdopodobna literówka	bardowskiej	Wykryto prawdopodobny błąd pisowni	Badowskiej, Bartkowskiej, Barzowskiej, Batowskiej, Nartowskiej, artowskiej, bartkowskiej, bałtowskiej	Potrafisz w nadprzyrodzony sposób inspirować innych słowami, muzyką albo tańcem. Inspirację tę reprezentuje kość bardowskiej inspiracji, która początkowo jest k6.\n\nKorzystanie z bardowskiej inspiracji. W ramach akcji dodatkowej możesz zainspirować inną istotę w promieniu 18 m, która cię widzi albo słyszy. Otrzymuje ona jedną z twoich kości bardowskiej inspiracji. Istota może mieć tylko jedną taką kość naraz.\n\nRaz w ciągu następnej godziny, gdy istota nie zda testu k20, może rzucić kością bardowskiej inspiracji i dodać wynik do rzutu k20, co może zmienić niepowodzenie w powodzenie. Kość zostaje zużyta po wykonaniu rzutu.\n\nLiczba użyć. Możesz obdarzyć istotę kością bardowskiej inspiracji tyle razy, ile wynosi twój modyfikator Charyzmy (co najmniej raz). Wszystkie użycia odzyskujesz po ukończeniu długiego odpoczynku.\n\nNa wyższych poziomach. Kość bardowskiej inspiracji zmienia się po osiągnięciu określonych poziomów Barda, zgodnie z kolumną Kość bardowskiej inspiracji w tabeli cech Barda: na 5. poziomie staje się k8, na 10. poziomie — k10, a na 15. poziomie — k12.
h2810e8cag53f2gddb2gb1bbg7d5f6848ec0b	MORFOLOGIK_RULE_PL_PL	Prawdopodobna literówka	bardowskiej	Wykryto prawdopodobny błąd pisowni	Badowskiej, Bartkowskiej, Barzowskiej, Batowskiej, Nartowskiej, artowskiej, bartkowskiej, bałtowskiej	Potrafisz w nadprzyrodzony sposób inspirować innych słowami, muzyką albo tańcem. Inspirację tę reprezentuje kość bardowskiej inspiracji, która początkowo jest k6.\n\nKorzystanie z bardowskiej inspiracji. W ramach akcji dodatkowej możesz zainspirować inną istotę w promieniu 18 m, która cię widzi albo słyszy. Otrzymuje ona jedną z twoich kości bardowskiej inspiracji. Istota może mieć tylko jedną taką kość naraz.\n\nRaz w ciągu następnej godziny, gdy istota nie zda testu k20, może rzucić kością bardowskiej inspiracji i dodać wynik do rzutu k20, co może zmienić niepowodzenie w powodzenie. Kość zostaje zużyta po wykonaniu rzutu.\n\nLiczba użyć. Możesz obdarzyć istotę kością bardowskiej inspiracji tyle razy, ile wynosi twój modyfikator Charyzmy (co najmniej raz). Wszystkie użycia odzyskujesz po ukończeniu długiego odpoczynku.\n\nNa wyższych poziomach. Kość bardowskiej inspiracji zmienia się po osiągnięciu określonych poziomów Barda, zgodnie z kolumną Kość bardowskiej inspiracji w tabeli cech Barda: na 5. poziomie staje się k8, na 10. poziomie — k10, a na 15. poziomie — k12.
h2810e8cag53f2gddb2gb1bbg7d5f6848ec0b	MORFOLOGIK_RULE_PL_PL	Prawdopodobna literówka	k20	Wykryto prawdopodobny błąd pisowni	KRO, K2, KKO	Potrafisz w nadprzyrodzony sposób inspirować innych słowami, muzyką albo tańcem. Inspirację tę reprezentuje kość bardowskiej inspiracji, która początkowo jest k6.\n\nKorzystanie z bardowskiej inspiracji. W ramach akcji dodatkowej możesz zainspirować inną istotę w promieniu 18 m, która cię widzi albo słyszy. Otrzymuje ona jedną z twoich kości bardowskiej inspiracji. Istota może mieć tylko jedną taką kość naraz.\n\nRaz w ciągu następnej godziny, gdy istota nie zda testu k20, może rzucić kością bardowskiej inspiracji i dodać wynik do rzutu k20, co może zmienić niepowodzenie w powodzenie. Kość zostaje zużyta po wykonaniu rzutu.\n\nLiczba użyć. Możesz obdarzyć istotę kością bardowskiej inspiracji tyle razy, ile wynosi twój modyfikator Charyzmy (co najmniej raz). Wszystkie użycia odzyskujesz po ukończeniu długiego odpoczynku.\n\nNa wyższych poziomach. Kość bardowskiej inspiracji zmienia się po osiągnięciu określonych poziomów Barda, zgodnie z kolumną Kość bardowskiej inspiracji w tabeli cech Barda: na 5. poziomie staje się k8, na 10. poziomie — k10, a na 15. poziomie — k12.
h2810e8cag53f2gddb2gb1bbg7d5f6848ec0b	MORFOLOGIK_RULE_PL_PL	Prawdopodobna literówka	bardowskiej	Wykryto prawdopodobny błąd pisowni	Badowskiej, Bartkowskiej, Barzowskiej, Batowskiej, Nartowskiej, artowskiej, bartkowskiej, bałtowskiej	Potrafisz w nadprzyrodzony sposób inspirować innych słowami, muzyką albo tańcem. Inspirację tę reprezentuje kość bardowskiej inspiracji, która początkowo jest k6.\n\nKorzystanie z bardowskiej inspiracji. W ramach akcji dodatkowej możesz zainspirować inną istotę w promieniu 18 m, która cię widzi albo słyszy. Otrzymuje ona jedną z twoich kości bardowskiej inspiracji. Istota może mieć tylko jedną taką kość naraz.\n\nRaz w ciągu następnej godziny, gdy istota nie zda testu k20, może rzucić kością bardowskiej inspiracji i dodać wynik do rzutu k20, co może zmienić niepowodzenie w powodzenie. Kość zostaje zużyta po wykonaniu rzutu.\n\nLiczba użyć. Możesz obdarzyć istotę kością bardowskiej inspiracji tyle razy, ile wynosi twój modyfikator Charyzmy (co najmniej raz). Wszystkie użycia odzyskujesz po ukończeniu długiego odpoczynku.\n\nNa wyższych poziomach. Kość bardowskiej inspiracji zmienia się po osiągnięciu określonych poziomów Barda, zgodnie z kolumną Kość bardowskiej inspiracji w tabeli cech Barda: na 5. poziomie staje się k8, na 10. poziomie — k10, a na 15. poziomie — k12.
h2810e8cag53f2gddb2gb1bbg7d5f6848ec0b	MORFOLOGIK_RULE_PL_PL	Prawdopodobna literówka	k20	Wykryto prawdopodobny błąd pisowni	KRO, K2, KKO	Potrafisz w nadprzyrodzony sposób inspirować innych słowami, muzyką albo tańcem. Inspirację tę reprezentuje kość bardowskiej inspiracji, która początkowo jest k6.\n\nKorzystanie z bardowskiej inspiracji. W ramach akcji dodatkowej możesz zainspirować inną istotę w promieniu 18 m, która cię widzi albo słyszy. Otrzymuje ona jedną z twoich kości bardowskiej inspiracji. Istota może mieć tylko jedną taką kość naraz.\n\nRaz w ciągu następnej godziny, gdy istota nie zda testu k20, może rzucić kością bardowskiej inspiracji i dodać wynik do rzutu k20, co może zmienić niepowodzenie w powodzenie. Kość zostaje zużyta po wykonaniu rzutu.\n\nLiczba użyć. Możesz obdarzyć istotę kością bardowskiej inspiracji tyle razy, ile wynosi twój modyfikator Charyzmy (co najmniej raz). Wszystkie użycia odzyskujesz po ukończeniu długiego odpoczynku.\n\nNa wyższych poziomach. Kość bardowskiej inspiracji zmienia się po osiągnięciu określonych poziomów Barda, zgodnie z kolumną Kość bardowskiej inspiracji w tabeli cech Barda: na 5. poziomie staje się k8, na 10. poziomie — k10, a na 15. poziomie — k12.
h2810e8cag53f2gddb2gb1bbg7d5f6848ec0b	UZYWAC_CO	Błędy składniowe	Liczba	Czasownik „użyć” łączy się z dopełniaczem.		Potrafisz w nadprzyrodzony sposób inspirować innych słowami, muzyką albo tańcem. Inspirację tę reprezentuje kość bardowskiej inspiracji, która początkowo jest k6.\n\nKorzystanie z bardowskiej inspiracji. W ramach akcji dodatkowej możesz zainspirować inną istotę w promieniu 18 m, która cię widzi albo słyszy. Otrzymuje ona jedną z twoich kości bardowskiej inspiracji. Istota może mieć tylko jedną taką kość naraz.\n\nRaz w ciągu następnej godziny, gdy istota nie zda testu k20, może rzucić kością bardowskiej inspiracji i dodać wynik do rzutu k20, co może zmienić niepowodzenie w powodzenie. Kość zostaje zużyta po wykonaniu rzutu.\n\nLiczba użyć. Możesz obdarzyć istotę kością bardowskiej inspiracji tyle razy, ile wynosi twój modyfikator Charyzmy (co najmniej raz). Wszystkie użycia odzyskujesz po ukończeniu długiego odpoczynku.\n\nNa wyższych poziomach. Kość bardowskiej inspiracji zmienia się po osiągnięciu określonych poziomów Barda, zgodnie z kolumną Kość bardowskiej inspiracji w tabeli cech Barda: na 5. poziomie staje się k8, na 10. poziomie — k10, a na 15. poziomie — k12.
h2810e8cag53f2gddb2gb1bbg7d5f6848ec0b	MORFOLOGIK_RULE_PL_PL	Prawdopodobna literówka	bardowskiej	Wykryto prawdopodobny błąd pisowni	Badowskiej, Bartkowskiej, Barzowskiej, Batowskiej, Nartowskiej, artowskiej, bartkowskiej, bałtowskiej	Potrafisz w nadprzyrodzony sposób inspirować innych słowami, muzyką albo tańcem. Inspirację tę reprezentuje kość bardowskiej inspiracji, która początkowo jest k6.\n\nKorzystanie z bardowskiej inspiracji. W ramach akcji dodatkowej możesz zainspirować inną istotę w promieniu 18 m, która cię widzi albo słyszy. Otrzymuje ona jedną z twoich kości bardowskiej inspiracji. Istota może mieć tylko jedną taką kość naraz.\n\nRaz w ciągu następnej godziny, gdy istota nie zda testu k20, może rzucić kością bardowskiej inspiracji i dodać wynik do rzutu k20, co może zmienić niepowodzenie w powodzenie. Kość zostaje zużyta po wykonaniu rzutu.\n\nLiczba użyć. Możesz obdarzyć istotę kością bardowskiej inspiracji tyle razy, ile wynosi twój modyfikator Charyzmy (co najmniej raz). Wszystkie użycia odzyskujesz po ukończeniu długiego odpoczynku.\n\nNa wyższych poziomach. Kość bardowskiej inspiracji zmienia się po osiągnięciu określonych poziomów Barda, zgodnie z kolumną Kość bardowskiej inspiracji w tabeli cech Barda: na 5. poziomie staje się k8, na 10. poziomie — k10, a na 15. poziomie — k12.
h2810e8cag53f2gddb2gb1bbg7d5f6848ec0b	MORFOLOGIK_RULE_PL_PL	Prawdopodobna literówka	bardowskiej	Wykryto prawdopodobny błąd pisowni	Badowskiej, Bartkowskiej, Barzowskiej, Batowskiej, Nartowskiej, artowskiej, bartkowskiej, bałtowskiej	Potrafisz w nadprzyrodzony sposób inspirować innych słowami, muzyką albo tańcem. Inspirację tę reprezentuje kość bardowskiej inspiracji, która początkowo jest k6.\n\nKorzystanie z bardowskiej inspiracji. W ramach akcji dodatkowej możesz zainspirować inną istotę w promieniu 18 m, która cię widzi albo słyszy. Otrzymuje ona jedną z twoich kości bardowskiej inspiracji. Istota może mieć tylko jedną taką kość naraz.\n\nRaz w ciągu następnej godziny, gdy istota nie zda testu k20, może rzucić kością bardowskiej inspiracji i dodać wynik do rzutu k20, co może zmienić niepowodzenie w powodzenie. Kość zostaje zużyta po wykonaniu rzutu.\n\nLiczba użyć. Możesz obdarzyć istotę kością bardowskiej inspiracji tyle razy, ile wynosi twój modyfikator Charyzmy (co najmniej raz). Wszystkie użycia odzyskujesz po ukończeniu długiego odpoczynku.\n\nNa wyższych poziomach. Kość bardowskiej inspiracji zmienia się po osiągnięciu określonych poziomów Barda, zgodnie z kolumną Kość bardowskiej inspiracji w tabeli cech Barda: na 5. poziomie staje się k8, na 10. poziomie — k10, a na 15. poziomie — k12.
h2810e8cag53f2gddb2gb1bbg7d5f6848ec0b	MORFOLOGIK_RULE_PL_PL	Prawdopodobna literówka	bardowskiej	Wykryto prawdopodobny błąd pisowni	Badowskiej, Bartkowskiej, Barzowskiej, Batowskiej, Nartowskiej, artowskiej, bartkowskiej, bałtowskiej	Potrafisz w nadprzyrodzony sposób inspirować innych słowami, muzyką albo tańcem. Inspirację tę reprezentuje kość bardowskiej inspiracji, która początkowo jest k6.\n\nKorzystanie z bardowskiej inspiracji. W ramach akcji dodatkowej możesz zainspirować inną istotę w promieniu 18 m, która cię widzi albo słyszy. Otrzymuje ona jedną z twoich kości bardowskiej inspiracji. Istota może mieć tylko jedną taką kość naraz.\n\nRaz w ciągu następnej godziny, gdy istota nie zda testu k20, może rzucić kością bardowskiej inspiracji i dodać wynik do rzutu k20, co może zmienić niepowodzenie w powodzenie. Kość zostaje zużyta po wykonaniu rzutu.\n\nLiczba użyć. Możesz obdarzyć istotę kością bardowskiej inspiracji tyle razy, ile wynosi twój modyfikator Charyzmy (co najmniej raz). Wszystkie użycia odzyskujesz po ukończeniu długiego odpoczynku.\n\nNa wyższych poziomach. Kość bardowskiej inspiracji zmienia się po osiągnięciu określonych poziomów Barda, zgodnie z kolumną Kość bardowskiej inspiracji w tabeli cech Barda: na 5. poziomie staje się k8, na 10. poziomie — k10, a na 15. poziomie — k12.
h2810e8cag53f2gddb2gb1bbg7d5f6848ec0b	MORFOLOGIK_RULE_PL_PL	Prawdopodobna literówka	k8	Wykryto prawdopodobny błąd pisowni	km, kg, ks, ku, KC, kW, KP, KK	Potrafisz w nadprzyrodzony sposób inspirować innych słowami, muzyką albo tańcem. Inspirację tę reprezentuje kość bardowskiej inspiracji, która początkowo jest k6.\n\nKorzystanie z bardowskiej inspiracji. W ramach akcji dodatkowej możesz zainspirować inną istotę w promieniu 18 m, która cię widzi albo słyszy. Otrzymuje ona jedną z twoich kości bardowskiej inspiracji. Istota może mieć tylko jedną taką kość naraz.\n\nRaz w ciągu następnej godziny, gdy istota nie zda testu k20, może rzucić kością bardowskiej inspiracji i dodać wynik do rzutu k20, co może zmienić niepowodzenie w powodzenie. Kość zostaje zużyta po wykonaniu rzutu.\n\nLiczba użyć. Możesz obdarzyć istotę kością bardowskiej inspiracji tyle razy, ile wynosi twój modyfikator Charyzmy (co najmniej raz). Wszystkie użycia odzyskujesz po ukończeniu długiego odpoczynku.\n\nNa wyższych poziomach. Kość bardowskiej inspiracji zmienia się po osiągnięciu określonych poziomów Barda, zgodnie z kolumną Kość bardowskiej inspiracji w tabeli cech Barda: na 5. poziomie staje się k8, na 10. poziomie — k10, a na 15. poziomie — k12.
h2810e8cag53f2gddb2gb1bbg7d5f6848ec0b	MORFOLOGIK_RULE_PL_PL	Prawdopodobna literówka	k10	Wykryto prawdopodobny błąd pisowni	KRO, KKO	Potrafisz w nadprzyrodzony sposób inspirować innych słowami, muzyką albo tańcem. Inspirację tę reprezentuje kość bardowskiej inspiracji, która początkowo jest k6.\n\nKorzystanie z bardowskiej inspiracji. W ramach akcji dodatkowej możesz zainspirować inną istotę w promieniu 18 m, która cię widzi albo słyszy. Otrzymuje ona jedną z twoich kości bardowskiej inspiracji. Istota może mieć tylko jedną taką kość naraz.\n\nRaz w ciągu następnej godziny, gdy istota nie zda testu k20, może rzucić kością bardowskiej inspiracji i dodać wynik do rzutu k20, co może zmienić niepowodzenie w powodzenie. Kość zostaje zużyta po wykonaniu rzutu.\n\nLiczba użyć. Możesz obdarzyć istotę kością bardowskiej inspiracji tyle razy, ile wynosi twój modyfikator Charyzmy (co najmniej raz). Wszystkie użycia odzyskujesz po ukończeniu długiego odpoczynku.\n\nNa wyższych poziomach. Kość bardowskiej inspiracji zmienia się po osiągnięciu określonych poziomów Barda, zgodnie z kolumną Kość bardowskiej inspiracji w tabeli cech Barda: na 5. poziomie staje się k8, na 10. poziomie — k10, a na 15. poziomie — k12.
h2810e8cag53f2gddb2gb1bbg7d5f6848ec0b	MORFOLOGIK_RULE_PL_PL	Prawdopodobna literówka	k12	Wykryto prawdopodobny błąd pisowni	K2, B12, km2	Potrafisz w nadprzyrodzony sposób inspirować innych słowami, muzyką albo tańcem. Inspirację tę reprezentuje kość bardowskiej inspiracji, która początkowo jest k6.\n\nKorzystanie z bardowskiej inspiracji. W ramach akcji dodatkowej możesz zainspirować inną istotę w promieniu 18 m, która cię widzi albo słyszy. Otrzymuje ona jedną z twoich kości bardowskiej inspiracji. Istota może mieć tylko jedną taką kość naraz.\n\nRaz w ciągu następnej godziny, gdy istota nie zda testu k20, może rzucić kością bardowskiej inspiracji i dodać wynik do rzutu k20, co może zmienić niepowodzenie w powodzenie. Kość zostaje zużyta po wykonaniu rzutu.\n\nLiczba użyć. Możesz obdarzyć istotę kością bardowskiej inspiracji tyle razy, ile wynosi twój modyfikator Charyzmy (co najmniej raz). Wszystkie użycia odzyskujesz po ukończeniu długiego odpoczynku.\n\nNa wyższych poziomach. Kość bardowskiej inspiracji zmienia się po osiągnięciu określonych poziomów Barda, zgodnie z kolumną Kość bardowskiej inspiracji w tabeli cech Barda: na 5. poziomie staje się k8, na 10. poziomie — k10, a na 15. poziomie — k12.
haddaa3c4ga780gc6c0g5533g2da826d6931f	MORFOLOGIK_RULE_PL_PL	Prawdopodobna literówka	1k6	Wykryto prawdopodobny błąd pisowni		Wywołujesz wybuch energii psionicznej w wybranym punkcie w zasięgu. Każda istota w sferze o promieniu [1], której środkiem jest ten punkt, wykonuje rzut obronny na Inteligencję. Przy niepowodzeniu otrzymuje obrażenia psychiczne, a przy powodzeniu — połowę tych obrażeń.\n\nPrzy niepowodzeniu myśli celu zostają również zmącone na 1 minutę. Przez ten czas cel odejmuje 1k6 od wszystkich swoich testów ataku i cech oraz od rzutów obronnych na Kondycję wykonywanych w celu utrzymania Koncentracji. Na koniec każdej swojej tury cel powtarza rzut obronny na Inteligencję, kończąc ten efekt na sobie przy powodzeniu.
h3aac9e83g2f2ag85ddgcf84ge7224ea85b8b	SUBST_ADJ_UNIFY	Błędy składniowe	znane rzucającemu	Przypuszczalnie brak zgodności form przypadków rzeczownika i przymiotnika: znane rzucającemu.		"Położenie istoty jest zawsze znane rzucającemu aż do końca czaru. Istota nie może <LSTag Type=""Spell"" Tooltip=""Shout_Hide"">ukryć się</LSTag> przed rzucającym, a jeśli ma stan <LSTag Type=""Status"" Tooltip=""INVISIBLE"">Niewidzialności</LSTag>, nie odnosi z niego żadnych korzyści wobec rzucającego."
h9e56e88cg0481g2c87g52e7g140df577385c	MORFOLOGIK_RULE_PL_PL	Prawdopodobna literówka	1k6	Wykryto prawdopodobny błąd pisowni		Istota odejmuje 1k6 od swoich testów ataku i cech oraz od rzutów obronnych na Kondycję wykonywanych w celu podtrzymania koncentracji. Na końcu każdej swojej tury wykonuje rzut obronny na Inteligencję; przy powodzeniu efekt się kończy.
hd0c364a3g050eg598bgd2fdg4c1b525be149	MORFOLOGIK_RULE_PL_PL	Prawdopodobna literówka	Shillelagh	Wykryto prawdopodobny błąd pisowni		Poziom 1: Pierwotny porządek: Shillelagh
h599263a1g8987g0f3dgf199g149b6068247f	MORFOLOGIK_RULE_PL_PL	Prawdopodobna literówka	Shillelagh	Wykryto prawdopodobny błąd pisowni		Shillelagh
h4bd8abf4gf0adgc66cgc5bag97c641b5e998	MORFOLOGIK_RULE_PL_PL	Prawdopodobna literówka	roth	Wykryto prawdopodobny błąd pisowni	Roth, Ruth, Roch, roty, Rotha, rot, rotę, rota	Dzika postać: Głębinowy roth
h5ea20feag7ba3g2debga31dg2a7068efca9a	MORFOLOGIK_RULE_PL_PL	Prawdopodobna literówka	roth	Wykryto prawdopodobny błąd pisowni	Roth, Ruth, Roch, roty, Rotha, rot, rotę, rota	Dzika postać: Głębinowy roth
h98a60dc7g4df3g01fbg8fd5g832b47cc24aa	MORFOLOGIK_RULE_PL_PL	Prawdopodobna literówka	Sowodźwiedź	Wykryto prawdopodobny błąd pisowni		Dzika postać: Sowodźwiedź
he834ae45gcae8gf3bag6df2ga3f6b92b7407	MORFOLOGIK_RULE_PL_PL	Prawdopodobna literówka	roth	Wykryto prawdopodobny błąd pisowni	Roth, Ruth, Roch, roty, Rotha, rot, rotę, rota	Dzika postać: Głębinowy roth
h61388cf8g2c44ge32ege2c8gd43ed94d46c8	MORFOLOGIK_RULE_PL_PL	Prawdopodobna literówka	1k10	Wykryto prawdopodobny błąd pisowni		Masz talent do taktyki na polu bitwy i poza nim. Możesz zużyć jedno użycie Drugiego oddechu, aby zwiększyć szanse powodzenia testu cechy. Rzuć 1k10 i dodaj wynik do testu, co może zmienić niepowodzenie w powodzenie.
h363f8861g503bg174cgc576g28e60841fa32	MORFOLOGIK_RULE_PL_PL	Prawdopodobna literówka	1k10	Wykryto prawdopodobny błąd pisowni		Gdy atak trafia cię i zadaje obrażenia obuchowe, kłute albo cięte, możesz w ramach reakcji zmniejszyć łączną wartość otrzymywanych obrażeń o 1k10 + twój modyfikator Zręczności + twój poziom mnicha.\n\nJeśli zmniejszy to obrażenia do 0, możesz wydać 1 punkt ki, aby użyć Przekierowania ataku.
h96997b05g813bg4cedge308g8b97a39ea6cc	MORFOLOGIK_RULE_PL_PL	Prawdopodobna literówka	1k10	Wykryto prawdopodobny błąd pisowni		"Zmniejsz otrzymywane obrażenia obuchowe, kłute albo cięte o 1k10 + twój <LSTag Tooltip=""AbilityModifier"">modyfikator</LSTag> Zręczności + twój poziom mnicha.\n\nJeśli zmniejszy to obrażenia do 0, możesz wydać 1 punkt ki, aby użyć Przekierowania ataku."
ha840fbb3g435eg87ebgd676g3fc781ce7b67	SKROTY_Z_KROPKA	Błędy ortograficzne	ST	"Ten skrót piszemy z kropką: ""ST."""	ST.	Możesz kierować energię przysięgi bezpośrednio z Planów Zewnętrznych, używając jej do napędzania magicznych efektów. Zaczynasz od jednego takiego efektu: Boskiego Zmysłu, który opisano poniżej. Inne funkcje Paladyna dają dodatkowe opcje efektu Mocy przysięgi. Za każdym razem, gdy używasz Mocy przysięgi tej klasy, wybierasz, jaki efekt z tej klasy chcesz utworzyć.\n\nMożesz użyć Mocy przysięgi tej klasy dwukrotnie. Odzyskujesz jedno z wykorzystanych użyć, kiedy kończysz krótki odpoczynek, a wszystkie wykorzystane, kiedy kończysz długi odpoczynek. Zyskujesz dodatkowe zastosowanie, gdy osiągniesz poziom Paladyna 11.\n\nJeśli efekt Mocy przysięgi wymaga rzutu obronnego, ST jest równy ST rzutu obronnego na czary ze zdolności Rzucania czarów tej klasy.
ha840fbb3g435eg87ebgd676g3fc781ce7b67	SKROTY_Z_KROPKA	Błędy ortograficzne	ST	"Ten skrót piszemy z kropką: ""ST."""	ST.	Możesz kierować energię przysięgi bezpośrednio z Planów Zewnętrznych, używając jej do napędzania magicznych efektów. Zaczynasz od jednego takiego efektu: Boskiego Zmysłu, który opisano poniżej. Inne funkcje Paladyna dają dodatkowe opcje efektu Mocy przysięgi. Za każdym razem, gdy używasz Mocy przysięgi tej klasy, wybierasz, jaki efekt z tej klasy chcesz utworzyć.\n\nMożesz użyć Mocy przysięgi tej klasy dwukrotnie. Odzyskujesz jedno z wykorzystanych użyć, kiedy kończysz krótki odpoczynek, a wszystkie wykorzystane, kiedy kończysz długi odpoczynek. Zyskujesz dodatkowe zastosowanie, gdy osiągniesz poziom Paladyna 11.\n\nJeśli efekt Mocy przysięgi wymaga rzutu obronnego, ST jest równy ST rzutu obronnego na czary ze zdolności Rzucania czarów tej klasy.
hca271062g4f0eg4316gc46ag52e3d54b2851	SKROTY_Z_KROPKA	Błędy ortograficzne	ST	"Ten skrót piszemy z kropką: ""ST."""	ST.	"Przywołujesz nieziemskiego wierzchowca i natychmiast go dosiadasz.\n\nW każdej swojej turze rumak może wykonać jedną z następujących akcji: <LSTag Type=""Spell"" Tooltip=""Shout_Dash"">Sprint</LSTag>, Odstąpienie, Unik albo Atak.\n\nGdy dosiadasz wierzchowca i otrzymasz obrażenia o wartości co najmniej 4, musisz wykonać rzut obronny na Zręczność o ST 8. Przy niepowodzeniu spadasz z rumaka i otrzymujesz stan Powalenia na 1 turę.\n\nTylko gracz o czystym sercu może zobaczyć rumaka."
h2e3d13a5gdd90g80a4g970dg3282a7a7bfa9	SKROTY_Z_KROPKA	Błędy ortograficzne	ST	"Ten skrót piszemy z kropką: ""ST."""	ST.	"Przywołujesz nieziemskiego wierzchowca i natychmiast go dosiadasz.\n\nW każdej swojej turze rumak może wykonać jedną z następujących akcji: <LSTag Type=""Spell"" Tooltip=""Shout_Dash"">Sprint</LSTag>, Odstąpienie, Unik albo Atak.\n\nGdy dosiadasz wierzchowca i otrzymasz obrażenia o wartości co najmniej 4, musisz wykonać rzut obronny na Zręczność o ST 8. Przy niepowodzeniu spadasz z rumaka i otrzymujesz stan Powalenia na 1 turę."
he923c53cgfecbgb456g1ee5gbc97fd5f5a9a	MORFOLOGIK_RULE_PL_PL	Prawdopodobna literówka	1k8	Wykryto prawdopodobny błąd pisowni		Twoje uderzenia niosą teraz nadprzyrodzoną moc. Gdy trafisz cel testem ataku przy użyciu broni do walki w zwarciu lub uderzenia bez broni, cel otrzymuje dodatkowe 1k8 obrażeń od światłości.
h60d6e7c1gc8cag3d1dgdaedg0d81cb025d8b	MORFOLOGIK_RULE_PL_PL	Prawdopodobna literówka	1k8	Wykryto prawdopodobny błąd pisowni		Pierwotne siły dodają ci sił podczas wędrówek. W ramach akcji Magii możesz zyskać tymczasowe punkty wytrzymałości w liczbie równej sumie 1k8 i twojego modyfikatora Mądrości (co najmniej 1). Możesz użyć tej akcji tyle razy, ile wynosi twój modyfikator Mądrości (co najmniej raz), a odzyskujesz wszystkie użycia po długim odpoczynku.
h304ba6eegcc14g44c6g7640g0b3b0cf81a62	MORFOLOGIK_RULE_PL_PL	Prawdopodobna literówka	1k8	Wykryto prawdopodobny błąd pisowni		W ramach akcji Magii możesz zyskać tymczasowe punkty wytrzymałości w liczbie równej sumie 1k8 i twojego modyfikatora Mądrości (co najmniej 1). Możesz użyć tej akcji tyle razy, ile wynosi twój modyfikator Mądrości (co najmniej raz), a odzyskujesz wszystkie użycia po długim odpoczynku.
hc95f4dcfg8caeg69e9gc8b5ge035fe1dc1a3	MORFOLOGIK_RULE_PL_PL	Prawdopodobna literówka	1k8	Wykryto prawdopodobny błąd pisowni		W ramach akcji Magii możesz zyskać tymczasowe punkty wytrzymałości w liczbie równej sumie 1k8 i twojego modyfikatora Mądrości (co najmniej 1).
h3c5b5f7eg291agf227g9011gc0565f5cdd4d	MORFOLOGIK_RULE_PL_PL	Prawdopodobna literówka	1k8	Wykryto prawdopodobny błąd pisowni		W ramach akcji Magii możesz zyskać tymczasowe punkty wytrzymałości w liczbie równej sumie 1k8 i twojego modyfikatora Mądrości (co najmniej 1).
hf0903b4fgdab0g610fgf651g1cf01ed26e14	MORFOLOGIK_RULE_PL_PL	Prawdopodobna literówka	2k6	Wykryto prawdopodobny błąd pisowni		Gdy trafisz istotę atakiem bronią, możesz zadać jej dodatkowe 2k6 obrażeń psychicznych. Z tej korzyści możesz skorzystać tylko raz na turę i tyle razy, ile wynosi twój modyfikator Mądrości (co najmniej raz). Odzyskujesz wszystkie użycia po długim odpoczynku.
h374216bbgf985gc96cg64b3g959b101fd376	MORFOLOGIK_RULE_PL_PL	Prawdopodobna literówka	2k8	Wykryto prawdopodobny błąd pisowni		Obrażenia psychiczne zadawane Straszliwym uderzeniem zwiększają się do 2k8. Cel musi wykonać rzut obronny na Mądrość przeciwko ST rzutu obronnego przeciwko twoim czarom. Przy niepowodzeniu zostaje Przerażony do początku twojej następnej tury.\n\nDziałasz dość szybko, by zamienić chybienie w kolejne uderzenie. Gdy chybisz atakiem bronią, możesz bez dodatkowych kosztów wykonać jeszcze jeden atak bronią.
h374216bbgf985gc96cg64b3g959b101fd376	SKROTY_Z_KROPKA	Błędy ortograficzne	ST	"Ten skrót piszemy z kropką: ""ST."""	ST.	Obrażenia psychiczne zadawane Straszliwym uderzeniem zwiększają się do 2k8. Cel musi wykonać rzut obronny na Mądrość przeciwko ST rzutu obronnego przeciwko twoim czarom. Przy niepowodzeniu zostaje Przerażony do początku twojej następnej tury.\n\nDziałasz dość szybko, by zamienić chybienie w kolejne uderzenie. Gdy chybisz atakiem bronią, możesz bez dodatkowych kosztów wykonać jeszcze jeden atak bronią.
he28b1437g3278g7202g8a7dg0bb7c36a5d7a	SKROTY_Z_KROPKA	Błędy ortograficzne	ST	"Ten skrót piszemy z kropką: ""ST."""	ST.	Wydarzenie z przeszłości pozostawiło na tobie niezatarte piętno i nasyciło cię wrzącą magią. W ramach akcji dodatkowej możesz uwolnić tę magię na minutę, zyskując następujące korzyści:\n\nST rzutów obronnych przeciwko twoim czarom zaklinacza zwiększa się o 1.\nMasz ułatwienie w testach ataku rzucanymi przez siebie czarami zaklinacza.\n\nMożesz skorzystać z tej zdolności dwukrotnie. Odzyskujesz wszystkie użycia po długim odpoczynku.
h591ca3fag8585g7042gec5dgab33a05594bb	SKROTY_Z_KROPKA	Błędy ortograficzne	ST	"Ten skrót piszemy z kropką: ""ST."""	ST.	Wydarzenie z przeszłości pozostawiło na tobie niezatarte piętno i nasyciło cię wrzącą magią. W ramach akcji dodatkowej możesz uwolnić tę magię na minutę, zyskując następujące korzyści:\n\nST rzutów obronnych przeciwko twoim czarom zaklinacza zwiększa się o 1.\nMasz ułatwienie w testach ataku rzucanymi przez siebie czarami zaklinacza.\n\nMożesz skorzystać z tej zdolności dwukrotnie. Odzyskujesz wszystkie użycia po długim odpoczynku.
hc9e4f723g5054g3b21ga6bage65df9a6ae78	MORFOLOGIK_RULE_PL_PL	Prawdopodobna literówka	Metamagia	Wykryto prawdopodobny błąd pisowni	Meta magia	Metamagia
h98cf324dg4c24g1b78gdb54g670e46f0f8fb	MORFOLOGIK_RULE_PL_PL	Prawdopodobna literówka	metamagii	Wykryto prawdopodobny błąd pisowni	meta magii	Zyskujesz zdolność modyfikowania czarów w zależności od potrzeb. Wybierz jedną z opcji metamagii.\n\nNa 10. poziomie Czarownika zyskujesz dwie dodatkowe opcje.
hd8409099g42e6g3a17g9b47gc6bd4fec7de5	SKROTY_Z_KROPKA	Błędy ortograficzne	ST	"Ten skrót piszemy z kropką: ""ST."""	ST.	Jeśli nie masz już użyć Wrodzonej magii, możesz ją aktywować, wydając 2 punkty zaklinania podczas wykonywania związanej z nią akcji dodatkowej.\n\nPonadto, gdy Wrodzona magia jest aktywna, ST rzutów obronnych przeciwko twoim czarom zwiększa się o 2 zamiast o 1.
h4d483577g0d77g722dg50ddga9f231b29ec2	MORFOLOGIK_RULE_PL_PL	Prawdopodobna literówka	1k8	Wykryto prawdopodobny błąd pisowni		Raz na turę, gdy trafisz istotę bronią paktu, możesz zużyć komórkę czaru Magii Paktu, aby zadać celowi dodatkowe 1k8 obrażeń od mocy oraz kolejne 1k8 za każdy poziom zużytej komórki. Jeśli cel jest Ogromny lub mniejszy, możesz również nadać mu stan Powalenia.
h4d483577g0d77g722dg50ddga9f231b29ec2	MORFOLOGIK_RULE_PL_PL	Prawdopodobna literówka	1k8	Wykryto prawdopodobny błąd pisowni		Raz na turę, gdy trafisz istotę bronią paktu, możesz zużyć komórkę czaru Magii Paktu, aby zadać celowi dodatkowe 1k8 obrażeń od mocy oraz kolejne 1k8 za każdy poziom zużytej komórki. Jeśli cel jest Ogromny lub mniejszy, możesz również nadać mu stan Powalenia.
h35551526g84e1g78f3g1277g241f3a6077bb	MORFOLOGIK_RULE_PL_PL	Prawdopodobna literówka	1k6	Wykryto prawdopodobny błąd pisowni		Raz na turę, gdy trafiasz istotę swoją bronią paktu, możesz zadać jej dodatkowe 1k6 obrażeń. Możesz też wydać jedną ze swoich kości wytrzymałości, rzucić nią i odzyskać punkty wytrzymałości w liczbie równej sumie wyniku oraz swojego modyfikatora Kondycji (co najmniej 1 punkt).
h3f49f302g9b29g72f7g25f0g2f3ff3297c48	MORFOLOGIK_RULE_PL_PL	Prawdopodobna literówka	1k4	Wykryto prawdopodobny błąd pisowni		Próbujesz tymczasowo rozerwać umysł jednej istoty, którą widzisz w zasięgu. Cel musi wykonać udany rzut obronny na Inteligencję lub otrzymać obrażenia psychiczne i odjąć 1k4 od następnego rzutu obronnego, który wykona przed końcem twojej następnej tury.
h39dbb752g7bd1g7b6fgad55gb007b398ba91	MORFOLOGIK_RULE_PL_PL	Prawdopodobna literówka	1k8	Wykryto prawdopodobny błąd pisowni		Raz na turę, gdy trafisz istotę bronią paktu, możesz zużyć komórkę czaru Magii Paktu, aby zadać celowi dodatkowe 1k8 obrażeń od mocy oraz kolejne 1k8 za każdy poziom zużytej komórki. Jeśli cel jest Ogromny lub mniejszy, możesz również nadać mu stan Powalenia.
h39dbb752g7bd1g7b6fgad55gb007b398ba91	MORFOLOGIK_RULE_PL_PL	Prawdopodobna literówka	1k8	Wykryto prawdopodobny błąd pisowni		Raz na turę, gdy trafisz istotę bronią paktu, możesz zużyć komórkę czaru Magii Paktu, aby zadać celowi dodatkowe 1k8 obrażeń od mocy oraz kolejne 1k8 za każdy poziom zużytej komórki. Jeśli cel jest Ogromny lub mniejszy, możesz również nadać mu stan Powalenia.
h7b469932gb9a1gf6f4gdaa5g2804016be6b3	MORFOLOGIK_RULE_PL_PL	Prawdopodobna literówka	1k8	Wykryto prawdopodobny błąd pisowni		Raz na turę, gdy trafisz istotę bronią paktu, możesz zużyć komórkę czaru Magii Paktu, aby zadać celowi dodatkowe 1k8 obrażeń od mocy oraz kolejne 1k8 za każdy poziom zużytej komórki. Jeśli cel jest Ogromny lub mniejszy, możesz również nadać mu stan Powalenia.
h7b469932gb9a1gf6f4gdaa5g2804016be6b3	MORFOLOGIK_RULE_PL_PL	Prawdopodobna literówka	1k8	Wykryto prawdopodobny błąd pisowni		Raz na turę, gdy trafisz istotę bronią paktu, możesz zużyć komórkę czaru Magii Paktu, aby zadać celowi dodatkowe 1k8 obrażeń od mocy oraz kolejne 1k8 za każdy poziom zużytej komórki. Jeśli cel jest Ogromny lub mniejszy, możesz również nadać mu stan Powalenia.
h2ed3d6d2g203agef73ge378g989ea6dc9107	MORFOLOGIK_RULE_PL_PL	Prawdopodobna literówka	1k8	Wykryto prawdopodobny błąd pisowni		Raz na turę, gdy trafisz istotę bronią paktu, możesz zużyć komórkę czaru Magii Paktu, aby zadać celowi dodatkowe 1k8 obrażeń od mocy oraz kolejne 1k8 za każdy poziom zużytej komórki. Jeśli cel jest Ogromny lub mniejszy, możesz również nadać mu stan Powalenia.
h2ed3d6d2g203agef73ge378g989ea6dc9107	MORFOLOGIK_RULE_PL_PL	Prawdopodobna literówka	1k8	Wykryto prawdopodobny błąd pisowni		Raz na turę, gdy trafisz istotę bronią paktu, możesz zużyć komórkę czaru Magii Paktu, aby zadać celowi dodatkowe 1k8 obrażeń od mocy oraz kolejne 1k8 za każdy poziom zużytej komórki. Jeśli cel jest Ogromny lub mniejszy, możesz również nadać mu stan Powalenia.
hd1e4fce8gbccbg813cgdb6bgcf29cb502ca1	MORFOLOGIK_RULE_PL_PL	Prawdopodobna literówka	1k8	Wykryto prawdopodobny błąd pisowni		Raz na turę, gdy trafisz istotę bronią paktu, możesz zużyć komórkę czaru Magii Paktu, aby zadać celowi dodatkowe 1k8 obrażeń od mocy oraz kolejne 1k8 za każdy poziom zużytej komórki. Jeśli cel jest Ogromny lub mniejszy, możesz również nadać mu stan Powalenia.
hd1e4fce8gbccbg813cgdb6bgcf29cb502ca1	MORFOLOGIK_RULE_PL_PL	Prawdopodobna literówka	1k8	Wykryto prawdopodobny błąd pisowni		Raz na turę, gdy trafisz istotę bronią paktu, możesz zużyć komórkę czaru Magii Paktu, aby zadać celowi dodatkowe 1k8 obrażeń od mocy oraz kolejne 1k8 za każdy poziom zużytej komórki. Jeśli cel jest Ogromny lub mniejszy, możesz również nadać mu stan Powalenia.
h2fae1edegb1eege388gf87cg39ad6381ae22	MORFOLOGIK_RULE_PL_PL	Prawdopodobna literówka	1k8	Wykryto prawdopodobny błąd pisowni		Raz na turę, gdy trafisz istotę bronią paktu, możesz zużyć komórkę czaru Magii Paktu, aby zadać celowi dodatkowe 1k8 obrażeń od mocy oraz kolejne 1k8 za każdy poziom zużytej komórki. Jeśli cel jest Ogromny lub mniejszy, możesz również nadać mu stan Powalenia.
h2fae1edegb1eege388gf87cg39ad6381ae22	MORFOLOGIK_RULE_PL_PL	Prawdopodobna literówka	1k8	Wykryto prawdopodobny błąd pisowni		Raz na turę, gdy trafisz istotę bronią paktu, możesz zużyć komórkę czaru Magii Paktu, aby zadać celowi dodatkowe 1k8 obrażeń od mocy oraz kolejne 1k8 za każdy poziom zużytej komórki. Jeśli cel jest Ogromny lub mniejszy, możesz również nadać mu stan Powalenia.
h2c6eccdeg66d4g0163gd637g573e9b7a1610	MORFOLOGIK_RULE_PL_PL	Prawdopodobna literówka	1k8	Wykryto prawdopodobny błąd pisowni		Raz na turę, gdy trafisz istotę bronią paktu, możesz zużyć komórkę czaru Magii Paktu, aby zadać celowi dodatkowe 1k8 obrażeń od mocy oraz kolejne 1k8 za każdy poziom zużytej komórki. Jeśli cel jest Ogromny lub mniejszy, możesz również nadać mu stan Powalenia.
h2c6eccdeg66d4g0163gd637g573e9b7a1610	MORFOLOGIK_RULE_PL_PL	Prawdopodobna literówka	1k8	Wykryto prawdopodobny błąd pisowni		Raz na turę, gdy trafisz istotę bronią paktu, możesz zużyć komórkę czaru Magii Paktu, aby zadać celowi dodatkowe 1k8 obrażeń od mocy oraz kolejne 1k8 za każdy poziom zużytej komórki. Jeśli cel jest Ogromny lub mniejszy, możesz również nadać mu stan Powalenia.
h801bf2a6g08cfgac63gc48fgdc1a93297403	MORFOLOGIK_RULE_PL_PL	Prawdopodobna literówka	1k8	Wykryto prawdopodobny błąd pisowni		Raz na turę, gdy trafisz istotę bronią paktu, możesz zużyć komórkę czaru Magii Paktu, aby zadać celowi dodatkowe 1k8 obrażeń od mocy oraz kolejne 1k8 za każdy poziom zużytej komórki. Jeśli cel jest Ogromny lub mniejszy, możesz również nadać mu stan Powalenia.
h801bf2a6g08cfgac63gc48fgdc1a93297403	MORFOLOGIK_RULE_PL_PL	Prawdopodobna literówka	1k8	Wykryto prawdopodobny błąd pisowni		Raz na turę, gdy trafisz istotę bronią paktu, możesz zużyć komórkę czaru Magii Paktu, aby zadać celowi dodatkowe 1k8 obrażeń od mocy oraz kolejne 1k8 za każdy poziom zużytej komórki. Jeśli cel jest Ogromny lub mniejszy, możesz również nadać mu stan Powalenia.
heb8d0bd4gf518g09cbgdf04g875209dd858a	MORFOLOGIK_RULE_PL_PL	Prawdopodobna literówka	1k8	Wykryto prawdopodobny błąd pisowni		Raz na turę, gdy trafisz istotę bronią paktu, możesz zużyć komórkę czaru Magii Paktu, aby zadać celowi dodatkowe 1k8 obrażeń od mocy oraz kolejne 1k8 za każdy poziom zużytej komórki. Jeśli cel jest Ogromny lub mniejszy, możesz również nadać mu stan Powalenia.
heb8d0bd4gf518g09cbgdf04g875209dd858a	MORFOLOGIK_RULE_PL_PL	Prawdopodobna literówka	1k8	Wykryto prawdopodobny błąd pisowni		Raz na turę, gdy trafisz istotę bronią paktu, możesz zużyć komórkę czaru Magii Paktu, aby zadać celowi dodatkowe 1k8 obrażeń od mocy oraz kolejne 1k8 za każdy poziom zużytej komórki. Jeśli cel jest Ogromny lub mniejszy, możesz również nadać mu stan Powalenia.
hd23c4cc6g5a99gc62eg7220ge0f7cee47aba	MORFOLOGIK_RULE_PL_PL	Prawdopodobna literówka	1k8	Wykryto prawdopodobny błąd pisowni		Raz na turę, gdy trafisz istotę bronią paktu, możesz zużyć komórkę czaru Magii Paktu, aby zadać celowi dodatkowe 1k8 obrażeń od mocy oraz kolejne 1k8 za każdy poziom zużytej komórki. Jeśli cel jest Ogromny lub mniejszy, możesz również nadać mu stan Powalenia.
hd23c4cc6g5a99gc62eg7220ge0f7cee47aba	MORFOLOGIK_RULE_PL_PL	Prawdopodobna literówka	1k8	Wykryto prawdopodobny błąd pisowni		Raz na turę, gdy trafisz istotę bronią paktu, możesz zużyć komórkę czaru Magii Paktu, aby zadać celowi dodatkowe 1k8 obrażeń od mocy oraz kolejne 1k8 za każdy poziom zużytej komórki. Jeśli cel jest Ogromny lub mniejszy, możesz również nadać mu stan Powalenia.
h4c3e9164gb5c2g35d0g405dgb887921e3e3a	SKROTY_Z_KROPKA	Błędy ortograficzne	ST	"Ten skrót piszemy z kropką: ""ST."""	ST.	Opracowujesz chytre sposoby wykorzystania ukradkowego ataku. Gdy zadajesz obrażenia ukradkowym atakiem, możesz dodać jeden z poniższych efektów Chytrego uderzenia.\n\nJeśli efekt Chytrego uderzenia wymaga rzutu obronnego, jego ST wynosi 8 + twój modyfikator Zręczności + premia z biegłości.
hdd5d9c2cg059eg4e76gb6b6g01e4d851171d	MORFOLOGIK_RULE_PL_PL	Prawdopodobna literówka	Shillelagh	Wykryto prawdopodobny błąd pisowni		Wtajemniczony: Shillelagh
hffc26135gf1a3g4a40ga837gc93edb478e30	MORFOLOGIK_RULE_PL_PL	Prawdopodobna literówka	faerie	Wykryto prawdopodobny błąd pisowni	ferie, faenie, feerie, feerię	Wtajemniczony: Blask faerie
haba60ef6g99aag4749g96b9g8d1f04316129	MORFOLOGIK_RULE_PL_PL	Prawdopodobna literówka	Piórkospadanie	Wykryto prawdopodobny błąd pisowni	Piórko spadanie	Wtajemniczony: Piórkospadanie
h16aa023egdc3cg5bc2g7476g71950aebff42	SUBST_ADJ_UNIFY	Błędy składniowe	pomoc bezbronnym	Przypuszczalnie brak zgodności form przypadków rzeczownika i przymiotnika: pomoc bezbronnym.		Atut: Twardziel\n\nStajesz w obronie prostego ludu, walcząc z tyranami i potworami, aby nieść pomoc bezbronnym. Ratując nieszczęśników, których życie jest w niebezpieczeństwie, budujesz swoją legendę.
h7177de01ge0f7g8a37g6b7cgdf616c3162ac	ZAIMKI_DLUZSZE	Błędy składniowe	ciebie	"W tym miejscu prawdopodobnie należy użyć krótszej formy zaimka: ""cię""."	cię	Atut: Alarm\n\nPrzerażająca chwila, osoba lub istota, której nie można zgładzić mieczem ani czarami, nawiedza twój umysł – kątem oka cały czas widzisz jej cień. Niesiesz ją ze sobą wszędzie, gdzie zaprowadzi cię twoja przygoda – a może to ona niesie ciebie?
h9ed109c6ga680g6d73gce1ag6e136e676cb2	MORFOLOGIK_RULE_PL_PL	Prawdopodobna literówka	1k8	Wykryto prawdopodobny błąd pisowni		Ulepszony sprint. Gdy wykonujesz akcję Sprintu, twoja szybkość wzrasta o 3 m na czas tej akcji.\n\nAtak szarżą. Jeśli bezpośrednio przed trafieniem celu atakiem wręcz wykonywanym w ramach akcji Ataku przemieścisz się co najmniej 3 m w linii prostej w jego stronę, wybierz jeden z następujących efektów: dodaj 1k8 do rzutu obrażeń tego ataku albo odepchnij cel na maksymalnie 3 m, jeśli jest nie więcej niż o jeden rozmiar większy od ciebie. Z tej korzyści możesz skorzystać tylko raz na turę.
h4e972de5g72bbgc7d9gfda3g1c89f2af41d0	MORFOLOGIK_RULE_PL_PL	Prawdopodobna literówka	1k8	Wykryto prawdopodobny błąd pisowni		"Ulepszony <LSTag Type=""Spell"" Tooltip=""Shout_Dash"">Sprint</LSTag>. Gdy wykonujesz akcję Sprintu, twoja szybkość wzrasta o 3 m na czas tej akcji.\n\nAtak szarżą. Jeśli bezpośrednio przed trafieniem celu atakiem wręcz wykonywanym w ramach akcji Ataku przemieścisz się co najmniej 3 m w linii prostej w jego stronę, wybierz jeden z następujących efektów: dodaj 1k8 do rzutu obrażeń tego ataku albo odepchnij cel na maksymalnie 3 m, jeśli jest nie więcej niż o jeden rozmiar większy od ciebie. Z tej korzyści możesz skorzystać tylko raz na turę."
h97c2a4b1gf596g1516g285eg988549b0ed6f	BRAK_PRZECINKA_ZAMIAST	Błędy interpunkcyjne	możesz zamiast	"Prawdopodobnie brak przecinka. Powinno być: ""możesz, zamiast""."	możesz, zamiast	Przełamywanie koncentracji. Gdy zadasz obrażenia istocie utrzymującej koncentrację, ma ona utrudnienie w rzucie obronnym wykonywanym w celu jej podtrzymania.\n\nChroniony umysł. Gdy nie powiedzie ci się rzut obronny na Inteligencję, Mądrość albo Charyzmę, możesz zamiast tego odnieść powodzenie. Po użyciu tej korzyści musisz ukończyć krótki albo długi odpoczynek, zanim użyjesz jej ponownie.
hfc9071adg34ddg859egdda4g444a72c4713f	BRAK_PRZECINKA_ZAMIAST	Błędy interpunkcyjne	możesz zamiast	"Prawdopodobnie brak przecinka. Powinno być: ""możesz, zamiast""."	możesz, zamiast	Przełamywanie koncentracji. Gdy zadasz obrażenia istocie utrzymującej koncentrację, ma ona utrudnienie w rzucie obronnym wykonywanym w celu jej podtrzymania.\n\nChroniony umysł. Gdy nie powiedzie ci się rzut obronny na Inteligencję, Mądrość albo Charyzmę, możesz zamiast tego odnieść powodzenie. Po użyciu tej korzyści musisz ukończyć krótki albo długi odpoczynek, zanim użyjesz jej ponownie.
hd944c877g9f95g1749ge647gfe18b6b31562	BRAK_PRZECINKA_ZAMIAST	Błędy interpunkcyjne	możesz zamiast	"Prawdopodobnie brak przecinka. Powinno być: ""możesz, zamiast""."	możesz, zamiast	Gdy nie zdasz rzutu obronnego na Inteligencję, Mądrość albo Charyzmę, możesz zamiast tego uznać go za udany. Po skorzystaniu z tej korzyści nie możesz zrobić tego ponownie, dopóki nie ukończysz krótkiego albo długiego odpoczynku.
h215cfcadg8e38gf1d3g5cbfgf68a823d6955	MORFOLOGIK_RULE_PL_PL	Prawdopodobna literówka	k4	Wykryto prawdopodobny błąd pisowni	km, kg, ks, ku, KC, kW, KP, KK	Drzewcowe uderzenie. Natychmiast po wykonaniu akcji Ataku i zaatakowaniu kijem bojowym, włócznią albo bronią o właściwościach Ciężka i Dalekosiężna możesz w ramach akcji dodatkowej wykonać atak wręcz przeciwległym końcem broni. Atak zadaje obrażenia obuchowe, a jego kością obrażeń jest k4.\n\nReakcyjne uderzenie. Gdy trzymasz kij bojowy, włócznię albo broń o właściwościach Ciężka i Dalekosiężna, możesz w ramach reakcji wykonać jeden atak wręcz przeciwko istocie, która znajdzie się w zasięgu tej broni.
h3dd5e7b4g4865gbd7bged74gd82f6e53d20d	MORFOLOGIK_RULE_PL_PL	Prawdopodobna literówka	k4	Wykryto prawdopodobny błąd pisowni	km, kg, ks, ku, KC, kW, KP, KK	Drzewcowe uderzenie. Natychmiast po wykonaniu akcji Ataku i zaatakowaniu kijem bojowym, włócznią albo bronią o właściwościach Ciężka i Dalekosiężna możesz w ramach akcji dodatkowej wykonać atak wręcz przeciwległym końcem broni. Atak zadaje obrażenia obuchowe, a jego kością obrażeń jest k4.\n\nReakcyjne uderzenie. Gdy trzymasz kij bojowy, włócznię albo broń o właściwościach Ciężka i Dalekosiężna, możesz w ramach reakcji wykonać jeden atak wręcz przeciwko istocie, która znajdzie się w zasięgu tej broni.
he75553c3gd15ag322eg1dcega59ac6593319	SKROTY_Z_KROPKA	Błędy ortograficzne	ST	"Ten skrót piszemy z kropką: ""ST."""	ST.	Uderzenie tarczą. Jeśli w ramach akcji Ataku zaatakujesz istotę w promieniu 1,5 m od siebie i trafisz ją bronią do walki wręcz, możesz natychmiast uderzyć cel wyposażoną tarczą. Cel wykonuje rzut obronny na Siłę (ST 8 + twój modyfikator Siły + premia z biegłości). Przy niepowodzeniu odpychasz go o 1,5 m albo nadajesz mu stan Powalenia (wedle twojego wyboru). Z tej korzyści możesz skorzystać tylko raz podczas każdej swojej tury.\n\nOsłona tarczą. Gdy podlegasz efektowi, który pozwala ci wykonać rzut obronny na Zręczność, aby otrzymać tylko połowę obrażeń, możesz w ramach reakcji nie otrzymać żadnych obrażeń przy powodzeniu, o ile trzymasz tarczę.
h5752835cge17egb9e8g58cdgb5e2500ab72d	SKROTY_Z_KROPKA	Błędy ortograficzne	ST	"Ten skrót piszemy z kropką: ""ST."""	ST.	Uderzenie tarczą. Jeśli w ramach akcji Ataku zaatakujesz istotę w promieniu 1,5 m od siebie i trafisz ją bronią do walki wręcz, możesz natychmiast uderzyć cel wyposażoną tarczą. Cel wykonuje rzut obronny na Siłę (ST 8 + twój modyfikator Siły + premia z biegłości). Przy niepowodzeniu odpychasz go o 1,5 m albo nadajesz mu stan Powalenia (wedle twojego wyboru). Z tej korzyści możesz skorzystać tylko raz podczas każdej swojej tury.\n\nOsłona tarczą. Gdy podlegasz efektowi, który pozwala ci wykonać rzut obronny na Zręczność, aby otrzymać tylko połowę obrażeń, możesz w ramach reakcji nie otrzymać żadnych obrażeń przy powodzeniu, o ile trzymasz tarczę.
h07ac58a7gdc95gd7d3g0b48g2015e769d0d0	MORFOLOGIK_RULE_PL_PL	Prawdopodobna literówka	Yggdrasil	Wykryto prawdopodobny błąd pisowni	Yggdrasill	"Barbarzyńcy podążający Ścieżką Drzewa Świata łączą się poprzez swój <LSTag Type=""Status"" Tooltip=""RAGE"">szał</LSTag> z kosmicznym drzewem Yggdrasil. Rośnie ono wśród Sfer Zewnętrznych, łącząc je ze sobą i ze Sferą Materialną. Barbarzyńcy ci czerpią z magii drzewa żywotność i zdolność podróżowania między wymiarami."
h17806188g48eag72daga9fag423961387d39	MORFOLOGIK_RULE_PL_PL	Prawdopodobna literówka	k6	Wykryto prawdopodobny błąd pisowni	km, kg, ks, ku, KC, kW, KP, KK	"Twój <LSTag Type=""Status"" Tooltip=""RAGE"">szał</LSTag> czerpie z siły życiowej Drzewa Świata. Zyskujesz następujące korzyści.\n\nPrzypływ witalności. Gdy aktywujesz szał, zyskujesz tymczasowe punkty wytrzymałości w liczbie równej twojemu poziomowi barbarzyńcy.\n\nŻyciodajna siła. Na początku każdej swojej tury podczas szału możesz wybrać inną istotę w promieniu 3 m od siebie, aby zyskała tymczasowe punkty wytrzymałości. Rzuć tyloma k6, ile wynosi twoja premia do obrażeń od <LSTag Type=""Status"" Tooltip=""RAGE"">szału</LSTag>, i zsumuj wyniki, aby określić ich liczbę. Niewykorzystane tymczasowe punkty wytrzymałości znikają po zakończeniu szału."
hc973bce4g12d2g5a53g43a8g98cefe571124	SKROTY_Z_KROPKA	Błędy ortograficzne	ST	"Ten skrót piszemy z kropką: ""ST."""	ST.	"Dopóki trwa twój <LSTag Type=""Status"" Tooltip=""RAGE"">szał</LSTag>, możesz w ramach reakcji uderzyć widmowymi gałęziami Drzewa Świata i przyciągnąć widoczną istotę w promieniu 9 m od siebie. Cel musi wykonać rzut obronny na Siłę (ST 8 + twój modyfikator Siły + premia z biegłości); w razie niepowodzenia zostaje przyciągnięty do 6 m prosto w twoją stronę. Po przyciągnięciu celu możesz zmniejszyć jego szybkość do 0 do początku swojej następnej tury."
hb7d8ce7cga74egd272g4ed3gebe2eec3f346	MORFOLOGIK_RULE_PL_PL	Prawdopodobna literówka	k6	Wykryto prawdopodobny błąd pisowni	km, kg, ks, ku, KC, kW, KP, KK	"Istota objęta tą cechą zyskuje tymczasowe punkty wytrzymałości. Aby określić ich liczbę, rzuć tyloma k6, ile wynosi premia Barbarzyńcy do obrażeń od <LSTag Type=""Status"" Tooltip=""RAGE"">szału</LSTag>, i zsumuj wyniki."
h21000e09gdda6g7a5fg404eg1458b9ccd985	MORFOLOGIK_RULE_PL_PL	Prawdopodobna literówka	k6	Wykryto prawdopodobny błąd pisowni	km, kg, ks, ku, KC, kW, KP, KK	"Na początku każdej swojej tury podczas <LSTag Type=""Status"" Tooltip=""RAGE"">szału</LSTag> możesz wybrać inną istotę w promieniu 3 m od siebie, aby zyskała tymczasowe punkty wytrzymałości. Rzuć tyloma k6, ile wynosi twoja premia do obrażeń od <LSTag Type=""Status"" Tooltip=""RAGE"">szału</LSTag>, i zsumuj wyniki, aby określić ich liczbę. Niewykorzystane tymczasowe punkty wytrzymałości znikają po zakończeniu szału."
h1d68851cgda5ag5482g75f2gc0f7b6817b16	SKROTY_Z_KROPKA	Błędy ortograficzne	ST	"Ten skrót piszemy z kropką: ""ST."""	ST.	"Dopóki trwa twój <LSTag Type=""Status"" Tooltip=""RAGE"">szał</LSTag>, możesz w ramach reakcji uderzyć widmowymi gałęziami Drzewa Świata i przyciągnąć widoczną istotę w promieniu 9 m od siebie. Cel musi wykonać rzut obronny na Siłę (ST 8 + twój modyfikator Siły + premia z biegłości); w razie niepowodzenia zostaje przyciągnięty do 6 m prosto w twoją stronę. Po przyciągnięciu celu możesz zmniejszyć jego szybkość do 0 do początku swojej następnej tury."
h15b91354gf2d6ga550g86cag97a1796054d7	MORFOLOGIK_RULE_PL_PL	Prawdopodobna literówka	1k6	Wykryto prawdopodobny błąd pisowni		"Możesz nasycać swoje ciosy boską mocą. W każdej twojej turze, gdy twój <LSTag Type=""Status"" Tooltip=""RAGE"">szał</LSTag> jest aktywny, pierwsza istota trafiona przez ciebie bronią albo atakiem bez broni otrzymuje dodatkowe obrażenia w liczbie równej 1k6 plus połowa twojego poziomu Barbarzyńcy (zaokrąglając w dół). Za każdym razem wybierasz, czy dodatkowe obrażenia są nekrotyczne, czy od światłości."
hc4c144a0g2e9bg6166g297cg8829f3a2bd83	MORFOLOGIK_RULE_PL_PL	Prawdopodobna literówka	k12	Wykryto prawdopodobny błąd pisowni	K2, B12, km2	Boska istota pomaga ci pozostać w walce. Dysponujesz pulą czterech kości k12, które możesz zużywać, aby się leczyć. W ramach akcji dodatkowej możesz zużyć dowolną liczbę kości z puli, rzucić nimi i odzyskać punkty wytrzymałości w liczbie równej sumie wyników.\n\nWszystkie zużyte kości odzyskujesz po długim odpoczynku.\n\nMaksymalna liczba kości w puli zwiększa się o jedną na 6. poziomie barbarzyńcy (5 kości), 12. poziomie (6 kości) i 17. poziomie (7 kości).
hd5d65420g6479g285bg4c8ag03e208bc40e5	MORFOLOGIK_RULE_PL_PL	Prawdopodobna literówka	1k6	Wykryto prawdopodobny błąd pisowni		"Dopóki trwa twój <LSTag Type=""Status"" Tooltip=""RAGE"">szał</LSTag>, pierwsza istota, którą trafisz w każdej swojej turze bronią albo atakiem bez broni, otrzymuje dodatkowe obrażenia od światłości równe sumie 1k6 i połowy twojego poziomu barbarzyńcy (zaokrąglonej w dół)."
h47b388afge0d2g2240g7d34g00c0f0fbd7f3	MORFOLOGIK_RULE_PL_PL	Prawdopodobna literówka	1k6	Wykryto prawdopodobny błąd pisowni		"Dopóki trwa twój <LSTag Type=""Status"" Tooltip=""RAGE"">szał</LSTag>, pierwsza istota, którą trafisz w każdej swojej turze bronią albo atakiem bez broni, otrzymuje dodatkowe obrażenia nekrotyczne równe sumie 1k6 i połowy twojego poziomu barbarzyńcy (zaokrąglonej w dół)."
h46ea941fg771dgceb6g2492gb66d8a8c13e0	MORFOLOGIK_RULE_PL_PL	Prawdopodobna literówka	k12	Wykryto prawdopodobny błąd pisowni	K2, B12, km2	Boska istota pomaga ci pozostać w walce. Dysponujesz pulą czterech kości k12, które możesz zużywać, aby się leczyć. W ramach akcji dodatkowej możesz zużyć dowolną liczbę kości z puli, rzucić nimi i odzyskać punkty wytrzymałości w liczbie równej sumie wyników.\n\nWszystkie zużyte kości odzyskujesz po długim odpoczynku.\n\nMaksymalna liczba kości w puli zwiększa się o jedną na 6. poziomie barbarzyńcy (5 kości), 12. poziomie (6 kości) i 17. poziomie (7 kości).
h5059c8f8g9435g5e50g19c7g899613e62b54	MORFOLOGIK_RULE_PL_PL	Prawdopodobna literówka	k12	Wykryto prawdopodobny błąd pisowni	K2, B12, km2	Boska istota pomaga ci pozostać w walce. Dysponujesz pulą czterech kości k12, które możesz zużywać, aby się leczyć.
h7d579a81g52d6g1a4cg3fe1ge97bcb251943	MORFOLOGIK_RULE_PL_PL	Prawdopodobna literówka	bardowskiej	Wykryto prawdopodobny błąd pisowni	Badowskiej, Bartkowskiej, Barzowskiej, Batowskiej, Nartowskiej, artowskiej, bartkowskiej, bałtowskiej	"Gdy nie nosisz pancerza ani nie dzierżysz tarczy, zyskujesz następujące korzyści.\n\nWirtuoz tańca. Masz ułatwienie we wszystkich testach Charyzmy (<LSTag Type=""Skills"" Tooltip=""Performance"">Występy</LSTag>) związanych z tańcem.\n\nObrona bez pancerza. Twoja bazowa Klasa Pancerza wynosi 10 plus twoje modyfikatory Zręczności i Charyzmy.\n\nZwinne ciosy. Gdy w ramach akcji, akcji dodatkowej albo reakcji zużywasz jedno użycie bardowskiej inspiracji, możesz w ramach tej samej czynności wykonać jeden atak bez broni.\n\nBardowskie obrażenia. W testach ataku bez broni możesz używać Zręczności zamiast Siły. Gdy zadajesz obrażenia atakiem bez broni, zamiast zwykłych obrażeń możesz zadać obrażenia obuchowe równe sumie wyniku rzutu kością bardowskiej inspiracji i swojego modyfikatora Zręczności. Ten rzut nie zużywa kości."
h7d579a81g52d6g1a4cg3fe1ge97bcb251943	MORFOLOGIK_RULE_PL_PL	Prawdopodobna literówka	Bardowskie	Wykryto prawdopodobny błąd pisowni	Badowskie, Bartkowskie, Barzowskie, Batowskie, Nartowskie, Artowskie, Bałtowskie, Brdowskie	"Gdy nie nosisz pancerza ani nie dzierżysz tarczy, zyskujesz następujące korzyści.\n\nWirtuoz tańca. Masz ułatwienie we wszystkich testach Charyzmy (<LSTag Type=""Skills"" Tooltip=""Performance"">Występy</LSTag>) związanych z tańcem.\n\nObrona bez pancerza. Twoja bazowa Klasa Pancerza wynosi 10 plus twoje modyfikatory Zręczności i Charyzmy.\n\nZwinne ciosy. Gdy w ramach akcji, akcji dodatkowej albo reakcji zużywasz jedno użycie bardowskiej inspiracji, możesz w ramach tej samej czynności wykonać jeden atak bez broni.\n\nBardowskie obrażenia. W testach ataku bez broni możesz używać Zręczności zamiast Siły. Gdy zadajesz obrażenia atakiem bez broni, zamiast zwykłych obrażeń możesz zadać obrażenia obuchowe równe sumie wyniku rzutu kością bardowskiej inspiracji i swojego modyfikatora Zręczności. Ten rzut nie zużywa kości."
h7d579a81g52d6g1a4cg3fe1ge97bcb251943	MORFOLOGIK_RULE_PL_PL	Prawdopodobna literówka	bardowskiej	Wykryto prawdopodobny błąd pisowni	Badowskiej, Bartkowskiej, Barzowskiej, Batowskiej, Nartowskiej, artowskiej, bartkowskiej, bałtowskiej	"Gdy nie nosisz pancerza ani nie dzierżysz tarczy, zyskujesz następujące korzyści.\n\nWirtuoz tańca. Masz ułatwienie we wszystkich testach Charyzmy (<LSTag Type=""Skills"" Tooltip=""Performance"">Występy</LSTag>) związanych z tańcem.\n\nObrona bez pancerza. Twoja bazowa Klasa Pancerza wynosi 10 plus twoje modyfikatory Zręczności i Charyzmy.\n\nZwinne ciosy. Gdy w ramach akcji, akcji dodatkowej albo reakcji zużywasz jedno użycie bardowskiej inspiracji, możesz w ramach tej samej czynności wykonać jeden atak bez broni.\n\nBardowskie obrażenia. W testach ataku bez broni możesz używać Zręczności zamiast Siły. Gdy zadajesz obrażenia atakiem bez broni, zamiast zwykłych obrażeń możesz zadać obrażenia obuchowe równe sumie wyniku rzutu kością bardowskiej inspiracji i swojego modyfikatora Zręczności. Ten rzut nie zużywa kości."
h2ad23fb9gc206g78bagd3d1g8369951939b3	MORFOLOGIK_RULE_PL_PL	Prawdopodobna literówka	bardowskiej	Wykryto prawdopodobny błąd pisowni	Badowskiej, Bartkowskiej, Barzowskiej, Batowskiej, Nartowskiej, artowskiej, bartkowskiej, bałtowskiej	Możesz wykonać reakcję i wydać jedno użycie bardowskiej inspiracji, aby poruszyć się o połowę swojej szybkości. Wtedy jeden wybrany przez ciebie sojusznik w promieniu 9 m od ciebie może również poruszać się z prędkością o połowę większą. Żaden z ruchów tej cechy nie prowokuje ataków okazyjnych.
h22f95eb6g9866gb41fg1f08gece44a7945f9	MORFOLOGIK_RULE_PL_PL	Prawdopodobna literówka	bardowskiej	Wykryto prawdopodobny błąd pisowni	Badowskiej, Bartkowskiej, Barzowskiej, Batowskiej, Nartowskiej, artowskiej, bartkowskiej, bałtowskiej	Możesz wydać jedno użycie bardowskiej inspiracji, aby zachęcić sojuszników w promieniu 9 m od ciebie. Zachęcony sojusznik otrzymuje premię +5 do następnego rzutu na Inicjatywę.
h6d7a7de1g2c02gc8bbgcf20g79bdbdc08374	MORFOLOGIK_RULE_PL_PL	Prawdopodobna literówka	bardowskiej	Wykryto prawdopodobny błąd pisowni	Badowskiej, Bartkowskiej, Barzowskiej, Batowskiej, Nartowskiej, artowskiej, bartkowskiej, bałtowskiej	Gdy korzystasz z bardowskiej inspiracji w ramach akcji, akcji dodatkowej albo reakcji, możesz w jej ramach wykonać jeden atak bez broni.
h3838231fg4eb9g1855g186cg2e9b9e1e45e6	MORFOLOGIK_RULE_PL_PL	Prawdopodobna literówka	bardowskiej	Wykryto prawdopodobny błąd pisowni	Badowskiej, Bartkowskiej, Barzowskiej, Batowskiej, Nartowskiej, artowskiej, bartkowskiej, bałtowskiej	Gdy korzystasz z bardowskiej inspiracji w ramach akcji, akcji dodatkowej albo reakcji, możesz w jej ramach wykonać jeden atak bez broni.
h9565b8f9gf2e2g563ag5bc6g05137c600621	MORFOLOGIK_RULE_PL_PL	Prawdopodobna literówka	bardowskiej	Wykryto prawdopodobny błąd pisowni	Badowskiej, Bartkowskiej, Barzowskiej, Batowskiej, Nartowskiej, artowskiej, bartkowskiej, bałtowskiej	Możesz wykonać reakcję i wydać jedno użycie bardowskiej inspiracji, aby poruszyć się o połowę swojej szybkości. Wtedy jeden wybrany przez ciebie sojusznik w promieniu 9 m od ciebie może również poruszać się z prędkością o połowę większą. Żaden z ruchów tej cechy nie prowokuje ataków okazyjnych.
h22dd46abgbee6g491bg8b3eg17ea18400639	MORFOLOGIK_RULE_PL_PL	Prawdopodobna literówka	bardowskiej	Wykryto prawdopodobny błąd pisowni	Badowskiej, Bartkowskiej, Barzowskiej, Batowskiej, Nartowskiej, artowskiej, bartkowskiej, bałtowskiej	Możesz wydać jedno użycie bardowskiej inspiracji, aby zachęcić sojuszników w promieniu 9 m od ciebie. Zachęcony sojusznik otrzymuje premię +5 do następnego rzutu na Inicjatywę.
h2d02ec84g3e0bgc04dg1756g3cb36683f435	MORFOLOGIK_RULE_PL_PL	Prawdopodobna literówka	1k4	Wykryto prawdopodobny błąd pisowni		Ilekroć istota wykona przeciwko tobie test ataku przed zakończeniem czaru, atakujący odejmuje 1k4 od testu ataku.
hbb6b628eg2a57g6250g3b13g87d1d2155d94	MORFOLOGIK_RULE_PL_PL	Prawdopodobna literówka	1k4	Wykryto prawdopodobny błąd pisowni		Ilekroć istota wykona przeciwko tobie test ataku przed zakończeniem czaru, atakujący odejmuje 1k4 od testu ataku.
h9272c5c1g1dc9g193fg385dg4ccea106a7ad	MORFOLOGIK_RULE_PL_PL	Prawdopodobna literówka	1k4	Wykryto prawdopodobny błąd pisowni		Ilekroć istota wykona przeciwko tobie test ataku przed zakończeniem czaru, atakujący odejmuje 1k4 od testu ataku.
h4405cd9eg35f5g6fa4g01c6g020ed526c1e0	MORFOLOGIK_RULE_PL_PL	Prawdopodobna literówka	1k4	Wykryto prawdopodobny błąd pisowni		Ilekroć istota wykona przeciwko tobie test ataku przed zakończeniem czaru, atakujący odejmuje 1k4 od testu ataku.
h526796c0g7033g01b1g9d4eg2dad2e203b62	MORFOLOGIK_RULE_PL_PL	Prawdopodobna literówka	Plugawica	Wykryto prawdopodobny błąd pisowni	Plugawic, Plugawice, Plugawca, Plugawią, Plugawiąca, Plugawiącą, Plugawić, Plugawiła	Zaraza: Plugawica
hfc1438b7g6f56g436cg9eccga92207802562	MORFOLOGIK_RULE_PL_PL	Prawdopodobna literówka	Leproza	Wykryto prawdopodobny błąd pisowni	Lepro za	Zaraza: Leproza gnilna
h0ce6273dg8fb2g5e40gb370g2250273aca87	MORFOLOGIK_RULE_PL_PL	Prawdopodobna literówka	Wstrząsówka	Wykryto prawdopodobny błąd pisowni	Wstrząsowa, Wstrząsową, Wstrząsów ka	Zaraza: Wstrząsówka
hc421c06eg7266g8444g3e70g03d5b5fcf166	MORFOLOGIK_RULE_PL_PL	Prawdopodobna literówka	4k8	Wykryto prawdopodobny błąd pisowni	4K	Gdy twój atak trafia albo chybia cel, używana broń lub amunicja przemienia się w błyskawicę. Zamiast obrażeń i innych efektów ataku cel otrzymuje 4k8 obrażeń od elektryczności przy trafieniu albo połowę tych obrażeń przy chybieniu. Każda istota w promieniu 3 m od celu otrzymuje 2k8 obrażeń od elektryczności.
hc421c06eg7266g8444g3e70g03d5b5fcf166	MORFOLOGIK_RULE_PL_PL	Prawdopodobna literówka	2k8	Wykryto prawdopodobny błąd pisowni		Gdy twój atak trafia albo chybia cel, używana broń lub amunicja przemienia się w błyskawicę. Zamiast obrażeń i innych efektów ataku cel otrzymuje 4k8 obrażeń od elektryczności przy trafieniu albo połowę tych obrażeń przy chybieniu. Każda istota w promieniu 3 m od celu otrzymuje 2k8 obrażeń od elektryczności.
hbc4b3cdeg1f95g6b65gad88g180de678c0b5	MORFOLOGIK_RULE_PL_PL	Prawdopodobna literówka	4k8	Wykryto prawdopodobny błąd pisowni	4K	Gdy twój atak trafia albo chybia cel, używana broń lub amunicja przemienia się w błyskawicę. Zamiast obrażeń i innych efektów ataku cel otrzymuje 4k8 obrażeń od elektryczności przy trafieniu albo połowę tych obrażeń przy chybieniu. Każda istota w promieniu 3 m od celu otrzymuje 2k8 obrażeń od elektryczności.
hbc4b3cdeg1f95g6b65gad88g180de678c0b5	MORFOLOGIK_RULE_PL_PL	Prawdopodobna literówka	2k8	Wykryto prawdopodobny błąd pisowni		Gdy twój atak trafia albo chybia cel, używana broń lub amunicja przemienia się w błyskawicę. Zamiast obrażeń i innych efektów ataku cel otrzymuje 4k8 obrażeń od elektryczności przy trafieniu albo połowę tych obrażeń przy chybieniu. Każda istota w promieniu 3 m od celu otrzymuje 2k8 obrażeń od elektryczności.
h13cf2c9bg80e6g0163g3e81g9d59cc051df8	MORFOLOGIK_RULE_PL_PL	Prawdopodobna literówka	4k8	Wykryto prawdopodobny błąd pisowni	4K	Gdy twój atak trafia albo chybia cel, używana broń lub amunicja przemienia się w błyskawicę. Zamiast obrażeń i innych efektów ataku cel otrzymuje 4k8 obrażeń od elektryczności przy trafieniu albo połowę tych obrażeń przy chybieniu. Każda istota w promieniu 3 m od celu otrzymuje 2k8 obrażeń od elektryczności.
h13cf2c9bg80e6g0163g3e81g9d59cc051df8	MORFOLOGIK_RULE_PL_PL	Prawdopodobna literówka	2k8	Wykryto prawdopodobny błąd pisowni		Gdy twój atak trafia albo chybia cel, używana broń lub amunicja przemienia się w błyskawicę. Zamiast obrażeń i innych efektów ataku cel otrzymuje 4k8 obrażeń od elektryczności przy trafieniu albo połowę tych obrażeń przy chybieniu. Każda istota w promieniu 3 m od celu otrzymuje 2k8 obrażeń od elektryczności.
hf3454d49ga887g5e0fg8d2agc0bbd2b7d8f1	BRAK_SPACJI_NAWIAS	Błędy typograficzne	+[	"Brak spacji przed nawisem: ""+ [""."	+ [	Dotykasz niemagicznej broni. Do zakończenia czaru staje się ona magiczna i zapewnia premię +[1] do testów ataku i rzutów na obrażenia. Czar kończy się wcześniej, jeśli rzucisz go ponownie.
h3de4daa5g270dgd865g3b17g917d23d9331c	BRAK_SPACJI_NAWIAS	Błędy typograficzne	+[	"Brak spacji przed nawisem: ""+ [""."	+ [	Dotykasz niemagicznej broni. Do zakończenia czaru staje się ona magiczna i zapewnia premię +[1] do testów ataku i rzutów na obrażenia. Czar kończy się wcześniej, jeśli rzucisz go ponownie.
h50bff1e7g1854g3605g542bg6e07ef5207cb	BRAK_SPACJI_NAWIAS	Błędy typograficzne	+[	"Brak spacji przed nawisem: ""+ [""."	+ [	Dotykasz niemagicznej broni. Do zakończenia czaru staje się ona magiczna i zapewnia premię +[1] do testów ataku i rzutów na obrażenia. Czar kończy się wcześniej, jeśli rzucisz go ponownie.
hfa97514cg1b62ge708ge36dg6b7323d4da3e	BRAK_SPACJI_NAWIAS	Błędy typograficzne	+[	"Brak spacji przed nawisem: ""+ [""."	+ [	Dotykasz niemagicznej broni. Do zakończenia czaru staje się ona magiczna i zapewnia premię +[1] do testów ataku i rzutów na obrażenia. Czar kończy się wcześniej, jeśli rzucisz go ponownie.
h85706f21g3bf8g589fgb2e1gb85b9c796d1c	BRAK_SPACJI_NAWIAS	Błędy typograficzne	+[	"Brak spacji przed nawisem: ""+ [""."	+ [	Dotykasz niemagicznej broni. Do zakończenia czaru staje się ona magiczna i zapewnia premię +[1] do testów ataku i rzutów na obrażenia. Czar kończy się wcześniej, jeśli rzucisz go ponownie.
h7d1b5755g3943g8854gdc14g83c3921a9c89	SKROTY_Z_KROPKA	Błędy ortograficzne	ST	"Ten skrót piszemy z kropką: ""ST."""	ST.	"Przywołujesz widmowego rumaka w niezajętym miejscu obok celu, który natychmiast go dosiada.\n\nW każdej swojej turze rumak może wykonać jedną z następujących akcji: <LSTag Type=""Spell"" Tooltip=""Shout_Dash"">Sprint</LSTag>, Odstąpienie albo Unik.\n\nGdy podczas jazdy na rumaku otrzymasz co najmniej 4 obrażenia, musisz wykonać rzut obronny na Zręczność o ST 8. Przy niepowodzeniu spadasz z rumaka i otrzymujesz stan Powalenia na 1 turę.\n\nRumaka może zobaczyć tylko gracz o czystym sercu."
he5f0f47cg9e31g78f9g3de0gbcdc5fe67dd8	SKROTY_Z_KROPKA	Błędy ortograficzne	ST	"Ten skrót piszemy z kropką: ""ST."""	ST.	"Przywołujesz widmowego rumaka w niezajętym miejscu obok celu, który natychmiast go dosiada.\n\nW każdej swojej turze rumak może wykonać jedną z następujących akcji: <LSTag Type=""Spell"" Tooltip=""Shout_Dash"">Sprint</LSTag>, Odstąpienie albo Unik.\n\nGdy podczas jazdy na rumaku otrzymasz co najmniej 4 obrażenia, musisz wykonać rzut obronny na Zręczność o ST 8. Przy niepowodzeniu spadasz z rumaka i otrzymujesz stan Powalenia na 1 turę.\n\nRumaka może zobaczyć tylko gracz o czystym sercu."
h5f226a79g1b15g405cgf870gf64805e10151	MORFOLOGIK_RULE_PL_PL	Prawdopodobna literówka	k20	Wykryto prawdopodobny błąd pisowni	KRO, K2, KKO	Promień wysysającej energii wystrzeliwuje od ciebie ku jednej istocie w zasięgu. Cel wykonuje rzut obronny na Kondycję. Przy powodzeniu ma utrudnienie w następnym teście ataku wykonanym przed początkiem twojej następnej tury.\n\nPrzy niepowodzeniu przez czas trwania czaru ma utrudnienie we wszystkich testach k20 opartych na Sile i odejmuje 1k8 od wszystkich swoich rzutów na obrażenia. Na koniec każdej swojej tury cel powtarza rzut obronny, kończąc czar przy powodzeniu.
h5f226a79g1b15g405cgf870gf64805e10151	MORFOLOGIK_RULE_PL_PL	Prawdopodobna literówka	1k8	Wykryto prawdopodobny błąd pisowni		Promień wysysającej energii wystrzeliwuje od ciebie ku jednej istocie w zasięgu. Cel wykonuje rzut obronny na Kondycję. Przy powodzeniu ma utrudnienie w następnym teście ataku wykonanym przed początkiem twojej następnej tury.\n\nPrzy niepowodzeniu przez czas trwania czaru ma utrudnienie we wszystkich testach k20 opartych na Sile i odejmuje 1k8 od wszystkich swoich rzutów na obrażenia. Na koniec każdej swojej tury cel powtarza rzut obronny, kończąc czar przy powodzeniu.
h58d34c7bgba94g21d5gf05ag4ed5c0aea0ab	MORFOLOGIK_RULE_PL_PL	Prawdopodobna literówka	k20	Wykryto prawdopodobny błąd pisowni	KRO, K2, KKO	Promień wysysającej energii wystrzeliwuje od ciebie ku jednej istocie w zasięgu. Cel wykonuje rzut obronny na Kondycję. Przy powodzeniu ma utrudnienie w następnym teście ataku wykonanym przed początkiem twojej następnej tury.\n\nPrzy niepowodzeniu przez czas trwania czaru ma utrudnienie we wszystkich testach k20 opartych na Sile i odejmuje 1k8 od wszystkich swoich rzutów na obrażenia. Na koniec każdej swojej tury cel powtarza rzut obronny, kończąc czar przy powodzeniu.
h58d34c7bgba94g21d5gf05ag4ed5c0aea0ab	MORFOLOGIK_RULE_PL_PL	Prawdopodobna literówka	1k8	Wykryto prawdopodobny błąd pisowni		Promień wysysającej energii wystrzeliwuje od ciebie ku jednej istocie w zasięgu. Cel wykonuje rzut obronny na Kondycję. Przy powodzeniu ma utrudnienie w następnym teście ataku wykonanym przed początkiem twojej następnej tury.\n\nPrzy niepowodzeniu przez czas trwania czaru ma utrudnienie we wszystkich testach k20 opartych na Sile i odejmuje 1k8 od wszystkich swoich rzutów na obrażenia. Na koniec każdej swojej tury cel powtarza rzut obronny, kończąc czar przy powodzeniu.
h0b14dd67gb5f5gc96dg4d31g57097dbedd01	MORFOLOGIK_RULE_PL_PL	Prawdopodobna literówka	k20	Wykryto prawdopodobny błąd pisowni	KRO, K2, KKO	Promień wysysającej energii wystrzeliwuje od ciebie ku jednej istocie w zasięgu. Cel wykonuje rzut obronny na Kondycję. Przy powodzeniu ma utrudnienie w następnym teście ataku wykonanym przed początkiem twojej następnej tury.\n\nPrzy niepowodzeniu przez czas trwania czaru ma utrudnienie we wszystkich testach k20 opartych na Sile i odejmuje 1k8 od wszystkich swoich rzutów na obrażenia. Na koniec każdej swojej tury cel powtarza rzut obronny, kończąc czar przy powodzeniu.
h0b14dd67gb5f5gc96dg4d31g57097dbedd01	MORFOLOGIK_RULE_PL_PL	Prawdopodobna literówka	1k8	Wykryto prawdopodobny błąd pisowni		Promień wysysającej energii wystrzeliwuje od ciebie ku jednej istocie w zasięgu. Cel wykonuje rzut obronny na Kondycję. Przy powodzeniu ma utrudnienie w następnym teście ataku wykonanym przed początkiem twojej następnej tury.\n\nPrzy niepowodzeniu przez czas trwania czaru ma utrudnienie we wszystkich testach k20 opartych na Sile i odejmuje 1k8 od wszystkich swoich rzutów na obrażenia. Na koniec każdej swojej tury cel powtarza rzut obronny, kończąc czar przy powodzeniu.
h2eb3007dg66b1g256cg24e5g51538a8f09c9	MORFOLOGIK_RULE_PL_PL	Prawdopodobna literówka	k20	Wykryto prawdopodobny błąd pisowni	KRO, K2, KKO	Promień wysysającej energii wystrzeliwuje od ciebie ku jednej istocie w zasięgu. Cel wykonuje rzut obronny na Kondycję. Przy powodzeniu ma utrudnienie w następnym teście ataku wykonanym przed początkiem twojej następnej tury.\n\nPrzy niepowodzeniu przez czas trwania czaru ma utrudnienie we wszystkich testach k20 opartych na Sile i odejmuje 1k8 od wszystkich swoich rzutów na obrażenia. Na koniec każdej swojej tury cel powtarza rzut obronny, kończąc czar przy powodzeniu.
h2eb3007dg66b1g256cg24e5g51538a8f09c9	MORFOLOGIK_RULE_PL_PL	Prawdopodobna literówka	1k8	Wykryto prawdopodobny błąd pisowni		Promień wysysającej energii wystrzeliwuje od ciebie ku jednej istocie w zasięgu. Cel wykonuje rzut obronny na Kondycję. Przy powodzeniu ma utrudnienie w następnym teście ataku wykonanym przed początkiem twojej następnej tury.\n\nPrzy niepowodzeniu przez czas trwania czaru ma utrudnienie we wszystkich testach k20 opartych na Sile i odejmuje 1k8 od wszystkich swoich rzutów na obrażenia. Na koniec każdej swojej tury cel powtarza rzut obronny, kończąc czar przy powodzeniu.
h07724cb8g58c2g9aaag313cg5be5871047e1	MORFOLOGIK_RULE_PL_PL	Prawdopodobna literówka	k20	Wykryto prawdopodobny błąd pisowni	KRO, K2, KKO	Promień wysysającej energii wystrzeliwuje od ciebie ku jednej istocie w zasięgu. Cel wykonuje rzut obronny na Kondycję. Przy powodzeniu ma utrudnienie w następnym teście ataku wykonanym przed początkiem twojej następnej tury.\n\nPrzy niepowodzeniu przez czas trwania czaru ma utrudnienie we wszystkich testach k20 opartych na Sile i odejmuje 1k8 od wszystkich swoich rzutów na obrażenia. Na koniec każdej swojej tury cel powtarza rzut obronny, kończąc czar przy powodzeniu.
h07724cb8g58c2g9aaag313cg5be5871047e1	MORFOLOGIK_RULE_PL_PL	Prawdopodobna literówka	1k8	Wykryto prawdopodobny błąd pisowni		Promień wysysającej energii wystrzeliwuje od ciebie ku jednej istocie w zasięgu. Cel wykonuje rzut obronny na Kondycję. Przy powodzeniu ma utrudnienie w następnym teście ataku wykonanym przed początkiem twojej następnej tury.\n\nPrzy niepowodzeniu przez czas trwania czaru ma utrudnienie we wszystkich testach k20 opartych na Sile i odejmuje 1k8 od wszystkich swoich rzutów na obrażenia. Na koniec każdej swojej tury cel powtarza rzut obronny, kończąc czar przy powodzeniu.
h6f9f97e3gf464g5501g588eg5db8ef9b538f	MORFOLOGIK_RULE_PL_PL	Prawdopodobna literówka	k20	Wykryto prawdopodobny błąd pisowni	KRO, K2, KKO	Przez czas trwania czaru cel ma utrudnienie we wszystkich testach k20 opartych na Sile i odejmuje 1k8 od wszystkich swoich rzutów na obrażenia. Na koniec każdej swojej tury powtarza rzut obronny, kończąc czar przy powodzeniu.
h6f9f97e3gf464g5501g588eg5db8ef9b538f	MORFOLOGIK_RULE_PL_PL	Prawdopodobna literówka	1k8	Wykryto prawdopodobny błąd pisowni		Przez czas trwania czaru cel ma utrudnienie we wszystkich testach k20 opartych na Sile i odejmuje 1k8 od wszystkich swoich rzutów na obrażenia. Na koniec każdej swojej tury powtarza rzut obronny, kończąc czar przy powodzeniu.
hd537bc94g933ag4203ga905g390b91aed106	MORFOLOGIK_RULE_PL_PL	Prawdopodobna literówka	1k4	Wykryto prawdopodobny błąd pisowni		Dotykasz przyjaznej istoty. Gdy otrzyma obrażenia przed końcem czaru, zmniejsza łączną wartość tych obrażeń o 1k4. Istota może skorzystać z tego czaru tylko raz na turę.
hb291dd01gaa36gf848g9cb2g11776f6a95ba	MORFOLOGIK_RULE_PL_PL	Prawdopodobna literówka	1k4	Wykryto prawdopodobny błąd pisowni		Dotykasz przyjaznej istoty. Gdy otrzyma obrażenia przed końcem czaru, zmniejsza łączną wartość tych obrażeń o 1k4. Istota może skorzystać z tego czaru tylko raz na turę.
h9d6a4e32g87edg4607g6cd5g19197e4e0034	MORFOLOGIK_RULE_PL_PL	Prawdopodobna literówka	1k4	Wykryto prawdopodobny błąd pisowni		Dotykasz przyjaznej istoty. Gdy otrzyma obrażenia przed końcem czaru, zmniejsza łączną wartość tych obrażeń o 1k4. Istota może skorzystać z tego czaru tylko raz na turę.
h1e40a51eg6772g87d3ga8a6gd8b5dcc5e0f0	MORFOLOGIK_RULE_PL_PL	Prawdopodobna literówka	1k4	Wykryto prawdopodobny błąd pisowni		Dotykasz przyjaznej istoty. Gdy otrzyma obrażenia przed końcem czaru, zmniejsza łączną wartość tych obrażeń o 1k4. Istota może skorzystać z tego czaru tylko raz na turę.
h017b9fabgf86fg784ag16d2g0ce3617ead28	MORFOLOGIK_RULE_PL_PL	Prawdopodobna literówka	Snilloca	Wykryto prawdopodobny błąd pisowni		Rój śnieżek Snilloca
hd9de5da7g002ag9970g205agdaf99dc1ddd9	MORFOLOGIK_RULE_PL_PL	Prawdopodobna literówka	Snilloca	Wykryto prawdopodobny błąd pisowni		Rój śnieżek Snilloca
h520061aagfd3bg1e64g6e2dg7bfb16deeec1	MORFOLOGIK_RULE_PL_PL	Prawdopodobna literówka	Tashy	Wykryto prawdopodobny błąd pisowni	Taśmy, Tahy, Tassy, Hashy, Kashy, Tasy, Taszy, Washy	Bicz umysłu Tashy
h045ce8b1g3aa7gda4dgce76ge7dd467da035	MORFOLOGIK_RULE_PL_PL	Prawdopodobna literówka	Tashy	Wykryto prawdopodobny błąd pisowni	Taśmy, Tahy, Tassy, Hashy, Kashy, Tasy, Taszy, Washy	Bicz umysłu Tashy
h6a4c6bc1g64e8gd02bg6b68g3e2d7bb52c48	MORFOLOGIK_RULE_PL_PL	Prawdopodobna literówka	1k10	Wykryto prawdopodobny błąd pisowni		Gdy widoczna istota trafia testem ataku inną istotę w promieniu [1] od ciebie, możesz w ramach reakcji zmniejszyć obrażenia otrzymane przez cel o 1k10 plus twoja premia z biegłości. Aby skorzystać z tej reakcji, musisz trzymać tarczę albo broń prostą lub bojową.
hb9ea2886ge218gb461g7d99gf5eea1cf55f9	MORFOLOGIK_RULE_PL_PL	Prawdopodobna literówka	1k6	Wykryto prawdopodobny błąd pisowni		Kiedy uderzasz swoim atakiem bez broni i zadajesz obrażenia, możesz zadać obrażenia obuchowe równe 1k6 plus twój modyfikator Siły zamiast normalnych obrażeń ataku bez broni.
hb5fed628gc7a2g2040gd0adgb152d0d9aa4a	MORFOLOGIK_RULE_PL_PL	Prawdopodobna literówka	1k8	Wykryto prawdopodobny błąd pisowni		Medyk bojowy. Możesz przywrócić istocie 1k8 punktów wytrzymałości. Z tej zdolności możesz skorzystać tyle razy, ile wynosi twoja premia z biegłości, a wszystkie użycia odzyskujesz po długim odpoczynku.\n\nLeczenie. Za każdym razem, gdy przywracasz istocie punkty wytrzymałości, odzyskuje ona dodatkowe punkty wytrzymałości w liczbie równej twojej premii z biegłości.
hf4670cedg622ag16adgd7fbgf472400d198b	MORFOLOGIK_RULE_PL_PL	Prawdopodobna literówka	1k8	Wykryto prawdopodobny błąd pisowni		Medyk bojowy. Możesz przywrócić istocie 1k8 punktów wytrzymałości. Z tej zdolności możesz skorzystać tyle razy, ile wynosi twoja premia z biegłości, a wszystkie użycia odzyskujesz po długim odpoczynku.\n\nLeczenie. Za każdym razem, gdy przywracasz istocie punkty wytrzymałości, odzyskuje ona dodatkowe punkty wytrzymałości w liczbie równej twojej premii z biegłości.
h7d366d57g2abcg334egec99gd574e5abbc31	MORFOLOGIK_RULE_PL_PL	Prawdopodobna literówka	2k6	Wykryto prawdopodobny błąd pisowni		W ramach akcji Magii możesz zużyć jedno użycie Dzikiej Postaci i wybrać punkt w promieniu 18 m od siebie. W sferze o promieniu 3 m, której środkiem jest ten punkt, pojawiają się na chwilę życiodajne kwiaty i ciernie wysysające życie. Wrogie istoty w sferze otrzymują 2k6 obrażeń nekrotycznych. Pozostałe istoty na tym obszarze odzyskują 2k6 punktów wytrzymałości.\n\nObrażenia i leczenie zwiększają się o 1k6 na 5. poziomie druida (3k6) i ponownie na 10. poziomie (4k6).
h7d366d57g2abcg334egec99gd574e5abbc31	MORFOLOGIK_RULE_PL_PL	Prawdopodobna literówka	2k6	Wykryto prawdopodobny błąd pisowni		W ramach akcji Magii możesz zużyć jedno użycie Dzikiej Postaci i wybrać punkt w promieniu 18 m od siebie. W sferze o promieniu 3 m, której środkiem jest ten punkt, pojawiają się na chwilę życiodajne kwiaty i ciernie wysysające życie. Wrogie istoty w sferze otrzymują 2k6 obrażeń nekrotycznych. Pozostałe istoty na tym obszarze odzyskują 2k6 punktów wytrzymałości.\n\nObrażenia i leczenie zwiększają się o 1k6 na 5. poziomie druida (3k6) i ponownie na 10. poziomie (4k6).
h7d366d57g2abcg334egec99gd574e5abbc31	MORFOLOGIK_RULE_PL_PL	Prawdopodobna literówka	1k6	Wykryto prawdopodobny błąd pisowni		W ramach akcji Magii możesz zużyć jedno użycie Dzikiej Postaci i wybrać punkt w promieniu 18 m od siebie. W sferze o promieniu 3 m, której środkiem jest ten punkt, pojawiają się na chwilę życiodajne kwiaty i ciernie wysysające życie. Wrogie istoty w sferze otrzymują 2k6 obrażeń nekrotycznych. Pozostałe istoty na tym obszarze odzyskują 2k6 punktów wytrzymałości.\n\nObrażenia i leczenie zwiększają się o 1k6 na 5. poziomie druida (3k6) i ponownie na 10. poziomie (4k6).
h7d366d57g2abcg334egec99gd574e5abbc31	MORFOLOGIK_RULE_PL_PL	Prawdopodobna literówka	3k6	Wykryto prawdopodobny błąd pisowni		W ramach akcji Magii możesz zużyć jedno użycie Dzikiej Postaci i wybrać punkt w promieniu 18 m od siebie. W sferze o promieniu 3 m, której środkiem jest ten punkt, pojawiają się na chwilę życiodajne kwiaty i ciernie wysysające życie. Wrogie istoty w sferze otrzymują 2k6 obrażeń nekrotycznych. Pozostałe istoty na tym obszarze odzyskują 2k6 punktów wytrzymałości.\n\nObrażenia i leczenie zwiększają się o 1k6 na 5. poziomie druida (3k6) i ponownie na 10. poziomie (4k6).
h7d366d57g2abcg334egec99gd574e5abbc31	MORFOLOGIK_RULE_PL_PL	Prawdopodobna literówka	4k6	Wykryto prawdopodobny błąd pisowni	4K	W ramach akcji Magii możesz zużyć jedno użycie Dzikiej Postaci i wybrać punkt w promieniu 18 m od siebie. W sferze o promieniu 3 m, której środkiem jest ten punkt, pojawiają się na chwilę życiodajne kwiaty i ciernie wysysające życie. Wrogie istoty w sferze otrzymują 2k6 obrażeń nekrotycznych. Pozostałe istoty na tym obszarze odzyskują 2k6 punktów wytrzymałości.\n\nObrażenia i leczenie zwiększają się o 1k6 na 5. poziomie druida (3k6) i ponownie na 10. poziomie (4k6).
he83b406cg6857g3e88gd60dg2ef8a8d31d88	SKROTY_Z_KROPKA	Błędy ortograficzne	ST	"Ten skrót piszemy z kropką: ""ST."""	ST.	W ramach akcji dodatkowej możesz zużyć jedno użycie Dzikiej Postaci, aby przejawić otaczającą cię emanację morskiej bryzy o promieniu 1,5 m. Emanacja kończy się wcześniej, jeśli ją zakończysz (bez użycia akcji), przejawisz ponownie albo otrzymasz stan Obezwładnienia.\n\nGdy przejawiasz emanację, a także w ramach akcji dodatkowej w kolejnych turach, możesz wybrać inną widoczną istotę w jej obrębie. Cel musi wykonać rzut obronny na Kondycję przeciwko twojemu ST obrony przed czarami; w razie niepowodzenia otrzymuje obrażenia od zimna, a jeśli ma rozmiar duży lub mniejszy, zostaje odepchnięty do 4,5 m od ciebie. Aby określić obrażenia, rzuć tyloma k6, ile wynosi twój modyfikator Mądrości.
he83b406cg6857g3e88gd60dg2ef8a8d31d88	MORFOLOGIK_RULE_PL_PL	Prawdopodobna literówka	k6	Wykryto prawdopodobny błąd pisowni	km, kg, ks, ku, KC, kW, KP, KK	W ramach akcji dodatkowej możesz zużyć jedno użycie Dzikiej Postaci, aby przejawić otaczającą cię emanację morskiej bryzy o promieniu 1,5 m. Emanacja kończy się wcześniej, jeśli ją zakończysz (bez użycia akcji), przejawisz ponownie albo otrzymasz stan Obezwładnienia.\n\nGdy przejawiasz emanację, a także w ramach akcji dodatkowej w kolejnych turach, możesz wybrać inną widoczną istotę w jej obrębie. Cel musi wykonać rzut obronny na Kondycję przeciwko twojemu ST obrony przed czarami; w razie niepowodzenia otrzymuje obrażenia od zimna, a jeśli ma rozmiar duży lub mniejszy, zostaje odepchnięty do 4,5 m od ciebie. Aby określić obrażenia, rzuć tyloma k6, ile wynosi twój modyfikator Mądrości.
hfce3b1a5gd494ge7ddge2b2gaa37f42771ce	SKROTY_Z_KROPKA	Błędy ortograficzne	ST	"Ten skrót piszemy z kropką: ""ST."""	ST.	Cel musi wykonać rzut obronny na Kondycję przeciwko twojemu ST obrony przed czarami; w razie niepowodzenia otrzymuje obrażenia od zimna, a jeśli ma rozmiar duży lub mniejszy, zostaje odepchnięty do 4,5 m od ciebie. Aby określić obrażenia, rzuć tyloma k6, ile wynosi twój modyfikator Mądrości.
hfce3b1a5gd494ge7ddge2b2gaa37f42771ce	MORFOLOGIK_RULE_PL_PL	Prawdopodobna literówka	k6	Wykryto prawdopodobny błąd pisowni	km, kg, ks, ku, KC, kW, KP, KK	Cel musi wykonać rzut obronny na Kondycję przeciwko twojemu ST obrony przed czarami; w razie niepowodzenia otrzymuje obrażenia od zimna, a jeśli ma rozmiar duży lub mniejszy, zostaje odepchnięty do 4,5 m od ciebie. Aby określić obrażenia, rzuć tyloma k6, ile wynosi twój modyfikator Mądrości.
h7448ea4fg8ab9g8b26gf04dg6a7767cae2dd	MORFOLOGIK_RULE_PL_PL	Prawdopodobna literówka	Fey	Wykryto prawdopodobny błąd pisowni	Fe, Fen, Key, Fes, Fez, Fee, Feb, Feby	Wędrowiec Fey
h60b4a6b6g2c59g4b4cgb657g5872fb1a68d4	MORFOLOGIK_RULE_PL_PL	Prawdopodobna literówka	fey	Wykryto prawdopodobny błąd pisowni	fe, fen, key, fes, fez, fee, Fe, Feb	Otacza cię tajemnicza aura fey — dar arcyfey albo skutek przemiany w jednym z miejsc Feywild. Niezależnie od źródła tej magii jesteś teraz Wędrowcem Fey. Twój radosny śmiech podnosi na duchu uciśnionych, a biegłość w walce napełnia wrogów grozą. Wesołość fey jest bowiem wielka, a ich gniew straszliwy.
h60b4a6b6g2c59g4b4cgb657g5872fb1a68d4	MORFOLOGIK_RULE_PL_PL	Prawdopodobna literówka	arcyfey	Wykryto prawdopodobny błąd pisowni		Otacza cię tajemnicza aura fey — dar arcyfey albo skutek przemiany w jednym z miejsc Feywild. Niezależnie od źródła tej magii jesteś teraz Wędrowcem Fey. Twój radosny śmiech podnosi na duchu uciśnionych, a biegłość w walce napełnia wrogów grozą. Wesołość fey jest bowiem wielka, a ich gniew straszliwy.
h60b4a6b6g2c59g4b4cgb657g5872fb1a68d4	MORFOLOGIK_RULE_PL_PL	Prawdopodobna literówka	Feywild	Wykryto prawdopodobny błąd pisowni		Otacza cię tajemnicza aura fey — dar arcyfey albo skutek przemiany w jednym z miejsc Feywild. Niezależnie od źródła tej magii jesteś teraz Wędrowcem Fey. Twój radosny śmiech podnosi na duchu uciśnionych, a biegłość w walce napełnia wrogów grozą. Wesołość fey jest bowiem wielka, a ich gniew straszliwy.
h60b4a6b6g2c59g4b4cgb657g5872fb1a68d4	MORFOLOGIK_RULE_PL_PL	Prawdopodobna literówka	Fey	Wykryto prawdopodobny błąd pisowni	Fe, Fen, Key, Fes, Fez, Fee, Feb, Feby	Otacza cię tajemnicza aura fey — dar arcyfey albo skutek przemiany w jednym z miejsc Feywild. Niezależnie od źródła tej magii jesteś teraz Wędrowcem Fey. Twój radosny śmiech podnosi na duchu uciśnionych, a biegłość w walce napełnia wrogów grozą. Wesołość fey jest bowiem wielka, a ich gniew straszliwy.
h60b4a6b6g2c59g4b4cgb657g5872fb1a68d4	MORFOLOGIK_RULE_PL_PL	Prawdopodobna literówka	fey	Wykryto prawdopodobny błąd pisowni	fe, fen, key, fes, fez, fee, Fe, Feb	Otacza cię tajemnicza aura fey — dar arcyfey albo skutek przemiany w jednym z miejsc Feywild. Niezależnie od źródła tej magii jesteś teraz Wędrowcem Fey. Twój radosny śmiech podnosi na duchu uciśnionych, a biegłość w walce napełnia wrogów grozą. Wesołość fey jest bowiem wielka, a ich gniew straszliwy.
h2c7c5414g15dagaf08gfc1fg11fb9d066b49	MORFOLOGIK_RULE_PL_PL	Prawdopodobna literówka	Duszostrze	Wykryto prawdopodobny błąd pisowni	Dusz ostrze	Duszostrze
h9d72f0d7g2c0egb1bbgde11g3864f11ceed2	MORFOLOGIK_RULE_PL_PL	Prawdopodobna literówka	Duszostrze	Wykryto prawdopodobny błąd pisowni	Dusz ostrze	Duszostrze atakuje umysłem, przecinając zarówno fizyczne, jak i psychiczne bariery. Łotrzykowie tej podklasy odkrywają w sobie moc psioniczną i wykorzystują ją w swoim fachu. Zdolności te mogły prześladować cię od dzieciństwa, ujawniając pełnię potencjału dopiero pod wpływem trudów życia poszukiwacza przygód. Możliwe też, że należysz do zakonu adeptów psioniki i przez lata uczysz się przejawiać swoją moc.
ha4121401g58f8gaedagc70dg1c134e1ef50a	MORFOLOGIK_RULE_PL_PL	Prawdopodobna literówka	k6	Wykryto prawdopodobny błąd pisowni	km, kg, ks, ku, KC, kW, KP, KK	Skrywasz w sobie źródło energii psionicznej, którą reprezentują kości energii psionicznej napędzające moce tej podklasy. Wraz z kolejnymi poziomami wojownika rosną liczba i rozmiar tych kości: na 3. poziomie masz cztery k6, na 5. poziomie sześć k8, na 9. poziomie osiem k8, a na 11. poziomie osiem k10.\n\nZdolności tej podklasy korzystające z kości energii psionicznej mogą używać wyłącznie jej kości. Niektóre moce zużywają kość zgodnie ze swoim opisem; nie możesz użyć takiej mocy, jeśli nie masz już żadnych niewykorzystanych kości energii psionicznej.\n\nPo krótkim odpoczynku odzyskujesz jedną zużytą kość energii psionicznej, a po długim odpoczynku — wszystkie.\n\nPole ochronne. Gdy ty albo inna widoczna istota w promieniu 9 m od ciebie otrzymuje obrażenia, możesz w ramach reakcji zużyć jedną kość energii psionicznej i nią rzucić. Zmniejszasz obrażenia o sumę wyniku rzutu i swojego modyfikatora Inteligencji (co najmniej o 1), tworząc chwilową osłonę z telekinetycznej mocy.\n\nUderzenie psioniczne. Możesz nasycać broń siłą psioniczną. Raz na turę, natychmiast po trafieniu atakiem celu w promieniu 9 m od siebie i zadaniu mu obrażeń bronią, możesz zużyć kość energii psionicznej i nią rzucić. Cel otrzymuje obrażenia od mocy równe sumie wyniku rzutu i twojego modyfikatora Inteligencji.\n\nRuch telekinetyczny. Możesz poruszać przedmiotami i istotami za pomocą umysłu. W ramach akcji Magii wybierz widoczny cel w promieniu 9 m od siebie. Musi nim być luźny przedmiot o rozmiarze dużym lub mniejszym albo chętna istota inna niż ty. Przenosisz cel do 9 m na widoczne, niezajęte miejsce. Jeśli celem jest maleńki przedmiot, możesz zamiast tego przenieść go do swojej dłoni albo z niej.
ha4121401g58f8gaedagc70dg1c134e1ef50a	MORFOLOGIK_RULE_PL_PL	Prawdopodobna literówka	k8	Wykryto prawdopodobny błąd pisowni	km, kg, ks, ku, KC, kW, KP, KK	Skrywasz w sobie źródło energii psionicznej, którą reprezentują kości energii psionicznej napędzające moce tej podklasy. Wraz z kolejnymi poziomami wojownika rosną liczba i rozmiar tych kości: na 3. poziomie masz cztery k6, na 5. poziomie sześć k8, na 9. poziomie osiem k8, a na 11. poziomie osiem k10.\n\nZdolności tej podklasy korzystające z kości energii psionicznej mogą używać wyłącznie jej kości. Niektóre moce zużywają kość zgodnie ze swoim opisem; nie możesz użyć takiej mocy, jeśli nie masz już żadnych niewykorzystanych kości energii psionicznej.\n\nPo krótkim odpoczynku odzyskujesz jedną zużytą kość energii psionicznej, a po długim odpoczynku — wszystkie.\n\nPole ochronne. Gdy ty albo inna widoczna istota w promieniu 9 m od ciebie otrzymuje obrażenia, możesz w ramach reakcji zużyć jedną kość energii psionicznej i nią rzucić. Zmniejszasz obrażenia o sumę wyniku rzutu i swojego modyfikatora Inteligencji (co najmniej o 1), tworząc chwilową osłonę z telekinetycznej mocy.\n\nUderzenie psioniczne. Możesz nasycać broń siłą psioniczną. Raz na turę, natychmiast po trafieniu atakiem celu w promieniu 9 m od siebie i zadaniu mu obrażeń bronią, możesz zużyć kość energii psionicznej i nią rzucić. Cel otrzymuje obrażenia od mocy równe sumie wyniku rzutu i twojego modyfikatora Inteligencji.\n\nRuch telekinetyczny. Możesz poruszać przedmiotami i istotami za pomocą umysłu. W ramach akcji Magii wybierz widoczny cel w promieniu 9 m od siebie. Musi nim być luźny przedmiot o rozmiarze dużym lub mniejszym albo chętna istota inna niż ty. Przenosisz cel do 9 m na widoczne, niezajęte miejsce. Jeśli celem jest maleńki przedmiot, możesz zamiast tego przenieść go do swojej dłoni albo z niej.
ha4121401g58f8gaedagc70dg1c134e1ef50a	MORFOLOGIK_RULE_PL_PL	Prawdopodobna literówka	k8	Wykryto prawdopodobny błąd pisowni	km, kg, ks, ku, KC, kW, KP, KK	Skrywasz w sobie źródło energii psionicznej, którą reprezentują kości energii psionicznej napędzające moce tej podklasy. Wraz z kolejnymi poziomami wojownika rosną liczba i rozmiar tych kości: na 3. poziomie masz cztery k6, na 5. poziomie sześć k8, na 9. poziomie osiem k8, a na 11. poziomie osiem k10.\n\nZdolności tej podklasy korzystające z kości energii psionicznej mogą używać wyłącznie jej kości. Niektóre moce zużywają kość zgodnie ze swoim opisem; nie możesz użyć takiej mocy, jeśli nie masz już żadnych niewykorzystanych kości energii psionicznej.\n\nPo krótkim odpoczynku odzyskujesz jedną zużytą kość energii psionicznej, a po długim odpoczynku — wszystkie.\n\nPole ochronne. Gdy ty albo inna widoczna istota w promieniu 9 m od ciebie otrzymuje obrażenia, możesz w ramach reakcji zużyć jedną kość energii psionicznej i nią rzucić. Zmniejszasz obrażenia o sumę wyniku rzutu i swojego modyfikatora Inteligencji (co najmniej o 1), tworząc chwilową osłonę z telekinetycznej mocy.\n\nUderzenie psioniczne. Możesz nasycać broń siłą psioniczną. Raz na turę, natychmiast po trafieniu atakiem celu w promieniu 9 m od siebie i zadaniu mu obrażeń bronią, możesz zużyć kość energii psionicznej i nią rzucić. Cel otrzymuje obrażenia od mocy równe sumie wyniku rzutu i twojego modyfikatora Inteligencji.\n\nRuch telekinetyczny. Możesz poruszać przedmiotami i istotami za pomocą umysłu. W ramach akcji Magii wybierz widoczny cel w promieniu 9 m od siebie. Musi nim być luźny przedmiot o rozmiarze dużym lub mniejszym albo chętna istota inna niż ty. Przenosisz cel do 9 m na widoczne, niezajęte miejsce. Jeśli celem jest maleńki przedmiot, możesz zamiast tego przenieść go do swojej dłoni albo z niej.
ha4121401g58f8gaedagc70dg1c134e1ef50a	MORFOLOGIK_RULE_PL_PL	Prawdopodobna literówka	k10	Wykryto prawdopodobny błąd pisowni	KRO, KKO	Skrywasz w sobie źródło energii psionicznej, którą reprezentują kości energii psionicznej napędzające moce tej podklasy. Wraz z kolejnymi poziomami wojownika rosną liczba i rozmiar tych kości: na 3. poziomie masz cztery k6, na 5. poziomie sześć k8, na 9. poziomie osiem k8, a na 11. poziomie osiem k10.\n\nZdolności tej podklasy korzystające z kości energii psionicznej mogą używać wyłącznie jej kości. Niektóre moce zużywają kość zgodnie ze swoim opisem; nie możesz użyć takiej mocy, jeśli nie masz już żadnych niewykorzystanych kości energii psionicznej.\n\nPo krótkim odpoczynku odzyskujesz jedną zużytą kość energii psionicznej, a po długim odpoczynku — wszystkie.\n\nPole ochronne. Gdy ty albo inna widoczna istota w promieniu 9 m od ciebie otrzymuje obrażenia, możesz w ramach reakcji zużyć jedną kość energii psionicznej i nią rzucić. Zmniejszasz obrażenia o sumę wyniku rzutu i swojego modyfikatora Inteligencji (co najmniej o 1), tworząc chwilową osłonę z telekinetycznej mocy.\n\nUderzenie psioniczne. Możesz nasycać broń siłą psioniczną. Raz na turę, natychmiast po trafieniu atakiem celu w promieniu 9 m od siebie i zadaniu mu obrażeń bronią, możesz zużyć kość energii psionicznej i nią rzucić. Cel otrzymuje obrażenia od mocy równe sumie wyniku rzutu i twojego modyfikatora Inteligencji.\n\nRuch telekinetyczny. Możesz poruszać przedmiotami i istotami za pomocą umysłu. W ramach akcji Magii wybierz widoczny cel w promieniu 9 m od siebie. Musi nim być luźny przedmiot o rozmiarze dużym lub mniejszym albo chętna istota inna niż ty. Przenosisz cel do 9 m na widoczne, niezajęte miejsce. Jeśli celem jest maleńki przedmiot, możesz zamiast tego przenieść go do swojej dłoni albo z niej.
ha4121401g58f8gaedagc70dg1c134e1ef50a	BRAK_PRZECINKA_ZAMIAST	Błędy interpunkcyjne	możesz zamiast	"Prawdopodobnie brak przecinka. Powinno być: ""możesz, zamiast""."	możesz, zamiast	Skrywasz w sobie źródło energii psionicznej, którą reprezentują kości energii psionicznej napędzające moce tej podklasy. Wraz z kolejnymi poziomami wojownika rosną liczba i rozmiar tych kości: na 3. poziomie masz cztery k6, na 5. poziomie sześć k8, na 9. poziomie osiem k8, a na 11. poziomie osiem k10.\n\nZdolności tej podklasy korzystające z kości energii psionicznej mogą używać wyłącznie jej kości. Niektóre moce zużywają kość zgodnie ze swoim opisem; nie możesz użyć takiej mocy, jeśli nie masz już żadnych niewykorzystanych kości energii psionicznej.\n\nPo krótkim odpoczynku odzyskujesz jedną zużytą kość energii psionicznej, a po długim odpoczynku — wszystkie.\n\nPole ochronne. Gdy ty albo inna widoczna istota w promieniu 9 m od ciebie otrzymuje obrażenia, możesz w ramach reakcji zużyć jedną kość energii psionicznej i nią rzucić. Zmniejszasz obrażenia o sumę wyniku rzutu i swojego modyfikatora Inteligencji (co najmniej o 1), tworząc chwilową osłonę z telekinetycznej mocy.\n\nUderzenie psioniczne. Możesz nasycać broń siłą psioniczną. Raz na turę, natychmiast po trafieniu atakiem celu w promieniu 9 m od siebie i zadaniu mu obrażeń bronią, możesz zużyć kość energii psionicznej i nią rzucić. Cel otrzymuje obrażenia od mocy równe sumie wyniku rzutu i twojego modyfikatora Inteligencji.\n\nRuch telekinetyczny. Możesz poruszać przedmiotami i istotami za pomocą umysłu. W ramach akcji Magii wybierz widoczny cel w promieniu 9 m od siebie. Musi nim być luźny przedmiot o rozmiarze dużym lub mniejszym albo chętna istota inna niż ty. Przenosisz cel do 9 m na widoczne, niezajęte miejsce. Jeśli celem jest maleńki przedmiot, możesz zamiast tego przenieść go do swojej dłoni albo z niej.
he3bdd368gcf28g40aag8743gc422e859a060	MORFOLOGIK_RULE_PL_PL	Prawdopodobna literówka	1k10	Wykryto prawdopodobny błąd pisowni		Masz ograniczony zasób wytrzymałości fizycznej i psychicznej, z którego możesz skorzystać. W ramach akcji dodatkowej możesz jej użyć, aby odzyskać punkty wytrzymałości równe 1k10 plus twój poziom Wojownika.\n\nMożesz skorzystać z tej zdolności dwukrotnie. Odzyskujesz jedno wykorzystane użycie, kiedy kończysz krótki odpoczynek, a wszystkie wykorzystane, kiedy kończysz długi odpoczynek.\n\nKiedy osiągniesz określony poziom Wojownika, zyskasz więcej możliwości wykorzystania tej zdolności.
h789e4f7cgbbfdgd136g7526g0cb392afcf9d	BRAK_PRZECINKA_ZAMIAST	Błędy interpunkcyjne	możesz zamiast	"Prawdopodobnie brak przecinka. Powinno być: ""możesz, zamiast""."	możesz, zamiast	Za pomocą umysłu możesz poruszać przedmiotami i istotami. W ramach akcji Magii wybierz jeden widoczny cel w promieniu 9 m od siebie. Musi nim być luźny przedmiot rozmiaru dużego lub mniejszego albo chętna istota inna niż ty. Przenosisz cel na odległość do 9 m na widoczne, niezajęte miejsce. Jeśli celem jest maleńki przedmiot, możesz zamiast tego przenieść go do swojej dłoni albo z niej.
h9fa30afdgf4e2g7e74ga57fgdbedd4b1e363	SKROTY_Z_KROPKA	Błędy ortograficzne	ST	"Ten skrót piszemy z kropką: ""ST."""	ST.	Kiedy zadajesz celowi obrażenia Psionicznym Uderzeniem, możesz zmusić cel do wykonania rzutu obronnego na Siłę (ST 8 plus twój modyfikator do Inteligencji i premia z biegłości). W przypadku nieudanego rzutu obronnego możesz nadać celowi stan Powalenia lub przetransportować go poziomo na wysokość do 3 m.
h0e2f0dfaga02cg9ad3g9586ga7ad2ece81cf	SKROTY_Z_KROPKA	Błędy ortograficzne	ST	"Ten skrót piszemy z kropką: ""ST."""	ST.	"Zyskujesz biegłość w umiejętnościach <LSTag Type=""Skills"" Tooltip=""Insight"">Intuicja</LSTag> i <LSTag Type=""Skills"" Tooltip=""Medicine"">Medycyna</LSTag>. Łącząc ekstrakty, możesz przygotować dwa roztwory alchemiczne zamiast jednego, jeśli pomyślnie wykonasz <LSTag Tooltip=""AbilityCheck"">test</LSTag> Medycyny o <LSTag Tooltip=""DifficultyClass"">ST</LSTag> 15."
h94d2b863gce81ge85ag20a9gd351c1d2fbe8	MORFOLOGIK_RULE_PL_PL	Prawdopodobna literówka	2k8	Wykryto prawdopodobny błąd pisowni		Możesz zużyć jedno użycie Mocy przysięgi i rozdzielić tymczasowe punkty wytrzymałości między wybrane istoty w promieniu 9 m od siebie, wliczając w to siebie. Ich łączna liczba wynosi 2k8 plus twój poziom paladyna; rozdzielasz je między wybrane istoty według własnego uznania.
hc41356d2g2208g0d0fg0023g8a9c6958aaac	WIADACY	Wyrazy modne i nadużywane	wiodący	Ten rusycyzm jest błędnie używany po polsku w znaczeniu.	przodujący, główny, przewodni, zasadniczy, najlepszy	"Magia twojej przysięgi sprawia, że zawsze masz pod ręką określone czary. Po osiągnięciu poziomów paladyna wskazanych w tabeli Czarów Przysięgi Chwały masz odtąd zawsze przygotowane następujące czary: na 3. poziomie — Pocisk wiodący i Heroizm; na 5. poziomie — Wzmocnienie cechy i Magiczna broń; a na 9. poziomie — <LSTag Type=""Spell"" Tooltip=""Target_Haste"">Przyspieszenie</LSTag> i Ochrona przed energią."
h46a88a7bg99ddgbfe4gc4aeg5843b027814d	MORFOLOGIK_RULE_PL_PL	Prawdopodobna literówka	2k8	Wykryto prawdopodobny błąd pisowni		Możesz zużyć jedno użycie Mocy przysięgi i rozdzielić tymczasowe punkty wytrzymałości między wybrane istoty w promieniu 9 m od siebie, wliczając w to siebie. Ich łączna liczba wynosi 2k8 plus twój poziom paladyna; rozdzielasz je między wybrane istoty według własnego uznania.
h9d7e1bf3g8ce5g97cdg6455g9d50ab2376ba	MORFOLOGIK_RULE_PL_PL	Prawdopodobna literówka	Feywild	Wykryto prawdopodobny błąd pisowni		Możesz wzmocnić swoje ataki bronią magią raniącą umysł, zaczerpniętą z mrocznych głębin Feywild. Gdy trafisz istotę bronią, możesz zadać jej dodatkowe 1k4 obrażeń psychicznych; cel może otrzymać te dodatkowe obrażenia tylko raz na turę. Dodatkowe obrażenia wzrastają do 1k6, gdy osiągniesz 11. poziom Łowcy.
h9d7e1bf3g8ce5g97cdg6455g9d50ab2376ba	MORFOLOGIK_RULE_PL_PL	Prawdopodobna literówka	1k4	Wykryto prawdopodobny błąd pisowni		Możesz wzmocnić swoje ataki bronią magią raniącą umysł, zaczerpniętą z mrocznych głębin Feywild. Gdy trafisz istotę bronią, możesz zadać jej dodatkowe 1k4 obrażeń psychicznych; cel może otrzymać te dodatkowe obrażenia tylko raz na turę. Dodatkowe obrażenia wzrastają do 1k6, gdy osiągniesz 11. poziom Łowcy.
h9d7e1bf3g8ce5g97cdg6455g9d50ab2376ba	MORFOLOGIK_RULE_PL_PL	Prawdopodobna literówka	1k6	Wykryto prawdopodobny błąd pisowni		Możesz wzmocnić swoje ataki bronią magią raniącą umysł, zaczerpniętą z mrocznych głębin Feywild. Gdy trafisz istotę bronią, możesz zadać jej dodatkowe 1k4 obrażeń psychicznych; cel może otrzymać te dodatkowe obrażenia tylko raz na turę. Dodatkowe obrażenia wzrastają do 1k6, gdy osiągniesz 11. poziom Łowcy.
h4b83ca6ag67bbga7f4gb3acgd0dc994c7828	MORFOLOGIK_RULE_PL_PL	Prawdopodobna literówka	Fey	Wykryto prawdopodobny błąd pisowni	Fe, Fen, Key, Fes, Fez, Fee, Feb, Feby	Poziom 3: Czary Wędrowca Fey
h4ae962aag1f80gf20eg9ad2g481c0cb2a1fe	MORFOLOGIK_RULE_PL_PL	Prawdopodobna literówka	fey	Wykryto prawdopodobny błąd pisowni	fe, fen, key, fes, fez, fee, Fe, Feb	Po osiągnięciu poziomu Łowcy wskazanego w tabeli Czarów Wędrowca fey zawsze masz przygotowane wymienione w niej czary: na 3. poziomie — Zauroczenie osoby, na 5. poziomie — Krok przez mgłę, a na 9. poziomie — Przyzwanie Fey.
h4ae962aag1f80gf20eg9ad2g481c0cb2a1fe	MORFOLOGIK_RULE_PL_PL	Prawdopodobna literówka	Fey	Wykryto prawdopodobny błąd pisowni	Fe, Fen, Key, Fes, Fez, Fee, Feb, Feby	Po osiągnięciu poziomu Łowcy wskazanego w tabeli Czarów Wędrowca fey zawsze masz przygotowane wymienione w niej czary: na 3. poziomie — Zauroczenie osoby, na 5. poziomie — Krok przez mgłę, a na 9. poziomie — Przyzwanie Fey.
h7eb96189g76dfg2301gb96dg3136060e0f85	MORFOLOGIK_RULE_PL_PL	Prawdopodobna literówka	Feywild	Wykryto prawdopodobny błąd pisowni		Magia Feywild strzeże twojego umysłu. Zyskujesz niewrażliwość na Zauroczenie i Przerażenie.
h2c45092ag40cag1de6gb0cag6f5b529f8501	MORFOLOGIK_RULE_PL_PL	Prawdopodobna literówka	sejmitar	Wykryto prawdopodobny błąd pisowni		"Możesz materializować połyskujące ostrza energii psychicznej.\n\nGdy dzierżysz sztylet, krótki miecz lub sejmitar, możesz zmienić typ obrażeń tej broni na psychiczne i nadać jej właściwość <LSTag Tooltip=""Thrown"">Rzucana</LSTag>."
hcbc2740fgebc3g29dbg5465ge353fe6de2d6	MORFOLOGIK_RULE_PL_PL	Prawdopodobna literówka	k6	Wykryto prawdopodobny błąd pisowni	km, kg, ks, ku, KC, kW, KP, KK	Skrywasz w sobie źródło energii psionicznej, reprezentowane przez kości energii psionicznej, które zasilają niektóre zdolności tej podklasy. Wraz z kolejnymi poziomami Łotrzyka zmieniają się liczba i rozmiar tych kości: na 3. poziomie masz cztery k6, na 5. poziomie — sześć k8, na 9. poziomie — osiem k8, a na 11. poziomie — osiem k10.\n\nPo krótkim odpoczynku odzyskujesz jedną zużytą kość energii psionicznej, a po długim odpoczynku — wszystkie.
hcbc2740fgebc3g29dbg5465ge353fe6de2d6	MORFOLOGIK_RULE_PL_PL	Prawdopodobna literówka	k8	Wykryto prawdopodobny błąd pisowni	km, kg, ks, ku, KC, kW, KP, KK	Skrywasz w sobie źródło energii psionicznej, reprezentowane przez kości energii psionicznej, które zasilają niektóre zdolności tej podklasy. Wraz z kolejnymi poziomami Łotrzyka zmieniają się liczba i rozmiar tych kości: na 3. poziomie masz cztery k6, na 5. poziomie — sześć k8, na 9. poziomie — osiem k8, a na 11. poziomie — osiem k10.\n\nPo krótkim odpoczynku odzyskujesz jedną zużytą kość energii psionicznej, a po długim odpoczynku — wszystkie.
hcbc2740fgebc3g29dbg5465ge353fe6de2d6	MORFOLOGIK_RULE_PL_PL	Prawdopodobna literówka	k8	Wykryto prawdopodobny błąd pisowni	km, kg, ks, ku, KC, kW, KP, KK	Skrywasz w sobie źródło energii psionicznej, reprezentowane przez kości energii psionicznej, które zasilają niektóre zdolności tej podklasy. Wraz z kolejnymi poziomami Łotrzyka zmieniają się liczba i rozmiar tych kości: na 3. poziomie masz cztery k6, na 5. poziomie — sześć k8, na 9. poziomie — osiem k8, a na 11. poziomie — osiem k10.\n\nPo krótkim odpoczynku odzyskujesz jedną zużytą kość energii psionicznej, a po długim odpoczynku — wszystkie.
hcbc2740fgebc3g29dbg5465ge353fe6de2d6	MORFOLOGIK_RULE_PL_PL	Prawdopodobna literówka	k10	Wykryto prawdopodobny błąd pisowni	KRO, KKO	Skrywasz w sobie źródło energii psionicznej, reprezentowane przez kości energii psionicznej, które zasilają niektóre zdolności tej podklasy. Wraz z kolejnymi poziomami Łotrzyka zmieniają się liczba i rozmiar tych kości: na 3. poziomie masz cztery k6, na 5. poziomie — sześć k8, na 9. poziomie — osiem k8, a na 11. poziomie — osiem k10.\n\nPo krótkim odpoczynku odzyskujesz jedną zużytą kość energii psionicznej, a po długim odpoczynku — wszystkie.
h35a0000fg8dc5g3af7ge6b5g3ad5700dd6e6	MORFOLOGIK_RULE_PL_PL	Prawdopodobna literówka	sejmitar	Wykryto prawdopodobny błąd pisowni		"Możesz materializować połyskujące ostrza energii psychicznej.\n\nGdy dzierżysz sztylet, krótki miecz lub sejmitar, możesz zmienić typ obrażeń tej broni na psychiczne i nadać jej właściwość <LSTag Tooltip=""Thrown"">Rzucana</LSTag>."
hd2d76fb0g487cg3ab3g3908g9f58ed8e7217	MORFOLOGIK_RULE_PL_PL	Prawdopodobna literówka	Hadara	Wykryto prawdopodobny błąd pisowni	Tatara, Gadara, Gadarą, Hadada, Hadała, Hadałą, Hataka, Kadara	Po osiągnięciu określonych poziomów Zaklinacza wskazanych w tabeli Czarów psionicznych zawsze masz przygotowane wymienione w niej czary.\n\nNa 3. poziomie są to Ramiona Hadara, Wyciszenie emocji, Wykrycie myśli, Fałszywe podszepty i Okruch umysłu; na 5. poziomie dodatkowo — Głód Hadara; na 7. poziomie — Czarne macki Evarda; a na 9. poziomie — Telekineza.
hd2d76fb0g487cg3ab3g3908g9f58ed8e7217	MORFOLOGIK_RULE_PL_PL	Prawdopodobna literówka	Hadara	Wykryto prawdopodobny błąd pisowni	Tatara, Gadara, Gadarą, Hadada, Hadała, Hadałą, Hataka, Kadara	Po osiągnięciu określonych poziomów Zaklinacza wskazanych w tabeli Czarów psionicznych zawsze masz przygotowane wymienione w niej czary.\n\nNa 3. poziomie są to Ramiona Hadara, Wyciszenie emocji, Wykrycie myśli, Fałszywe podszepty i Okruch umysłu; na 5. poziomie dodatkowo — Głód Hadara; na 7. poziomie — Czarne macki Evarda; a na 9. poziomie — Telekineza.
hd2d76fb0g487cg3ab3g3908g9f58ed8e7217	MORFOLOGIK_RULE_PL_PL	Prawdopodobna literówka	Evarda	Wykryto prawdopodobny błąd pisowni	Edwarda, Zwarta, Zwartą, Twarda, Twardą, Warta, Wartą, Ewalda	Po osiągnięciu określonych poziomów Zaklinacza wskazanych w tabeli Czarów psionicznych zawsze masz przygotowane wymienione w niej czary.\n\nNa 3. poziomie są to Ramiona Hadara, Wyciszenie emocji, Wykrycie myśli, Fałszywe podszepty i Okruch umysłu; na 5. poziomie dodatkowo — Głód Hadara; na 7. poziomie — Czarne macki Evarda; a na 9. poziomie — Telekineza.
he4b6fb34g750cgd80agfb13ga652ce65321c	MORFOLOGIK_RULE_PL_PL	Prawdopodobna literówka	k20	Wykryto prawdopodobny błąd pisowni	KRO, K2, KKO	Twoje połączenie ze sferą absolutnego ładu pozwala ci porządkować chwile chaosu. Gdy widoczna istota w promieniu 18 m od ciebie ma wykonać rzut k20 z ułatwieniem albo utrudnieniem, możesz w ramach reakcji sprawić, że ułatwienie ani utrudnienie nie wpłynie na ten rzut.\n\nMożesz użyć tej zdolności tyle razy, ile wynosi twój modyfikator Charyzmy (co najmniej raz), a odzyskujesz wszystkie użycia po długim odpoczynku.
h9363b64fg9775gd54eg1f42g92939094253b	MORFOLOGIK_RULE_PL_PL	Prawdopodobna literówka	k8	Wykryto prawdopodobny błąd pisowni	km, kg, ks, ku, KC, kW, KP, KK	Możesz sięgnąć do wielkiego równania egzystencji, aby napełnić istotę lśniącą tarczą porządku. Akcją Magii możesz wydać od 1 do 5 punktów zaklinania, by stworzyć magiczną osłonę wokół siebie lub innej istoty, którą widzisz w promieniu 9 m. Osłona jest reprezentowana przez liczbę kości k8 równą liczbie punktów zaklinania wydanych na jej utworzenie. Gdy osłonięta istota otrzymuje obrażenia, może zużyć dowolną liczbę tych kości, rzucić nimi i zmniejszyć otrzymane obrażenia o sumę wyrzuconych oczek.\n\nOsłona trwa, dopóki nie zakończysz długiego odpoczynku lub nie użyjesz tej zdolności ponownie.
h955ef661gc670g5024g8289g7b1595fc740c	MORFOLOGIK_RULE_PL_PL	Prawdopodobna literówka	Mechanusa	Wykryto prawdopodobny błąd pisowni	Mech anusa	Kosmiczna siła porządku przesyciła cię magią. Moc ta pochodzi z Mechanusa lub podobnej mu krainy — planu egzystencji ukształtowanego przez doskonale działające mechanizmy. Być może ty albo ktoś z twojego rodu został uwikłany w machinacje modronów, praworządnych istot zamieszkujących Mechanus. Możliwe nawet, że twój przodek wziął udział w Wielkim Marszu Modronów. Niezależnie od swego źródła tkwiąca w tobie moc porządku może wydawać się innym dziwna, lecz dla ciebie stanowi część rozległego i wspaniałego systemu.
h955ef661gc670g5024g8289g7b1595fc740c	MORFOLOGIK_RULE_PL_PL	Prawdopodobna literówka	modronów	Wykryto prawdopodobny błąd pisowni	metronów, modro nów	Kosmiczna siła porządku przesyciła cię magią. Moc ta pochodzi z Mechanusa lub podobnej mu krainy — planu egzystencji ukształtowanego przez doskonale działające mechanizmy. Być może ty albo ktoś z twojego rodu został uwikłany w machinacje modronów, praworządnych istot zamieszkujących Mechanus. Możliwe nawet, że twój przodek wziął udział w Wielkim Marszu Modronów. Niezależnie od swego źródła tkwiąca w tobie moc porządku może wydawać się innym dziwna, lecz dla ciebie stanowi część rozległego i wspaniałego systemu.
h955ef661gc670g5024g8289g7b1595fc740c	MORFOLOGIK_RULE_PL_PL	Prawdopodobna literówka	Mechanus	Wykryto prawdopodobny błąd pisowni	Mech anus	Kosmiczna siła porządku przesyciła cię magią. Moc ta pochodzi z Mechanusa lub podobnej mu krainy — planu egzystencji ukształtowanego przez doskonale działające mechanizmy. Być może ty albo ktoś z twojego rodu został uwikłany w machinacje modronów, praworządnych istot zamieszkujących Mechanus. Możliwe nawet, że twój przodek wziął udział w Wielkim Marszu Modronów. Niezależnie od swego źródła tkwiąca w tobie moc porządku może wydawać się innym dziwna, lecz dla ciebie stanowi część rozległego i wspaniałego systemu.
h955ef661gc670g5024g8289g7b1595fc740c	MORFOLOGIK_RULE_PL_PL	Prawdopodobna literówka	Modronów	Wykryto prawdopodobny błąd pisowni	Metronów, Mo dronów, Modro nów	Kosmiczna siła porządku przesyciła cię magią. Moc ta pochodzi z Mechanusa lub podobnej mu krainy — planu egzystencji ukształtowanego przez doskonale działające mechanizmy. Być może ty albo ktoś z twojego rodu został uwikłany w machinacje modronów, praworządnych istot zamieszkujących Mechanus. Możliwe nawet, że twój przodek wziął udział w Wielkim Marszu Modronów. Niezależnie od swego źródła tkwiąca w tobie moc porządku może wydawać się innym dziwna, lecz dla ciebie stanowi część rozległego i wspaniałego systemu.
h955ef661gc670g5024g8289g7b1595fc740c	SUBST_ADJ_UNIFY	Błędy składniowe	innym dziwna	Przypuszczalnie brak zgodności form przypadków rzeczownika i przymiotnika: innym dziwna.		Kosmiczna siła porządku przesyciła cię magią. Moc ta pochodzi z Mechanusa lub podobnej mu krainy — planu egzystencji ukształtowanego przez doskonale działające mechanizmy. Być może ty albo ktoś z twojego rodu został uwikłany w machinacje modronów, praworządnych istot zamieszkujących Mechanus. Możliwe nawet, że twój przodek wziął udział w Wielkim Marszu Modronów. Niezależnie od swego źródła tkwiąca w tobie moc porządku może wydawać się innym dziwna, lecz dla ciebie stanowi część rozległego i wspaniałego systemu.
hbc25fac8gb48eg59a1gb63eg766af1e2e342	MORFOLOGIK_RULE_PL_PL	Prawdopodobna literówka	k20	Wykryto prawdopodobny błąd pisowni	KRO, K2, KKO	Twoje połączenie ze sferą absolutnego ładu pozwala ci porządkować chwile chaosu. Gdy widoczna istota w promieniu 18 m od ciebie ma wykonać rzut k20 z ułatwieniem albo utrudnieniem, możesz w ramach reakcji sprawić, że ułatwienie ani utrudnienie nie wpłynie na ten rzut.
h5b259fc9g61a3g1b94g1d3cgb22d7ecefdc2	MORFOLOGIK_RULE_PL_PL	Prawdopodobna literówka	k8	Wykryto prawdopodobny błąd pisowni	km, kg, ks, ku, KC, kW, KP, KK	Możesz sięgnąć do wielkiego równania egzystencji, aby napełnić istotę lśniącą tarczą porządku. Akcją Magii możesz wydać od 1 do 5 punktów zaklinania, by stworzyć magiczną osłonę wokół siebie lub innej istoty, którą widzisz w promieniu 9 m. Osłona jest reprezentowana przez liczbę kości k8 równą liczbie punktów zaklinania wydanych na jej utworzenie. Gdy osłonięta istota otrzymuje obrażenia, może zużyć dowolną liczbę tych kości, rzucić nimi i zmniejszyć otrzymane obrażenia o sumę wyrzuconych oczek.\n\nOsłona trwa, dopóki nie zakończysz długiego odpoczynku lub nie użyjesz tej zdolności ponownie.
h5d57e46bg1ebeg7a15g45a1g5dee2e76459e	MORFOLOGIK_RULE_PL_PL	Prawdopodobna literówka	k8	Wykryto prawdopodobny błąd pisowni	km, kg, ks, ku, KC, kW, KP, KK	Osłonę reprezentuje tyle k8, ile punktów zaklinania wydano na jej utworzenie. Gdy osłonięta istota otrzymuje obrażenia, może zużyć dowolną liczbę tych kości i nimi rzucić, aby zmniejszyć obrażenia o sumę wyników.
h3e1aea80g4740gaa01gfe95g3cd0d19d1bdd	MORFOLOGIK_RULE_PL_PL	Prawdopodobna literówka	k8	Wykryto prawdopodobny błąd pisowni	km, kg, ks, ku, KC, kW, KP, KK	Osłonę reprezentuje tyle k8, ile punktów zaklinania wydano na jej utworzenie. Gdy osłonięta istota otrzymuje obrażenia, może zużyć dowolną liczbę tych kości i nimi rzucić, aby zmniejszyć obrażenia o sumę wyników.
h2ee98c20g6713gb372g573dgca45f15d691f	MORFOLOGIK_RULE_PL_PL	Prawdopodobna literówka	k8	Wykryto prawdopodobny błąd pisowni	km, kg, ks, ku, KC, kW, KP, KK	Osłonę reprezentuje tyle k8, ile punktów zaklinania wydano na jej utworzenie. Gdy osłonięta istota otrzymuje obrażenia, może zużyć dowolną liczbę tych kości i nimi rzucić, aby zmniejszyć obrażenia o sumę wyników.
hbbfab3begf9cdg6052g4ac5g7eaf747c1f9a	MORFOLOGIK_RULE_PL_PL	Prawdopodobna literówka	k8	Wykryto prawdopodobny błąd pisowni	km, kg, ks, ku, KC, kW, KP, KK	Osłonę reprezentuje tyle k8, ile punktów zaklinania wydano na jej utworzenie. Gdy osłonięta istota otrzymuje obrażenia, może zużyć dowolną liczbę tych kości i nimi rzucić, aby zmniejszyć obrażenia o sumę wyników.
h063372f4g1033g08f6g55abgb32a96fe2615	MORFOLOGIK_RULE_PL_PL	Prawdopodobna literówka	k8	Wykryto prawdopodobny błąd pisowni	km, kg, ks, ku, KC, kW, KP, KK	Osłonę reprezentuje tyle k8, ile punktów zaklinania wydano na jej utworzenie. Gdy osłonięta istota otrzymuje obrażenia, może zużyć dowolną liczbę tych kości i nimi rzucić, aby zmniejszyć obrażenia o sumę wyników.
h5d220f70g754fg8fc3g0596ge5dd3a6a27a9	MORFOLOGIK_RULE_PL_PL	Prawdopodobna literówka	k20	Wykryto prawdopodobny błąd pisowni	KRO, K2, KKO	Możesz manipulować samym chaosem, aby zapewnić sobie ułatwienie w jednym teście k20, zanim rzucisz k20. Gdy to zrobisz, musisz rzucić czar Zaklinacza z komórką czaru lub zakończyć długi odpoczynek, zanim będziesz mógł ponownie skorzystać z tej zdolności.\n\nJeśli rzucisz czar Zaklinacza z komórką czaru przed zakończeniem długiego odpoczynku, automatycznie rzucasz na tabelę Przypływu dzikiej magii.
h5d220f70g754fg8fc3g0596ge5dd3a6a27a9	MORFOLOGIK_RULE_PL_PL	Prawdopodobna literówka	k20	Wykryto prawdopodobny błąd pisowni	KRO, K2, KKO	Możesz manipulować samym chaosem, aby zapewnić sobie ułatwienie w jednym teście k20, zanim rzucisz k20. Gdy to zrobisz, musisz rzucić czar Zaklinacza z komórką czaru lub zakończyć długi odpoczynek, zanim będziesz mógł ponownie skorzystać z tej zdolności.\n\nJeśli rzucisz czar Zaklinacza z komórką czaru przed zakończeniem długiego odpoczynku, automatycznie rzucasz na tabelę Przypływu dzikiej magii.
h4f44c253geed3g7c67g3a13g4d233307de70	MORFOLOGIK_RULE_PL_PL	Prawdopodobna literówka	1k20	Wykryto prawdopodobny błąd pisowni		Twoje czarowanie może uwolnić wybuchy dzikiej magii. Raz na turę, możesz rzucić 1k20 bezpośrednio po rzuceniu czaru Zaklinacza za pomocą Komórki Czaru. Jeśli wyrzucisz 20, rzuć na tabeli Przypływu Dzikiej Magii, aby stworzyć efekt magiczny.
hb352a2d9g2b29g035bgcae6ge065a7ef8fe8	MORFOLOGIK_RULE_PL_PL	Prawdopodobna literówka	Arcyfey	Wykryto prawdopodobny błąd pisowni		Poziom 3: Czary Arcyfey
hd7701b33g6b2fg2417gbd20g2eb61af61f00	MORFOLOGIK_RULE_PL_PL	Prawdopodobna literówka	Arcyfey	Wykryto prawdopodobny błąd pisowni		"Magia twojego patrona sprawia, że zawsze masz przygotowane określone czary. Na wskazanych poziomach czarownika zyskujesz dodatkowe czary zgodnie z tabelą Czarów Arcyfey; od tej chwili są one dla ciebie zawsze przygotowane.\n\nNa 3. poziomie zyskujesz Wyciszenie emocji, Blask faerie, Krok przez mgłę, Urojoną siłę i Uśpienie. Na 5. poziomie zyskujesz Mignięcie i Rozrost roślin. Na 7. poziomie zyskujesz Dominację nad bestią oraz <LSTag Type=""Spell"" Tooltip=""Target_Invisibility_Greater"">Większą niewidzialność</LSTag>. Na 9. poziomie zyskujesz Dominację nad osobą i Pozory."
hd7701b33g6b2fg2417gbd20g2eb61af61f00	MORFOLOGIK_RULE_PL_PL	Prawdopodobna literówka	faerie	Wykryto prawdopodobny błąd pisowni	ferie, faenie, feerie, feerię	"Magia twojego patrona sprawia, że zawsze masz przygotowane określone czary. Na wskazanych poziomach czarownika zyskujesz dodatkowe czary zgodnie z tabelą Czarów Arcyfey; od tej chwili są one dla ciebie zawsze przygotowane.\n\nNa 3. poziomie zyskujesz Wyciszenie emocji, Blask faerie, Krok przez mgłę, Urojoną siłę i Uśpienie. Na 5. poziomie zyskujesz Mignięcie i Rozrost roślin. Na 7. poziomie zyskujesz Dominację nad bestią oraz <LSTag Type=""Spell"" Tooltip=""Target_Invisibility_Greater"">Większą niewidzialność</LSTag>. Na 9. poziomie zyskujesz Dominację nad osobą i Pozory."
h46177747g5549g5775gad78g65fbcd1fc3a6	MORFOLOGIK_RULE_PL_PL	Prawdopodobna literówka	Fey	Wykryto prawdopodobny błąd pisowni	Fe, Fen, Key, Fes, Fez, Fee, Feb, Feby	Poziom 3: Kroki Fey
h8adb922fgacb1g0f7fg68fagec7157198cc9	MORFOLOGIK_RULE_PL_PL	Prawdopodobna literówka	1k10	Wykryto prawdopodobny błąd pisowni		Twój patron obdarza cię zdolnością przemieszczania się między granicami sfer. Możesz rzucić Krok przez mgłę bez zużywania komórki czaru tyle razy, ile wynosi twój modyfikator Charyzmy (co najmniej raz), a odzyskujesz wszystkie użycia po długim odpoczynku.\n\nPonadto za każdym razem, gdy rzucasz ten czar, możesz wybrać jeden z poniższych dodatkowych efektów.\n\nOżywczy krok. Natychmiast po teleportacji ty i jedna widoczna istota w promieniu 3 m od ciebie zyskujecie po 1k10 tymczasowych punktów wytrzymałości.\n\nProwokujący krok. Istoty w promieniu 3 m od opuszczonego przez ciebie pola muszą wykonać udany rzut obronny na Mądrość przeciwko twojemu ST obrony przed czarami. W przeciwnym razie do początku twojej następnej tury mają utrudnienie w testach ataku przeciwko istotom innym niż ty.
h8adb922fgacb1g0f7fg68fagec7157198cc9	SKROTY_Z_KROPKA	Błędy ortograficzne	ST	"Ten skrót piszemy z kropką: ""ST."""	ST.	Twój patron obdarza cię zdolnością przemieszczania się między granicami sfer. Możesz rzucić Krok przez mgłę bez zużywania komórki czaru tyle razy, ile wynosi twój modyfikator Charyzmy (co najmniej raz), a odzyskujesz wszystkie użycia po długim odpoczynku.\n\nPonadto za każdym razem, gdy rzucasz ten czar, możesz wybrać jeden z poniższych dodatkowych efektów.\n\nOżywczy krok. Natychmiast po teleportacji ty i jedna widoczna istota w promieniu 3 m od ciebie zyskujecie po 1k10 tymczasowych punktów wytrzymałości.\n\nProwokujący krok. Istoty w promieniu 3 m od opuszczonego przez ciebie pola muszą wykonać udany rzut obronny na Mądrość przeciwko twojemu ST obrony przed czarami. W przeciwnym razie do początku twojej następnej tury mają utrudnienie w testach ataku przeciwko istotom innym niż ty.
h6dbe3baeg32b7g2be3gc059gc25854510170	MORFOLOGIK_RULE_PL_PL	Prawdopodobna literówka	fey	Wykryto prawdopodobny błąd pisowni	fe, fen, key, fes, fez, fee, Fe, Feb	"Możesz rzucić Krok przez mgłę w ramach reakcji, gdy otrzymujesz obrażenia.\n\nPonadto zyskujesz następujące opcje Kroków fey.\n\nZnikający krok. Otrzymujesz stan <LSTag Type=""Status"" Tooltip=""INVISIBLE"">Niewidzialności</LSTag> do początku swojej następnej tury albo do chwili, gdy wykonasz test ataku, zadasz obrażenia lub rzucisz czar.\n\nPrzerażający krok. Istoty w promieniu 3 m od opuszczonego przez ciebie miejsca albo miejsca, w którym się pojawiasz (wedle twojego wyboru), muszą wykonać udany rzut obronny na Mądrość przeciwko twojemu ST obrony przed czarami. Przy niepowodzeniu otrzymują 2k10 obrażeń psychicznych."
h6dbe3baeg32b7g2be3gc059gc25854510170	SKROTY_Z_KROPKA	Błędy ortograficzne	ST	"Ten skrót piszemy z kropką: ""ST."""	ST.	"Możesz rzucić Krok przez mgłę w ramach reakcji, gdy otrzymujesz obrażenia.\n\nPonadto zyskujesz następujące opcje Kroków fey.\n\nZnikający krok. Otrzymujesz stan <LSTag Type=""Status"" Tooltip=""INVISIBLE"">Niewidzialności</LSTag> do początku swojej następnej tury albo do chwili, gdy wykonasz test ataku, zadasz obrażenia lub rzucisz czar.\n\nPrzerażający krok. Istoty w promieniu 3 m od opuszczonego przez ciebie miejsca albo miejsca, w którym się pojawiasz (wedle twojego wyboru), muszą wykonać udany rzut obronny na Mądrość przeciwko twojemu ST obrony przed czarami. Przy niepowodzeniu otrzymują 2k10 obrażeń psychicznych."
h6dbe3baeg32b7g2be3gc059gc25854510170	MORFOLOGIK_RULE_PL_PL	Prawdopodobna literówka	2k10	Wykryto prawdopodobny błąd pisowni		"Możesz rzucić Krok przez mgłę w ramach reakcji, gdy otrzymujesz obrażenia.\n\nPonadto zyskujesz następujące opcje Kroków fey.\n\nZnikający krok. Otrzymujesz stan <LSTag Type=""Status"" Tooltip=""INVISIBLE"">Niewidzialności</LSTag> do początku swojej następnej tury albo do chwili, gdy wykonasz test ataku, zadasz obrażenia lub rzucisz czar.\n\nPrzerażający krok. Istoty w promieniu 3 m od opuszczonego przez ciebie miejsca albo miejsca, w którym się pojawiasz (wedle twojego wyboru), muszą wykonać udany rzut obronny na Mądrość przeciwko twojemu ST obrony przed czarami. Przy niepowodzeniu otrzymują 2k10 obrażeń psychicznych."
h34d645ffgccd0g672cg5920g5e1aa15ee5a7	MORFOLOGIK_RULE_PL_PL	Prawdopodobna literówka	1k10	Wykryto prawdopodobny błąd pisowni		Natychmiast po teleportacji ty oraz jedna widoczna istota w promieniu 3 m od ciebie zyskujecie po 1k10 tymczasowych punktów wytrzymałości.
h9b9091cdg68c3ga5edgce70g3588f2071f07	MORFOLOGIK_RULE_PL_PL	Prawdopodobna literówka	1k10	Wykryto prawdopodobny błąd pisowni		Zyskaj 1k10 tymczasowych punktów wytrzymałości.
h444275c2g565cg45a9gdfbdg183d47facddb	SKROTY_Z_KROPKA	Błędy ortograficzne	ST	"Ten skrót piszemy z kropką: ""ST."""	ST.	Istoty w promieniu 3 m od opuszczonego przez ciebie pola muszą wykonać udany rzut obronny na Mądrość przeciwko twojemu ST obrony przed czarami. W przeciwnym razie do początku twojej następnej tury mają utrudnienie w testach ataku przeciwko istotom innym niż ty.
h6153da66gbfbeg1d0dgec8agfbc6490c04f5	SKROTY_Z_KROPKA	Błędy ortograficzne	ST	"Ten skrót piszemy z kropką: ""ST."""	ST.	Istoty w promieniu 3 m od opuszczonego przez ciebie miejsca albo miejsca, w którym się pojawiasz (wedle twojego wyboru), muszą wykonać udany rzut obronny na Mądrość przeciwko twojemu ST obrony przed czarami. Przy niepowodzeniu otrzymują 2k10 obrażeń psychicznych.
h6153da66gbfbeg1d0dgec8agfbc6490c04f5	MORFOLOGIK_RULE_PL_PL	Prawdopodobna literówka	2k10	Wykryto prawdopodobny błąd pisowni		Istoty w promieniu 3 m od opuszczonego przez ciebie miejsca albo miejsca, w którym się pojawiasz (wedle twojego wyboru), muszą wykonać udany rzut obronny na Mądrość przeciwko twojemu ST obrony przed czarami. Przy niepowodzeniu otrzymują 2k10 obrażeń psychicznych.
h3662fdcag8fe4g979eg5288g490b31f1f882	MORFOLOGIK_RULE_PL_PL	Prawdopodobna literówka	empyreanem	Wykryto prawdopodobny błąd pisowni		Twój pakt czerpie z Wyższych Sfer, krain wiecznej błogości. Możesz zawrzeć przymierze z empyreanem, couatlem, sfinksem, jednorożcem lub inną niebiańską istotą. Możesz też zwracać się do wielu takich bytów, dążąc do celów zgodnych z ich naturą. Twój pakt pozwala ci doświadczyć przebłysku świętego światła, które rozświetla wieloświat.
h3662fdcag8fe4g979eg5288g490b31f1f882	MORFOLOGIK_RULE_PL_PL	Prawdopodobna literówka	couatlem	Wykryto prawdopodobny błąd pisowni		Twój pakt czerpie z Wyższych Sfer, krain wiecznej błogości. Możesz zawrzeć przymierze z empyreanem, couatlem, sfinksem, jednorożcem lub inną niebiańską istotą. Możesz też zwracać się do wielu takich bytów, dążąc do celów zgodnych z ich naturą. Twój pakt pozwala ci doświadczyć przebłysku świętego światła, które rozświetla wieloświat.
h3662fdcag8fe4g979eg5288g490b31f1f882	MORFOLOGIK_RULE_PL_PL	Prawdopodobna literówka	wieloświat	Wykryto prawdopodobny błąd pisowni		Twój pakt czerpie z Wyższych Sfer, krain wiecznej błogości. Możesz zawrzeć przymierze z empyreanem, couatlem, sfinksem, jednorożcem lub inną niebiańską istotą. Możesz też zwracać się do wielu takich bytów, dążąc do celów zgodnych z ich naturą. Twój pakt pozwala ci doświadczyć przebłysku świętego światła, które rozświetla wieloświat.
hbcb1d930g4757g8ed9g69dagacdb27a4f791	WIADACY	Wyrazy modne i nadużywane	wiodący	Ten rusycyzm jest błędnie używany po polsku w znaczeniu.	przodujący, główny, przewodni, zasadniczy, najlepszy	Magia twojego patrona sprawia, że zawsze masz przygotowane określone czary. Po osiągnięciu wskazanych poziomów Czarownika automatycznie zyskujesz powiązane z nimi czary.\n\nNa 3. poziomie są to Pomoc, Leczenie ran, Pocisk wiodący, Mniejsze przywrócenie, Światło i Święty płomień; na 5. poziomie dodatkowo — Światło dzienne i Ożywienie; na 7. poziomie — Strażnik wiary i Ściana ognia; a na 9. poziomie — Większe przywrócenie.
hdaeea362gfb80g3de3gfc7bgaaff6ca3e93f	MORFOLOGIK_RULE_PL_PL	Prawdopodobna literówka	k6	Wykryto prawdopodobny błąd pisowni	km, kg, ks, ku, KC, kW, KP, KK	Zyskujesz zdolność kierowania niebiańską energią, aby leczyć rany. Dysponujesz pulą kości k6, które zasilają to leczenie. Liczba kości w puli wynosi 1 plus twój poziom czarownika.\n\nW ramach akcji dodatkowej możesz uleczyć siebie albo jedną istotę, którą widzisz w promieniu 18 m od siebie, zużywając kości z puli. Maksymalna liczba kości, które możesz zużyć naraz, jest równa twojemu modyfikatorowi Charyzmy (co najmniej jedna kość). Rzuć zużytymi kośćmi i przywróć punkty wytrzymałości w liczbie równej sumie wyników. Wszystkie zużyte kości wracają do puli po ukończeniu długiego odpoczynku.
h13ee529eg2e3ag6b49ge487g5564265ef86c	MORFOLOGIK_RULE_PL_PL	Prawdopodobna literówka	k6	Wykryto prawdopodobny błąd pisowni	km, kg, ks, ku, KC, kW, KP, KK	Zyskujesz zdolność kierowania niebiańską energią, aby leczyć rany. Dysponujesz pulą kości k6, które zasilają to leczenie. Liczba kości w puli wynosi 1 plus twój poziom czarownika.\n\nW ramach akcji dodatkowej możesz uleczyć siebie albo jedną istotę, którą widzisz w promieniu 18 m od siebie, zużywając kości z puli. Maksymalna liczba kości, które możesz zużyć naraz, jest równa twojemu modyfikatorowi Charyzmy (co najmniej jedna kość). Rzuć zużytymi kośćmi i przywróć punkty wytrzymałości w liczbie równej sumie wyników. Wszystkie zużyte kości wracają do puli po ukończeniu długiego odpoczynku.
he7cabbf1ge807gac91g4abcgfb35ab2c9647	MORFOLOGIK_RULE_PL_PL	Prawdopodobna literówka	k6	Wykryto prawdopodobny błąd pisowni	km, kg, ks, ku, KC, kW, KP, KK	Kość wytrzymałości: k6
h5ef2c7b9g9a55g39f5g3136gac436a7a1d84	MORFOLOGIK_RULE_PL_PL	Prawdopodobna literówka	k8	Wykryto prawdopodobny błąd pisowni	km, kg, ks, ku, KC, kW, KP, KK	Kość wytrzymałości: k8
hc0a574f2g927fg6104gda6dg115f48564c90	MORFOLOGIK_RULE_PL_PL	Prawdopodobna literówka	k10	Wykryto prawdopodobny błąd pisowni	KRO, KKO	Kość wytrzymałości: k10
ha21b6867g8c9ag6927g327eg5540215147d3	MORFOLOGIK_RULE_PL_PL	Prawdopodobna literówka	k12	Wykryto prawdopodobny błąd pisowni	K2, B12, km2	Kość wytrzymałości: k12
h9a5993cagb688g4704g8ed3gd3d161fe6ef5	MORFOLOGIK_RULE_PL_PL	Prawdopodobna literówka	k6	Wykryto prawdopodobny błąd pisowni	km, kg, ks, ku, KC, kW, KP, KK	Użyj kości wytrzymałości: k6
h3e687a50gd1a3g26feg6792ged6ab0a5dc00	MORFOLOGIK_RULE_PL_PL	Prawdopodobna literówka	k8	Wykryto prawdopodobny błąd pisowni	km, kg, ks, ku, KC, kW, KP, KK	Użyj kości wytrzymałości: k8
h9df0d5e3gb8b4g35c0g6ef3gc428f067f2a7	MORFOLOGIK_RULE_PL_PL	Prawdopodobna literówka	k10	Wykryto prawdopodobny błąd pisowni	KRO, KKO	Użyj kości wytrzymałości: k10
hd6b15ae8g883dgdf02gd6abg7ee0b10eb571	MORFOLOGIK_RULE_PL_PL	Prawdopodobna literówka	k12	Wykryto prawdopodobny błąd pisowni	K2, B12, km2	Użyj kości wytrzymałości: k12
h2f17ec6fgaccfg9489ga33dg5178d82df62d	MORFOLOGIK_RULE_PL_PL	Prawdopodobna literówka	1k10	Wykryto prawdopodobny błąd pisowni		Gdy widoczna istota trafia atakiem inną istotę w promieniu 1,5 m od ciebie, możesz w ramach reakcji zmniejszyć obrażenia zadane celowi o 1k10 plus twoją premię z biegłości. Aby skorzystać z tej reakcji, musisz trzymać tarczę albo broń prostą lub bojową.
haa6b6306gc9beg2335g7d38gc8a89fd7d942	MORFOLOGIK_RULE_PL_PL	Prawdopodobna literówka	1k4	Wykryto prawdopodobny błąd pisowni		Gdy leczysz inną istotę, zyskuje ona następujący efekt: ilekroć przed końcem czaru zostaje obrana za cel ataku, napastnik odejmuje 1k4 od testu ataku.
h425e3ae9ge949g55bbg3aecg26401432f816	MORFOLOGIK_RULE_PL_PL	Prawdopodobna literówka	Bardowskiej	Wykryto prawdopodobny błąd pisowni	Badowskiej, Bartkowskiej, Barzowskiej, Batowskiej, Nartowskiej, Artowskiej, Bałtowskiej, Brdowskiej	"Gdy inspirujesz sojusznika za pomocą <LSTag Type=""Spell"" Tooltip=""Target_BardicInspiration"">Bardowskiej inspiracji</LSTag>, zyskujesz [1] w liczbie równej swojemu poziomowi barda."
h4b3bbd82gcfdegf0b2g8843g1b27f8c2a5b8	MORFOLOGIK_RULE_PL_PL	Prawdopodobna literówka	Bardowskiej	Wykryto prawdopodobny błąd pisowni	Badowskiej, Bartkowskiej, Barzowskiej, Batowskiej, Nartowskiej, Artowskiej, Bałtowskiej, Brdowskiej	"Gdy inspirujesz sojusznika za pomocą <LSTag Type=""Spell"" Tooltip=""Target_BardicInspiration"">Bardowskiej inspiracji</LSTag>, odzyskuje on również [1] w liczbie równej wynikowi rzutu twoją kością <LSTag Type=""ActionResource"" Tooltip=""BardicInspiration"">bardowskiej inspiracji</LSTag>."
h4b3bbd82gcfdegf0b2g8843g1b27f8c2a5b8	MORFOLOGIK_RULE_PL_PL	Prawdopodobna literówka	bardowskiej	Wykryto prawdopodobny błąd pisowni	Badowskiej, Bartkowskiej, Barzowskiej, Batowskiej, Nartowskiej, artowskiej, bartkowskiej, bałtowskiej	"Gdy inspirujesz sojusznika za pomocą <LSTag Type=""Spell"" Tooltip=""Target_BardicInspiration"">Bardowskiej inspiracji</LSTag>, odzyskuje on również [1] w liczbie równej wynikowi rzutu twoją kością <LSTag Type=""ActionResource"" Tooltip=""BardicInspiration"">bardowskiej inspiracji</LSTag>."
h90381d36g6a66g678dgc622g940db553e2a2	MORFOLOGIK_RULE_PL_PL	Prawdopodobna literówka	Fey	Wykryto prawdopodobny błąd pisowni	Fe, Fen, Key, Fes, Fez, Fee, Feb, Feby	Atut: Dotknięty przez Fey
h3e078741g3071gaa98ga931g651f9cac58d8	MORFOLOGIK_RULE_PL_PL	Prawdopodobna literówka	Fey	Wykryto prawdopodobny błąd pisowni	Fe, Fen, Key, Fes, Fez, Fee, Feb, Feby	Dotknięty przez Fey
hc8800178g3eabg44b8g93a8g0d839444e75f	MORFOLOGIK_RULE_PL_PL	Prawdopodobna literówka	fey	Wykryto prawdopodobny błąd pisowni	fe, fen, key, fes, fez, fee, Fe, Feb	Dotknięty przez fey: Przyjaciel zwierząt
hdc7ba426ge98dg4316g94c9g943ef2f71ef1	MORFOLOGIK_RULE_PL_PL	Prawdopodobna literówka	fey	Wykryto prawdopodobny błąd pisowni	fe, fen, key, fes, fez, fee, Fe, Feb	Magia fey: Przyjaciel zwierząt
hbe627f0bg708bg47b4gba79gf882af49eaca	MORFOLOGIK_RULE_PL_PL	Prawdopodobna literówka	fey	Wykryto prawdopodobny błąd pisowni	fe, fen, key, fes, fez, fee, Fe, Feb	Dotknięty przez fey: Zguba
hf80f1d43g98c1g4673gb72fgdffcfee338d2	MORFOLOGIK_RULE_PL_PL	Prawdopodobna literówka	fey	Wykryto prawdopodobny błąd pisowni	fe, fen, key, fes, fez, fee, Fe, Feb	"Magia fey: <LSTag Type=""Spell"" Tooltip=""Target_Bane"">Zguba</LSTag>"
h8b1e18f1g4012g4e69gb0a3g8425b829678e	MORFOLOGIK_RULE_PL_PL	Prawdopodobna literówka	fey	Wykryto prawdopodobny błąd pisowni	fe, fen, key, fes, fez, fee, Fe, Feb	Dotknięty przez fey: Błogosławieństwo
h87ead348ga862g462agbdd2g7079cbc25ffe	MORFOLOGIK_RULE_PL_PL	Prawdopodobna literówka	fey	Wykryto prawdopodobny błąd pisowni	fe, fen, key, fes, fez, fee, Fe, Feb	Magia fey: Błogosławieństwo
h184c59beg8cefg4990ga08bg9f97071dab68	MORFOLOGIK_RULE_PL_PL	Prawdopodobna literówka	fey	Wykryto prawdopodobny błąd pisowni	fe, fen, key, fes, fez, fee, Fe, Feb	Dotknięty przez fey: Zauroczenie osoby
hd754a089gcc84g46b1gb5d1gf25f7a821bb1	MORFOLOGIK_RULE_PL_PL	Prawdopodobna literówka	fey	Wykryto prawdopodobny błąd pisowni	fe, fen, key, fes, fez, fee, Fe, Feb	Magia fey: Zauroczenie osoby
h5f709a6dg1beeg401dgac54g6745b0befb35	MORFOLOGIK_RULE_PL_PL	Prawdopodobna literówka	fey	Wykryto prawdopodobny błąd pisowni	fe, fen, key, fes, fez, fee, Fe, Feb	Dotknięty przez fey: Rozkaz
h5702aa7bgc62dg498dgb2feg449b551cc59f	MORFOLOGIK_RULE_PL_PL	Prawdopodobna literówka	fey	Wykryto prawdopodobny błąd pisowni	fe, fen, key, fes, fez, fee, Fe, Feb	Magia fey: Rozkaz
haa6cb53ega264g466egae57g0fd95c9d62e4	MORFOLOGIK_RULE_PL_PL	Prawdopodobna literówka	fey	Wykryto prawdopodobny błąd pisowni	fe, fen, key, fes, fez, fee, Fe, Feb	Dotknięty przez fey: Prowokacja
hb21ce401g18b9g45c9g80cdg70f83e883cb9	MORFOLOGIK_RULE_PL_PL	Prawdopodobna literówka	fey	Wykryto prawdopodobny błąd pisowni	fe, fen, key, fes, fez, fee, Fe, Feb	Magia fey: Prowokacja
he981e206gd26fg4370gb1a0g19058c7e847c	MORFOLOGIK_RULE_PL_PL	Prawdopodobna literówka	fey	Wykryto prawdopodobny błąd pisowni	fe, fen, key, fes, fez, fee, Fe, Feb	Dotknięty przez fey: Fałszywe podszepty
h2713c54cga6ddg44bfgbd2fg22ad3a219a9e	MORFOLOGIK_RULE_PL_PL	Prawdopodobna literówka	fey	Wykryto prawdopodobny błąd pisowni	fe, fen, key, fes, fez, fee, Fe, Feb	Magia fey: Fałszywe podszepty
h665b240bge251g4890gbb5cg7879ce993465	MORFOLOGIK_RULE_PL_PL	Prawdopodobna literówka	fey	Wykryto prawdopodobny błąd pisowni	fe, fen, key, fes, fez, fee, Fe, Feb	Dotknięty przez fey: Heroizm
h1f496538gbf09g4d50gaffdg135542e5928e	MORFOLOGIK_RULE_PL_PL	Prawdopodobna literówka	fey	Wykryto prawdopodobny błąd pisowni	fe, fen, key, fes, fez, fee, Fe, Feb	Magia fey: Heroizm
h58b730d5g4dcbg4b48g971cg5b740e2ffc3d	MORFOLOGIK_RULE_PL_PL	Prawdopodobna literówka	fey	Wykryto prawdopodobny błąd pisowni	fe, fen, key, fes, fez, fee, Fe, Feb	Dotknięty przez fey: Urok
h4fbc6dd5g38b2g47f9g9735g678004c05e74	MORFOLOGIK_RULE_PL_PL	Prawdopodobna literówka	fey	Wykryto prawdopodobny błąd pisowni	fe, fen, key, fes, fez, fee, Fe, Feb	Magia fey: Urok
hdd4dbdd2g4659g4a31g8aa0gc4c445c1be33	MORFOLOGIK_RULE_PL_PL	Prawdopodobna literówka	fey	Wykryto prawdopodobny błąd pisowni	fe, fen, key, fes, fez, fee, Fe, Feb	Dotknięty przez fey: Ohydny śmiech Tashy
hdd4dbdd2g4659g4a31g8aa0gc4c445c1be33	MORFOLOGIK_RULE_PL_PL	Prawdopodobna literówka	Tashy	Wykryto prawdopodobny błąd pisowni	Taśmy, Tahy, Tassy, Hashy, Kashy, Tasy, Taszy, Washy	Dotknięty przez fey: Ohydny śmiech Tashy
h23321941gc35bg4651g9eb6gf98a34d2777f	MORFOLOGIK_RULE_PL_PL	Prawdopodobna literówka	fey	Wykryto prawdopodobny błąd pisowni	fe, fen, key, fes, fez, fee, Fe, Feb	Magia fey: Ohydny śmiech Tashy
h23321941gc35bg4651g9eb6gf98a34d2777f	MORFOLOGIK_RULE_PL_PL	Prawdopodobna literówka	Tashy	Wykryto prawdopodobny błąd pisowni	Taśmy, Tahy, Tassy, Hashy, Kashy, Tasy, Taszy, Washy	Magia fey: Ohydny śmiech Tashy
hbb161f9ega89fg403eg823fge6c45b2fb19b	MORFOLOGIK_RULE_PL_PL	Prawdopodobna literówka	fey	Wykryto prawdopodobny błąd pisowni	fe, fen, key, fes, fez, fee, Fe, Feb	Dotknięty przez fey: Znak łowcy
h57d8ec12g3ceeg4061gaf4eg0e05c40d93ef	MORFOLOGIK_RULE_PL_PL	Prawdopodobna literówka	fey	Wykryto prawdopodobny błąd pisowni	fe, fen, key, fes, fez, fee, Fe, Feb	Magia fey: Znak łowcy
h62dc921dgae66g4db2ga508g1e377eaf2e8c	MORFOLOGIK_RULE_PL_PL	Prawdopodobna literówka	fey	Wykryto prawdopodobny błąd pisowni	fe, fen, key, fes, fez, fee, Fe, Feb	Dotknięty przez fey: Uśpienie
h3db64f18g5e4dg4e28g992ag1e784239f0a8	MORFOLOGIK_RULE_PL_PL	Prawdopodobna literówka	fey	Wykryto prawdopodobny błąd pisowni	fe, fen, key, fes, fez, fee, Fe, Feb	Magia fey: Uśpienie
h4ce0ba4bg2079g403cg83a5g54abfdb0d35f	MORFOLOGIK_RULE_PL_PL	Prawdopodobna literówka	fey	Wykryto prawdopodobny błąd pisowni	fe, fen, key, fes, fez, fee, Fe, Feb	Dotknięty przez fey: Rozmawianie ze zwierzętami
hced8ae2egc19bg42fbg92dbg72edc975847f	MORFOLOGIK_RULE_PL_PL	Prawdopodobna literówka	fey	Wykryto prawdopodobny błąd pisowni	fe, fen, key, fes, fez, fee, Fe, Feb	Magia fey: Rozmawianie ze zwierzętami
h355c781dg7ea0g31c3g7904g5e09dcd7d24d	MORFOLOGIK_RULE_PL_PL	Prawdopodobna literówka	Ślepowidzenie	Wykryto prawdopodobny błąd pisowni	Ślepo widzenie, Ślepowidze nie	Ślepowidzenie. Masz ślepowidzenie o zasięgu 3 m.\n\nMgła wojny. ST wymagane do uzyskania stanu Niewidzialności za pomocą akcji Ukrycia wynosi 15 zamiast 20.
h355c781dg7ea0g31c3g7904g5e09dcd7d24d	MORFOLOGIK_RULE_PL_PL	Prawdopodobna literówka	ślepowidzenie	Wykryto prawdopodobny błąd pisowni	ślepo widzenie, ślepowidze nie	Ślepowidzenie. Masz ślepowidzenie o zasięgu 3 m.\n\nMgła wojny. ST wymagane do uzyskania stanu Niewidzialności za pomocą akcji Ukrycia wynosi 15 zamiast 20.
h355c781dg7ea0g31c3g7904g5e09dcd7d24d	SKROTY_Z_KROPKA	Błędy ortograficzne	ST	"Ten skrót piszemy z kropką: ""ST."""	ST.	Ślepowidzenie. Masz ślepowidzenie o zasięgu 3 m.\n\nMgła wojny. ST wymagane do uzyskania stanu Niewidzialności za pomocą akcji Ukrycia wynosi 15 zamiast 20.
h0df1df8cg4144g5ee4g0641gab98d991d8dc	MORFOLOGIK_RULE_PL_PL	Prawdopodobna literówka	Ślepowidzenie	Wykryto prawdopodobny błąd pisowni	Ślepo widzenie, Ślepowidze nie	Ślepowidzenie. Masz ślepowidzenie o zasięgu 3 m.\n\nMgła wojny. ST wymagane do uzyskania stanu Niewidzialności za pomocą akcji Ukrycia wynosi 15 zamiast 20.
h0df1df8cg4144g5ee4g0641gab98d991d8dc	MORFOLOGIK_RULE_PL_PL	Prawdopodobna literówka	ślepowidzenie	Wykryto prawdopodobny błąd pisowni	ślepo widzenie, ślepowidze nie	Ślepowidzenie. Masz ślepowidzenie o zasięgu 3 m.\n\nMgła wojny. ST wymagane do uzyskania stanu Niewidzialności za pomocą akcji Ukrycia wynosi 15 zamiast 20.
h0df1df8cg4144g5ee4g0641gab98d991d8dc	SKROTY_Z_KROPKA	Błędy ortograficzne	ST	"Ten skrót piszemy z kropką: ""ST."""	ST.	Ślepowidzenie. Masz ślepowidzenie o zasięgu 3 m.\n\nMgła wojny. ST wymagane do uzyskania stanu Niewidzialności za pomocą akcji Ukrycia wynosi 15 zamiast 20.
h184daf4dg8b82g8b87ge6d3gd88ec7c48bc1	MORFOLOGIK_RULE_PL_PL	Prawdopodobna literówka	sejmitar	Wykryto prawdopodobny błąd pisowni		Eteryczny sejmitar wykuty z żywego ognia.
h1db10ba1g91aagc5a2g2acbg5853ba104450	BRAK_PRZECINKA_GDY	Błędy interpunkcyjne	Drakon Gdy	"Przed tym spójnikiem stawiamy przecinek: ""Drakon, Gdy""."	Drakon, Gdy	Warunek wstępny: Drakon\n\nGdy wpadasz w gniew, możesz emanować grozą.\n\nZyskujesz jedno dodatkowe użycie zionięcia.\n\nMożesz zużyć jedno użycie zionięcia, aby ryknąć i zmusić każdą wybraną istotę w promieniu 9 m do wykonania rzutu obronnego na Mądrość. Przy niepowodzeniu cel zostaje Przerażony tobą na minutę.
h5029006cg1d84g898agfbf2g6cbc772fdf9b	MORFOLOGIK_RULE_PL_PL	Prawdopodobna literówka	Xanathara	Wykryto prawdopodobny błąd pisowni		Przewodnik Xanathara po wszystkim
ha022bdf2g8459g8f09g9f3eg1fb7dd37302a	MORFOLOGIK_RULE_PL_PL	Prawdopodobna literówka	Xanathara	Wykryto prawdopodobny błąd pisowni		Przewodnik Xanathara po wszystkim
h9034c86agb8d7g13ffge863g1561ec6ea096	MORFOLOGIK_RULE_PL_PL	Prawdopodobna literówka	drakonich	Wykryto prawdopodobny błąd pisowni	drako nich	Warunek wstępny: Drakon\n\nWyrastają ci łuski i pazury przypominające drakonich przodków.\n\nTwoje łuski twardnieją. Gdy nie nosisz pancerza, twoja KP może wynosić 13 + twój modyfikator Zręczności. Możesz używać tarczy i nadal korzystać z tej korzyści.\n\nNa końcach palców wyrastają ci chowane pazury. Ich wysunięcie lub schowanie nie wymaga akcji. Są naturalną bronią, której możesz używać do wykonywania ataków bez broni. Gdy trafisz takim atakiem z użyciem pazurów, zadajesz dodatkowe 1k4 obrażeń ciętych.
h9034c86agb8d7g13ffge863g1561ec6ea096	MORFOLOGIK_RULE_PL_PL	Prawdopodobna literówka	1k4	Wykryto prawdopodobny błąd pisowni		Warunek wstępny: Drakon\n\nWyrastają ci łuski i pazury przypominające drakonich przodków.\n\nTwoje łuski twardnieją. Gdy nie nosisz pancerza, twoja KP może wynosić 13 + twój modyfikator Zręczności. Możesz używać tarczy i nadal korzystać z tej korzyści.\n\nNa końcach palców wyrastają ci chowane pazury. Ich wysunięcie lub schowanie nie wymaga akcji. Są naturalną bronią, której możesz używać do wykonywania ataków bez broni. Gdy trafisz takim atakiem z użyciem pazurów, zadajesz dodatkowe 1k4 obrażeń ciętych.
hb434eaecg1425g3722gfd51g5065b8b2a915	MORFOLOGIK_RULE_PL_PL	Prawdopodobna literówka	1k4	Wykryto prawdopodobny błąd pisowni		Twoje łuski twardnieją. Kiedy nie nosisz zbroi, możesz obliczyć swoje KP jako 13 + twój modyfikator Zręczności. Możesz użyć tarczy i nadal zyskać tę korzyść.\n\nZ czubków palców wyrastają chowane pazury. Wysuwanie lub cofanie pazurów nie wymaga żadnych działań. Pazury to naturalna broń, którą możesz wykorzystać do wykonywania ataków bez broni. Kiedy uderzasz nieuzbrojonym atakiem za pomocą tych pazurów, atak zadaje dodatkowe obrażenia cięte 1k4.
h9859bb44g3e14g4995geac2ga0aad82d5174	MORFOLOGIK_RULE_PL_PL	Prawdopodobna literówka	półelf	Wykryto prawdopodobny błąd pisowni	pół elf	Warunek: Elf lub półelf\n\nDokładność elfów jest legendarna, zwłaszcza elfich łuczników i rzucających czary. Masz niesamowity cel dzięki atakom, które opierają się na precyzji, a nie na brutalnej sile.\n\nIlekroć masz ułatwienie w teście ataku za pomocą Zręczności, Inteligencji, Mądrości lub Charyzmy, możesz raz przerzucić jedną z kości.
h9f87a9d2g9d12g4c2cg64e6g15737cbc6441	MORFOLOGIK_RULE_PL_PL	Prawdopodobna literówka	Flegetosa	Wykryto prawdopodobny błąd pisowni		Atut: Płomienie Flegetosa
hc35093b5g5ceag870eg966fg55e93a47c7ca	MORFOLOGIK_RULE_PL_PL	Prawdopodobna literówka	1k4	Wykryto prawdopodobny błąd pisowni		Gdy wykonujesz rzut na obrażenia od ognia zadawane przez rzucony czar, możesz przerzucić każdą 1, która wypadła na kości obrażeń od ognia.\n\nZa każdym razem, gdy rzucasz czar zadający obrażenia od ognia, możesz spowić się płomieniami do końca swojej następnej tury. Dopóki płomienie są obecne, każda istota, która trafi cię atakiem wręcz, otrzymuje 1k4 obrażeń od ognia.
h39fb369dg4fccg4963gd303g8b939bce8d8f	MORFOLOGIK_RULE_PL_PL	Prawdopodobna literówka	Flegetosa	Wykryto prawdopodobny błąd pisowni		Płomienie Flegetosa
hb537b09ag83a8g4f18gf705gc5ec2b658965	MORFOLOGIK_RULE_PL_PL	Prawdopodobna literówka	Flegetosa	Wykryto prawdopodobny błąd pisowni		Płomienie Flegetosa
h5421b0a0g7e88g3249g1c1fg0bb7fa658d3a	MORFOLOGIK_RULE_PL_PL	Prawdopodobna literówka	1k4	Wykryto prawdopodobny błąd pisowni		Ilekroć rzucisz czar zadające obrażenia od ognia, możesz sprawić, że płomienie spowiją cię aż do końca twojej następnej tury. Kiedy te płomienie są obecne, każda istota, która trafi cię atakiem wręcz, otrzymuje 1k4 obrażeń od ognia.
h3502d470g3a45gf7d7g2d8dgb6979a6b5440	MORFOLOGIK_RULE_PL_PL	Prawdopodobna literówka	Flegetosa	Wykryto prawdopodobny błąd pisowni		Płomienie Flegetosa
hc93c8d09ge62bg58d1g07dcgb03858e06604	MORFOLOGIK_RULE_PL_PL	Prawdopodobna literówka	1k4	Wykryto prawdopodobny błąd pisowni		Warunek wstępny: Diabelstwo\n\nUczysz się wzywać ogień piekielny, aby służył twoim rozkazom.\n\nKiedy rzucasz obrażenia od ognia dla rzuconego czaru, możesz przerzucić dowolną 1 na kościach obrażeń od ognia.\n\nIlekroć rzucisz czar zadające obrażenia od ognia, możesz sprawić, że płomienie spowiją cię aż do końca twojej następnej tury. Kiedy te płomienie są obecne, każda istota, która trafi cię atakiem wręcz, otrzymuje 1k4 obrażeń od ognia.
h4b0f1e63g20c9gcc05ga203g340139e843f1	ZDANIA_ZLOZONE	Błędy interpunkcyjne	trafiasz krytycznie atakiem wręcz bronią,	W tym zdaniu złożonym brakuje przecinka lub spójnika między jednym czasownikiem („trafiasz”) a drugim („bronią”).		"Kiedy <LSTag Tooltip=""CriticalHit"">trafiasz krytycznie</LSTag> atakiem wręcz bronią, wykonujesz dodatkowy rzut kością na obrażenia."
h505c9691gb92dg0066g1bd8gee8dbadfa730	BRAK_PRZECINKA_GDY	Błędy interpunkcyjne	Półork Gdy	"Przed tym spójnikiem stawiamy przecinek: ""Półork, Gdy""."	Półork, Gdy	"Warunek wstępny: Półork\n\nGdy uzyskasz <LSTag Tooltip=""CriticalHit"">trafienie krytyczne</LSTag> atakiem bronią do walki wręcz, rzucasz dodatkową kością obrażeń broni."
h4998c762g7d6egdfc2g2fd6gdf770ccc5c4d	MORFOLOGIK_RULE_PL_PL	Prawdopodobna literówka	metamagii	Wykryto prawdopodobny błąd pisowni	meta magii	Adept metamagii
hf9cd95ecgf1f8gb541gd6dcgf5f3c5bd5322	MORFOLOGIK_RULE_PL_PL	Prawdopodobna literówka	Metamagii	Wykryto prawdopodobny błąd pisowni	Meta magii	Od klasy czarownika uczysz się dwóch wybranych przez siebie opcji Metamagii. Podczas rzucania czaru możesz użyć tylko jednej opcji Metamagii, chyba że opcja mówi inaczej.\nOtrzymujesz 2 punkty zaklinania, które możesz wydać na Metamagię (te punkty są dodawane do wszelkich punktów zaklinania, które posiadasz z innego źródła, ale można ich użyć tylko na Metamagii). Po zakończeniu długiego odpoczynku odzyskujesz wszystkie wydane punkty zaklinania.
hf9cd95ecgf1f8gb541gd6dcgf5f3c5bd5322	MORFOLOGIK_RULE_PL_PL	Prawdopodobna literówka	Metamagii	Wykryto prawdopodobny błąd pisowni	Meta magii	Od klasy czarownika uczysz się dwóch wybranych przez siebie opcji Metamagii. Podczas rzucania czaru możesz użyć tylko jednej opcji Metamagii, chyba że opcja mówi inaczej.\nOtrzymujesz 2 punkty zaklinania, które możesz wydać na Metamagię (te punkty są dodawane do wszelkich punktów zaklinania, które posiadasz z innego źródła, ale można ich użyć tylko na Metamagii). Po zakończeniu długiego odpoczynku odzyskujesz wszystkie wydane punkty zaklinania.
hf9cd95ecgf1f8gb541gd6dcgf5f3c5bd5322	MORFOLOGIK_RULE_PL_PL	Prawdopodobna literówka	Metamagię	Wykryto prawdopodobny błąd pisowni	Meta magię	Od klasy czarownika uczysz się dwóch wybranych przez siebie opcji Metamagii. Podczas rzucania czaru możesz użyć tylko jednej opcji Metamagii, chyba że opcja mówi inaczej.\nOtrzymujesz 2 punkty zaklinania, które możesz wydać na Metamagię (te punkty są dodawane do wszelkich punktów zaklinania, które posiadasz z innego źródła, ale można ich użyć tylko na Metamagii). Po zakończeniu długiego odpoczynku odzyskujesz wszystkie wydane punkty zaklinania.
hf9cd95ecgf1f8gb541gd6dcgf5f3c5bd5322	MORFOLOGIK_RULE_PL_PL	Prawdopodobna literówka	Metamagii	Wykryto prawdopodobny błąd pisowni	Meta magii	Od klasy czarownika uczysz się dwóch wybranych przez siebie opcji Metamagii. Podczas rzucania czaru możesz użyć tylko jednej opcji Metamagii, chyba że opcja mówi inaczej.\nOtrzymujesz 2 punkty zaklinania, które możesz wydać na Metamagię (te punkty są dodawane do wszelkich punktów zaklinania, które posiadasz z innego źródła, ale można ich użyć tylko na Metamagii). Po zakończeniu długiego odpoczynku odzyskujesz wszystkie wydane punkty zaklinania.
h07d286f6gc9ceg419dgb13dg7480d479c810	MORFOLOGIK_RULE_PL_PL	Prawdopodobna literówka	Faerûnu	Wykryto prawdopodobny błąd pisowni		Zapomniane Krainy: Bohaterowie Faerûnu — atuty pochodzenia
hab576294g3e47gcbbeg44c0g9dc38a2a3ab6	MORFOLOGIK_RULE_PL_PL	Prawdopodobna literówka	Faerûnu	Wykryto prawdopodobny błąd pisowni		Zapomniane Krainy: Bohaterowie Faerûnu
hdefd07e9gac32g3227g03d6g27116876f808	MORFOLOGIK_RULE_PL_PL	Prawdopodobna literówka	1k4	Wykryto prawdopodobny błąd pisowni		Absorpcja magii. Raz na turę, gdy otrzymujesz obrażenia od czaru albo efektu magicznego, zmniejszasz ich łączną wartość o 1k4.\n\nPłomień magicznego ognia. Poznajesz sztuczkę Święty płomień. Możesz również rzucać ją w ramach akcji dodatkowej tyle razy, ile wynosi twoja premia z biegłości. Wszystkie użycia odzyskujesz po ukończeniu długiego odpoczynku.
h5b07f997g2114g17b3gd384gcaa505b50750	MORFOLOGIK_RULE_PL_PL	Prawdopodobna literówka	1k4	Wykryto prawdopodobny błąd pisowni		Absorpcja magii. Raz na turę, gdy otrzymujesz obrażenia od czaru albo efektu magicznego, zmniejszasz ich łączną wartość o 1k4.\n\nPłomień magicznego ognia. Poznajesz sztuczkę Święty płomień. Możesz również rzucać ją w ramach akcji dodatkowej tyle razy, ile wynosi twoja premia z biegłości. Wszystkie użycia odzyskujesz po ukończeniu długiego odpoczynku.
h7b8e3a06gdde1gc2ecgce15ga5797c09467a	MORFOLOGIK_RULE_PL_PL	Prawdopodobna literówka	1k4	Wykryto prawdopodobny błąd pisowni		Raz na turę, gdy otrzymasz obrażenia od czaru lub efektu magicznego, zmniejszasz całkowite obrażenia otrzymane przez 1k4.
h11f2c0a6g0e9cg591agcdd9g71cba221f057	MORFOLOGIK_RULE_PL_PL	Prawdopodobna literówka	1k4	Wykryto prawdopodobny błąd pisowni		Raz na turę, gdy otrzymasz obrażenia od czaru lub efektu magicznego, zmniejszasz całkowite obrażenia otrzymane przez 1k4.
h892adbd2g77e7g3445g2923gacaeb87d4b31	MORFOLOGIK_RULE_PL_PL	Prawdopodobna literówka	Zhentarimów	Wykryto prawdopodobny błąd pisowni		Oprych Zhentarimów
hc035112fg126ag11d6gfb7dg336a2c68d5d8	MORFOLOGIK_RULE_PL_PL	Prawdopodobna literówka	Zhentarimów	Wykryto prawdopodobny błąd pisowni		Atut pochodzenia: Oprych Zhentarimów
h906ec4f3gc82ag542bgde14g6bc7078122ad	MORFOLOGIK_RULE_PL_PL	Prawdopodobna literówka	wyrzutkowie	Wykryto prawdopodobny błąd pisowni	wyrzutkowi, wyrzutko wie	Atut: Szczęściarz\n\nUlica jest twoim domem, a otaczają cię równie nieszczęśni wyrzutkowie — jedni są przyjaciółmi, inni rywalami. Śpisz, gdzie się da, i podejmujesz dorywcze prace za jedzenie. Gdy głód staje się nie do zniesienia, czasem uciekasz się do kradzieży. Mimo to zachowujesz dumę i nadzieję. Los jeszcze z tobą nie skończył.
he12b9f94g6f02gff63gc972g8305903353f4	MORFOLOGIK_RULE_PL_PL	Prawdopodobna literówka	Chondathański	Wykryto prawdopodobny błąd pisowni		Chondathański korsarz
he504b2a7g6a08gdabfgb8a9g1df72a68f86c	BRAK_PRZECINKA_SPOJNIK_PROSTY	Błędy interpunkcyjne	Uzdolniony Choć	"Przed tym spójnikiem zwykle stawiamy przecinek: ""Uzdolniony, Choć"" (chyba że ten wyraz jest użyty jako synonim „bodaj”, „przynajmniej”)."	Uzdolniony, Choć	Atut: Uzdolniony\n\nChoć większość młodzieży w Chondath odbywa czteroletnią obowiązkową służbę wojskową, sprzeciwiasz się tej autorytarnej próbie kontroli nad twoim życiem. Odrzucasz obywatelstwo i nadane imię, po czym dołączasz jako korsarz do pierwszego statku, który przyjmuje cię na pokład. Od tamtej pory przemierzasz Przesmyk Vilhon. Rzadko oddalasz się od lądu o więcej niż kilkadziesiąt lig, lecz nadrabiasz to rozległymi miejscowymi kontaktami i bogactwem doświadczeń.
he504b2a7g6a08gdabfgb8a9g1df72a68f86c	MORFOLOGIK_RULE_PL_PL	Prawdopodobna literówka	Chondath	Wykryto prawdopodobny błąd pisowni		Atut: Uzdolniony\n\nChoć większość młodzieży w Chondath odbywa czteroletnią obowiązkową służbę wojskową, sprzeciwiasz się tej autorytarnej próbie kontroli nad twoim życiem. Odrzucasz obywatelstwo i nadane imię, po czym dołączasz jako korsarz do pierwszego statku, który przyjmuje cię na pokład. Od tamtej pory przemierzasz Przesmyk Vilhon. Rzadko oddalasz się od lądu o więcej niż kilkadziesiąt lig, lecz nadrabiasz to rozległymi miejscowymi kontaktami i bogactwem doświadczeń.
he504b2a7g6a08gdabfgb8a9g1df72a68f86c	MORFOLOGIK_RULE_PL_PL	Prawdopodobna literówka	Vilhon	Wykryto prawdopodobny błąd pisowni	Villą, Villon	Atut: Uzdolniony\n\nChoć większość młodzieży w Chondath odbywa czteroletnią obowiązkową służbę wojskową, sprzeciwiasz się tej autorytarnej próbie kontroli nad twoim życiem. Odrzucasz obywatelstwo i nadane imię, po czym dołączasz jako korsarz do pierwszego statku, który przyjmuje cię na pokład. Od tamtej pory przemierzasz Przesmyk Vilhon. Rzadko oddalasz się od lądu o więcej niż kilkadziesiąt lig, lecz nadrabiasz to rozległymi miejscowymi kontaktami i bogactwem doświadczeń.
h0026be6dg10c9g0f95gcab2g7474991939fb	MORFOLOGIK_RULE_PL_PL	Prawdopodobna literówka	Anauroch	Wykryto prawdopodobny błąd pisowni		Atut: Uzdrowiciel\n\nStrefy martwej magii na pustyni Anauroch są przekleństwem dla czarujących i potworów zależnych od magii — właśnie dlatego Anauroch staje się twoim domem. Być może uciekasz przed Czerwonymi Magami albo popadasz w konflikt z potężnym dżinnem w Calimshanie. Niezależnie od przyczyny życie na pustyni okazuje się najlepszym wyjściem. Po wielu miesiącach lub latach masz więcej siły i mądrości oraz ciężko zdobytą wiedzę o pustynnej medycynie i przetrwaniu na pustkowiach.
h0026be6dg10c9g0f95gcab2g7474991939fb	MORFOLOGIK_RULE_PL_PL	Prawdopodobna literówka	Anauroch	Wykryto prawdopodobny błąd pisowni		Atut: Uzdrowiciel\n\nStrefy martwej magii na pustyni Anauroch są przekleństwem dla czarujących i potworów zależnych od magii — właśnie dlatego Anauroch staje się twoim domem. Być może uciekasz przed Czerwonymi Magami albo popadasz w konflikt z potężnym dżinnem w Calimshanie. Niezależnie od przyczyny życie na pustyni okazuje się najlepszym wyjściem. Po wielu miesiącach lub latach masz więcej siły i mądrości oraz ciężko zdobytą wiedzę o pustynnej medycynie i przetrwaniu na pustkowiach.
h0026be6dg10c9g0f95gcab2g7474991939fb	MORFOLOGIK_RULE_PL_PL	Prawdopodobna literówka	Calimshanie	Wykryto prawdopodobny błąd pisowni		Atut: Uzdrowiciel\n\nStrefy martwej magii na pustyni Anauroch są przekleństwem dla czarujących i potworów zależnych od magii — właśnie dlatego Anauroch staje się twoim domem. Być może uciekasz przed Czerwonymi Magami albo popadasz w konflikt z potężnym dżinnem w Calimshanie. Niezależnie od przyczyny życie na pustyni okazuje się najlepszym wyjściem. Po wielu miesiącach lub latach masz więcej siły i mądrości oraz ciężko zdobytą wiedzę o pustynnej medycynie i przetrwaniu na pustkowiach.
h44bec492ga13fg76e5gfab8g3f1ba78481ca	BRAK_PRZECINKA_SPOJNIK_PROSTY	Błędy interpunkcyjne	) Choć	"Przed tym spójnikiem zwykle stawiamy przecinek: ""), Choć"" (chyba że ten wyraz jest użyty jako synonim „bodaj”, „przynajmniej”)."	), Choć	Atut: Wtajemniczony (mag)\n\nChoć dżiny nie rządzą już Calimshanem, ich magia nadal jest powszechna w twojej ojczyźnie. Być może przypadkowo przywołujesz dżinna z magicznej lampy albo trafiasz do oazy strzeżonej przez marida. Dao może ocalić cię przed osuwiskiem, a efreeti — zaoferować ulotne bogactwo w zamian za układ. Niezależnie od tego, jak twój los splata się z losem dżina, doświadczenie obdarza cię bystrym okiem, srebrnym językiem i niemałą dozą magii.
h44bec492ga13fg76e5gfab8g3f1ba78481ca	MORFOLOGIK_RULE_PL_PL	Prawdopodobna literówka	Calimshanem	Wykryto prawdopodobny błąd pisowni		Atut: Wtajemniczony (mag)\n\nChoć dżiny nie rządzą już Calimshanem, ich magia nadal jest powszechna w twojej ojczyźnie. Być może przypadkowo przywołujesz dżinna z magicznej lampy albo trafiasz do oazy strzeżonej przez marida. Dao może ocalić cię przed osuwiskiem, a efreeti — zaoferować ulotne bogactwo w zamian za układ. Niezależnie od tego, jak twój los splata się z losem dżina, doświadczenie obdarza cię bystrym okiem, srebrnym językiem i niemałą dozą magii.
h44bec492ga13fg76e5gfab8g3f1ba78481ca	MORFOLOGIK_RULE_PL_PL	Prawdopodobna literówka	marida	Wykryto prawdopodobny błąd pisowni	Marita, Maritą, Maria, Marią, Marta, Marata, Martą, Mérida	Atut: Wtajemniczony (mag)\n\nChoć dżiny nie rządzą już Calimshanem, ich magia nadal jest powszechna w twojej ojczyźnie. Być może przypadkowo przywołujesz dżinna z magicznej lampy albo trafiasz do oazy strzeżonej przez marida. Dao może ocalić cię przed osuwiskiem, a efreeti — zaoferować ulotne bogactwo w zamian za układ. Niezależnie od tego, jak twój los splata się z losem dżina, doświadczenie obdarza cię bystrym okiem, srebrnym językiem i niemałą dozą magii.
h44bec492ga13fg76e5gfab8g3f1ba78481ca	MORFOLOGIK_RULE_PL_PL	Prawdopodobna literówka	efreeti	Wykryto prawdopodobny błąd pisowni		Atut: Wtajemniczony (mag)\n\nChoć dżiny nie rządzą już Calimshanem, ich magia nadal jest powszechna w twojej ojczyźnie. Być może przypadkowo przywołujesz dżinna z magicznej lampy albo trafiasz do oazy strzeżonej przez marida. Dao może ocalić cię przed osuwiskiem, a efreeti — zaoferować ulotne bogactwo w zamian za układ. Niezależnie od tego, jak twój los splata się z losem dżina, doświadczenie obdarza cię bystrym okiem, srebrnym językiem i niemałą dozą magii.
h0326e7b1g8c73g586agce87gedf968fe63ea	MORFOLOGIK_RULE_PL_PL	Prawdopodobna literówka	pięściogłowego	Wykryto prawdopodobny błąd pisowni	pięciogłowego	Atut: Czujność\n\nPochodzisz z dumnego rodu rybaków łowiących pod lodem w Dziesięciu Miastach Doliny Lodowego Wichru. Połów pstrąga pięściogłowego nie należy do najbardziej chwalebnych zajęć Północy, ale zapewnia uczciwe życie. Twoje zmysły są wyczulone na najlżejsze szarpnięcie żyłki, ramiona — zahartowane zmaganiami z wielkimi pstrągami pod lodem, a wprawa w patroszeniu wystarcza, by wielokrotnie wykarmić całą wioskę. Te doświadczenia przygotowują twoje ciało i umysł do życia pełnego przygód.\n\nRamię w ramię. Gdy sojusznik w promieniu 1,5 m od ciebie podlega efektowi, który miałby go odepchnąć albo przyciągnąć, możesz w ramach reakcji temu zapobiec. Sojusznik nie może mieć stanu Obezwładnienia.
hc3c055e8g4d69gee62gad8cg75de8ea0fec1	MORFOLOGIK_RULE_PL_PL	Prawdopodobna literówka	Faerûnem	Wykryto prawdopodobny błąd pisowni		Atut: Nowicjusz Rękawicy\n\nNie każdy, kto odpowiada na wezwanie wyższej siły, chce spędzać życie nad świętymi pismami w dusznej świątynnej apsydzie. Wstępując do Zakonu Rękawicy, obierasz drogę świętego wojownika. Jako rycerz Rękawicy okazujesz słuszną pogardę siłom zła, niezachwianą solidarność z towarzyszami broni i szczere współczucie ocalałym z wojny. Z bronią i świętym symbolem w dłoniach składasz przysięgę, że nie spoczniesz, dopóki światło sprawiedliwości nie rozproszy cienia chaosu nad całym Faerûnem.
hfabda183g7436g881egc8e9gf6ec8a6a8cb3	MORFOLOGIK_RULE_PL_PL	Prawdopodobna literówka	Waterdeep	Wykryto prawdopodobny błąd pisowni		Atut: Agent Sojuszu Lordów\n\nTwoja wierność należy do jednego z miast Sojuszu Lordów. Jako agent Sojuszu musisz przestrzegać jego zasad oraz działać na rzecz bezpieczeństwa i dobrobytu Wybrzeża Mieczy. Masz przynosić honor i chwałę rodowi swego pana — czy to zabezpieczając szlaki handlowe dla kupieckiego lorda z Waterdeep, czy zgładzając potwory grasujące w górnym biegu rzeki od Daggerfordu. Szkolenie w walce mieczem i sztuce rządzenia sprawia, że równie sprawnie posługujesz się ostrzem, co piórem.\n\nInspirujące uderzenie. Raz na turę, gdy uzyskujesz trafienie krytyczne przeciwko istocie, zyskujesz heroiczną inspirację.\n\nPrzywrócenie honoru. Gdy widoczny wróg zadaje ci obrażenia, masz ułatwienie w następnym teście ataku przeciwko niemu wykonanym przed końcem swojej następnej tury.
hfabda183g7436g881egc8e9gf6ec8a6a8cb3	MORFOLOGIK_RULE_PL_PL	Prawdopodobna literówka	Daggerfordu	Wykryto prawdopodobny błąd pisowni		Atut: Agent Sojuszu Lordów\n\nTwoja wierność należy do jednego z miast Sojuszu Lordów. Jako agent Sojuszu musisz przestrzegać jego zasad oraz działać na rzecz bezpieczeństwa i dobrobytu Wybrzeża Mieczy. Masz przynosić honor i chwałę rodowi swego pana — czy to zabezpieczając szlaki handlowe dla kupieckiego lorda z Waterdeep, czy zgładzając potwory grasujące w górnym biegu rzeki od Daggerfordu. Szkolenie w walce mieczem i sztuce rządzenia sprawia, że równie sprawnie posługujesz się ostrzem, co piórem.\n\nInspirujące uderzenie. Raz na turę, gdy uzyskujesz trafienie krytyczne przeciwko istocie, zyskujesz heroiczną inspirację.\n\nPrzywrócenie honoru. Gdy widoczny wróg zadaje ci obrażenia, masz ułatwienie w następnym teście ataku przeciwko niemu wykonanym przed końcem swojej następnej tury.
h38b188b6g2fc2g8138g725agd0f6fbca254c	MORFOLOGIK_RULE_PL_PL	Prawdopodobna literówka	Moonshae	Wykryto prawdopodobny błąd pisowni		Atut: Wtajemniczony (druid)\n\nJak wielu mieszkańców Wysp Moonshae, od najmłodszych lat czcisz błogosławioną ziemię, jej wyjątkowe bóstwa i tajemnicze sanktuaria zwane księżycowymi studniami. Jako pielgrzym podejmujesz wyprawę, by odwiedzić każdą z nich — zarówno zaznaczoną na mapie, jak i nieznaną kartografom — i nawiązać z nią duchową więź. Podczas sielankowych wędrówek gromadzisz repertuar ludowych pieśni Moonshae, malujesz urzekające krajobrazy i uczysz się władać odrobiną pierwotnej magii.
h38b188b6g2fc2g8138g725agd0f6fbca254c	MORFOLOGIK_RULE_PL_PL	Prawdopodobna literówka	Moonshae	Wykryto prawdopodobny błąd pisowni		Atut: Wtajemniczony (druid)\n\nJak wielu mieszkańców Wysp Moonshae, od najmłodszych lat czcisz błogosławioną ziemię, jej wyjątkowe bóstwa i tajemnicze sanktuaria zwane księżycowymi studniami. Jako pielgrzym podejmujesz wyprawę, by odwiedzić każdą z nich — zarówno zaznaczoną na mapie, jak i nieznaną kartografom — i nawiązać z nią duchową więź. Podczas sielankowych wędrówek gromadzisz repertuar ludowych pieśni Moonshae, malujesz urzekające krajobrazy i uczysz się władać odrobiną pierwotnej magii.
h2b4ab32dg3157gd5f2g6219g187c4cdef9f7	MORFOLOGIK_RULE_PL_PL	Prawdopodobna literówka	Mulhorandyjski	Wykryto prawdopodobny błąd pisowni		Mulhorandyjski łupieżca grobowców
h96aa51dag6fb2gf3a9g321fged3d699fde79	MORFOLOGIK_RULE_PL_PL	Prawdopodobna literówka	Mulhorand	Wykryto prawdopodobny błąd pisowni		Atut: Szczęściarz\n\nDorastasz w krainie żyjących boskich królów, słuchając niezliczonych opowieści o starożytnych imperiach i pogrzebanych miastach. Według nich Mulhorand przepełniają zapomniane bogactwa — bezcenne skarby czekające na każdego, kto ma dość sprytu i odwagi, by ich szukać. Podejmujesz się eksploracji krypt, grobowców i piramid swojej ojczyzny, aby odzyskać relikty własnego ludu.
h21f658cdg376fg2dd1gdeaeg3ea987213e26	MORFOLOGIK_RULE_PL_PL	Prawdopodobna literówka	mythalu	Wykryto prawdopodobny błąd pisowni		Kustosz mythalu
hc52cd33bg7738g4b5eg085dgfcbe54464a64	MORFOLOGIK_RULE_PL_PL	Prawdopodobna literówka	Mythale	Wykryto prawdopodobny błąd pisowni	Myt hale	Atut: Szczęście\n\nMythale są źródłami potężnej magii, zdolnej zmieniać Splot, a nawet samą naturę rzeczywistości. Większość z nich została stworzona w zamierzchłych czasach, a wiele od tamtej pory uległo uszkodzeniu lub zapadło w uśpienie. Jako kustosz mythalu z Dalelands twoje pierwsze zetknięcie z mythalem prawdopodobnie miało miejsce w ruinach Myth Drannoru. Wędrujesz po Faerûnie w poszukiwaniu innych zrujnowanych miejsc mocy, pragnąc zgłębić historię i potęgę mythali — a może nawet przywrócić do działania jeden z uszkodzonych.
hc52cd33bg7738g4b5eg085dgfcbe54464a64	MORFOLOGIK_RULE_PL_PL	Prawdopodobna literówka	mythalu	Wykryto prawdopodobny błąd pisowni		Atut: Szczęście\n\nMythale są źródłami potężnej magii, zdolnej zmieniać Splot, a nawet samą naturę rzeczywistości. Większość z nich została stworzona w zamierzchłych czasach, a wiele od tamtej pory uległo uszkodzeniu lub zapadło w uśpienie. Jako kustosz mythalu z Dalelands twoje pierwsze zetknięcie z mythalem prawdopodobnie miało miejsce w ruinach Myth Drannoru. Wędrujesz po Faerûnie w poszukiwaniu innych zrujnowanych miejsc mocy, pragnąc zgłębić historię i potęgę mythali — a może nawet przywrócić do działania jeden z uszkodzonych.
hc52cd33bg7738g4b5eg085dgfcbe54464a64	MORFOLOGIK_RULE_PL_PL	Prawdopodobna literówka	Dalelands	Wykryto prawdopodobny błąd pisowni		Atut: Szczęście\n\nMythale są źródłami potężnej magii, zdolnej zmieniać Splot, a nawet samą naturę rzeczywistości. Większość z nich została stworzona w zamierzchłych czasach, a wiele od tamtej pory uległo uszkodzeniu lub zapadło w uśpienie. Jako kustosz mythalu z Dalelands twoje pierwsze zetknięcie z mythalem prawdopodobnie miało miejsce w ruinach Myth Drannoru. Wędrujesz po Faerûnie w poszukiwaniu innych zrujnowanych miejsc mocy, pragnąc zgłębić historię i potęgę mythali — a może nawet przywrócić do działania jeden z uszkodzonych.
hc52cd33bg7738g4b5eg085dgfcbe54464a64	MORFOLOGIK_RULE_PL_PL	Prawdopodobna literówka	mythalem	Wykryto prawdopodobny błąd pisowni		Atut: Szczęście\n\nMythale są źródłami potężnej magii, zdolnej zmieniać Splot, a nawet samą naturę rzeczywistości. Większość z nich została stworzona w zamierzchłych czasach, a wiele od tamtej pory uległo uszkodzeniu lub zapadło w uśpienie. Jako kustosz mythalu z Dalelands twoje pierwsze zetknięcie z mythalem prawdopodobnie miało miejsce w ruinach Myth Drannoru. Wędrujesz po Faerûnie w poszukiwaniu innych zrujnowanych miejsc mocy, pragnąc zgłębić historię i potęgę mythali — a może nawet przywrócić do działania jeden z uszkodzonych.
hc52cd33bg7738g4b5eg085dgfcbe54464a64	MORFOLOGIK_RULE_PL_PL	Prawdopodobna literówka	Myth	Wykryto prawdopodobny błąd pisowni	Mych, Myta, Myto, Myt, Myte, Mytu, Myty, Mytą	Atut: Szczęście\n\nMythale są źródłami potężnej magii, zdolnej zmieniać Splot, a nawet samą naturę rzeczywistości. Większość z nich została stworzona w zamierzchłych czasach, a wiele od tamtej pory uległo uszkodzeniu lub zapadło w uśpienie. Jako kustosz mythalu z Dalelands twoje pierwsze zetknięcie z mythalem prawdopodobnie miało miejsce w ruinach Myth Drannoru. Wędrujesz po Faerûnie w poszukiwaniu innych zrujnowanych miejsc mocy, pragnąc zgłębić historię i potęgę mythali — a może nawet przywrócić do działania jeden z uszkodzonych.
hc52cd33bg7738g4b5eg085dgfcbe54464a64	MORFOLOGIK_RULE_PL_PL	Prawdopodobna literówka	Drannoru	Wykryto prawdopodobny błąd pisowni		Atut: Szczęście\n\nMythale są źródłami potężnej magii, zdolnej zmieniać Splot, a nawet samą naturę rzeczywistości. Większość z nich została stworzona w zamierzchłych czasach, a wiele od tamtej pory uległo uszkodzeniu lub zapadło w uśpienie. Jako kustosz mythalu z Dalelands twoje pierwsze zetknięcie z mythalem prawdopodobnie miało miejsce w ruinach Myth Drannoru. Wędrujesz po Faerûnie w poszukiwaniu innych zrujnowanych miejsc mocy, pragnąc zgłębić historię i potęgę mythali — a może nawet przywrócić do działania jeden z uszkodzonych.
hc52cd33bg7738g4b5eg085dgfcbe54464a64	MORFOLOGIK_RULE_PL_PL	Prawdopodobna literówka	Faerûnie	Wykryto prawdopodobny błąd pisowni		Atut: Szczęście\n\nMythale są źródłami potężnej magii, zdolnej zmieniać Splot, a nawet samą naturę rzeczywistości. Większość z nich została stworzona w zamierzchłych czasach, a wiele od tamtej pory uległo uszkodzeniu lub zapadło w uśpienie. Jako kustosz mythalu z Dalelands twoje pierwsze zetknięcie z mythalem prawdopodobnie miało miejsce w ruinach Myth Drannoru. Wędrujesz po Faerûnie w poszukiwaniu innych zrujnowanych miejsc mocy, pragnąc zgłębić historię i potęgę mythali — a może nawet przywrócić do działania jeden z uszkodzonych.
hc52cd33bg7738g4b5eg085dgfcbe54464a64	MORFOLOGIK_RULE_PL_PL	Prawdopodobna literówka	mythali	Wykryto prawdopodobny błąd pisowni	myt hali	Atut: Szczęście\n\nMythale są źródłami potężnej magii, zdolnej zmieniać Splot, a nawet samą naturę rzeczywistości. Większość z nich została stworzona w zamierzchłych czasach, a wiele od tamtej pory uległo uszkodzeniu lub zapadło w uśpienie. Jako kustosz mythalu z Dalelands twoje pierwsze zetknięcie z mythalem prawdopodobnie miało miejsce w ruinach Myth Drannoru. Wędrujesz po Faerûnie w poszukiwaniu innych zrujnowanych miejsc mocy, pragnąc zgłębić historię i potęgę mythali — a może nawet przywrócić do działania jeden z uszkodzonych.
h07cec1a0g7220ge9ebg9676gffd755fa50d0	MORFOLOGIK_RULE_PL_PL	Prawdopodobna literówka	Cormyru	Wykryto prawdopodobny błąd pisowni		"Atut: Rekrut Purpurowego Smoka\n\nPoświęcasz życie bezpieczeństwu Cormyru i starasz się o przyjęcie do elitarnego zakonu wojowników tego królestwa — Rycerzy Purpurowego Smoka. Zanim jednak oficjalnie dołączysz do ich szeregów, musisz służyć jako giermek. Udaje ci się znaleźć seniora gotowego przyjąć cię na służbę i nauczyć zwyczajów zakonu. Czy dochowasz ideałów Rycerzy Purpurowego Smoka — chwały, honoru i siły — oraz dowiedziesz, że zasługujesz na pasowanie?\n\nProśba. Zyskujesz biegłość w <LSTag Type=""Skills"" Tooltip=""Persuasion"">Perswazji</LSTag>.\n\nOkrzyk bojowy. Możesz wybrać tyle widocznych istot w promieniu 9 m od siebie, ile wynosi twoja premia z biegłości. Wybrane istoty zyskują heroiczną inspirację. Po użyciu tej korzyści nie możesz zrobić tego ponownie, dopóki nie ukończysz długiego odpoczynku."
h625450b8g42bdgc0cag5d94g932492b64ed0	MORFOLOGIK_RULE_PL_PL	Prawdopodobna literówka	Rashemicki	Wykryto prawdopodobny błąd pisowni		Rashemicki wędrowiec
h75277cafgfc31g7483g2ad8gfd91011a85cc	MORFOLOGIK_RULE_PL_PL	Prawdopodobna literówka	Rashemenu	Wykryto prawdopodobny błąd pisowni		Atut: Twardziel\n\nLata wędrówki po wyżynach Rashemenu hartują cię na niebezpiecznych, smaganych wiatrem wrzosowiskach. Stoją tam starożytne obeliski zaklęte tak, by więzić czarty, a okolicę zamieszkują smoki, gnolle i inne śmiercionośne istoty. W tak odizolowanej krainie trudno o przyjaźń, dlatego uczysz się trzymać obcych na dystans.
h75277cafgfc31g7483g2ad8gfd91011a85cc	POZA_TYM	Błędy interpunkcyjne	W tak odizolowanej krainie trudno o przyjaźń, dlatego	"Prawdopodobnie zbędny przecinek. Poprawnie: ""W tak odizolowanej krainie trudno o przyjaźń dlatego""."	W tak odizolowanej krainie trudno o przyjaźń dlatego	Atut: Twardziel\n\nLata wędrówki po wyżynach Rashemenu hartują cię na niebezpiecznych, smaganych wiatrem wrzosowiskach. Stoją tam starożytne obeliski zaklęte tak, by więzić czarty, a okolicę zamieszkują smoki, gnolle i inne śmiercionośne istoty. W tak odizolowanej krainie trudno o przyjaźń, dlatego uczysz się trzymać obcych na dystans.
he15395feg34cbgfdbbgc738g75da56bca5d6	MORFOLOGIK_RULE_PL_PL	Prawdopodobna literówka	Thesk	Wykryto prawdopodobny błąd pisowni		Atut: Brutalny napastnik\n\nCałe życie poświęcasz przygotowaniom do wstąpienia w szeregi Mistrzów Cienia — tajemniczej gildii złodziei, która zza kulis kontroluje Thesk. Skradanie się i szybki refleks stanowią jedynie początek szkolenia; musisz również wyostrzyć swoją bezwzględność, by chronić sekrety gildii. Jeden błędny ruch prowadzi jednak do wygnania z zakonu. Teraz musisz podążać własną ścieżką.
he8c36bc0g70c8g1d48g6d88g25469ebb3fda	MORFOLOGIK_RULE_PL_PL	Prawdopodobna literówka	1k4	Wykryto prawdopodobny błąd pisowni		Atut: Iskra magicznego ognia\n\nNosisz dar magicznego ognia — rzadkiej formy magii, która przewodzi surową moc Splotu. Władanie nim mocno obciąża ciało, dlatego hartujesz zarówno umysł, jak i ciało, aby skutecznie posługiwać się tą świętą mocą.\n\nAbsorpcja magii. Raz na turę, gdy otrzymujesz obrażenia od czaru albo efektu magicznego, zmniejszasz ich łączną wartość o 1k4.\n\nPłomień magicznego ognia. Poznajesz sztuczkę Święty płomień. Możesz również rzucać ją w ramach akcji dodatkowej tyle razy, ile wynosi twoja premia z biegłości. Wszystkie użycia odzyskujesz po ukończeniu długiego odpoczynku.
h502820d0g8b37g078bg65f7g4a80446379d8	MORFOLOGIK_RULE_PL_PL	Prawdopodobna literówka	Zhentarimów	Wykryto prawdopodobny błąd pisowni		Najemnik Zhentarimów
hdeab958dge913gf95bg123dg27338a365d6d	MORFOLOGIK_RULE_PL_PL	Prawdopodobna literówka	Zhentarimów	Wykryto prawdopodobny błąd pisowni		Atut: Oprych Zhentarimów\n\nMoże chodzi o pieniądze. Może o tęsknotę za rodziną, choćby najbardziej podejrzaną. A może po prostu potrafisz doprowadzić robotę do końca wszelkimi niezbędnymi środkami. Bez względu na powód dołączasz do Zhentarimów, najbardziej osławionej gildii najemników w Krainach. Choć jej przywódcy twierdzą, że organizacja bardziej przypomina rodzinę niż tajny syndykat, niewiele rodzin dorównuje jej pod względem nieuczciwości, nepotyzmu i korupcji. Doskonalisz spryt, refleks i władanie ostrzem, aby piąć się w szeregach gildii.\n\nWykorzystanie luki. Gdy wykonujesz rzut obrażeń ataku okazyjnego, możesz rzucić kośćmi obrażeń dwukrotnie i wybrać jeden z wyników.\n\nRodzina przede wszystkim. Raz na długi odpoczynek zapewniasz sobie i sojusznikom w promieniu 9 m ułatwienie w rzutach na inicjatywę.
hdeab958dge913gf95bg123dg27338a365d6d	MORFOLOGIK_RULE_PL_PL	Prawdopodobna literówka	Zhentarimów	Wykryto prawdopodobny błąd pisowni		Atut: Oprych Zhentarimów\n\nMoże chodzi o pieniądze. Może o tęsknotę za rodziną, choćby najbardziej podejrzaną. A może po prostu potrafisz doprowadzić robotę do końca wszelkimi niezbędnymi środkami. Bez względu na powód dołączasz do Zhentarimów, najbardziej osławionej gildii najemników w Krainach. Choć jej przywódcy twierdzą, że organizacja bardziej przypomina rodzinę niż tajny syndykat, niewiele rodzin dorównuje jej pod względem nieuczciwości, nepotyzmu i korupcji. Doskonalisz spryt, refleks i władanie ostrzem, aby piąć się w szeregach gildii.\n\nWykorzystanie luki. Gdy wykonujesz rzut obrażeń ataku okazyjnego, możesz rzucić kośćmi obrażeń dwukrotnie i wybrać jeden z wyników.\n\nRodzina przede wszystkim. Raz na długi odpoczynek zapewniasz sobie i sojusznikom w promieniu 9 m ułatwienie w rzutach na inicjatywę.
he5401f43ga2cfgcd9dgcb25g6ce8548e686a	MORFOLOGIK_RULE_PL_PL	Prawdopodobna literówka	1k4	Wykryto prawdopodobny błąd pisowni		Sztuczka. Poznajesz sztuczkę Promień mrozu.\n\nOdmrożenie. Raz na turę, gdy trafisz istotę testem ataku i zadasz obrażenia od zimna, możesz tymczasowo osłabić jej obronę. Istota odejmuje 1k4 od następnego rzutu obronnego wykonanego przed końcem twojej następnej tury.
h7e916fa3g95c4g0367g8918g7dd56be199a8	MORFOLOGIK_RULE_PL_PL	Prawdopodobna literówka	feyskich	Wykryto prawdopodobny błąd pisowni	Felskich, Feńskich, feskich	Wędrowiec feyskich ścieżek. Gdy w swojej turze wykonujesz akcję Odstąpienia, trudny teren do końca tej tury nie kosztuje cię dodatkowego ruchu.\n\nPeszące uderzenie. Gdy trafisz istotę testem ataku, możesz spróbować ją speszyć. Cel musi wykonać udany rzut obronny na Mądrość (ST 8 + modyfikator cechy zwiększonej przez ten atut + twoja premia z biegłości); w razie niepowodzenia ma utrudnienie w rzutach obronnych do końca twojej następnej tury.\n\nMożesz skorzystać z tej korzyści tyle razy, ile wynosi twoja premia z biegłości, a odzyskujesz wszystkie użycia po długim odpoczynku.
h7e916fa3g95c4g0367g8918g7dd56be199a8	SKROTY_Z_KROPKA	Błędy ortograficzne	ST	"Ten skrót piszemy z kropką: ""ST."""	ST.	Wędrowiec feyskich ścieżek. Gdy w swojej turze wykonujesz akcję Odstąpienia, trudny teren do końca tej tury nie kosztuje cię dodatkowego ruchu.\n\nPeszące uderzenie. Gdy trafisz istotę testem ataku, możesz spróbować ją speszyć. Cel musi wykonać udany rzut obronny na Mądrość (ST 8 + modyfikator cechy zwiększonej przez ten atut + twoja premia z biegłości); w razie niepowodzenia ma utrudnienie w rzutach obronnych do końca twojej następnej tury.\n\nMożesz skorzystać z tej korzyści tyle razy, ile wynosi twoja premia z biegłości, a odzyskujesz wszystkie użycia po długim odpoczynku.
h75370f04gff6egfa29g73e5g4e8d6739e8fa	MORFOLOGIK_RULE_PL_PL	Prawdopodobna literówka	Mythal	Wykryto prawdopodobny błąd pisowni	Myt hal	Atut: Dotyk Mythal
h81877b18gdacfg553cge0c9g65813ccf4557	MORFOLOGIK_RULE_PL_PL	Prawdopodobna literówka	1k20	Wykryto prawdopodobny błąd pisowni		Rzucane przez ciebie czary mogą wyzwalać przypływy nieposkromionej magii. Raz na turę, natychmiast po rzuceniu czaru z użyciem komórki czaru, możesz rzucić 1k20. Jeśli wypadnie 20, wykonaj rzut w tabeli Przypływ dzikiej magii, aby wywołać magiczny efekt.
hf790b35fg5b7ege376ge7e5gfdcf78fcbf35	MORFOLOGIK_RULE_PL_PL	Prawdopodobna literówka	2k6	Wykryto prawdopodobny błąd pisowni		Pokrzepienie sojusznika. W ramach akcji dodatkowej dodajesz otuchy jednemu widocznemu sojusznikowi w promieniu 9 m. Zyskuje on tymczasowe punkty wytrzymałości w liczbie równej 2k6 plus twoja premia z biegłości. Możesz użyć tej akcji dodatkowej tyle razy, ile wynosi twoja premia z biegłości, a wszystkie użycia odzyskujesz po długim odpoczynku.\n\nOstatni bastion. Gdy masz stan Zakrwawienia, masz ułatwienie w testach ataku.
h2d5b87b6g1172g67b5gcfefg0bf170e5aaef	MORFOLOGIK_RULE_PL_PL	Prawdopodobna literówka	Zhentarima	Wykryto prawdopodobny błąd pisowni		Atut: Taktyka Zhentarima
h74764f94g16bbg3291g6bf1g64f2467c1d2d	MORFOLOGIK_RULE_PL_PL	Prawdopodobna literówka	2k6	Wykryto prawdopodobny błąd pisowni		W ramach akcji dodatkowej dodajesz otuchy jednemu widocznemu sojusznikowi w promieniu 9 m. Sojusznik zyskuje tymczasowe punkty wytrzymałości w liczbie równej 2k6 plus twoja premia z biegłości. Możesz użyć tej akcji dodatkowej tyle razy, ile wynosi twoja premia z biegłości, a wszystkie użycia odzyskujesz po długim odpoczynku.
h2287dbd5gd1ffga56ag677eg771e23ed7f4c	MORFOLOGIK_RULE_PL_PL	Prawdopodobna literówka	2k6	Wykryto prawdopodobny błąd pisowni		Zyskaj tymczasowe punkty wytrzymałości równe 2k6 plus premia z biegłości rzucającego czar.
h7266774agddd3g954ag8493g86532999d2ae	MORFOLOGIK_RULE_PL_PL	Prawdopodobna literówka	Faerûnu	Wykryto prawdopodobny błąd pisowni		Zapomniane Krainy: Bohaterowie Faerûnu: Ogólne atuty
hb3bd7f59g0610g8deag20d1ga4bb317c1e9b	MORFOLOGIK_RULE_PL_PL	Prawdopodobna literówka	Faerûnu	Wykryto prawdopodobny błąd pisowni		Zapomniane Krainy: Bohaterowie Faerûnu: Ogólne atuty
hc43fd16fgcee0g3229g6eaeg057f44917b4e	MORFOLOGIK_RULE_PL_PL	Prawdopodobna literówka	1k4	Wykryto prawdopodobny błąd pisowni		Sztuczka. Poznajesz sztuczkę Promień mrozu.\n\nOdmrożenie. Raz na turę, gdy trafisz istotę testem ataku i zadasz obrażenia od zimna, możesz tymczasowo osłabić jej obronę. Istota odejmuje 1k4 od następnego rzutu obronnego wykonanego przed końcem twojej następnej tury.
h978a3ea0g73c2gc59cgc52eg4aecbaa53dae	MORFOLOGIK_RULE_PL_PL	Prawdopodobna literówka	feyskich	Wykryto prawdopodobny błąd pisowni	Felskich, Feńskich, feskich	Wędrowiec feyskich ścieżek. Gdy w swojej turze wykonujesz akcję Odstąpienia, trudny teren do końca tej tury nie kosztuje cię dodatkowego ruchu.\n\nPeszące uderzenie. Gdy trafisz istotę testem ataku, możesz spróbować ją speszyć. Cel musi wykonać udany rzut obronny na Mądrość (ST 8 + modyfikator cechy zwiększonej przez ten atut + twoja premia z biegłości); w razie niepowodzenia ma utrudnienie w rzutach obronnych do końca twojej następnej tury.\n\nMożesz skorzystać z tej korzyści tyle razy, ile wynosi twoja premia z biegłości, a odzyskujesz wszystkie użycia po długim odpoczynku.
h978a3ea0g73c2gc59cgc52eg4aecbaa53dae	SKROTY_Z_KROPKA	Błędy ortograficzne	ST	"Ten skrót piszemy z kropką: ""ST."""	ST.	Wędrowiec feyskich ścieżek. Gdy w swojej turze wykonujesz akcję Odstąpienia, trudny teren do końca tej tury nie kosztuje cię dodatkowego ruchu.\n\nPeszące uderzenie. Gdy trafisz istotę testem ataku, możesz spróbować ją speszyć. Cel musi wykonać udany rzut obronny na Mądrość (ST 8 + modyfikator cechy zwiększonej przez ten atut + twoja premia z biegłości); w razie niepowodzenia ma utrudnienie w rzutach obronnych do końca twojej następnej tury.\n\nMożesz skorzystać z tej korzyści tyle razy, ile wynosi twoja premia z biegłości, a odzyskujesz wszystkie użycia po długim odpoczynku.
h4da279bag6b5fg0d46gfa98g0b2a70b0ce8e	MORFOLOGIK_RULE_PL_PL	Prawdopodobna literówka	mythal	Wykryto prawdopodobny błąd pisowni	myt hal	Dotknięty przez mythal
hb1afe5dagdd44g9fb0ga44bgfc95f9dd8e59	MORFOLOGIK_RULE_PL_PL	Prawdopodobna literówka	1k20	Wykryto prawdopodobny błąd pisowni		Rzucane przez ciebie czary mogą wyzwalać przypływy nieposkromionej magii. Raz na turę, natychmiast po rzuceniu czaru z użyciem komórki czaru, możesz rzucić 1k20. Jeśli wypadnie 20, wykonaj rzut w tabeli Przypływ dzikiej magii, aby wywołać magiczny efekt.
h4f5ef875gef6dg93aag6e38g370f1fde0a68	MORFOLOGIK_RULE_PL_PL	Prawdopodobna literówka	2k6	Wykryto prawdopodobny błąd pisowni		Pokrzepienie sojusznika. W ramach akcji dodatkowej dodajesz otuchy jednemu widocznemu sojusznikowi w promieniu 9 m. Zyskuje on tymczasowe punkty wytrzymałości w liczbie równej 2k6 plus twoja premia z biegłości. Możesz użyć tej akcji dodatkowej tyle razy, ile wynosi twoja premia z biegłości, a wszystkie użycia odzyskujesz po długim odpoczynku.\n\nOstatni bastion. Gdy masz stan Zakrwawienia, masz ułatwienie w testach ataku.
h868d132cgda3cg9662gc17ega94ac1ad380e	MORFOLOGIK_RULE_PL_PL	Prawdopodobna literówka	Zhentarimów	Wykryto prawdopodobny błąd pisowni		Taktyka Zhentarimów
h06a155bfgfa73g3924g9442gc7875f6aba6d	MORFOLOGIK_RULE_PL_PL	Prawdopodobna literówka	1k4	Wykryto prawdopodobny błąd pisowni		Gdy atakujesz bronią dystansową, używasz modyfikatora Siły zarówno w teście ataku, jak i w rzucie na obrażenia. Musisz użyć tego samego modyfikatora w obu rzutach. Jeśli w tej turze pokonasz nie więcej niż połowę swojej szybkości i trafisz istotę atakiem bronią dystansową, możesz w ramach akcji dodatkowej sprawić, że atak zada dodatkowe 1k4 obrażeń tego samego typu co broń.
ha574dfdfgf055g69c1g9889gce2fffa674e6	MORFOLOGIK_RULE_PL_PL	Prawdopodobna literówka	Smauga	Wykryto prawdopodobny błąd pisowni	Smuga, Smugą, Smaga	Czarna Strzała, która powaliła smoka Smauga, mogła być do tego przeznaczona, lecz ręka, która posłała ją z taką siłą, była niezwykle mocna. Gdy rzucasz włócznią albo napinasz łuk, dbasz o pewny chwyt i celny strzał.\n\nPodczas ataku bronią dystansową używasz modyfikatora Siły zarówno do testu ataku, jak i rzutu na obrażenia; do obu musisz użyć tego samego modyfikatora. Jeśli w tej samej turze przemieścisz się najwyżej o połowę swojej szybkości i trafisz istotę atakiem z broni dystansowej, możesz w ramach akcji dodatkowej sprawić, że atak zada dodatkowe 1k4 obrażeń typu zadawanego przez broń.
ha574dfdfgf055g69c1g9889gce2fffa674e6	MORFOLOGIK_RULE_PL_PL	Prawdopodobna literówka	1k4	Wykryto prawdopodobny błąd pisowni		Czarna Strzała, która powaliła smoka Smauga, mogła być do tego przeznaczona, lecz ręka, która posłała ją z taką siłą, była niezwykle mocna. Gdy rzucasz włócznią albo napinasz łuk, dbasz o pewny chwyt i celny strzał.\n\nPodczas ataku bronią dystansową używasz modyfikatora Siły zarówno do testu ataku, jak i rzutu na obrażenia; do obu musisz użyć tego samego modyfikatora. Jeśli w tej samej turze przemieścisz się najwyżej o połowę swojej szybkości i trafisz istotę atakiem z broni dystansowej, możesz w ramach akcji dodatkowej sprawić, że atak zada dodatkowe 1k4 obrażeń typu zadawanego przez broń.
ha694feb3g0781gc772g6147gd804e68c64f8	MORFOLOGIK_RULE_PL_PL	Prawdopodobna literówka	całuna	Wykryto prawdopodobny błąd pisowni	całun, całunu, całują, całunka, całunna, całunną, całuny, całusa	Możesz przekształcić się w akcję dodatkową, korzystając z jednej z poniższych opcji (wybieraj tę opcję za każdym razem, gdy dokonujesz transformacji). Transformacja trwa 1 minutę lub do momentu jej zakończenia (nie jest wymagane żadne działanie). Kiedy dokonasz transformacji, nie możesz tego zrobić ponownie, dopóki nie zakończysz długiego odpoczynku.\n\nRaz na każdą twoją turę przed końcem tej transformacji możesz zadać dodatkowe obrażenia jednemu celowi, gdy zadajesz mu obrażenia atakiem lub czarem. Te dodatkowe obrażenia są równe twojej premii z biegłości, a ich typ to obrażenia nekrotyczne w przypadku Nekrotycznego całuna lub obrażenia od światłości w przypadku Niebiańskich skrzydeł i Wewnętrznego blasku.
hfd0a6b5aga1ceg3d50gd059gcb8b4baca023	MORFOLOGIK_RULE_PL_PL	Prawdopodobna literówka	k4	Wykryto prawdopodobny błąd pisowni	km, kg, ks, ku, KC, kW, KP, KK	W ramach akcji Magii dotykasz istoty i rzucasz tyloma kośćmi k4, ile wynosi twoja premia z biegłości. Istota odzyskuje punkty wytrzymałości w liczbie równej sumie wyników.
h868292b4g07bag5039g7a39g8b646671c67e	MORFOLOGIK_RULE_PL_PL	Prawdopodobna literówka	1k4	Wykryto prawdopodobny błąd pisowni		"Ma karę 1k4 do <LSTag Tooltip=""SavingThrow"">rzutów obronnych</LSTag>."
h759d592bgce3eg0689gb28cgb0e2182d4aba	MORFOLOGIK_RULE_PL_PL	Prawdopodobna literówka	Moonshae	Wykryto prawdopodobny błąd pisowni		Kolegium Księżyca wywodzi swoje początki z prastarych kręgów druidycznych Wysp Moonshae, które powierzyły pierwszym bardom tej tradycji zadanie spisywania dziejów wysp oraz ich mieszkańców. Bardowie z tego kolegium czerpią z magii fey oraz pierwotnej mocy księżycowych studni, aby wspierać swoich sojuszników, chronić świat natury i tworzyć swe inspirujące, bardowskie dzieła.
h759d592bgce3eg0689gb28cgb0e2182d4aba	MORFOLOGIK_RULE_PL_PL	Prawdopodobna literówka	fey	Wykryto prawdopodobny błąd pisowni	fe, fen, key, fes, fez, fee, Fe, Feb	Kolegium Księżyca wywodzi swoje początki z prastarych kręgów druidycznych Wysp Moonshae, które powierzyły pierwszym bardom tej tradycji zadanie spisywania dziejów wysp oraz ich mieszkańców. Bardowie z tego kolegium czerpią z magii fey oraz pierwotnej mocy księżycowych studni, aby wspierać swoich sojuszników, chronić świat natury i tworzyć swe inspirujące, bardowskie dzieła.
h759d592bgce3eg0689gb28cgb0e2182d4aba	MORFOLOGIK_RULE_PL_PL	Prawdopodobna literówka	bardowskie	Wykryto prawdopodobny błąd pisowni	Badowskie, Bartkowskie, Barzowskie, Batowskie, Nartowskie, artowskie, bartkowskie, bałtowskie	Kolegium Księżyca wywodzi swoje początki z prastarych kręgów druidycznych Wysp Moonshae, które powierzyły pierwszym bardom tej tradycji zadanie spisywania dziejów wysp oraz ich mieszkańców. Bardowie z tego kolegium czerpią z magii fey oraz pierwotnej mocy księżycowych studni, aby wspierać swoich sojuszników, chronić świat natury i tworzyć swe inspirujące, bardowskie dzieła.
he8fec49dgf4c3g6a97g790bg3a7f505054bf	MORFOLOGIK_RULE_PL_PL	Prawdopodobna literówka	bardowskiej	Wykryto prawdopodobny błąd pisowni	Badowskiej, Bartkowskiej, Barzowskiej, Batowskiej, Nartowskiej, artowskiej, bartkowskiej, bałtowskiej	"Przepływa przez ciebie pierwotna, wiecznie zmienna moc księżyca, zapewniając następujące korzyści.\n\nInspirujące zaćmienie. Gdy w ramach akcji dodatkowej dajesz istocie kość <LSTag Type=""ActionResource"" Tooltip=""BardicInspiration"">bardowskiej inspiracji</LSTag>, możesz otrzymać <LSTag Type=""Status"" Tooltip=""INVISIBLE"">stan Niewidzialności</LSTag> i w ramach tej samej akcji teleportować się na odległość do 9 m na widoczne, wolne pole. Niewidzialność trwa do początku twojej następnej tury, lecz kończy się wcześniej natychmiast po wykonaniu testu ataku, zadaniu obrażeń albo rzuceniu czaru.\n\nKsiężycowa witalność. Raz na turę, gdy za pomocą czaru przywracasz istocie punkty wytrzymałości, możesz wydać kość bardowskiej inspiracji i zwiększyć liczbę przywróconych punktów o wynik rzutu tą kością. Szybkość istoty zwiększa się również o 3 m do końca jej następnej tury."
he8fec49dgf4c3g6a97g790bg3a7f505054bf	MORFOLOGIK_RULE_PL_PL	Prawdopodobna literówka	bardowskiej	Wykryto prawdopodobny błąd pisowni	Badowskiej, Bartkowskiej, Barzowskiej, Batowskiej, Nartowskiej, artowskiej, bartkowskiej, bałtowskiej	"Przepływa przez ciebie pierwotna, wiecznie zmienna moc księżyca, zapewniając następujące korzyści.\n\nInspirujące zaćmienie. Gdy w ramach akcji dodatkowej dajesz istocie kość <LSTag Type=""ActionResource"" Tooltip=""BardicInspiration"">bardowskiej inspiracji</LSTag>, możesz otrzymać <LSTag Type=""Status"" Tooltip=""INVISIBLE"">stan Niewidzialności</LSTag> i w ramach tej samej akcji teleportować się na odległość do 9 m na widoczne, wolne pole. Niewidzialność trwa do początku twojej następnej tury, lecz kończy się wcześniej natychmiast po wykonaniu testu ataku, zadaniu obrażeń albo rzuceniu czaru.\n\nKsiężycowa witalność. Raz na turę, gdy za pomocą czaru przywracasz istocie punkty wytrzymałości, możesz wydać kość bardowskiej inspiracji i zwiększyć liczbę przywróconych punktów o wynik rzutu tą kością. Szybkość istoty zwiększa się również o 3 m do końca jej następnej tury."
haa5e73d8ga7e5ge281g8b67gae695bb23d75	MORFOLOGIK_RULE_PL_PL	Prawdopodobna literówka	2k4	Wykryto prawdopodobny błąd pisowni		Zawsze masz przygotowany czar Księżycowy promień.\n\nGdy rzucasz Księżycowy promień, wybrana widoczna istota w promieniu 18 m od ciebie odzyskuje 2k4 punkty wytrzymałości.\n\nPo użyciu tej cechy do zmodyfikowania Księżycowego promienia nie możesz zrobić tego ponownie, dopóki nie ukończysz długiego odpoczynku.
h354b3d9ag3986g5438g5c7fg5f7f7196c4c4	MORFOLOGIK_RULE_PL_PL	Prawdopodobna literówka	bardowskiej	Wykryto prawdopodobny błąd pisowni	Badowskiej, Bartkowskiej, Barzowskiej, Batowskiej, Nartowskiej, artowskiej, bartkowskiej, bałtowskiej	"Gdy w ramach akcji dodatkowej dajesz istocie kość <LSTag Type=""ActionResource"" Tooltip=""BardicInspiration"">bardowskiej inspiracji</LSTag>, możesz otrzymać <LSTag Type=""Status"" Tooltip=""INVISIBLE"">stan Niewidzialności</LSTag> i w ramach tej samej akcji teleportować się na odległość do 9 m na widoczne, wolne pole. Niewidzialność trwa do początku twojej następnej tury, lecz kończy się wcześniej natychmiast po wykonaniu testu ataku, zadaniu obrażeń albo rzuceniu czaru."
h976048b3gf9c6gba32g7185g9373737f96b8	MORFOLOGIK_RULE_PL_PL	Prawdopodobna literówka	bardowskiej	Wykryto prawdopodobny błąd pisowni	Badowskiej, Bartkowskiej, Barzowskiej, Batowskiej, Nartowskiej, artowskiej, bartkowskiej, bałtowskiej	"Gdy w ramach akcji dodatkowej dajesz istocie kość <LSTag Type=""ActionResource"" Tooltip=""BardicInspiration"">bardowskiej inspiracji</LSTag>, możesz otrzymać <LSTag Type=""Status"" Tooltip=""INVISIBLE"">stan Niewidzialności</LSTag> i w ramach tej samej akcji teleportować się na odległość do 9 m na widoczne, wolne pole. Niewidzialność trwa do początku twojej następnej tury, lecz kończy się wcześniej natychmiast po wykonaniu testu ataku, zadaniu obrażeń albo rzuceniu czaru."
h81c2cbd1ge2a2g4781g89a2gf1b79723f601	MORFOLOGIK_RULE_PL_PL	Prawdopodobna literówka	bardowskiej	Wykryto prawdopodobny błąd pisowni	Badowskiej, Bartkowskiej, Barzowskiej, Batowskiej, Nartowskiej, artowskiej, bartkowskiej, bałtowskiej	"Raz na turę, gdy za pomocą czaru przywracasz istocie punkty wytrzymałości, możesz wydać kość <LSTag Type=""ActionResource"" Tooltip=""BardicInspiration"">bardowskiej inspiracji</LSTag> i zwiększyć liczbę przywróconych punktów o wynik rzutu tą kością. Szybkość istoty zwiększa się również o 3 m do końca jej następnej tury."
h13f755b1gb20cg69d9g98a6g40d319bcab11	MORFOLOGIK_RULE_PL_PL	Prawdopodobna literówka	2k4	Wykryto prawdopodobny błąd pisowni		Gdy rzucasz Księżycowy promień, wybrana widoczna istota w promieniu 18 m od ciebie odzyskuje 2k4 punkty wytrzymałości.
h6ea1c6eag9b3dg7479ge12cgb52dd829b0da	MORFOLOGIK_RULE_PL_PL	Prawdopodobna literówka	Cormyrze	Wykryto prawdopodobny błąd pisowni		Chorążowie są wzorami męstwa i przywództwa, którzy chronią niewinnych i mobilizują innych poszukiwaczy przygód do walki w imię sprawiedliwości i wolności. Wielu z nich to rycerze służący w Cormyrze, Srebrnych Marchiach, Damarze, Chessencie lub innych krainach Faerûnu. Przemierzają krainy jako błędni rycerze, przenosząc walkę ze złem poza granice swojego królestwa.\n\nChorąży polega na rozsądku, odwadze i wierności kodeksowi rycerskiemu, które kierują nim w walce ze złoczyńcami. Samotny chorąży jest wykwalifikowanym wojownikiem, ale dowodząc grupą sojuszników, potrafi przekształcić nawet słabo wyposażoną milicję w zaciekły oddział bojowy.
h6ea1c6eag9b3dg7479ge12cgb52dd829b0da	MORFOLOGIK_RULE_PL_PL	Prawdopodobna literówka	Chessencie	Wykryto prawdopodobny błąd pisowni		Chorążowie są wzorami męstwa i przywództwa, którzy chronią niewinnych i mobilizują innych poszukiwaczy przygód do walki w imię sprawiedliwości i wolności. Wielu z nich to rycerze służący w Cormyrze, Srebrnych Marchiach, Damarze, Chessencie lub innych krainach Faerûnu. Przemierzają krainy jako błędni rycerze, przenosząc walkę ze złem poza granice swojego królestwa.\n\nChorąży polega na rozsądku, odwadze i wierności kodeksowi rycerskiemu, które kierują nim w walce ze złoczyńcami. Samotny chorąży jest wykwalifikowanym wojownikiem, ale dowodząc grupą sojuszników, potrafi przekształcić nawet słabo wyposażoną milicję w zaciekły oddział bojowy.
h6ea1c6eag9b3dg7479ge12cgb52dd829b0da	MORFOLOGIK_RULE_PL_PL	Prawdopodobna literówka	Faerûnu	Wykryto prawdopodobny błąd pisowni		Chorążowie są wzorami męstwa i przywództwa, którzy chronią niewinnych i mobilizują innych poszukiwaczy przygód do walki w imię sprawiedliwości i wolności. Wielu z nich to rycerze służący w Cormyrze, Srebrnych Marchiach, Damarze, Chessencie lub innych krainach Faerûnu. Przemierzają krainy jako błędni rycerze, przenosząc walkę ze złem poza granice swojego królestwa.\n\nChorąży polega na rozsądku, odwadze i wierności kodeksowi rycerskiemu, które kierują nim w walce ze złoczyńcami. Samotny chorąży jest wykwalifikowanym wojownikiem, ale dowodząc grupą sojuszników, potrafi przekształcić nawet słabo wyposażoną milicję w zaciekły oddział bojowy.
ha8111f35ge4bag28bcg4d99g339262b0a595	MORFOLOGIK_RULE_PL_PL	Prawdopodobna literówka	1k10	Wykryto prawdopodobny błąd pisowni		Gdy używasz Drugiego oddechu, aby odzyskać punkty wytrzymałości, możesz wybrać w emanacji o promieniu 9 m, której źródłem jesteś, maksymalnie tylu sojuszników, ile wynosi twój modyfikator Charyzmy. Każdy z nich odzyskuje punkty wytrzymałości w liczbie równej sumie 1k10 i twojego poziomu wojownika.
h3cc7fa69g03fdgb1f5g1a26g3dbd2b575ce8	MORFOLOGIK_RULE_PL_PL	Prawdopodobna literówka	k20	Wykryto prawdopodobny błąd pisowni	KRO, K2, KKO	Kiedy korzystasz z Grupowego odzyskiwania, każdy wybrany sojusznik ma ułatwienie w testach k20 aż do początku twojej następnej tury.
h6bfa7986g7edeg322fgd99egace84461fcf5	MORFOLOGIK_RULE_PL_PL	Prawdopodobna literówka	1k10	Wykryto prawdopodobny błąd pisowni		Wybierz w emanacji o promieniu 9 m, której źródłem jesteś, maksymalnie tylu sojuszników, ile wynosi twój modyfikator Charyzmy. Każdy z nich odzyskuje punkty wytrzymałości w liczbie równej sumie 1k10 i twojego poziomu wojownika.
hfb637e3bg85b6g0960g0cb5g7005f951cbcd	MORFOLOGIK_RULE_PL_PL	Prawdopodobna literówka	k20	Wykryto prawdopodobny błąd pisowni	KRO, K2, KKO	Ma ułatwienie w testach k20 do początku twojej następnej tury.
hdf72a045g6802g6864g7289gb8715a4c18b6	MORFOLOGIK_RULE_PL_PL	Prawdopodobna literówka	1k4	Wykryto prawdopodobny błąd pisowni		Przenikliwe zimno. Obrażenia od twoich ataków bronią, czarów Łowcy i cech Łowcy ignorują Odporność na obrażenia od zimna.\n\nOdporność na mróz. Masz Odporność na obrażenia od zimna.\n\nPolarne uderzenia. Kiedy trafiasz istotę testem ataku przy użyciu broni, możesz zadać celowi dodatkowe 1k4 obrażeń od zimna; cel może otrzymać te dodatkowe obrażenia tylko raz na turę. Gdy osiągasz 11. poziom Łowcy, te dodatkowe obrażenia wzrastają do 1k6.
hdf72a045g6802g6864g7289gb8715a4c18b6	MORFOLOGIK_RULE_PL_PL	Prawdopodobna literówka	1k6	Wykryto prawdopodobny błąd pisowni		Przenikliwe zimno. Obrażenia od twoich ataków bronią, czarów Łowcy i cech Łowcy ignorują Odporność na obrażenia od zimna.\n\nOdporność na mróz. Masz Odporność na obrażenia od zimna.\n\nPolarne uderzenia. Kiedy trafiasz istotę testem ataku przy użyciu broni, możesz zadać celowi dodatkowe 1k4 obrażeń od zimna; cel może otrzymać te dodatkowe obrażenia tylko raz na turę. Gdy osiągasz 11. poziom Łowcy, te dodatkowe obrażenia wzrastają do 1k6.
hf17390fdg279dg4294gb86ag4e1049c6b097	MORFOLOGIK_RULE_PL_PL	Prawdopodobna literówka	1k10	Wykryto prawdopodobny błąd pisowni		Lód pokrywa szronem ciebie i twoją ofiarę, chroniąc cię i krępując jej ruchy. Gdy rzucasz Znak łowcy, zyskujesz tymczasowe punkty wytrzymałości w liczbie równej 1k10 plus twój poziom Łowcy.\n\nPonadto istota oznaczona twoim Znakiem łowcy nie może wykonywać akcji Odstąpienia.
hbeb4351eged06g5aa8g19cag2270bd60a6eb	MORFOLOGIK_RULE_PL_PL	Prawdopodobna literówka	1k10	Wykryto prawdopodobny błąd pisowni		Doświadczenie zdobyte podczas przetrwania w śmiertelnie niebezpiecznych miejscach pozwala ci wzmacniać nie tylko siebie, lecz także sojuszników. W ramach akcji Magii wybierz tyle widocznych istot, ile wynosi twój modyfikator Mądrości (co najmniej jedną). Każda wybrana istota odzyskuje punkty wytrzymałości w liczbie równej 1k10 plus twój poziom Łowcy i przez 1 godzinę ma ułatwienie w rzutach obronnych wykonywanych, aby uniknąć stanu Przerażenia lub go zakończyć.\n\nPo użyciu tej zdolności musisz ukończyć długi odpoczynek, zanim użyjesz jej ponownie.
hb6e753d8g25f2gee18g87d6gdda8a5857b4c	SKROTY_Z_KROPKA	Błędy ortograficzne	ST	"Ten skrót piszemy z kropką: ""ST."""	ST.	"Gdy istota trafi cię atakiem, możesz w ramach reakcji zmusić ją do rzutu obronnego na Mądrość przeciwko twojemu ST obrony przed czarami. Przy niepowodzeniu cel otrzymuje <LSTag Type=""Status"" Tooltip=""STUNNED"">stan Ogłuszenia</LSTag> na 2 tury.\n\nMożesz użyć tej zdolności tyle razy, ile wynosi twój modyfikator Mądrości (co najmniej raz), a odzyskujesz wszystkie użycia po długim odpoczynku."
h319bdef0g52b5g7c9dg095eg8fdb31fd0953	MORFOLOGIK_RULE_PL_PL	Prawdopodobna literówka	1k10	Wykryto prawdopodobny błąd pisowni		Otrzymujesz tymczasowe punkty wytrzymałości równe 1k10 plus twój poziom Łowcy.
h3b19ec2fg1828gff82g805cg351bdc1b191b	MORFOLOGIK_RULE_PL_PL	Prawdopodobna literówka	1k10	Wykryto prawdopodobny błąd pisowni		W ramach akcji Magii wybierz maksymalnie tyle widocznych istot, ile wynosi twój modyfikator Mądrości (co najmniej jedną). Każda wybrana istota odzyskuje punkty wytrzymałości w liczbie równej sumie 1k10 i twojego poziomu łowcy, a przez 1 godzinę wykonuje z ułatwieniem rzuty obronne pozwalające uniknąć stanu Przerażenia albo go zakończyć.
hae8770acg873fg844dgedd5g825cc772d72c	SKROTY_Z_KROPKA	Błędy ortograficzne	ST	"Ten skrót piszemy z kropką: ""ST."""	ST.	"Gdy istota trafi cię atakiem, możesz w ramach reakcji zmusić ją do rzutu obronnego na Mądrość przeciwko twojemu ST obrony przed czarami. Przy niepowodzeniu cel otrzymuje <LSTag Type=""Status"" Tooltip=""STUNNED"">stan Ogłuszenia</LSTag> do końca twojej następnej tury."
h7683213dgcd67g8a04g76bdg263469054d80	SKROTY_Z_KROPKA	Błędy ortograficzne	ST	"Ten skrót piszemy z kropką: ""ST."""	ST.	"Gdy istota trafi cię atakiem, możesz w ramach reakcji zmusić ją do rzutu obronnego na Mądrość przeciwko twojemu ST obrony przed czarami. Przy niepowodzeniu cel otrzymuje <LSTag Type=""Status"" Tooltip=""STUNNED"">stan Ogłuszenia</LSTag> na 2 tury."
h11ed03f2g16a9g0ee9g4b45g6c8ca4ac593d	MORFOLOGIK_RULE_PL_PL	Prawdopodobna literówka	Netheru	Wykryto prawdopodobny błąd pisowni		Zimowi wędrowcy doskonalą swój kunszt w ponurej, skutej lodem dziczy miejsc takich jak Dolina Lodowego Wichru. Ci bezwzględni, oszronieni łowcy polują na potwory nawiedzające arktyczne pustkowia, aż w końcu sami stają się lodowatymi postrachami. Doskonale znają zjawiska charakterystyczne dla Doliny Lodowego Wichru, w tym utajoną magię upadłych miast Netheru, endemiczne potwory, takie jak yeti i koty skalne, oraz rosnące zagrożenie ze strony najeźdźców z Podmroku. Z powodu chłodnego pragmatyzmu, przerażającej magii i opanowania regionu budzą w równym stopniu szacunek i strach. Mieszkańcy Dziesięciu Miast mówią, że częste zetknięcie ze złowrogimi bytami daje zimowym wędrowcom ich budzące grozę moce. Wielu nomadów Reghed z kolei wierzy, że duchy natury obdarzają zimowych wędrowców wyjątkową klątwą.
h11ed03f2g16a9g0ee9g4b45g6c8ca4ac593d	MORFOLOGIK_RULE_PL_PL	Prawdopodobna literówka	Podmroku	Wykryto prawdopodobny błąd pisowni	Półmroku, Podmokł, Podmókł, Pomroku, Pod mroku	Zimowi wędrowcy doskonalą swój kunszt w ponurej, skutej lodem dziczy miejsc takich jak Dolina Lodowego Wichru. Ci bezwzględni, oszronieni łowcy polują na potwory nawiedzające arktyczne pustkowia, aż w końcu sami stają się lodowatymi postrachami. Doskonale znają zjawiska charakterystyczne dla Doliny Lodowego Wichru, w tym utajoną magię upadłych miast Netheru, endemiczne potwory, takie jak yeti i koty skalne, oraz rosnące zagrożenie ze strony najeźdźców z Podmroku. Z powodu chłodnego pragmatyzmu, przerażającej magii i opanowania regionu budzą w równym stopniu szacunek i strach. Mieszkańcy Dziesięciu Miast mówią, że częste zetknięcie ze złowrogimi bytami daje zimowym wędrowcom ich budzące grozę moce. Wielu nomadów Reghed z kolei wierzy, że duchy natury obdarzają zimowych wędrowców wyjątkową klątwą.
h11ed03f2g16a9g0ee9g4b45g6c8ca4ac593d	MORFOLOGIK_RULE_PL_PL	Prawdopodobna literówka	Reghed	Wykryto prawdopodobny błąd pisowni	Reglet	Zimowi wędrowcy doskonalą swój kunszt w ponurej, skutej lodem dziczy miejsc takich jak Dolina Lodowego Wichru. Ci bezwzględni, oszronieni łowcy polują na potwory nawiedzające arktyczne pustkowia, aż w końcu sami stają się lodowatymi postrachami. Doskonale znają zjawiska charakterystyczne dla Doliny Lodowego Wichru, w tym utajoną magię upadłych miast Netheru, endemiczne potwory, takie jak yeti i koty skalne, oraz rosnące zagrożenie ze strony najeźdźców z Podmroku. Z powodu chłodnego pragmatyzmu, przerażającej magii i opanowania regionu budzą w równym stopniu szacunek i strach. Mieszkańcy Dziesięciu Miast mówią, że częste zetknięcie ze złowrogimi bytami daje zimowym wędrowcom ich budzące grozę moce. Wielu nomadów Reghed z kolei wierzy, że duchy natury obdarzają zimowych wędrowców wyjątkową klątwą.
h1e8b4682gc0aag5810g20f4gffc2487083b4	MORFOLOGIK_RULE_PL_PL	Prawdopodobna literówka	maridów	Wykryto prawdopodobny błąd pisowni	Majdów, Maratów, Marito, Maritom, Marutów, karitów, majtów, marmitów	Paladyni związani Przysięgą Szlachetnych Dżinów oddają cześć siłom Sfer Żywiołów. Czerpią moc z czterech rodzajów dżinów: dao, władców ziemi; dżinów, władców powietrza; ifrytów, władców ognia; oraz maridów, władców wody. W Faerûnie wielu paladynów składających tę przysięgę pochodzi z Calimshanu, krainy pełnej dżinów.
h1e8b4682gc0aag5810g20f4gffc2487083b4	MORFOLOGIK_RULE_PL_PL	Prawdopodobna literówka	Faerûnie	Wykryto prawdopodobny błąd pisowni		Paladyni związani Przysięgą Szlachetnych Dżinów oddają cześć siłom Sfer Żywiołów. Czerpią moc z czterech rodzajów dżinów: dao, władców ziemi; dżinów, władców powietrza; ifrytów, władców ognia; oraz maridów, władców wody. W Faerûnie wielu paladynów składających tę przysięgę pochodzi z Calimshanu, krainy pełnej dżinów.
h1e8b4682gc0aag5810g20f4gffc2487083b4	MORFOLOGIK_RULE_PL_PL	Prawdopodobna literówka	Calimshanu	Wykryto prawdopodobny błąd pisowni		Paladyni związani Przysięgą Szlachetnych Dżinów oddają cześć siłom Sfer Żywiołów. Czerpią moc z czterech rodzajów dżinów: dao, władców ziemi; dżinów, władców powietrza; ifrytów, władców ognia; oraz maridów, władców wody. W Faerûnie wielu paladynów składających tę przysięgę pochodzi z Calimshanu, krainy pełnej dżinów.
h3efdb1d4g5d1cg2afeg34fag81c302e26784	MORFOLOGIK_RULE_PL_PL	Prawdopodobna literówka	wieloświat	Wykryto prawdopodobny błąd pisowni		Paladyni, którzy składają tę przysięgę, często podejmują wyprawy prowadzące ich po całych Krainach i przez cały wieloświat — w tym do Sfer Żywiołów. Paladynów tych łączą następujące zasady:\n\nZasiej nasiona stworzenia wśród popiołów zniszczenia.\nProwadź z przepychem i wdziękiem.\nSzanuj żywioły i bój się ich gniewu.
haaf829fagd4d2g973eg987ag882a31fcb4ae	MORFOLOGIK_RULE_PL_PL	Prawdopodobna literówka	efreetiego	Wykryto prawdopodobny błąd pisowni		Natychmiast po rzuceniu czaru Ugodzenia możesz zużyć jedno użycie Mocy przysięgi i wywołać jeden z poniższych efektów.\n\nMiażdżący uścisk dao. Ziemia unosi się wokół celu, nadając mu stan Unieruchomienia.\n\nUcieczka dżinna. Teleportujesz się do widocznego, niezajętego miejsca w promieniu 9 m i do końca swojej następnej tury przybierasz półmaterialną postać. W tej postaci masz odporność na obrażenia obuchowe, kłute i cięte oraz niewrażliwość na Powalenie i Unieruchomienie.\n\nFuria efreetiego. Cel otrzymuje dodatkowe 2k4 obrażeń od ognia, po czym płomienie przeskakują na wszystkich widocznych wrogów w promieniu 9 m od ciebie. Każdy z nich również otrzymuje 2k4 obrażeń od ognia.\n\nFala marida. Cel i wszystkie wybrane przez ciebie istoty w emanacji o promieniu 3 m wykonują rzut obronny na Siłę przeciwko ST rzutu obronnego przeciwko twoim czarom. Przy niepowodzeniu istota zostaje odrzucona od ciebie o 4,5 m i Powalona.
haaf829fagd4d2g973eg987ag882a31fcb4ae	MORFOLOGIK_RULE_PL_PL	Prawdopodobna literówka	2k4	Wykryto prawdopodobny błąd pisowni		Natychmiast po rzuceniu czaru Ugodzenia możesz zużyć jedno użycie Mocy przysięgi i wywołać jeden z poniższych efektów.\n\nMiażdżący uścisk dao. Ziemia unosi się wokół celu, nadając mu stan Unieruchomienia.\n\nUcieczka dżinna. Teleportujesz się do widocznego, niezajętego miejsca w promieniu 9 m i do końca swojej następnej tury przybierasz półmaterialną postać. W tej postaci masz odporność na obrażenia obuchowe, kłute i cięte oraz niewrażliwość na Powalenie i Unieruchomienie.\n\nFuria efreetiego. Cel otrzymuje dodatkowe 2k4 obrażeń od ognia, po czym płomienie przeskakują na wszystkich widocznych wrogów w promieniu 9 m od ciebie. Każdy z nich również otrzymuje 2k4 obrażeń od ognia.\n\nFala marida. Cel i wszystkie wybrane przez ciebie istoty w emanacji o promieniu 3 m wykonują rzut obronny na Siłę przeciwko ST rzutu obronnego przeciwko twoim czarom. Przy niepowodzeniu istota zostaje odrzucona od ciebie o 4,5 m i Powalona.
haaf829fagd4d2g973eg987ag882a31fcb4ae	MORFOLOGIK_RULE_PL_PL	Prawdopodobna literówka	2k4	Wykryto prawdopodobny błąd pisowni		Natychmiast po rzuceniu czaru Ugodzenia możesz zużyć jedno użycie Mocy przysięgi i wywołać jeden z poniższych efektów.\n\nMiażdżący uścisk dao. Ziemia unosi się wokół celu, nadając mu stan Unieruchomienia.\n\nUcieczka dżinna. Teleportujesz się do widocznego, niezajętego miejsca w promieniu 9 m i do końca swojej następnej tury przybierasz półmaterialną postać. W tej postaci masz odporność na obrażenia obuchowe, kłute i cięte oraz niewrażliwość na Powalenie i Unieruchomienie.\n\nFuria efreetiego. Cel otrzymuje dodatkowe 2k4 obrażeń od ognia, po czym płomienie przeskakują na wszystkich widocznych wrogów w promieniu 9 m od ciebie. Każdy z nich również otrzymuje 2k4 obrażeń od ognia.\n\nFala marida. Cel i wszystkie wybrane przez ciebie istoty w emanacji o promieniu 3 m wykonują rzut obronny na Siłę przeciwko ST rzutu obronnego przeciwko twoim czarom. Przy niepowodzeniu istota zostaje odrzucona od ciebie o 4,5 m i Powalona.
haaf829fagd4d2g973eg987ag882a31fcb4ae	MORFOLOGIK_RULE_PL_PL	Prawdopodobna literówka	marida	Wykryto prawdopodobny błąd pisowni	Marita, Maritą, Maria, Marią, Marta, Marata, Martą, Mérida	Natychmiast po rzuceniu czaru Ugodzenia możesz zużyć jedno użycie Mocy przysięgi i wywołać jeden z poniższych efektów.\n\nMiażdżący uścisk dao. Ziemia unosi się wokół celu, nadając mu stan Unieruchomienia.\n\nUcieczka dżinna. Teleportujesz się do widocznego, niezajętego miejsca w promieniu 9 m i do końca swojej następnej tury przybierasz półmaterialną postać. W tej postaci masz odporność na obrażenia obuchowe, kłute i cięte oraz niewrażliwość na Powalenie i Unieruchomienie.\n\nFuria efreetiego. Cel otrzymuje dodatkowe 2k4 obrażeń od ognia, po czym płomienie przeskakują na wszystkich widocznych wrogów w promieniu 9 m od ciebie. Każdy z nich również otrzymuje 2k4 obrażeń od ognia.\n\nFala marida. Cel i wszystkie wybrane przez ciebie istoty w emanacji o promieniu 3 m wykonują rzut obronny na Siłę przeciwko ST rzutu obronnego przeciwko twoim czarom. Przy niepowodzeniu istota zostaje odrzucona od ciebie o 4,5 m i Powalona.
haaf829fagd4d2g973eg987ag882a31fcb4ae	SKROTY_Z_KROPKA	Błędy ortograficzne	ST	"Ten skrót piszemy z kropką: ""ST."""	ST.	Natychmiast po rzuceniu czaru Ugodzenia możesz zużyć jedno użycie Mocy przysięgi i wywołać jeden z poniższych efektów.\n\nMiażdżący uścisk dao. Ziemia unosi się wokół celu, nadając mu stan Unieruchomienia.\n\nUcieczka dżinna. Teleportujesz się do widocznego, niezajętego miejsca w promieniu 9 m i do końca swojej następnej tury przybierasz półmaterialną postać. W tej postaci masz odporność na obrażenia obuchowe, kłute i cięte oraz niewrażliwość na Powalenie i Unieruchomienie.\n\nFuria efreetiego. Cel otrzymuje dodatkowe 2k4 obrażeń od ognia, po czym płomienie przeskakują na wszystkich widocznych wrogów w promieniu 9 m od ciebie. Każdy z nich również otrzymuje 2k4 obrażeń od ognia.\n\nFala marida. Cel i wszystkie wybrane przez ciebie istoty w emanacji o promieniu 3 m wykonują rzut obronny na Siłę przeciwko ST rzutu obronnego przeciwko twoim czarom. Przy niepowodzeniu istota zostaje odrzucona od ciebie o 4,5 m i Powalona.
h41d151e2g9ff2g7903gdcffg74d3df5ec77f	MORFOLOGIK_RULE_PL_PL	Prawdopodobna literówka	efreetiego	Wykryto prawdopodobny błąd pisowni		Furia efreetiego
hbf690b7ag3334g153agbf4dgf3261e437b08	MORFOLOGIK_RULE_PL_PL	Prawdopodobna literówka	2k4	Wykryto prawdopodobny błąd pisowni		Cel otrzymuje dodatkowe 2k4 obrażeń od ognia, a płomienie przeskakują z celu na wszystkich wrogów, których widzisz w promieniu 9 m od ciebie. Każda z tych istot otrzymuje również 2k4 obrażeń od ognia.
hbf690b7ag3334g153agbf4dgf3261e437b08	MORFOLOGIK_RULE_PL_PL	Prawdopodobna literówka	2k4	Wykryto prawdopodobny błąd pisowni		Cel otrzymuje dodatkowe 2k4 obrażeń od ognia, a płomienie przeskakują z celu na wszystkich wrogów, których widzisz w promieniu 9 m od ciebie. Każda z tych istot otrzymuje również 2k4 obrażeń od ognia.
h48d5140cg0c24ga6cfg77d7g5b5aac3590e3	MORFOLOGIK_RULE_PL_PL	Prawdopodobna literówka	marida	Wykryto prawdopodobny błąd pisowni	Marita, Maritą, Maria, Marią, Marta, Marata, Martą, Mérida	Fala marida
h79a50a5ag645fgfec1g1742g3190589c1ba0	SKROTY_Z_KROPKA	Błędy ortograficzne	ST	"Ten skrót piszemy z kropką: ""ST."""	ST.	Cel i wszystkie wybrane przez ciebie istoty w emanacji o promieniu 3 m wykonują rzut obronny na Siłę przeciwko ST rzutu obronnego przeciwko twoim czarom. Przy niepowodzeniu istota zostaje odrzucona od ciebie o 4,5 m i Powalona.
hf106deb5gfb07g4bdeg0a01g623dd85de6b9	MORFOLOGIK_RULE_PL_PL	Prawdopodobna literówka	Myth	Wykryto prawdopodobny błąd pisowni	Mych, Myta, Myto, Myt, Myte, Mytu, Myty, Mytą	Pieśniarze klingi opanowują tradycję magii, która łączy fechtunek i taniec. W walce Pieśniarz klingi wykonuje złożone, eleganckie manewry, które odpierają zagrożenia i pozwalają mu kierować magię w niszczycielskie ataki oraz przebiegłą obronę. Wielu, którzy widzieli Pieśniarza klingi w akcji, wspomina ten pokaz jako jedno z najpiękniejszych doświadczeń w swoim życiu — wspaniały taniec, któremu towarzyszy śpiewająca klinga.\n\nPieśń klingi wiąże się ze starożytnymi elfimi społecznościami, które jako pierwsze opanowały tę sztukę i ukuły to określenie. Nawet dziś większość Pieśniarzy klingi wywodzi się ze starych elfich krain, takich jak Myth Drannor, albo ze społeczności nieelfich, które dzielą ziemię i historię z elfami, takich jak Srebrne Marchie. Niezależnie od pochodzenia, Pieśniarze klingi niosą swe talenty po całych Krainach, by pomagać zwykłym ludziom i dokonywać bohaterskich czynów. Większość społeczności wita przybycie Pieśniarza klingi jako dobrą wróżbę.
hf106deb5gfb07g4bdeg0a01g623dd85de6b9	MORFOLOGIK_RULE_PL_PL	Prawdopodobna literówka	Drannor	Wykryto prawdopodobny błąd pisowni		Pieśniarze klingi opanowują tradycję magii, która łączy fechtunek i taniec. W walce Pieśniarz klingi wykonuje złożone, eleganckie manewry, które odpierają zagrożenia i pozwalają mu kierować magię w niszczycielskie ataki oraz przebiegłą obronę. Wielu, którzy widzieli Pieśniarza klingi w akcji, wspomina ten pokaz jako jedno z najpiękniejszych doświadczeń w swoim życiu — wspaniały taniec, któremu towarzyszy śpiewająca klinga.\n\nPieśń klingi wiąże się ze starożytnymi elfimi społecznościami, które jako pierwsze opanowały tę sztukę i ukuły to określenie. Nawet dziś większość Pieśniarzy klingi wywodzi się ze starych elfich krain, takich jak Myth Drannor, albo ze społeczności nieelfich, które dzielą ziemię i historię z elfami, takich jak Srebrne Marchie. Niezależnie od pochodzenia, Pieśniarze klingi niosą swe talenty po całych Krainach, by pomagać zwykłym ludziom i dokonywać bohaterskich czynów. Większość społeczności wita przybycie Pieśniarza klingi jako dobrą wróżbę.
ha031b042gd64ag0b74g62b9g7aa92b2a2119	MORFOLOGIK_RULE_PL_PL	Prawdopodobna literówka	Bhaala	Wykryto prawdopodobny błąd pisowni	Baala	Potomek Trójki czerpie moc ze złowrogich bogów znanych we Wrotach Baldura jako Martwa Trójka: Zguby, boga tyranii; Bhaala, boga przemocy i mordu; oraz Myrkula, boga śmierci. Niektórzy łotrzykowie tej podklasy gorliwie oddają się tym trzem makabrycznym bóstwom, innych zaś sprowadza na tę ścieżkę klątwa. W obu przypadkach moc potomka przejawia się w rozmaitych okultystycznych darach oraz niezwykłym talencie do zadawania ciosów i wzbudzania trwogi.\n\nPotomkowie Trójki najczęściej występują we Wrotach Baldura, gdzie członkowie Martwej Trójki żyli jako śmiertelnicy, zanim osiągnęli boskość. Tajne kulty Zguby, Bhaala i Myrkula często zaliczają ich do swoich najcenniejszych agentów. Poza Wrotami Baldura świeckie gildie złodziei — takie jak Złodzieje Cienia z Amn czy Gildia Xanathara w Waterdeep — mogą powierzyć Potomkowi Trójki wyjątkowo krwawe zlecenie.
ha031b042gd64ag0b74g62b9g7aa92b2a2119	MORFOLOGIK_RULE_PL_PL	Prawdopodobna literówka	Myrkula	Wykryto prawdopodobny błąd pisowni		Potomek Trójki czerpie moc ze złowrogich bogów znanych we Wrotach Baldura jako Martwa Trójka: Zguby, boga tyranii; Bhaala, boga przemocy i mordu; oraz Myrkula, boga śmierci. Niektórzy łotrzykowie tej podklasy gorliwie oddają się tym trzem makabrycznym bóstwom, innych zaś sprowadza na tę ścieżkę klątwa. W obu przypadkach moc potomka przejawia się w rozmaitych okultystycznych darach oraz niezwykłym talencie do zadawania ciosów i wzbudzania trwogi.\n\nPotomkowie Trójki najczęściej występują we Wrotach Baldura, gdzie członkowie Martwej Trójki żyli jako śmiertelnicy, zanim osiągnęli boskość. Tajne kulty Zguby, Bhaala i Myrkula często zaliczają ich do swoich najcenniejszych agentów. Poza Wrotami Baldura świeckie gildie złodziei — takie jak Złodzieje Cienia z Amn czy Gildia Xanathara w Waterdeep — mogą powierzyć Potomkowi Trójki wyjątkowo krwawe zlecenie.
ha031b042gd64ag0b74g62b9g7aa92b2a2119	MORFOLOGIK_RULE_PL_PL	Prawdopodobna literówka	Bhaala	Wykryto prawdopodobny błąd pisowni	Baala	Potomek Trójki czerpie moc ze złowrogich bogów znanych we Wrotach Baldura jako Martwa Trójka: Zguby, boga tyranii; Bhaala, boga przemocy i mordu; oraz Myrkula, boga śmierci. Niektórzy łotrzykowie tej podklasy gorliwie oddają się tym trzem makabrycznym bóstwom, innych zaś sprowadza na tę ścieżkę klątwa. W obu przypadkach moc potomka przejawia się w rozmaitych okultystycznych darach oraz niezwykłym talencie do zadawania ciosów i wzbudzania trwogi.\n\nPotomkowie Trójki najczęściej występują we Wrotach Baldura, gdzie członkowie Martwej Trójki żyli jako śmiertelnicy, zanim osiągnęli boskość. Tajne kulty Zguby, Bhaala i Myrkula często zaliczają ich do swoich najcenniejszych agentów. Poza Wrotami Baldura świeckie gildie złodziei — takie jak Złodzieje Cienia z Amn czy Gildia Xanathara w Waterdeep — mogą powierzyć Potomkowi Trójki wyjątkowo krwawe zlecenie.
ha031b042gd64ag0b74g62b9g7aa92b2a2119	MORFOLOGIK_RULE_PL_PL	Prawdopodobna literówka	Myrkula	Wykryto prawdopodobny błąd pisowni		Potomek Trójki czerpie moc ze złowrogich bogów znanych we Wrotach Baldura jako Martwa Trójka: Zguby, boga tyranii; Bhaala, boga przemocy i mordu; oraz Myrkula, boga śmierci. Niektórzy łotrzykowie tej podklasy gorliwie oddają się tym trzem makabrycznym bóstwom, innych zaś sprowadza na tę ścieżkę klątwa. W obu przypadkach moc potomka przejawia się w rozmaitych okultystycznych darach oraz niezwykłym talencie do zadawania ciosów i wzbudzania trwogi.\n\nPotomkowie Trójki najczęściej występują we Wrotach Baldura, gdzie członkowie Martwej Trójki żyli jako śmiertelnicy, zanim osiągnęli boskość. Tajne kulty Zguby, Bhaala i Myrkula często zaliczają ich do swoich najcenniejszych agentów. Poza Wrotami Baldura świeckie gildie złodziei — takie jak Złodzieje Cienia z Amn czy Gildia Xanathara w Waterdeep — mogą powierzyć Potomkowi Trójki wyjątkowo krwawe zlecenie.
ha031b042gd64ag0b74g62b9g7aa92b2a2119	MORFOLOGIK_RULE_PL_PL	Prawdopodobna literówka	Amn	Wykryto prawdopodobny błąd pisowni	Am, An, AMD, AMG, Amy, Ann, AMP, Amon	Potomek Trójki czerpie moc ze złowrogich bogów znanych we Wrotach Baldura jako Martwa Trójka: Zguby, boga tyranii; Bhaala, boga przemocy i mordu; oraz Myrkula, boga śmierci. Niektórzy łotrzykowie tej podklasy gorliwie oddają się tym trzem makabrycznym bóstwom, innych zaś sprowadza na tę ścieżkę klątwa. W obu przypadkach moc potomka przejawia się w rozmaitych okultystycznych darach oraz niezwykłym talencie do zadawania ciosów i wzbudzania trwogi.\n\nPotomkowie Trójki najczęściej występują we Wrotach Baldura, gdzie członkowie Martwej Trójki żyli jako śmiertelnicy, zanim osiągnęli boskość. Tajne kulty Zguby, Bhaala i Myrkula często zaliczają ich do swoich najcenniejszych agentów. Poza Wrotami Baldura świeckie gildie złodziei — takie jak Złodzieje Cienia z Amn czy Gildia Xanathara w Waterdeep — mogą powierzyć Potomkowi Trójki wyjątkowo krwawe zlecenie.
ha031b042gd64ag0b74g62b9g7aa92b2a2119	MORFOLOGIK_RULE_PL_PL	Prawdopodobna literówka	Xanathara	Wykryto prawdopodobny błąd pisowni		Potomek Trójki czerpie moc ze złowrogich bogów znanych we Wrotach Baldura jako Martwa Trójka: Zguby, boga tyranii; Bhaala, boga przemocy i mordu; oraz Myrkula, boga śmierci. Niektórzy łotrzykowie tej podklasy gorliwie oddają się tym trzem makabrycznym bóstwom, innych zaś sprowadza na tę ścieżkę klątwa. W obu przypadkach moc potomka przejawia się w rozmaitych okultystycznych darach oraz niezwykłym talencie do zadawania ciosów i wzbudzania trwogi.\n\nPotomkowie Trójki najczęściej występują we Wrotach Baldura, gdzie członkowie Martwej Trójki żyli jako śmiertelnicy, zanim osiągnęli boskość. Tajne kulty Zguby, Bhaala i Myrkula często zaliczają ich do swoich najcenniejszych agentów. Poza Wrotami Baldura świeckie gildie złodziei — takie jak Złodzieje Cienia z Amn czy Gildia Xanathara w Waterdeep — mogą powierzyć Potomkowi Trójki wyjątkowo krwawe zlecenie.
ha031b042gd64ag0b74g62b9g7aa92b2a2119	MORFOLOGIK_RULE_PL_PL	Prawdopodobna literówka	Waterdeep	Wykryto prawdopodobny błąd pisowni		Potomek Trójki czerpie moc ze złowrogich bogów znanych we Wrotach Baldura jako Martwa Trójka: Zguby, boga tyranii; Bhaala, boga przemocy i mordu; oraz Myrkula, boga śmierci. Niektórzy łotrzykowie tej podklasy gorliwie oddają się tym trzem makabrycznym bóstwom, innych zaś sprowadza na tę ścieżkę klątwa. W obu przypadkach moc potomka przejawia się w rozmaitych okultystycznych darach oraz niezwykłym talencie do zadawania ciosów i wzbudzania trwogi.\n\nPotomkowie Trójki najczęściej występują we Wrotach Baldura, gdzie członkowie Martwej Trójki żyli jako śmiertelnicy, zanim osiągnęli boskość. Tajne kulty Zguby, Bhaala i Myrkula często zaliczają ich do swoich najcenniejszych agentów. Poza Wrotami Baldura świeckie gildie złodziei — takie jak Złodzieje Cienia z Amn czy Gildia Xanathara w Waterdeep — mogą powierzyć Potomkowi Trójki wyjątkowo krwawe zlecenie.
h717c2effgcfefg6531g04eeg3d6a10c88329	MORFOLOGIK_RULE_PL_PL	Prawdopodobna literówka	Bhaalem	Wykryto prawdopodobny błąd pisowni	Baalem	"Zawierasz złowrogie przymierze z jednym z członków Martwej Trójki: Zguba'em, Bhaalem albo Myrkulem. Wybór zapewnia ci odporność na określony typ obrażeń oraz powiązaną sztuczkę, dla której cechą bazową jest Inteligencja.\n\nJeśli wybierzesz Zguba'a, zyskujesz odporność na obrażenia psychiczne i możesz rzucać <LSTag Type=""Spell"" Tooltip=""Target_ImprovedMinorIllusion"">Pomniejszą iluzję</LSTag>.\n\nJeśli wybierzesz Bhaala, zyskujesz odporność na obrażenia od trucizny i możesz rzucać <LSTag Type=""Spell"" Tooltip=""Shout_BladeWard"">Osłonę przed orężem</LSTag>.\n\nJeśli wybierzesz Myrkula, zyskujesz odporność na obrażenia nekrotyczne i możesz rzucać Przeszywający dotyk.\n\nWybrane bóstwo możesz zmienić po każdym długim odpoczynku."
h717c2effgcfefg6531g04eeg3d6a10c88329	MORFOLOGIK_RULE_PL_PL	Prawdopodobna literówka	Myrkulem	Wykryto prawdopodobny błąd pisowni	Cyrkułem	"Zawierasz złowrogie przymierze z jednym z członków Martwej Trójki: Zguba'em, Bhaalem albo Myrkulem. Wybór zapewnia ci odporność na określony typ obrażeń oraz powiązaną sztuczkę, dla której cechą bazową jest Inteligencja.\n\nJeśli wybierzesz Zguba'a, zyskujesz odporność na obrażenia psychiczne i możesz rzucać <LSTag Type=""Spell"" Tooltip=""Target_ImprovedMinorIllusion"">Pomniejszą iluzję</LSTag>.\n\nJeśli wybierzesz Bhaala, zyskujesz odporność na obrażenia od trucizny i możesz rzucać <LSTag Type=""Spell"" Tooltip=""Shout_BladeWard"">Osłonę przed orężem</LSTag>.\n\nJeśli wybierzesz Myrkula, zyskujesz odporność na obrażenia nekrotyczne i możesz rzucać Przeszywający dotyk.\n\nWybrane bóstwo możesz zmienić po każdym długim odpoczynku."
h717c2effgcfefg6531g04eeg3d6a10c88329	MORFOLOGIK_RULE_PL_PL	Prawdopodobna literówka	Bhaala	Wykryto prawdopodobny błąd pisowni	Baala	"Zawierasz złowrogie przymierze z jednym z członków Martwej Trójki: Zguba'em, Bhaalem albo Myrkulem. Wybór zapewnia ci odporność na określony typ obrażeń oraz powiązaną sztuczkę, dla której cechą bazową jest Inteligencja.\n\nJeśli wybierzesz Zguba'a, zyskujesz odporność na obrażenia psychiczne i możesz rzucać <LSTag Type=""Spell"" Tooltip=""Target_ImprovedMinorIllusion"">Pomniejszą iluzję</LSTag>.\n\nJeśli wybierzesz Bhaala, zyskujesz odporność na obrażenia od trucizny i możesz rzucać <LSTag Type=""Spell"" Tooltip=""Shout_BladeWard"">Osłonę przed orężem</LSTag>.\n\nJeśli wybierzesz Myrkula, zyskujesz odporność na obrażenia nekrotyczne i możesz rzucać Przeszywający dotyk.\n\nWybrane bóstwo możesz zmienić po każdym długim odpoczynku."
h717c2effgcfefg6531g04eeg3d6a10c88329	MORFOLOGIK_RULE_PL_PL	Prawdopodobna literówka	Myrkula	Wykryto prawdopodobny błąd pisowni		"Zawierasz złowrogie przymierze z jednym z członków Martwej Trójki: Zguba'em, Bhaalem albo Myrkulem. Wybór zapewnia ci odporność na określony typ obrażeń oraz powiązaną sztuczkę, dla której cechą bazową jest Inteligencja.\n\nJeśli wybierzesz Zguba'a, zyskujesz odporność na obrażenia psychiczne i możesz rzucać <LSTag Type=""Spell"" Tooltip=""Target_ImprovedMinorIllusion"">Pomniejszą iluzję</LSTag>.\n\nJeśli wybierzesz Bhaala, zyskujesz odporność na obrażenia od trucizny i możesz rzucać <LSTag Type=""Spell"" Tooltip=""Shout_BladeWard"">Osłonę przed orężem</LSTag>.\n\nJeśli wybierzesz Myrkula, zyskujesz odporność na obrażenia nekrotyczne i możesz rzucać Przeszywający dotyk.\n\nWybrane bóstwo możesz zmienić po każdym długim odpoczynku."
hf46c88e2g570bgc9f5g75e9g56ae359baec0	BRAK_SPACJI	Błędy typograficzne	]	"Brak spacji po tym znaku. Powinno być: ""] ""."	] 	Gdy widoczna istota w promieniu 9 m od ciebie otrzyma obrażenia i stanie się Zakrwawiona (jej punkty wytrzymałości spadną poniżej [1]%), lecz nie spadnie do 0 punktów wytrzymałości, możesz w ramach reakcji teleportować się na widoczne wolne pole w promieniu 1,5 m od niej. Następnie możesz wykonać przeciwko niej jeden atak wręcz.
hf46c88e2g570bgc9f5g75e9g56ae359baec0	LICZBA_PROC	Błędy różne	%	"Nie stosuje się symbolu procenta, jeśli nie występuje po zapisie liczbowym, tylko skrót: ""proc."""	proc.	Gdy widoczna istota w promieniu 9 m od ciebie otrzyma obrażenia i stanie się Zakrwawiona (jej punkty wytrzymałości spadną poniżej [1]%), lecz nie spadnie do 0 punktów wytrzymałości, możesz w ramach reakcji teleportować się na widoczne wolne pole w promieniu 1,5 m od niej. Następnie możesz wykonać przeciwko niej jeden atak wręcz.
hed1840dbga25bga18bg158cg2e3656728e43	MORFOLOGIK_RULE_PL_PL	Prawdopodobna literówka	Bhaalem	Wykryto prawdopodobny błąd pisowni	Baalem	Zawierasz złowrogie przymierze z jednym z członków Martwej Trójki: Zguba'em, Bhaalem albo Myrkulem. Wybór zapewnia ci odporność na określony typ obrażeń oraz powiązaną sztuczkę, dla której cechą bazową jest Inteligencja.
hed1840dbga25bga18bg158cg2e3656728e43	MORFOLOGIK_RULE_PL_PL	Prawdopodobna literówka	Myrkulem	Wykryto prawdopodobny błąd pisowni	Cyrkułem	Zawierasz złowrogie przymierze z jednym z członków Martwej Trójki: Zguba'em, Bhaalem albo Myrkulem. Wybór zapewnia ci odporność na określony typ obrażeń oraz powiązaną sztuczkę, dla której cechą bazową jest Inteligencja.
h51a11419g7905g3848gd5bfgf6d72fd1a609	MORFOLOGIK_RULE_PL_PL	Prawdopodobna literówka	Bhaal	Wykryto prawdopodobny błąd pisowni	Baal	Złowrogie oddanie: Bhaal
hb4a3c0b4g39f9g3519g8885g8624730cfa75	MORFOLOGIK_RULE_PL_PL	Prawdopodobna literówka	Bhaala	Wykryto prawdopodobny błąd pisowni	Baala	"Jeśli wybierzesz Bhaala, zyskujesz odporność na obrażenia od trucizny i możesz rzucać <LSTag Type=""Spell"" Tooltip=""Shout_BladeWard"">Osłonę przed orężem</LSTag>."
h23fa8e89g70f4g44b2g3bceg2ab0350c9dde	MORFOLOGIK_RULE_PL_PL	Prawdopodobna literówka	Myrkul	Wykryto prawdopodobny błąd pisowni	Cyrkuł	Złowrogie oddanie: Myrkul
h6523df3dgbad7g0fafg867dg13134c55e3c3	MORFOLOGIK_RULE_PL_PL	Prawdopodobna literówka	Myrkula	Wykryto prawdopodobny błąd pisowni		Jeśli wybierzesz Myrkula, zyskujesz odporność na obrażenia nekrotyczne i możesz rzucać Przeszywający dotyk.
h3d0aa39dg266bg7c47g97e8g8d257554171a	MORFOLOGIK_RULE_PL_PL	Prawdopodobna literówka	Bhaal	Wykryto prawdopodobny błąd pisowni	Baal	Złowrogie oddanie: Bhaal
hb44a03abgc118ge0f2g55eegf877db7779de	MORFOLOGIK_RULE_PL_PL	Prawdopodobna literówka	Myrkul	Wykryto prawdopodobny błąd pisowni	Cyrkuł	Złowrogie oddanie: Myrkul
h8c1cf02dg530eg20c8ge29dgf4ccedf5993c	MORFOLOGIK_RULE_PL_PL	Prawdopodobna literówka	1k4	Wykryto prawdopodobny błąd pisowni		Gdy w swojej turze zużywasz co najmniej 1 punkt zaklinania w ramach akcji Magii albo akcji dodatkowej, możesz wywołać jeden z poniższych wybranych efektów magicznych. Możesz zrobić to tylko raz na turę.\n\nWzmacniające płomienie. Wybierz siebie albo jedną widoczną istotę w promieniu 9 m od ciebie. Wybrana istota zyskuje tymczasowe punkty wytrzymałości w liczbie równej sumie 1k4 i twojego modyfikatora Charyzmy.\n\nŚwietlisty ogień. Jedna widoczna istota w promieniu 9 m od ciebie otrzymuje 1k4 obrażeń od ognia albo światłości (wedle twojego wyboru).
h8c1cf02dg530eg20c8ge29dgf4ccedf5993c	MORFOLOGIK_RULE_PL_PL	Prawdopodobna literówka	1k4	Wykryto prawdopodobny błąd pisowni		Gdy w swojej turze zużywasz co najmniej 1 punkt zaklinania w ramach akcji Magii albo akcji dodatkowej, możesz wywołać jeden z poniższych wybranych efektów magicznych. Możesz zrobić to tylko raz na turę.\n\nWzmacniające płomienie. Wybierz siebie albo jedną widoczną istotę w promieniu 9 m od ciebie. Wybrana istota zyskuje tymczasowe punkty wytrzymałości w liczbie równej sumie 1k4 i twojego modyfikatora Charyzmy.\n\nŚwietlisty ogień. Jedna widoczna istota w promieniu 9 m od ciebie otrzymuje 1k4 obrażeń od ognia albo światłości (wedle twojego wyboru).
h848282acg476egf71fgd7feg17ed2acf814f	WIADACY	Wyrazy modne i nadużywane	wiodący	Ten rusycyzm jest błędnie używany po polsku w znaczeniu.	przodujący, główny, przewodni, zasadniczy, najlepszy	Po osiągnięciu określonych poziomów Zaklinacza zawsze masz przygotowane następujące czary: na 3. poziomie — Leczenie ran, Pocisk wiodący, Mniejsze przywrócenie i Wypalający promień; na 5. poziomie dodatkowo — Aura witalności i Przeciwzaklęcie; na 7. poziomie — Tarcza ognia i Ściana ognia; a na 9. poziomie — Większe przywrócenie i Słup ognia.
hf28a6857g5521g1f6eg1195g302e7c01246f	MORFOLOGIK_RULE_PL_PL	Prawdopodobna literówka	1k4	Wykryto prawdopodobny błąd pisowni		Za każdym razem, gdy cel nie zda rzutu obronnego przeciwko rzuconemu przez ciebie Przeciwzaklęciu, odzyskujesz 1k4 punktów zaklinania.
h34d5fc08g03dage117ge30cge3bac9365062	MORFOLOGIK_RULE_PL_PL	Prawdopodobna literówka	1k4	Wykryto prawdopodobny błąd pisowni		Gdy w swojej turze zużywasz co najmniej 1 punkt zaklinania w ramach akcji Magii albo akcji dodatkowej, możesz wywołać jeden z poniższych wybranych efektów magicznych. Możesz zrobić to tylko raz na turę.\n\nWzmacniające płomienie. Wybierz siebie albo jedną widoczną istotę w promieniu 9 m od ciebie. Wybrana istota zyskuje tymczasowe punkty wytrzymałości w liczbie równej sumie 1k4 i twojego modyfikatora Charyzmy.\n\nŚwietlisty ogień. Jedna widoczna istota w promieniu 9 m od ciebie otrzymuje 1k4 obrażeń od ognia albo światłości (wedle twojego wyboru).
h34d5fc08g03dage117ge30cge3bac9365062	MORFOLOGIK_RULE_PL_PL	Prawdopodobna literówka	1k4	Wykryto prawdopodobny błąd pisowni		Gdy w swojej turze zużywasz co najmniej 1 punkt zaklinania w ramach akcji Magii albo akcji dodatkowej, możesz wywołać jeden z poniższych wybranych efektów magicznych. Możesz zrobić to tylko raz na turę.\n\nWzmacniające płomienie. Wybierz siebie albo jedną widoczną istotę w promieniu 9 m od ciebie. Wybrana istota zyskuje tymczasowe punkty wytrzymałości w liczbie równej sumie 1k4 i twojego modyfikatora Charyzmy.\n\nŚwietlisty ogień. Jedna widoczna istota w promieniu 9 m od ciebie otrzymuje 1k4 obrażeń od ognia albo światłości (wedle twojego wyboru).
h0ffef888g07e1g2e7dgf090g1e02c22995ae	MORFOLOGIK_RULE_PL_PL	Prawdopodobna literówka	1k4	Wykryto prawdopodobny błąd pisowni		Ty albo jedna widoczna istota w promieniu 9 m od ciebie zyskuje tymczasowe punkty wytrzymałości w liczbie równej 1k4 plus twój modyfikator Charyzmy.
h37be3b80g09fbg170eg2b7cg065997dc9bf9	MORFOLOGIK_RULE_PL_PL	Prawdopodobna literówka	1k4	Wykryto prawdopodobny błąd pisowni		Jedna widoczna istota w promieniu 9 m od ciebie otrzymuje 1k4 obrażeń od ognia.
hf4271cc8ge175g82fcg26deg011060d3570a	MORFOLOGIK_RULE_PL_PL	Prawdopodobna literówka	1k4	Wykryto prawdopodobny błąd pisowni		Jedna widoczna istota w promieniu 9 m od ciebie otrzymuje 1k4 obrażeń od światłości.
h5a2f62c0g20c4g7473ge5fagb7ae81549ea5	MORFOLOGIK_RULE_PL_PL	Prawdopodobna literówka	1k4	Wykryto prawdopodobny błąd pisowni		Zyskaj tymczasowe punkty wytrzymałości równe 1k4 plus modyfikator charyzmy rzucającego czary.
h60db9c86g6587g9b47g7ddcgd3131d7fdb99	MORFOLOGIK_RULE_PL_PL	Prawdopodobna literówka	Anauroch	Wykryto prawdopodobny błąd pisowni		Twoja wrodzona moc pochodzi z samego źródła magii: Splotu. To połączenie objawia się jako rzadka zdolność znana jako magiczny ogień, a ty wybuchasz promiennymi erupcjami tej surowej magii. Twój talent do magicznego ognia pozwala ci leczyć sojuszników, wypalać wrogów i pochłaniać potężne czary.\n\nWładający magicznym ogniem mają skłonność do wędrówek. Wielu podróżuje między kosmopolitycznymi osadami, takimi jak te wzdłuż Wybrzeża Mieczy, i używa swojej magii w służbie dobru powszechnemu. Inni odkrywają własne dziwne moce, przemierzając równie dziwne krainy — od spustoszonych magią pustkowi pustyni Anauroch po dotknięte boskością ostępy Starych Imperiów.\nGdziekolwiek w Krainach się udadzą, zaklinacze magicznego ognia są zabiegani przez frakcje zainteresowane sztukami tajemnymi, takie jak Harfiarze, Kult Smoka i Czerwoni Magowie.
h9200202eg02d1g77b7gd08cgcdd8fe5b794f	MORFOLOGIK_RULE_PL_PL	Prawdopodobna literówka	k20	Wykryto prawdopodobny błąd pisowni	KRO, K2, KKO	Twoje testy ataku bronią dystansową kończą się trafieniem krytycznym przy wyniku 19 albo 20 na k20.\n\nNa 9. poziomie rewolwerowca ataki bronią dystansową kończą się trafieniem krytycznym przy wyniku 18–20.
hc954e882g16cegbaa5geb0bgf93add6a9f64	MORFOLOGIK_RULE_PL_PL	Prawdopodobna literówka	k8	Wykryto prawdopodobny błąd pisowni	km, kg, ks, ku, KC, kW, KP, KK	Kości Ryzyka zaczynają się od czterech kości k8. Kość Ryzyka zostaje zużyta, gdy z niej skorzystasz, a wszystkie wydane Kości Ryzyka odzyskujesz, gdy zakończysz Krótki lub długi odpoczynek.\n\nW miarę zdobywania poziomów zwiększa się zarówno liczba kości, jak i ich rozmiar. Od poziomu 2 do poziomu 5 masz cztery kości k8. Od poziomu 6 do poziomu 9 masz pięć kości k8. Od poziomu 10 do poziomu 12 masz pięć kości k10.
hc954e882g16cegbaa5geb0bgf93add6a9f64	MORFOLOGIK_RULE_PL_PL	Prawdopodobna literówka	k8	Wykryto prawdopodobny błąd pisowni	km, kg, ks, ku, KC, kW, KP, KK	Kości Ryzyka zaczynają się od czterech kości k8. Kość Ryzyka zostaje zużyta, gdy z niej skorzystasz, a wszystkie wydane Kości Ryzyka odzyskujesz, gdy zakończysz Krótki lub długi odpoczynek.\n\nW miarę zdobywania poziomów zwiększa się zarówno liczba kości, jak i ich rozmiar. Od poziomu 2 do poziomu 5 masz cztery kości k8. Od poziomu 6 do poziomu 9 masz pięć kości k8. Od poziomu 10 do poziomu 12 masz pięć kości k10.
hc954e882g16cegbaa5geb0bgf93add6a9f64	MORFOLOGIK_RULE_PL_PL	Prawdopodobna literówka	k8	Wykryto prawdopodobny błąd pisowni	km, kg, ks, ku, KC, kW, KP, KK	Kości Ryzyka zaczynają się od czterech kości k8. Kość Ryzyka zostaje zużyta, gdy z niej skorzystasz, a wszystkie wydane Kości Ryzyka odzyskujesz, gdy zakończysz Krótki lub długi odpoczynek.\n\nW miarę zdobywania poziomów zwiększa się zarówno liczba kości, jak i ich rozmiar. Od poziomu 2 do poziomu 5 masz cztery kości k8. Od poziomu 6 do poziomu 9 masz pięć kości k8. Od poziomu 10 do poziomu 12 masz pięć kości k10.
hc954e882g16cegbaa5geb0bgf93add6a9f64	MORFOLOGIK_RULE_PL_PL	Prawdopodobna literówka	k10	Wykryto prawdopodobny błąd pisowni	KRO, KKO	Kości Ryzyka zaczynają się od czterech kości k8. Kość Ryzyka zostaje zużyta, gdy z niej skorzystasz, a wszystkie wydane Kości Ryzyka odzyskujesz, gdy zakończysz Krótki lub długi odpoczynek.\n\nW miarę zdobywania poziomów zwiększa się zarówno liczba kości, jak i ich rozmiar. Od poziomu 2 do poziomu 5 masz cztery kości k8. Od poziomu 6 do poziomu 9 masz pięć kości k8. Od poziomu 10 do poziomu 12 masz pięć kości k10.
hc87bcd1cg1649gb998g7e26g83dd5ad52f38	MORFOLOGIK_RULE_PL_PL	Prawdopodobna literówka	1k8	Wykryto prawdopodobny błąd pisowni		Gdy zadajesz obrażenia bronią dystansową, która zwykle nie pozwala dodać modyfikatora cechy do rzutu na obrażenia, mimo to go dodajesz. Jeśli już dodajesz ten modyfikator, cel otrzymuje dodatkowe 1k8 obrażeń tego samego typu co broń.
hf88019fag13a2g173ege79egebe738b8ee20	MORFOLOGIK_RULE_PL_PL	Prawdopodobna literówka	k20	Wykryto prawdopodobny błąd pisowni	KRO, K2, KKO	Twoje testy ataku bronią dystansową kończą się trafieniem krytycznym przy wyniku 19 albo 20 na k20.\n\nNa 9. poziomie rewolwerowca ataki bronią dystansową kończą się trafieniem krytycznym przy wyniku 18–20.
h352899a3g7e44g14c0g1466gcef7fe4c478f	MORFOLOGIK_RULE_PL_PL	Prawdopodobna literówka	1k8	Wykryto prawdopodobny błąd pisowni		Kiedy otrzymasz obrażenia od istoty znajdującej się w odległości do 18 m od ciebie, możesz użyć reakcji, aby zadać tej istocie 1k8 obrażeń od dźwięku.
hdf8e40d0g3c82gf0f5gdd0aga190d5e39a3e	MORFOLOGIK_RULE_PL_PL	Prawdopodobna literówka	1k10	Wykryto prawdopodobny błąd pisowni		Kiedy trafisz cel w teście ataku i zadasz mu obrażenia, możesz także zadać temu celowi 1k10 obrażeń od ognia.
h49c049d7g63a5ga36cgc3a4g77287ea4217d	MORFOLOGIK_RULE_PL_PL	Prawdopodobna literówka	1k6	Wykryto prawdopodobny błąd pisowni		Kiedy trafisz cel w teście ataku i zadasz mu obrażenia, możesz także zadać temu celowi 1k6 obrażeń od zimna oraz zmniejszyć jego szybkość o 3 m do początku swojej następnej tury.
h62045b01g1a09g4697g2c04gdffed6c1900a	MORFOLOGIK_RULE_PL_PL	Prawdopodobna literówka	1k12	Wykryto prawdopodobny błąd pisowni		Gdy otrzymujesz obrażenia, możesz w ramach reakcji rzucić 1k12. Dodaj do wyniku swój modyfikator Kondycji i zmniejsz otrzymane obrażenia o uzyskaną sumę.
h29815b88g3422g56c3g5aa5gb7806dbe47bc	MORFOLOGIK_RULE_PL_PL	Prawdopodobna literówka	1k8	Wykryto prawdopodobny błąd pisowni		Kiedy otrzymasz obrażenia od istoty znajdującej się w odległości do 18 m od ciebie, możesz użyć reakcji, aby zadać tej istocie 1k8 obrażeń od dźwięku.
h133443e3g83d1g23b9gaa79g6afa4fd2cc92	MORFOLOGIK_RULE_PL_PL	Prawdopodobna literówka	Ślepowidzenie	Wykryto prawdopodobny błąd pisowni	Ślepo widzenie, Ślepowidze nie	Możesz wydać jedną kość ryzyka, aby zyskać Ślepowidzenie o zasięgu 9 m do końca bieżącej tury.
h3f23c59cg5062g7897g047dg8aa2c35442a2	MORFOLOGIK_RULE_PL_PL	Prawdopodobna literówka	Ślepowidzenie	Wykryto prawdopodobny błąd pisowni	Ślepo widzenie, Ślepowidze nie	Możesz wykonać akcję dodatkową i wydać jedną kość ryzyka, aby zyskać Ślepowidzenie o zasięgu 9 m do końca bieżącej tury.
hb4e272e9gcca8g7303g07c8g417f217bf042	MORFOLOGIK_RULE_PL_PL	Prawdopodobna literówka	k6	Wykryto prawdopodobny błąd pisowni	km, kg, ks, ku, KC, kW, KP, KK	Możesz skorzystać z manewrów Duch indywidualisty i O włos bez wydawania kości ryzyka. Kiedy to zrobisz, rzuć k6 zamiast kości ryzyka.
h86505f38g7a8bgd372ge5ebg631424f992ff	MORFOLOGIK_RULE_PL_PL	Prawdopodobna literówka	k20	Wykryto prawdopodobny błąd pisowni	KRO, K2, KKO	Wydając kość ryzyka, rzucasz k20. Jeśli wynik wynosi 10 lub więcej, obrażenia następnego ataku bronią dystansową zostają podwojone. Jeśli wynik jest niższy niż 10, obrażenia zadawane przez twoją broń dystansową w tej turze są zmniejszone o połowę.
h463652f9g2026g8164g2cf3g5dcaab1b644f	MORFOLOGIK_RULE_PL_PL	Prawdopodobna literówka	k20	Wykryto prawdopodobny błąd pisowni	KRO, K2, KKO	Wydając kość ryzyka, rzucasz k20. Jeśli wynik wynosi 10 lub więcej, obrażenia następnego ataku bronią dystansową zostają podwojone. Jeśli wynik jest niższy niż 10, obrażenia zadawane przez twoją broń dystansową w tej turze są zmniejszone o połowę.
h82f57f8fg4253ga79egce21gde7d5fe72f73	SKROTY_Z_KROPKA	Błędy ortograficzne	ST	"Ten skrót piszemy z kropką: ""ST."""	ST.	W ramach akcji wydychasz strumień potężnej energii. Każda istota w stożku o długości 4,5 m wykonuje rzut obronny na Zręczność przeciwko ST rzutu obronnego przeciwko twoim czarom. Przy niepowodzeniu otrzymuje obrażenia od ognia, a przy powodzeniu połowę tej wartości.
h6d46b975ga195gac49gab4cg2ff48ea0ff54	MORFOLOGIK_RULE_PL_PL	Prawdopodobna literówka	3k6	Wykryto prawdopodobny błąd pisowni		Twoja broń oddechowa poprawia się na pewnych poziomach. Na 6. poziomie twoja broń oddechowa zadaje 3k6 obrażeń. Na 10. poziomie zadaje 4k6 obrażeń.
h6d46b975ga195gac49gab4cg2ff48ea0ff54	MORFOLOGIK_RULE_PL_PL	Prawdopodobna literówka	4k6	Wykryto prawdopodobny błąd pisowni	4K	Twoja broń oddechowa poprawia się na pewnych poziomach. Na 6. poziomie twoja broń oddechowa zadaje 3k6 obrażeń. Na 10. poziomie zadaje 4k6 obrażeń.
h4dcc12fag7d0cgb63ag23cfg441ee129b6df	ROWNIE_JAK	Błędy interpunkcyjne	 jak	"Prawdopodobny brak przecinka w ramach porównania. Powinno być: "", jak""."	, jak	Krąg Smoków to stary zakon druidów przesiąknięty sztywną tradycją. Ci związani honorem strażnicy natury i smoczego dziedzictwa są członkami tajnego stowarzyszenia, które miało wpływ na zarządzanie, wojny i kulturę na całym świecie. Wysoko postawieni członkowie tego Kręgu są powiązani z królewskimi rodami sięgającymi pokoleń wstecz, co jest subtelnie ukazane w herbach i insygniach rodziny królewskiej.\n\nDruidzi z tego Kręgu wiedzą, że smoki i smocza magia są tak samo połączone ze światem jak rośliny czy zwierzęta, i wykorzystują to połączenie, aby przekształcić się w wyjątkową i potężną smoczą formę.
ha2bb03e3g700ag8cdagaff7gd4fdd097b625	MORFOLOGIK_RULE_PL_PL	Prawdopodobna literówka	1k8	Wykryto prawdopodobny błąd pisowni		Uczysz się odpierać ciosy skierowane w ciebie, twojego wierzchowca i inne pobliskie istoty. Gdy ty albo widoczna istota w promieniu 1,5 m od ciebie zostaje trafiona atakiem, a ty trzymasz broń do walki wręcz lub tarczę, możesz w ramach reakcji rzucić 1k8. Dodaj wynik do KP celu przeciwko temu atakowi, co może zmienić trafienie w chybienie.
he7d011e0gaae4g9343gae55g467fb0606a35	MORFOLOGIK_RULE_PL_PL	Prawdopodobna literówka	1k8	Wykryto prawdopodobny błąd pisowni		Uczysz się odpierać ciosy skierowane w ciebie, twojego wierzchowca i inne pobliskie istoty. Gdy ty albo widoczna istota w promieniu 1,5 m od ciebie zostaje trafiona atakiem, a ty trzymasz broń do walki wręcz lub tarczę, możesz w ramach reakcji rzucić 1k8. Dodaj wynik do KP celu przeciwko temu atakowi, co może zmienić trafienie w chybienie.
hea7ba403g54b1gb4c6g477cg081231fd6e91	SKROTY_Z_KROPKA	Błędy ortograficzne	ST	"Ten skrót piszemy z kropką: ""ST."""	ST.	Możesz używać magicznych run, aby ulepszyć swój sprzęt. Na 3. poziomie poznajesz runy Chmura, Ogień, Mróz i Kamień. Na 7. poziomie poznajesz runy Wzgórze i Burza.\n\nMożesz użyć swoich run kilka razy, w zależności od poziomu Wojownika: 3 użycia na 3. poziomie, 4 użycia na 7. poziomie i 5 użyć na 10. poziomie. Odzyskujesz wszystkie użycia, gdy kończysz krótki odpoczynek.\n\nJeśli runa wymaga rzutu obronnego, jej ST rzutu obronnego wynosi 8 + twoja premia z biegłości + twój modyfikator Kondycji.
hffd4abcage782g546dgaeacgc8fe055bd42e	MORFOLOGIK_RULE_PL_PL	Prawdopodobna literówka	1k6	Wykryto prawdopodobny błąd pisowni		W ramach akcji dodatkowej zyskujesz na 1 minutę moc olbrzyma. Twój rozmiar zmienia się na Duży, masz ułatwienie w testach Siły i rzutach obronnych na Siłę, a twoje ataki bronią i ataki bez broni przy trafieniu zadają dodatkowe 1k6 obrażeń.
h9f5052c1ga6c8ga38cg6399gbc4405cf0442	MORFOLOGIK_RULE_PL_PL	Prawdopodobna literówka	k20	Wykryto prawdopodobny błąd pisowni	KRO, K2, KKO	Uczysz się przywoływać magię runiczną, aby chronić sojuszników. Gdy inna widoczna istota w promieniu 18 m od ciebie zostaje trafiona testem ataku, możesz w ramach reakcji zmusić napastnika do ponownego rzutu k20 i użycia nowego wyniku.
hdbd971c9g92f8ga84bg8f1eg267b38cd8ffc	MORFOLOGIK_RULE_PL_PL	Prawdopodobna literówka	1k8	Wykryto prawdopodobny błąd pisowni		Dodatkowe obrażenia zadawane przez Potęgę Olbrzyma wzrastają do 1k8.
h80302dc6gefa4ga829g206ag2011c0e0baca	MORFOLOGIK_RULE_PL_PL	Prawdopodobna literówka	2k6	Wykryto prawdopodobny błąd pisowni		Gdy trafiasz istotę atakiem bronią, możesz aktywować runę i przywołać płonące kajdany. Cel otrzymuje dodatkowe 2k6 obrażeń od ognia oraz stan Unieruchomienia na 1 minutę. Dopóki jest Unieruchomiony kajdanami, na początku każdej swojej tury otrzymuje 2k6 obrażeń od ognia. Na koniec każdej swojej tury cel powtarza rzut obronny, rozpraszając kajdany przy powodzeniu.
h80302dc6gefa4ga829g206ag2011c0e0baca	MORFOLOGIK_RULE_PL_PL	Prawdopodobna literówka	2k6	Wykryto prawdopodobny błąd pisowni		Gdy trafiasz istotę atakiem bronią, możesz aktywować runę i przywołać płonące kajdany. Cel otrzymuje dodatkowe 2k6 obrażeń od ognia oraz stan Unieruchomienia na 1 minutę. Dopóki jest Unieruchomiony kajdanami, na początku każdej swojej tury otrzymuje 2k6 obrażeń od ognia. Na koniec każdej swojej tury cel powtarza rzut obronny, rozpraszając kajdany przy powodzeniu.
h0738e060g6dbdgd884ga7eag9103f532652e	MORFOLOGIK_RULE_PL_PL	Prawdopodobna literówka	2k6	Wykryto prawdopodobny błąd pisowni		Dopóki cel jest Unieruchomiony kajdanami, na początku każdej swojej tury otrzymuje 2k6 obrażeń od ognia. Na koniec każdej swojej tury powtarza rzut obronny, rozpraszając kajdany przy powodzeniu.
hc87e44d6gbe9cg19ceg0681g7bf7a87f2bd0	MORFOLOGIK_RULE_PL_PL	Prawdopodobna literówka	k20	Wykryto prawdopodobny błąd pisowni	KRO, K2, KKO	Uczysz się przywoływać magię runiczną, aby chronić sojuszników. Gdy inna widoczna istota w promieniu 18 m od ciebie zostaje trafiona testem ataku, możesz w ramach reakcji zmusić napastnika do ponownego rzutu k20 i użycia nowego wyniku.
h6827c922gd910gca98gee99gdbd9b0f178b1	MORFOLOGIK_RULE_PL_PL	Prawdopodobna literówka	rothé	Wykryto prawdopodobny błąd pisowni	Roth, Rohe, Rotha, rotę, Rothem, Gothę, Roche, Rothy	"Przybierz postać głębokiego rothé. W tej postaci możesz rzucać <LSTag Type=""Spell"" Tooltip=""Target_DancingLights"">Tańczące światła</LSTag> i atakować wrogów <LSTag Type=""Spell"" Tooltip=""Rush_Rush_DeepRothe"">Szarżą</LSTag>."
ha7014351gc454g307agb356g37500f5752d7	MORFOLOGIK_RULE_PL_PL	Prawdopodobna literówka	Przeciwmag	Wykryto prawdopodobny błąd pisowni	Przeciwwag, Przeciw mag	Poziom 10: Przeciwmag
h4b3edb5dg700eg11d2gb46eg867808ec1738	MORFOLOGIK_RULE_PL_PL	Prawdopodobna literówka	1k6	Wykryto prawdopodobny błąd pisowni		"Doświadczenie w zwalczaniu użytkowników magii zapewnia ci następujące korzyści.\n\nPrzerwanie koncentracji. Każdy celny atak dystansowy, który wykonasz, rozprasza magię ochronną działającą na cel i przerywa jego koncentrację.\n\nStrzał antymagiczny. Gdy uzyskasz trafienie krytyczne przeciwko celowi objętemu efektem <LSTag Type=""Status"" Tooltip=""GUT_SHOT"">Strzału w brzuch</LSTag>, ograniczasz również jego zdolność do posługiwania się magią. Dopóki pocisk tkwi w celu, nie może on rzucać czarów ani wykonywać akcji Magii.\n\nObycie z magią. Gdy nie powiedzie ci się rzut obronny przeciwko czarowi lub efektowi magicznemu, możesz w ramach reakcji rzucić 1k6 i dodać wynik do rzutu, co może zmienić niepowodzenie w powodzenie."
hd771ba94g1544ge8bage691g562f72e6c038	MORFOLOGIK_RULE_PL_PL	Prawdopodobna literówka	1k6	Wykryto prawdopodobny błąd pisowni		Kiedy nie powiedzie się rzut obronny na czar lub efekt magiczny, możesz wykonać reakcję, aby rzucić 1k6 i dodać go do rzutu, potencjalnie zamieniając porażkę w sukces.
h3ce77d91geeefg513cga446gb56d92a559cd	W_LINIE	Prawdopodobne literówki	w linię	"Prawdopodobna literówka. Czy chodziło o ""w linie"" (np. zeszyt w linie)?"	w linie	Gdy twój atak trafia albo chybia cel, broń lub amunicja przemienia się w linię magicznej energii o szerokości 1,5 m, sięgającą na zwykły zasięg broni. Linia obejmuje pierwotny cel ataku. Każda istota w linii wykonuje rzut obronny na Zręczność. Przy niepowodzeniu otrzymuje obrażenia od mocy równe zwykłym obrażeniom broni, a przy powodzeniu — połowę tych obrażeń.
hd43fb4c9g35d7g9ab6g9cc2g37fbd18e9590	SKROTY_Z_KROPKA	Błędy ortograficzne	ST	"Ten skrót piszemy z kropką: ""ST."""	ST.	Gdy uzyskasz trafienie krytyczne przeciwko istocie, możesz wezwać ją do poddania się. Cel musi wykonać rzut obronny na Mądrość przeciwko ST obrony przed twoimi manewrami; w razie niepowodzenia otrzymuje stan Przerażenia na 1 minutę. Na koniec każdej swojej tury może powtórzyć rzut obronny; powodzenie kończy ten stan.
h99d927b5gafddg8654g1453g82bbe0c6e89f	MORFOLOGIK_RULE_PL_PL	Prawdopodobna literówka	Illrigger	Wykryto prawdopodobny błąd pisowni		Illrigger
hd9f88f32g2a3eg5ee1gdb45g1b062c876f03	MORFOLOGIK_RULE_PL_PL	Prawdopodobna literówka	illriggerzy	Wykryto prawdopodobny błąd pisowni		Arcydiabły władające Siedmioma Miastami Piekła spiskują bez wytchnienia. Każdy z nich wiecznie knuje, jak podporządkować sobie pozostałych, zasiąść na Tronie Piekła, zjednoczyć Siedem Miast i wszystkie zamieszkujące je istoty piekielne oraz poprowadzić niewyczerpaną armię diabłów przez czasoprzestrzeń, aż spłoną wszystkie światy.\n\nIch elitarnymi agentami są illriggerzy. Ci piekielni rycerze, skrytobójcy, magowie i komandosi terroru panują nad polem bitwy, rozbijają ugrupowania wroga i realizują piekielne zamysły swego arcydiabła.
hd9f88f32g2a3eg5ee1gdb45g1b062c876f03	ADJ_SUBST_ADJ_UNIFY	Błędy składniowe	piekielne zamysły swego	Przypuszczalnie brak zgodności form przypadków przymiotników i rzeczownika: piekielne zamysły swego.		Arcydiabły władające Siedmioma Miastami Piekła spiskują bez wytchnienia. Każdy z nich wiecznie knuje, jak podporządkować sobie pozostałych, zasiąść na Tronie Piekła, zjednoczyć Siedem Miast i wszystkie zamieszkujące je istoty piekielne oraz poprowadzić niewyczerpaną armię diabłów przez czasoprzestrzeń, aż spłoną wszystkie światy.\n\nIch elitarnymi agentami są illriggerzy. Ci piekielni rycerze, skrytobójcy, magowie i komandosi terroru panują nad polem bitwy, rozbijają ugrupowania wroga i realizują piekielne zamysły swego arcydiabła.
h09168b32g9fe8gac39gedf6g93f7c55f5e17	MORFOLOGIK_RULE_PL_PL	Prawdopodobna literówka	Illriggera	Wykryto prawdopodobny błąd pisowni		Umieść jedną pieczęć Illriggera na celu.
hc00e6ea9gfd5egcff2g4900g073fd4c5bd3f	MORFOLOGIK_RULE_PL_PL	Prawdopodobna literówka	1k6	Wykryto prawdopodobny błąd pisowni		Spalasz wszystkie pieczęcie nałożone przez ciebie na istotę. Za każdą spaloną pieczęć zadajesz jej 1k6 obrażeń od ognia albo obrażeń nekrotycznych (wedle twojego wyboru). Spalona pieczęć natychmiast znika.\n\nPo osiągnięciu 5. poziomu tej klasy twoja więź z arcydiabłem się wzmacnia. Każda spalona pieczęć zadaje dodatkowe 1k6 obrażeń, łącznie 2k6 za pieczęć. Po osiągnięciu 10. poziomu obrażenia każdej pieczęci wzrastają o kolejne 1k6, łącznie do 3k6 za pieczęć.
hc00e6ea9gfd5egcff2g4900g073fd4c5bd3f	MORFOLOGIK_RULE_PL_PL	Prawdopodobna literówka	1k6	Wykryto prawdopodobny błąd pisowni		Spalasz wszystkie pieczęcie nałożone przez ciebie na istotę. Za każdą spaloną pieczęć zadajesz jej 1k6 obrażeń od ognia albo obrażeń nekrotycznych (wedle twojego wyboru). Spalona pieczęć natychmiast znika.\n\nPo osiągnięciu 5. poziomu tej klasy twoja więź z arcydiabłem się wzmacnia. Każda spalona pieczęć zadaje dodatkowe 1k6 obrażeń, łącznie 2k6 za pieczęć. Po osiągnięciu 10. poziomu obrażenia każdej pieczęci wzrastają o kolejne 1k6, łącznie do 3k6 za pieczęć.
hc00e6ea9gfd5egcff2g4900g073fd4c5bd3f	MORFOLOGIK_RULE_PL_PL	Prawdopodobna literówka	2k6	Wykryto prawdopodobny błąd pisowni		Spalasz wszystkie pieczęcie nałożone przez ciebie na istotę. Za każdą spaloną pieczęć zadajesz jej 1k6 obrażeń od ognia albo obrażeń nekrotycznych (wedle twojego wyboru). Spalona pieczęć natychmiast znika.\n\nPo osiągnięciu 5. poziomu tej klasy twoja więź z arcydiabłem się wzmacnia. Każda spalona pieczęć zadaje dodatkowe 1k6 obrażeń, łącznie 2k6 za pieczęć. Po osiągnięciu 10. poziomu obrażenia każdej pieczęci wzrastają o kolejne 1k6, łącznie do 3k6 za pieczęć.
hc00e6ea9gfd5egcff2g4900g073fd4c5bd3f	MORFOLOGIK_RULE_PL_PL	Prawdopodobna literówka	1k6	Wykryto prawdopodobny błąd pisowni		Spalasz wszystkie pieczęcie nałożone przez ciebie na istotę. Za każdą spaloną pieczęć zadajesz jej 1k6 obrażeń od ognia albo obrażeń nekrotycznych (wedle twojego wyboru). Spalona pieczęć natychmiast znika.\n\nPo osiągnięciu 5. poziomu tej klasy twoja więź z arcydiabłem się wzmacnia. Każda spalona pieczęć zadaje dodatkowe 1k6 obrażeń, łącznie 2k6 za pieczęć. Po osiągnięciu 10. poziomu obrażenia każdej pieczęci wzrastają o kolejne 1k6, łącznie do 3k6 za pieczęć.
hc00e6ea9gfd5egcff2g4900g073fd4c5bd3f	MORFOLOGIK_RULE_PL_PL	Prawdopodobna literówka	3k6	Wykryto prawdopodobny błąd pisowni		Spalasz wszystkie pieczęcie nałożone przez ciebie na istotę. Za każdą spaloną pieczęć zadajesz jej 1k6 obrażeń od ognia albo obrażeń nekrotycznych (wedle twojego wyboru). Spalona pieczęć natychmiast znika.\n\nPo osiągnięciu 5. poziomu tej klasy twoja więź z arcydiabłem się wzmacnia. Każda spalona pieczęć zadaje dodatkowe 1k6 obrażeń, łącznie 2k6 za pieczęć. Po osiągnięciu 10. poziomu obrażenia każdej pieczęci wzrastają o kolejne 1k6, łącznie do 3k6 za pieczęć.
h5f2491abg74f5g071bgce31ge29ac76995fd	MORFOLOGIK_RULE_PL_PL	Prawdopodobna literówka	illriggerów	Wykryto prawdopodobny błąd pisowni		Twój arcydiabeł zapewnia ci niesamowite umiejętności w określonej formie walki. Wybierz jedno z następujących specjalizacji bojowych illriggerów:
hddb45062ge037g28d1g354fgec018a665978	MORFOLOGIK_RULE_PL_PL	Prawdopodobna literówka	1k10	Wykryto prawdopodobny błąd pisowni		Kiedy istota, która widzisz, zada obrażenia tobie lub sojusznikowi w promieniu 9 m od ciebie, możesz w reakcji wydać pieczęć, aby zmniejszyć obrażenia otrzymywane przez cel o kwotę równą 1k10 + połowa twojego poziomu illriggera (zaokrąglona w dół).
hddb45062ge037g28d1g354fgec018a665978	MORFOLOGIK_RULE_PL_PL	Prawdopodobna literówka	illriggera	Wykryto prawdopodobny błąd pisowni		Kiedy istota, która widzisz, zada obrażenia tobie lub sojusznikowi w promieniu 9 m od ciebie, możesz w reakcji wydać pieczęć, aby zmniejszyć obrażenia otrzymywane przez cel o kwotę równą 1k10 + połowa twojego poziomu illriggera (zaokrąglona w dół).
hcdb79176g44f6gae88g5df2g09e6221e8525	MORFOLOGIK_RULE_PL_PL	Prawdopodobna literówka	illriggera	Wykryto prawdopodobny błąd pisowni		Kiedy spalisz pieczęć na przeklętej istocie, możesz aktywować tę łaskę (nie jest wymagana żadna akcja), aby zyskać tymczasowe punkty wytrzymałości równe twojemu poziomowi illriggera.
h16cf04ffg2962g897ag364fgea809b7c8c16	MORFOLOGIK_RULE_PL_PL	Prawdopodobna literówka	Styksa	Wykryto prawdopodobny błąd pisowni	Styka, Styks, Styksu, Styką, Stykną, Styksy, Szyksa, Szyksą	Poziom 2: Apatia Styksa
hfa888bb3gb8a0ge2a8g81c2g00ae8844f692	MORFOLOGIK_RULE_PL_PL	Prawdopodobna literówka	Acherona	Wykryto prawdopodobny błąd pisowni	Acheron, Acheront, Acheronu, Achesona, Acher ona, Acheron a	Poziom 7: Łańcuch Acherona
h8993f01fgfd8fg8b11g17cdg458c682aad00	MORFOLOGIK_RULE_PL_PL	Prawdopodobna literówka	illriggera	Wykryto prawdopodobny błąd pisowni		Wymaga co najmniej 7. poziomu illriggera.\n\nGdy w ramach akcji dodatkowej umieszczasz albo przenosisz pieczęć na istotę o rozmiarze dużym lub mniejszym, możesz aktywować tę łaskę (bez użycia akcji). Przywołujesz piekielne łańcuchy, które chwytają cel i zmuszają go do wykonania rzutu obronnego na Siłę. Przy niepowodzeniu możesz przyciągnąć cel do 3 m w swoją stronę albo nadać mu stan Pochwycenia do końca swojej następnej tury.
h283a80a7gdc57ge48fg2323g0a19321fd070	MORFOLOGIK_RULE_PL_PL	Prawdopodobna literówka	Illriggera	Wykryto prawdopodobny błąd pisowni		Wymaga poziomu Illriggera 7 lub wyższego.\n\nMożesz wydać pieczęć jako akcję dodatkową, aby teleportować się na odległość do 9 m do niezajętego miejsca, które widzisz.
ha9df2c62g25e2g2614g66dagfe3cb0e26aa5	MORFOLOGIK_RULE_PL_PL	Prawdopodobna literówka	Illriggera	Wykryto prawdopodobny błąd pisowni		Wymaga poziomu Illriggera 7 lub wyższego.\n\nMożesz wydać pieczęć jako akcję dodatkową, aby owinąć płaszcz półstałych cieni wokół siebie lub dotkniętej istoty. Cel zyskuje premię +2 do KP na 1 minutę.
h6c2e1510g127eg4a2eg3cbfg9e940ea8f6e8	MORFOLOGIK_RULE_PL_PL	Prawdopodobna literówka	illriggera	Wykryto prawdopodobny błąd pisowni		Wymaga co najmniej 7. poziomu illriggera.\n\nGdy spalasz co najmniej jedną pieczęć na objętej interdyktem istocie, możesz w ramach reakcji wywołać wokół niej wybuch piekielnej energii. Każda wybrana przez ciebie istota w promieniu 3 m od celu wykonuje rzut obronny na Zręczność. Przy niepowodzeniu otrzymuje tyle samo obrażeń tego samego typu, ile pieczęcie zadały objętej interdyktem istocie, a przy powodzeniu — połowę tych obrażeń.
h4455cd21gb4e4ga171g4a01gfd22b925fb9b	MORFOLOGIK_RULE_PL_PL	Prawdopodobna literówka	Illriggera	Wykryto prawdopodobny błąd pisowni		Wymaga poziomu Illriggera 7 lub wyższego.\n\nKiedy istota wykona atak dystansowy przeciwko tobie lub sojusznikowi, którego widzisz w promieniu 9 m od ciebie, możesz wydać pieczęć w reakcji, aby wykonać atak bronią dystansową przeciwko atakującemu. Jeśli twój atak trafi, zadaje dodatkowe obrażenia równe połowie twojego poziomu illriggera (zaokrąglone w dół).
h4455cd21gb4e4ga171g4a01gfd22b925fb9b	MORFOLOGIK_RULE_PL_PL	Prawdopodobna literówka	illriggera	Wykryto prawdopodobny błąd pisowni		Wymaga poziomu Illriggera 7 lub wyższego.\n\nKiedy istota wykona atak dystansowy przeciwko tobie lub sojusznikowi, którego widzisz w promieniu 9 m od ciebie, możesz wydać pieczęć w reakcji, aby wykonać atak bronią dystansową przeciwko atakującemu. Jeśli twój atak trafi, zadaje dodatkowe obrażenia równe połowie twojego poziomu illriggera (zaokrąglone w dół).
h0f8708dbgeff3g4172g8db1g4d944084b8c1	MORFOLOGIK_RULE_PL_PL	Prawdopodobna literówka	1k10	Wykryto prawdopodobny błąd pisowni		Kiedy istota, która widzisz, zada obrażenia tobie lub sojusznikowi w promieniu 9 m od ciebie, możesz w reakcji wydać pieczęć, aby zmniejszyć obrażenia otrzymywane przez cel o kwotę równą 1k10 + połowa twojego poziomu illriggera (zaokrąglona w dół).
h0f8708dbgeff3g4172g8db1g4d944084b8c1	MORFOLOGIK_RULE_PL_PL	Prawdopodobna literówka	illriggera	Wykryto prawdopodobny błąd pisowni		Kiedy istota, która widzisz, zada obrażenia tobie lub sojusznikowi w promieniu 9 m od ciebie, możesz w reakcji wydać pieczęć, aby zmniejszyć obrażenia otrzymywane przez cel o kwotę równą 1k10 + połowa twojego poziomu illriggera (zaokrąglona w dół).
hc323cc9cg84e2g474bg5925g8922b79a3ba5	MORFOLOGIK_RULE_PL_PL	Prawdopodobna literówka	Illriggera	Wykryto prawdopodobny błąd pisowni		Cel musi odjąć liczbę równą premii z biegłości Illriggera od wyniku wykonanego rzutu obronnego przed końcem swojej następnej tury.
h8cd365c4g7106g7c48g3af0gaa9b0e85108b	MORFOLOGIK_RULE_PL_PL	Prawdopodobna literówka	illriggera	Wykryto prawdopodobny błąd pisowni		Zyskaj tymczasowe punkty wytrzymałości równe twojemu poziomowi illriggera.
h83e42a83g88c6gd1e9g8c16gbff3333ac045	MORFOLOGIK_RULE_PL_PL	Prawdopodobna literówka	Styksa	Wykryto prawdopodobny błąd pisowni	Styka, Styks, Styksu, Styką, Stykną, Styksy, Szyksa, Szyksą	Apatia Styksa
h7e6eebc1g195fg638eg046cg1602e8341a8b	MORFOLOGIK_RULE_PL_PL	Prawdopodobna literówka	Acherona	Wykryto prawdopodobny błąd pisowni	Acheron, Acheront, Acheronu, Achesona, Acher ona, Acheron a	Łańcuch Acherona
hc952c432g8c2cgbbacg18f8gfc587dff1d4d	MORFOLOGIK_RULE_PL_PL	Prawdopodobna literówka	illriggera	Wykryto prawdopodobny błąd pisowni		Kiedy istota wykona atak dystansowy przeciwko tobie lub sojusznikowi, którego widzisz w promieniu 9 m od ciebie, możesz wydać pieczęć w reakcji, aby wykonać atak bronią dystansową przeciwko atakującemu. Jeśli twój atak trafi, zadaje dodatkowe obrażenia równe połowie twojego poziomu illriggera (zaokrąglone w dół).
he346a671g0b23g7417g4182g5a8d53b45077	MORFOLOGIK_RULE_PL_PL	Prawdopodobna literówka	Illriggera	Wykryto prawdopodobny błąd pisowni		Możesz nasycić swoje pieczęcie piekielną magiczną mocą, wzmacniając ich działanie.\n\nNiektóre dobrodziejstwa wymagają minimalnego poziomu Illriggera. Kiedy osiągniesz poziom 7, zyskasz jedno dodatkowe dobrodziejstwo.
h8a78754bge4a1gbe50g8f26g0bd670acd7cc	MORFOLOGIK_RULE_PL_PL	Prawdopodobna literówka	k8	Wykryto prawdopodobny błąd pisowni	km, kg, ks, ku, KC, kW, KP, KK	Cena krwi: k8
h357af6fegcc60g52adgea2agd98b8ed57793	MORFOLOGIK_RULE_PL_PL	Prawdopodobna literówka	k6	Wykryto prawdopodobny błąd pisowni	km, kg, ks, ku, KC, kW, KP, KK	Cena krwi: k6
h89f9d62cgd6f0g46b6g9bdbgeb45a121b113	MORFOLOGIK_RULE_PL_PL	Prawdopodobna literówka	k10	Wykryto prawdopodobny błąd pisowni	KRO, KKO	Cena krwi: k10
h018dfa63g9034g560eg6daegcc0414738e0e	MORFOLOGIK_RULE_PL_PL	Prawdopodobna literówka	k12	Wykryto prawdopodobny błąd pisowni	K2, B12, km2	Cena krwi: k12
h4c1c236cg2298g059bgbffbg251a8f869bb7	MORFOLOGIK_RULE_PL_PL	Prawdopodobna literówka	1k8	Wykryto prawdopodobny błąd pisowni		Twoje ataki są wzmocnione niszczycielską mocą. Kiedy trafisz atakiem bronią, zadajesz dodatkowe 1k8 obrażeń wybranego typu.
hc31d5eb8g73cdgf87bg7969geb0fc56b1687	MORFOLOGIK_RULE_PL_PL	Prawdopodobna literówka	Sutekhowi	Wykryto prawdopodobny błąd pisowni		Wstępując do Zakonu Spustoszenia, Rycerze Krwi składają przysięgę Sutekhowi. Jej przykazania zobowiązują ich do władania bezbożną magią krwi, wymuszania posłuszeństwa i siania grozy.\n\nIch siła jest ich słabością. Biorę na cel najpotężniejszych spośród moich wrogów, ponieważ ich żywotność zapewni mi zwycięstwo.\n\nGrzech wymaga cierpienia. Sprzeciw wobec mnie jest herezją. Zanim moi wrogowie zaznają porażki, muszą zapłacić cierpieniem za swoją niewiarę.\n\nWierność zostaje nagrodzona. Moje dary sprawiają, że sojusznicy polegają na mnie — i na rozlewie krwi, który mnie wzmacnia.\n\nMiłosierdzie jest potęgą. Niosąc pomoc sojusznikom, dowodzę ogromu swojej mocy. Ilekroć przywracam życie, przypominam im, jak łatwo mogę je odebrać.
hc31d5eb8g73cdgf87bg7969geb0fc56b1687	SUBST_ADJ_UNIFY	Błędy składniowe	cel najpotężniejszych	Przypuszczalnie brak zgodności form przypadków rzeczownika i przymiotnika: cel najpotężniejszych.		Wstępując do Zakonu Spustoszenia, Rycerze Krwi składają przysięgę Sutekhowi. Jej przykazania zobowiązują ich do władania bezbożną magią krwi, wymuszania posłuszeństwa i siania grozy.\n\nIch siła jest ich słabością. Biorę na cel najpotężniejszych spośród moich wrogów, ponieważ ich żywotność zapewni mi zwycięstwo.\n\nGrzech wymaga cierpienia. Sprzeciw wobec mnie jest herezją. Zanim moi wrogowie zaznają porażki, muszą zapłacić cierpieniem za swoją niewiarę.\n\nWierność zostaje nagrodzona. Moje dary sprawiają, że sojusznicy polegają na mnie — i na rozlewie krwi, który mnie wzmacnia.\n\nMiłosierdzie jest potęgą. Niosąc pomoc sojusznikom, dowodzę ogromu swojej mocy. Ilekroć przywracam życie, przypominam im, jak łatwo mogę je odebrać.
hf1c1d608gab6fgea97g5ce7g12f4e4ddb16c	MORFOLOGIK_RULE_PL_PL	Prawdopodobna literówka	Sutekha	Wykryto prawdopodobny błąd pisowni	Sutek ha	Poziom 3: Błogosławieństwo Sutekha
h16ca83e4gd87cge240g4682g2480a4a6ba19	MORFOLOGIK_RULE_PL_PL	Prawdopodobna literówka	Sutekh	Wykryto prawdopodobny błąd pisowni	Sytek, Sutek, Sute kh	"Kiedy Sutekh zaakceptuje cię jako swojego oszusta, umożliwi ci dostęp do swego świętokradzkiego rozkazu krwi i życia. Zyskujesz biegłość w umiejętności <LSTag Type=""Skills"" Tooltip=""Religion"">Religia</LSTag>."
h1e93a04fgfcb3ge71cg8edcg9d735d49cff7	MORFOLOGIK_RULE_PL_PL	Prawdopodobna literówka	illriggera	Wykryto prawdopodobny błąd pisowni		W ramach akcji dodatkowej przywracasz całkowitą liczbę punktów wytrzymałości równą pięciokrotności twojego poziomu illriggera, podzieloną według własnego uznania pomiędzy siebie i inne istoty w promieniu 9 m od ciebie.
hf94f341dged44gb9bcged64g8666ae8b410e	MORFOLOGIK_RULE_PL_PL	Prawdopodobna literówka	illriggera	Wykryto prawdopodobny błąd pisowni		W ramach akcji dodatkowej przywracasz całkowitą liczbę punktów wytrzymałości równą pięciokrotności twojego poziomu illriggera, podzieloną według własnego uznania pomiędzy siebie i inne istoty w promieniu 9 m od ciebie.
h331a5a4cg366cg82a3g63e0g6899f199c8bb	MORFOLOGIK_RULE_PL_PL	Prawdopodobna literówka	illriggera	Wykryto prawdopodobny błąd pisowni		W ramach akcji dodatkowej przywracasz całkowitą liczbę punktów wytrzymałości równą pięciokrotności twojego poziomu illriggera, podzieloną według własnego uznania pomiędzy siebie i inne istoty w promieniu 9 m od ciebie.
h00467a34g3b88g453cg081eg6e394afa8e61	MORFOLOGIK_RULE_PL_PL	Prawdopodobna literówka	Sutekhowi	Wykryto prawdopodobny błąd pisowni		Krwawi rycerze piekła, Rycerze Krwi, służą Sutekhowi, Panu Krwi. Ich czary wysysają siłę życiową wrogów, wlewając tę skradzioną witalność w piekielne rytuały, aby odwrócić losy bitwy.\n\nSutekh rządzi Naraka, Miastem Krwi. Uznawany za największego czarownika w piekle, nosi tytuł Wysokiego Krwawego i rządzi Świątynią Witalności. Jest mistrzem magii krwi, a jego wewnętrzny krąg kapłanów i magów to Krwawe Licze, nieumarli magowie, których cielesne formy zamieniły się w popiół wieki temu i których ciała są wykonane ze stałej krwi.\n\nWszyscy illriggerzy Sutekha należą do kultu znanego jako Kielich Witalności. Rycerze Kielicha piją głęboko esencję swoich wrogów, wysysając ją, aby wzmocnić swoją magię. Inni członkowie Zakonu Profanacji obawiają się, że Rycerze Krwi pragną czegoś więcej niż tylko wstąpienia Sutekha na Tron Piekieł; niektórzy szepczą, że Kielich potajemnie planuje uczynić Sutekha bogiem. Byłoby to oczywiście zdradą stanu.
h00467a34g3b88g453cg081eg6e394afa8e61	MORFOLOGIK_RULE_PL_PL	Prawdopodobna literówka	Sutekh	Wykryto prawdopodobny błąd pisowni	Sytek, Sutek, Sute kh	Krwawi rycerze piekła, Rycerze Krwi, służą Sutekhowi, Panu Krwi. Ich czary wysysają siłę życiową wrogów, wlewając tę skradzioną witalność w piekielne rytuały, aby odwrócić losy bitwy.\n\nSutekh rządzi Naraka, Miastem Krwi. Uznawany za największego czarownika w piekle, nosi tytuł Wysokiego Krwawego i rządzi Świątynią Witalności. Jest mistrzem magii krwi, a jego wewnętrzny krąg kapłanów i magów to Krwawe Licze, nieumarli magowie, których cielesne formy zamieniły się w popiół wieki temu i których ciała są wykonane ze stałej krwi.\n\nWszyscy illriggerzy Sutekha należą do kultu znanego jako Kielich Witalności. Rycerze Kielicha piją głęboko esencję swoich wrogów, wysysając ją, aby wzmocnić swoją magię. Inni członkowie Zakonu Profanacji obawiają się, że Rycerze Krwi pragną czegoś więcej niż tylko wstąpienia Sutekha na Tron Piekieł; niektórzy szepczą, że Kielich potajemnie planuje uczynić Sutekha bogiem. Byłoby to oczywiście zdradą stanu.
h00467a34g3b88g453cg081eg6e394afa8e61	MORFOLOGIK_RULE_PL_PL	Prawdopodobna literówka	Naraka	Wykryto prawdopodobny błąd pisowni	Narada, Naraża, Karaka, Baraka, Karaką, Maraka, Maraką, Nabaka	Krwawi rycerze piekła, Rycerze Krwi, służą Sutekhowi, Panu Krwi. Ich czary wysysają siłę życiową wrogów, wlewając tę skradzioną witalność w piekielne rytuały, aby odwrócić losy bitwy.\n\nSutekh rządzi Naraka, Miastem Krwi. Uznawany za największego czarownika w piekle, nosi tytuł Wysokiego Krwawego i rządzi Świątynią Witalności. Jest mistrzem magii krwi, a jego wewnętrzny krąg kapłanów i magów to Krwawe Licze, nieumarli magowie, których cielesne formy zamieniły się w popiół wieki temu i których ciała są wykonane ze stałej krwi.\n\nWszyscy illriggerzy Sutekha należą do kultu znanego jako Kielich Witalności. Rycerze Kielicha piją głęboko esencję swoich wrogów, wysysając ją, aby wzmocnić swoją magię. Inni członkowie Zakonu Profanacji obawiają się, że Rycerze Krwi pragną czegoś więcej niż tylko wstąpienia Sutekha na Tron Piekieł; niektórzy szepczą, że Kielich potajemnie planuje uczynić Sutekha bogiem. Byłoby to oczywiście zdradą stanu.
h00467a34g3b88g453cg081eg6e394afa8e61	MORFOLOGIK_RULE_PL_PL	Prawdopodobna literówka	Licze	Wykryto prawdopodobny błąd pisowni	Liczę, Lidze, Liczbę, Liczne, Liczy, Liczb, Liczą, Lirze	Krwawi rycerze piekła, Rycerze Krwi, służą Sutekhowi, Panu Krwi. Ich czary wysysają siłę życiową wrogów, wlewając tę skradzioną witalność w piekielne rytuały, aby odwrócić losy bitwy.\n\nSutekh rządzi Naraka, Miastem Krwi. Uznawany za największego czarownika w piekle, nosi tytuł Wysokiego Krwawego i rządzi Świątynią Witalności. Jest mistrzem magii krwi, a jego wewnętrzny krąg kapłanów i magów to Krwawe Licze, nieumarli magowie, których cielesne formy zamieniły się w popiół wieki temu i których ciała są wykonane ze stałej krwi.\n\nWszyscy illriggerzy Sutekha należą do kultu znanego jako Kielich Witalności. Rycerze Kielicha piją głęboko esencję swoich wrogów, wysysając ją, aby wzmocnić swoją magię. Inni członkowie Zakonu Profanacji obawiają się, że Rycerze Krwi pragną czegoś więcej niż tylko wstąpienia Sutekha na Tron Piekieł; niektórzy szepczą, że Kielich potajemnie planuje uczynić Sutekha bogiem. Byłoby to oczywiście zdradą stanu.
h00467a34g3b88g453cg081eg6e394afa8e61	MORFOLOGIK_RULE_PL_PL	Prawdopodobna literówka	illriggerzy	Wykryto prawdopodobny błąd pisowni		Krwawi rycerze piekła, Rycerze Krwi, służą Sutekhowi, Panu Krwi. Ich czary wysysają siłę życiową wrogów, wlewając tę skradzioną witalność w piekielne rytuały, aby odwrócić losy bitwy.\n\nSutekh rządzi Naraka, Miastem Krwi. Uznawany za największego czarownika w piekle, nosi tytuł Wysokiego Krwawego i rządzi Świątynią Witalności. Jest mistrzem magii krwi, a jego wewnętrzny krąg kapłanów i magów to Krwawe Licze, nieumarli magowie, których cielesne formy zamieniły się w popiół wieki temu i których ciała są wykonane ze stałej krwi.\n\nWszyscy illriggerzy Sutekha należą do kultu znanego jako Kielich Witalności. Rycerze Kielicha piją głęboko esencję swoich wrogów, wysysając ją, aby wzmocnić swoją magię. Inni członkowie Zakonu Profanacji obawiają się, że Rycerze Krwi pragną czegoś więcej niż tylko wstąpienia Sutekha na Tron Piekieł; niektórzy szepczą, że Kielich potajemnie planuje uczynić Sutekha bogiem. Byłoby to oczywiście zdradą stanu.
h00467a34g3b88g453cg081eg6e394afa8e61	MORFOLOGIK_RULE_PL_PL	Prawdopodobna literówka	Sutekha	Wykryto prawdopodobny błąd pisowni	Sutek ha	Krwawi rycerze piekła, Rycerze Krwi, służą Sutekhowi, Panu Krwi. Ich czary wysysają siłę życiową wrogów, wlewając tę skradzioną witalność w piekielne rytuały, aby odwrócić losy bitwy.\n\nSutekh rządzi Naraka, Miastem Krwi. Uznawany za największego czarownika w piekle, nosi tytuł Wysokiego Krwawego i rządzi Świątynią Witalności. Jest mistrzem magii krwi, a jego wewnętrzny krąg kapłanów i magów to Krwawe Licze, nieumarli magowie, których cielesne formy zamieniły się w popiół wieki temu i których ciała są wykonane ze stałej krwi.\n\nWszyscy illriggerzy Sutekha należą do kultu znanego jako Kielich Witalności. Rycerze Kielicha piją głęboko esencję swoich wrogów, wysysając ją, aby wzmocnić swoją magię. Inni członkowie Zakonu Profanacji obawiają się, że Rycerze Krwi pragną czegoś więcej niż tylko wstąpienia Sutekha na Tron Piekieł; niektórzy szepczą, że Kielich potajemnie planuje uczynić Sutekha bogiem. Byłoby to oczywiście zdradą stanu.
h00467a34g3b88g453cg081eg6e394afa8e61	MORFOLOGIK_RULE_PL_PL	Prawdopodobna literówka	Sutekha	Wykryto prawdopodobny błąd pisowni	Sutek ha	Krwawi rycerze piekła, Rycerze Krwi, służą Sutekhowi, Panu Krwi. Ich czary wysysają siłę życiową wrogów, wlewając tę skradzioną witalność w piekielne rytuały, aby odwrócić losy bitwy.\n\nSutekh rządzi Naraka, Miastem Krwi. Uznawany za największego czarownika w piekle, nosi tytuł Wysokiego Krwawego i rządzi Świątynią Witalności. Jest mistrzem magii krwi, a jego wewnętrzny krąg kapłanów i magów to Krwawe Licze, nieumarli magowie, których cielesne formy zamieniły się w popiół wieki temu i których ciała są wykonane ze stałej krwi.\n\nWszyscy illriggerzy Sutekha należą do kultu znanego jako Kielich Witalności. Rycerze Kielicha piją głęboko esencję swoich wrogów, wysysając ją, aby wzmocnić swoją magię. Inni członkowie Zakonu Profanacji obawiają się, że Rycerze Krwi pragną czegoś więcej niż tylko wstąpienia Sutekha na Tron Piekieł; niektórzy szepczą, że Kielich potajemnie planuje uczynić Sutekha bogiem. Byłoby to oczywiście zdradą stanu.
h00467a34g3b88g453cg081eg6e394afa8e61	MORFOLOGIK_RULE_PL_PL	Prawdopodobna literówka	Sutekha	Wykryto prawdopodobny błąd pisowni	Sutek ha	Krwawi rycerze piekła, Rycerze Krwi, służą Sutekhowi, Panu Krwi. Ich czary wysysają siłę życiową wrogów, wlewając tę skradzioną witalność w piekielne rytuały, aby odwrócić losy bitwy.\n\nSutekh rządzi Naraka, Miastem Krwi. Uznawany za największego czarownika w piekle, nosi tytuł Wysokiego Krwawego i rządzi Świątynią Witalności. Jest mistrzem magii krwi, a jego wewnętrzny krąg kapłanów i magów to Krwawe Licze, nieumarli magowie, których cielesne formy zamieniły się w popiół wieki temu i których ciała są wykonane ze stałej krwi.\n\nWszyscy illriggerzy Sutekha należą do kultu znanego jako Kielich Witalności. Rycerze Kielicha piją głęboko esencję swoich wrogów, wysysając ją, aby wzmocnić swoją magię. Inni członkowie Zakonu Profanacji obawiają się, że Rycerze Krwi pragną czegoś więcej niż tylko wstąpienia Sutekha na Tron Piekieł; niektórzy szepczą, że Kielich potajemnie planuje uczynić Sutekha bogiem. Byłoby to oczywiście zdradą stanu.
hb052fe34g86bfg992cg2672g146c445e9dc4	MORFOLOGIK_RULE_PL_PL	Prawdopodobna literówka	illriggera	Wykryto prawdopodobny błąd pisowni		"Gdy Moloch przyjmie cię jako swojego illriggera, zyskujesz <LSTag Tooltip=""Expertise"">ekspertyzę</LSTag> w <LSTag Tooltip=""AbilityCheck"">testach</LSTag> <LSTag Type=""Skills"" Tooltip=""Persuasion"">Perswazji</LSTag> i <LSTag Type=""Skills"" Tooltip=""Deception"">Oszustwa</LSTag>."
h4b29ebdegfa87g42bege4a2g3b10f7973640	MORFOLOGIK_RULE_PL_PL	Prawdopodobna literówka	illriggera	Wykryto prawdopodobny błąd pisowni		"Gdy Moloch przyjmie cię jako swojego illriggera, zyskujesz <LSTag Tooltip=""Expertise"">ekspertyzę</LSTag> w <LSTag Tooltip=""AbilityCheck"">testach</LSTag> <LSTag Type=""Skills"" Tooltip=""Persuasion"">Perswazji</LSTag> i <LSTag Type=""Skills"" Tooltip=""Deception"">Oszustwa</LSTag>."
hcb5a44dbgbabag343ag80edg099ba69f72d7	MORFOLOGIK_RULE_PL_PL	Prawdopodobna literówka	k20	Wykryto prawdopodobny błąd pisowni	KRO, K2, KKO	Masz odporność na stan zauroczenia. Kiedy wykonujesz test Charyzmy, możesz wydać pieczęć, aby potraktować wynik k20 wynoszący 9 lub mniej jako 10.
hd5322297g3c9agc288gf0d2g3bf720ba3cbf	MORFOLOGIK_RULE_PL_PL	Prawdopodobna literówka	Illriggerzy	Wykryto prawdopodobny błąd pisowni		Charyzmatyczni i wyrachowani Piekielni Mówcy służą Molochowi, przemierzając pole bitwy i czyniąc z wrogów mimowolnych sojuszników.\n\nMoloch włada Styksem, Miastem Kłamstw, lecz jego wpływy sięgają znacznie dalej. Najwybitniejsi piekielni politycy i dyplomaci zyskują znaczenie dzięki subtelnym manipulacjom Molocha. Są mu bezgranicznie lojalni, wiedzą bowiem, że bez niego byliby nikim — dlatego jego potęga rozbrzmiewa echem w całym Piekle.\n\nIllriggerzy Molocha to elokwentni zaklinacze, którzy za pomocą czarów i podstępów usypiają czujność wrogów, aż ci odzyskują świadomość jako poddani Zakonu Spustoszenia. Piekielni Mówcy ćwiczą się w sztuce zwanej Czerwoną Pieśnią albo Piekielną Pieśnią. Rozumiejąc przeciwnika i wplatając subtelne czary w zwykłą mowę, potrafią sprawić, że wrogowie poczują, pomyślą lub zrobią niemal wszystko, co przyspieszy zwycięstwo Piekła.\n\nW całej czasoprzestrzeni Piekielni Mówcy słyną jako uśmiechnięci łotrzykowie i zawadiaccy złoczyńcy. Cenieni w każdych negocjacjach, wiedzą, że w świecie kłamstw prawda może być bronią równie potężną jak stal.
hd5322297g3c9agc288gf0d2g3bf720ba3cbf	ROWNIE_JAK	Błędy interpunkcyjne	 jak	"Prawdopodobny brak przecinka w ramach porównania. Powinno być: "", jak""."	, jak	Charyzmatyczni i wyrachowani Piekielni Mówcy służą Molochowi, przemierzając pole bitwy i czyniąc z wrogów mimowolnych sojuszników.\n\nMoloch włada Styksem, Miastem Kłamstw, lecz jego wpływy sięgają znacznie dalej. Najwybitniejsi piekielni politycy i dyplomaci zyskują znaczenie dzięki subtelnym manipulacjom Molocha. Są mu bezgranicznie lojalni, wiedzą bowiem, że bez niego byliby nikim — dlatego jego potęga rozbrzmiewa echem w całym Piekle.\n\nIllriggerzy Molocha to elokwentni zaklinacze, którzy za pomocą czarów i podstępów usypiają czujność wrogów, aż ci odzyskują świadomość jako poddani Zakonu Spustoszenia. Piekielni Mówcy ćwiczą się w sztuce zwanej Czerwoną Pieśnią albo Piekielną Pieśnią. Rozumiejąc przeciwnika i wplatając subtelne czary w zwykłą mowę, potrafią sprawić, że wrogowie poczują, pomyślą lub zrobią niemal wszystko, co przyspieszy zwycięstwo Piekła.\n\nW całej czasoprzestrzeni Piekielni Mówcy słyną jako uśmiechnięci łotrzykowie i zawadiaccy złoczyńcy. Cenieni w każdych negocjacjach, wiedzą, że w świecie kłamstw prawda może być bronią równie potężną jak stal.
hc0cff11age80fgb13fgfd62g598157b9f427	MORFOLOGIK_RULE_PL_PL	Prawdopodobna literówka	Dispatera	Wykryto prawdopodobny błąd pisowni	Dis patera	Ciężkie oddziały szturmowe Dispatera muszą skutecznie dowodzić na polu bitwy i szybko eliminować wrogów. Uśmierzacze kierują się zasadami nakazującymi im prowadzić armie Piekła i toczyć wojnę z Dobrem w całej czasoprzestrzeni.\n\nDowodzenie z pierwszej linii. Ruszam na czele każdego natarcia, dodając odwagi swoim żołnierzom i wzbudzając trwogę we wrogach.\n\nDowódca. Gdziekolwiek się pojawię, wydaję rozkazy. Nie słucham tych, którym brak woli, by przewodzić.\n\nZwycięstwo za wszelką cenę. Szanuję dowódcę wroga i traktuję go honorowo. Gdy jednak dobywamy mieczy, używam każdego sposobu, by wygrać, i oczekuję od przeciwnika tego samego.\n\nŻołnierze giną. Życie moich żołnierzy nie ma dla mnie znaczenia — są zasobem, który poświęcam dla zwycięstwa.
hc0cff11age80fgb13fgfd62g598157b9f427	MORFOLOGIK_RULE_PL_PL	Prawdopodobna literówka	Uśmierzacze	Wykryto prawdopodobny błąd pisowni	Uśmierzacie, Uśmierzajże, Uśmierza cze	Ciężkie oddziały szturmowe Dispatera muszą skutecznie dowodzić na polu bitwy i szybko eliminować wrogów. Uśmierzacze kierują się zasadami nakazującymi im prowadzić armie Piekła i toczyć wojnę z Dobrem w całej czasoprzestrzeni.\n\nDowodzenie z pierwszej linii. Ruszam na czele każdego natarcia, dodając odwagi swoim żołnierzom i wzbudzając trwogę we wrogach.\n\nDowódca. Gdziekolwiek się pojawię, wydaję rozkazy. Nie słucham tych, którym brak woli, by przewodzić.\n\nZwycięstwo za wszelką cenę. Szanuję dowódcę wroga i traktuję go honorowo. Gdy jednak dobywamy mieczy, używam każdego sposobu, by wygrać, i oczekuję od przeciwnika tego samego.\n\nŻołnierze giną. Życie moich żołnierzy nie ma dla mnie znaczenia — są zasobem, który poświęcam dla zwycięstwa.
hdc9bc8a1g4363gafc5g0aa8g3cf81d9f7f39	MORFOLOGIK_RULE_PL_PL	Prawdopodobna literówka	Dispater	Wykryto prawdopodobny błąd pisowni	Dis pater	Kiedy Dispater zaakceptuje cię jako swojego illriggera, zyskasz biegłość w posługiwaniu się ciężką zbroją.
hdc9bc8a1g4363gafc5g0aa8g3cf81d9f7f39	MORFOLOGIK_RULE_PL_PL	Prawdopodobna literówka	illriggera	Wykryto prawdopodobny błąd pisowni		Kiedy Dispater zaakceptuje cię jako swojego illriggera, zyskasz biegłość w posługiwaniu się ciężką zbroją.
h8dc48af4gcdf0gdb45g88c4g86ba48d298cb	MORFOLOGIK_RULE_PL_PL	Prawdopodobna literówka	Dispatera	Wykryto prawdopodobny błąd pisowni	Dis patera	W ramach akcji przywołujesz władzę Dispatera. Wykonujesz atak bronią i wybierasz maksymalnie tyle chętnych, widocznych istot w promieniu 9 m od siebie, ile wynosi twoja premia z biegłości. Każda z nich może w ramach reakcji wykonać atak bronią albo rzucić zadającą obrażenia sztuczkę o czasie rzucania równym 1 akcji.\n\nPo użyciu tej akcji musisz ukończyć krótki albo długi odpoczynek, zanim użyjesz jej ponownie.
h81b4dc8dg3da9gf440gb6ccgfc1f97fafdf6	MORFOLOGIK_RULE_PL_PL	Prawdopodobna literówka	Dispatera	Wykryto prawdopodobny błąd pisowni	Dis patera	W ramach akcji przywołujesz władzę Dispatera. Wykonujesz atak bronią i wybierasz maksymalnie tyle chętnych, widocznych istot w promieniu 9 m od siebie, ile wynosi twoja premia z biegłości. Każda z nich może w ramach reakcji wykonać atak bronią albo rzucić zadającą obrażenia sztuczkę o czasie rzucania równym 1 akcji.\n\nPo użyciu tej akcji musisz ukończyć krótki albo długi odpoczynek, zanim użyjesz jej ponownie.
h4dc2f45dg35b4g1e82ga16cg73f1f783e261	MORFOLOGIK_RULE_PL_PL	Prawdopodobna literówka	Uśmierzacz	Wykryto prawdopodobny błąd pisowni	Uśmierzasz, Uśmierzać, Uśmierz acz, Uśmierza cz	Uśmierzacz
hf1e041c0ga156g608cg02dfg22c1dad1bf3a	MORFOLOGIK_RULE_PL_PL	Prawdopodobna literówka	Uśmierzacze	Wykryto prawdopodobny błąd pisowni	Uśmierzacie, Uśmierzajże, Uśmierza cze	Uśmierzacze to ciężkozbrojni żołnierze śmierci z Piekła. Służą Dispaterowi i prowadzą natarcia we wszystkich większych piekielnych bitwach.\n\nDispater włada Dis, Miastem Wojny. Gdy Piekło najeżdża inny świat, to jego armia walczy i ginie. Uśmierzacze są mistrzami strategii, którzy dowodzą z pierwszej linii, wzbudzając w żołnierzach grozę i podziw. Wyniośli, pełni pychy i dumy, często przykładają przesadną wagę do własnego wyglądu.\n\nChoć należą do najbardziej rycerskich illriggerów, ich szlachetność jest wypaczona. Przyjmują i honorują wyzwania do pojedynku, a każdego, kto próbuje się wtrącić, szybko karzą. Kiedy jednak przegrywają, bez wahania oszukują, a gdy wygrywają, arogancko igrają z przeciwnikiem przed zadaniem ostatecznego ciosu.\n\nW chwili słabości lub rozpaczy władca innego świata może ujrzeć nieuchronną klęskę swojej armii i wezwać Dispatera. Zawsze chętny do siania waśni i niezgody arcydiabeł często odpowiada, wysyłając Uśmierzacza, by poprowadził wojska zdesperowanego władcy.
hf1e041c0ga156g608cg02dfg22c1dad1bf3a	MORFOLOGIK_RULE_PL_PL	Prawdopodobna literówka	Dispaterowi	Wykryto prawdopodobny błąd pisowni		Uśmierzacze to ciężkozbrojni żołnierze śmierci z Piekła. Służą Dispaterowi i prowadzą natarcia we wszystkich większych piekielnych bitwach.\n\nDispater włada Dis, Miastem Wojny. Gdy Piekło najeżdża inny świat, to jego armia walczy i ginie. Uśmierzacze są mistrzami strategii, którzy dowodzą z pierwszej linii, wzbudzając w żołnierzach grozę i podziw. Wyniośli, pełni pychy i dumy, często przykładają przesadną wagę do własnego wyglądu.\n\nChoć należą do najbardziej rycerskich illriggerów, ich szlachetność jest wypaczona. Przyjmują i honorują wyzwania do pojedynku, a każdego, kto próbuje się wtrącić, szybko karzą. Kiedy jednak przegrywają, bez wahania oszukują, a gdy wygrywają, arogancko igrają z przeciwnikiem przed zadaniem ostatecznego ciosu.\n\nW chwili słabości lub rozpaczy władca innego świata może ujrzeć nieuchronną klęskę swojej armii i wezwać Dispatera. Zawsze chętny do siania waśni i niezgody arcydiabeł często odpowiada, wysyłając Uśmierzacza, by poprowadził wojska zdesperowanego władcy.
hf1e041c0ga156g608cg02dfg22c1dad1bf3a	MORFOLOGIK_RULE_PL_PL	Prawdopodobna literówka	Dispater	Wykryto prawdopodobny błąd pisowni	Dis pater	Uśmierzacze to ciężkozbrojni żołnierze śmierci z Piekła. Służą Dispaterowi i prowadzą natarcia we wszystkich większych piekielnych bitwach.\n\nDispater włada Dis, Miastem Wojny. Gdy Piekło najeżdża inny świat, to jego armia walczy i ginie. Uśmierzacze są mistrzami strategii, którzy dowodzą z pierwszej linii, wzbudzając w żołnierzach grozę i podziw. Wyniośli, pełni pychy i dumy, często przykładają przesadną wagę do własnego wyglądu.\n\nChoć należą do najbardziej rycerskich illriggerów, ich szlachetność jest wypaczona. Przyjmują i honorują wyzwania do pojedynku, a każdego, kto próbuje się wtrącić, szybko karzą. Kiedy jednak przegrywają, bez wahania oszukują, a gdy wygrywają, arogancko igrają z przeciwnikiem przed zadaniem ostatecznego ciosu.\n\nW chwili słabości lub rozpaczy władca innego świata może ujrzeć nieuchronną klęskę swojej armii i wezwać Dispatera. Zawsze chętny do siania waśni i niezgody arcydiabeł często odpowiada, wysyłając Uśmierzacza, by poprowadził wojska zdesperowanego władcy.
hf1e041c0ga156g608cg02dfg22c1dad1bf3a	MORFOLOGIK_RULE_PL_PL	Prawdopodobna literówka	Uśmierzacze	Wykryto prawdopodobny błąd pisowni	Uśmierzacie, Uśmierzajże, Uśmierza cze	Uśmierzacze to ciężkozbrojni żołnierze śmierci z Piekła. Służą Dispaterowi i prowadzą natarcia we wszystkich większych piekielnych bitwach.\n\nDispater włada Dis, Miastem Wojny. Gdy Piekło najeżdża inny świat, to jego armia walczy i ginie. Uśmierzacze są mistrzami strategii, którzy dowodzą z pierwszej linii, wzbudzając w żołnierzach grozę i podziw. Wyniośli, pełni pychy i dumy, często przykładają przesadną wagę do własnego wyglądu.\n\nChoć należą do najbardziej rycerskich illriggerów, ich szlachetność jest wypaczona. Przyjmują i honorują wyzwania do pojedynku, a każdego, kto próbuje się wtrącić, szybko karzą. Kiedy jednak przegrywają, bez wahania oszukują, a gdy wygrywają, arogancko igrają z przeciwnikiem przed zadaniem ostatecznego ciosu.\n\nW chwili słabości lub rozpaczy władca innego świata może ujrzeć nieuchronną klęskę swojej armii i wezwać Dispatera. Zawsze chętny do siania waśni i niezgody arcydiabeł często odpowiada, wysyłając Uśmierzacza, by poprowadził wojska zdesperowanego władcy.
hf1e041c0ga156g608cg02dfg22c1dad1bf3a	MORFOLOGIK_RULE_PL_PL	Prawdopodobna literówka	illriggerów	Wykryto prawdopodobny błąd pisowni		Uśmierzacze to ciężkozbrojni żołnierze śmierci z Piekła. Służą Dispaterowi i prowadzą natarcia we wszystkich większych piekielnych bitwach.\n\nDispater włada Dis, Miastem Wojny. Gdy Piekło najeżdża inny świat, to jego armia walczy i ginie. Uśmierzacze są mistrzami strategii, którzy dowodzą z pierwszej linii, wzbudzając w żołnierzach grozę i podziw. Wyniośli, pełni pychy i dumy, często przykładają przesadną wagę do własnego wyglądu.\n\nChoć należą do najbardziej rycerskich illriggerów, ich szlachetność jest wypaczona. Przyjmują i honorują wyzwania do pojedynku, a każdego, kto próbuje się wtrącić, szybko karzą. Kiedy jednak przegrywają, bez wahania oszukują, a gdy wygrywają, arogancko igrają z przeciwnikiem przed zadaniem ostatecznego ciosu.\n\nW chwili słabości lub rozpaczy władca innego świata może ujrzeć nieuchronną klęskę swojej armii i wezwać Dispatera. Zawsze chętny do siania waśni i niezgody arcydiabeł często odpowiada, wysyłając Uśmierzacza, by poprowadził wojska zdesperowanego władcy.
hf1e041c0ga156g608cg02dfg22c1dad1bf3a	MORFOLOGIK_RULE_PL_PL	Prawdopodobna literówka	Dispatera	Wykryto prawdopodobny błąd pisowni	Dis patera	Uśmierzacze to ciężkozbrojni żołnierze śmierci z Piekła. Służą Dispaterowi i prowadzą natarcia we wszystkich większych piekielnych bitwach.\n\nDispater włada Dis, Miastem Wojny. Gdy Piekło najeżdża inny świat, to jego armia walczy i ginie. Uśmierzacze są mistrzami strategii, którzy dowodzą z pierwszej linii, wzbudzając w żołnierzach grozę i podziw. Wyniośli, pełni pychy i dumy, często przykładają przesadną wagę do własnego wyglądu.\n\nChoć należą do najbardziej rycerskich illriggerów, ich szlachetność jest wypaczona. Przyjmują i honorują wyzwania do pojedynku, a każdego, kto próbuje się wtrącić, szybko karzą. Kiedy jednak przegrywają, bez wahania oszukują, a gdy wygrywają, arogancko igrają z przeciwnikiem przed zadaniem ostatecznego ciosu.\n\nW chwili słabości lub rozpaczy władca innego świata może ujrzeć nieuchronną klęskę swojej armii i wezwać Dispatera. Zawsze chętny do siania waśni i niezgody arcydiabeł często odpowiada, wysyłając Uśmierzacza, by poprowadził wojska zdesperowanego władcy.
hf1e041c0ga156g608cg02dfg22c1dad1bf3a	MORFOLOGIK_RULE_PL_PL	Prawdopodobna literówka	Uśmierzacza	Wykryto prawdopodobny błąd pisowni	Uśmierza cza	Uśmierzacze to ciężkozbrojni żołnierze śmierci z Piekła. Służą Dispaterowi i prowadzą natarcia we wszystkich większych piekielnych bitwach.\n\nDispater włada Dis, Miastem Wojny. Gdy Piekło najeżdża inny świat, to jego armia walczy i ginie. Uśmierzacze są mistrzami strategii, którzy dowodzą z pierwszej linii, wzbudzając w żołnierzach grozę i podziw. Wyniośli, pełni pychy i dumy, często przykładają przesadną wagę do własnego wyglądu.\n\nChoć należą do najbardziej rycerskich illriggerów, ich szlachetność jest wypaczona. Przyjmują i honorują wyzwania do pojedynku, a każdego, kto próbuje się wtrącić, szybko karzą. Kiedy jednak przegrywają, bez wahania oszukują, a gdy wygrywają, arogancko igrają z przeciwnikiem przed zadaniem ostatecznego ciosu.\n\nW chwili słabości lub rozpaczy władca innego świata może ujrzeć nieuchronną klęskę swojej armii i wezwać Dispatera. Zawsze chętny do siania waśni i niezgody arcydiabeł często odpowiada, wysyłając Uśmierzacza, by poprowadził wojska zdesperowanego władcy.
hc78792c5gf4b3g8f75gc78fge4e46626954f	MORFOLOGIK_RULE_PL_PL	Prawdopodobna literówka	k4	Wykryto prawdopodobny błąd pisowni	km, kg, ks, ku, KC, kW, KP, KK	Rozumiesz potęgę ciosu wyprowadzanego z cienia. Raz na turę, gdy trafisz istotę naznaczoną pieczęcią atakiem bronią do walki wręcz i masz ułatwienie w teście ataku, możesz rzucić tyloma kośćmi k4, ile wynosi twoja premia z biegłości, i zadać dodatkowe obrażenia równe sumie wyników.
h2a979e60g8047g338bg7d21g17a10ae143c0	MORFOLOGIK_RULE_PL_PL	Prawdopodobna literówka	k4	Wykryto prawdopodobny błąd pisowni	km, kg, ks, ku, KC, kW, KP, KK	Rozumiesz potęgę ciosu wyprowadzanego z cienia. Raz na turę, gdy trafisz istotę naznaczoną pieczęcią atakiem bronią do walki wręcz i masz ułatwienie w teście ataku, możesz rzucić tyloma kośćmi k4, ile wynosi twoja premia z biegłości, i zadać dodatkowe obrażenia równe sumie wyników.
h8f230721g7cfdg98e3gf8a5g5d16598f3c1e	MORFOLOGIK_RULE_PL_PL	Prawdopodobna literówka	illriggerzy	Wykryto prawdopodobny błąd pisowni		Ukryci zabójcy piekła, Władcy Cienia, służą Belialowi i przodują w skradaniu się i przebraniu.\n\nBelial rządzi Gehennom, Miastem Ciemności. Stara się rządzić piekłem poprzez truciznę, tortury i zabójstwa. Jego illriggerzy atakują z cienia lub wykorzystują podstęp, aby zdobyć wysokie stanowiska blisko potężnych władców. Wielu Władców Cieni prowadzi sieci szpiegów i zabójców, którzy nie mają pojęcia o piekielnym pochodzeniu ich przywódcy.\n\nWładcy Cienia przysięgają, że nie ujawnią swojej prawdziwej lojalności, a jeśli zajdzie taka potrzeba, będą musieli odebrać sobie życie, aby spełnić tę przysięgę. Wielu Władców Cienia przygotowuje skomplikowane plany własnego zabójstwa, więc w przypadku ryzyka odkrycia ich zabójstwo przesłania prawdę. Oczywiście ci zabójcy nigdy nie dowiadują się, że zostali zatrudnieni przez zmarłą ofiarę.
h4ee31ebcgb443g419agf6c4gb829136d660a	MORFOLOGIK_RULE_PL_PL	Prawdopodobna literówka	4k4	Wykryto prawdopodobny błąd pisowni	4K	Uderzasz widoczną istotę w zasięgu biczem szkarłatnej energii, tworząc więź między sobą a celem. Cel musi wykonać rzut obronny na Kondycję; w razie niepowodzenia otrzymuje 4k4 obrażeń od ognia i zostaje Uwiązany. Uwiązana istota otrzymuje 2k4 obrażeń od ognia na początku każdej swojej tury. Na koniec każdej swojej tury może powtórzyć rzut obronny, kończąc efekt przy powodzeniu.
h4ee31ebcgb443g419agf6c4gb829136d660a	MORFOLOGIK_RULE_PL_PL	Prawdopodobna literówka	2k4	Wykryto prawdopodobny błąd pisowni		Uderzasz widoczną istotę w zasięgu biczem szkarłatnej energii, tworząc więź między sobą a celem. Cel musi wykonać rzut obronny na Kondycję; w razie niepowodzenia otrzymuje 4k4 obrażeń od ognia i zostaje Uwiązany. Uwiązana istota otrzymuje 2k4 obrażeń od ognia na początku każdej swojej tury. Na koniec każdej swojej tury może powtórzyć rzut obronny, kończąc efekt przy powodzeniu.
h7dfa2a4bg13bfg7ea9g611cgc213f4b0ba43	MORFOLOGIK_RULE_PL_PL	Prawdopodobna literówka	illriggerzy	Wykryto prawdopodobny błąd pisowni		Architekci ruiny to opanowani i wyrachowani rycerze magii służący Asmodeuszowi. Posługują się czarami, stalą i podstępem, aby zwyciężyć za wszelką cenę.\n\nAsmodeusz włada Acheronem, Miastem Strachu. Jego illriggerzy przemierzają czasoprzestrzeń, gromadząc tajemnice i czary służące do zwodzenia i przerażania przeciwników. Wojna, którą prowadzi z innymi arcydiabłami, jest wojną oszustwa i informacji.\n\nArchitekci ruiny sprawiają, że wrogowie Piekła czują się osaczeni i przechytrzeni. Są znakomitymi zaklętymi szermierzami na polu bitwy, choć niektórzy wolą badania, infiltrację i propagandę, aby prowadzić psychologiczną grę ze swą ofiarą. Gdy wreszcie stają z nią twarzą w twarz, ułatwienie należy do nich: wszystko zbadali, poczynili przygotowania i ścisnęli los w swej rękawicy, zmuszając go, by im sprzyjał. Nienasycenie zgłębiają mroczne sztuki, by uzbroić siebie i Asmodeusza w to, co niemożliwe.
h3c31b801g72c4g4016g8dbagc376fb17c919	ROWNIE_JAK	Błędy interpunkcyjne	 jak	"Prawdopodobny brak przecinka w ramach porównania. Powinno być: "", jak""."	, jak	Wstępując do Zakonu Spustoszenia, Architekci ruiny składają przysięgę Asmodeuszowi. Jej zasady zobowiązują ich do niszczenia wrogów Asmodeusza za pomocą potężnej magii, wzbudzania strachu i siania nieufności.\n\nPole bitwy umysłu. Zanim nasze armie się spotkają, napełnię cię grozą i zwątpieniem we własne siły. Pokonam cię bez kiwnięcia palcem.\n\nWłaściwa tajemnica. Gdy poznam twoje sekrety, poznam też twoją słabość.\n\nWiedza to potęga. Wiedza jest równie potężna jak stal. Poznaję każdy szczegół dotyczący wroga i przewiduję wszystkie jego posunięcia, matując go jeszcze przed rozpoczęciem gry.\n\nMagia podlega mojej woli. Przebiegłość jest równie potężna jak stal. Władam mroczną magią tajemną, aby zwodzić twoje zmysły, osłabiać determinację i wzmacniać własne ostrze. Twoi żołnierze zadrżą przed mrocznymi czarami, które mogą spowić moje ostrze.
h3c31b801g72c4g4016g8dbagc376fb17c919	ROWNIE_JAK	Błędy interpunkcyjne	 jak	"Prawdopodobny brak przecinka w ramach porównania. Powinno być: "", jak""."	, jak	Wstępując do Zakonu Spustoszenia, Architekci ruiny składają przysięgę Asmodeuszowi. Jej zasady zobowiązują ich do niszczenia wrogów Asmodeusza za pomocą potężnej magii, wzbudzania strachu i siania nieufności.\n\nPole bitwy umysłu. Zanim nasze armie się spotkają, napełnię cię grozą i zwątpieniem we własne siły. Pokonam cię bez kiwnięcia palcem.\n\nWłaściwa tajemnica. Gdy poznam twoje sekrety, poznam też twoją słabość.\n\nWiedza to potęga. Wiedza jest równie potężna jak stal. Poznaję każdy szczegół dotyczący wroga i przewiduję wszystkie jego posunięcia, matując go jeszcze przed rozpoczęciem gry.\n\nMagia podlega mojej woli. Przebiegłość jest równie potężna jak stal. Władam mroczną magią tajemną, aby zwodzić twoje zmysły, osłabiać determinację i wzmacniać własne ostrze. Twoi żołnierze zadrżą przed mrocznymi czarami, które mogą spowić moje ostrze.
h31f01a11ge447g9caegdcb4g2adfe1ce29e6	MORFOLOGIK_RULE_PL_PL	Prawdopodobna literówka	illriggera	Wykryto prawdopodobny błąd pisowni		Raz na każdą swoją turę możesz rzucić jedną ze swoich sztuczek illriggera zamiast jednego z ataków zapewnianych przez zdolność Dodatkowego Ataku.
h0688f440gd1d1g007egd6e0g79bf22aff2aa	MORFOLOGIK_RULE_PL_PL	Prawdopodobna literówka	illriggera	Wykryto prawdopodobny błąd pisowni		Kiedy rzucisz czar illriggera, możesz spalić dwie pieczęcie na przeklętej istocie (nie jest wymagana żadna akcja), aby utrudnić jego rzut obronny na czar.
hd8757627g198cg4659gbdcbgf8c916e4b023	MORFOLOGIK_RULE_PL_PL	Prawdopodobna literówka	illriggera	Wykryto prawdopodobny błąd pisowni		"Gdy w ramach akcji dodatkowej nałożysz pieczęć illriggera na istotę albo spalisz nałożoną na nią pieczęć, na 2 tury zyskujesz efekt <LSTag Type=""Spell"" Tooltip=""Shout_BladeWard"">Osłony przed orężem</LSTag>."
h6fbb1933ge0e0gc26ag9144gcde944d43651	MORFOLOGIK_RULE_PL_PL	Prawdopodobna literówka	2k10	Wykryto prawdopodobny błąd pisowni		W ramach akcji Magii unosisz święty symbol i zużywasz jedno użycie Aktu wiary, wywołując błysk światła w emanacji o promieniu 9 m. Każda magiczna Ciemność na tym obszarze, na przykład stworzona czarem Ciemność, zostaje rozproszona. Ponadto każda wybrana przez ciebie istota na tym obszarze wykonuje rzut obronny na Kondycję. Przy niepowodzeniu otrzymuje 2k10 plus twój poziom kleryka obrażeń od światłości, a przy powodzeniu połowę tej wartości.
h00c98c60g1486ge30fge973g756a8dffc456	MORFOLOGIK_RULE_PL_PL	Prawdopodobna literówka	Lazivosa	Wykryto prawdopodobny błąd pisowni		„Broń zwana Prawdziwym Imieniem jest nierozerwalnie związana z historią Siedmiu Miast. Gdy diabły zawierają pakt, przyjmujący ofertę pieczętuje na ostrzu swoje prawdziwe imię i pozostawia je temu, kto złożył ofertę. Jeśli pakt zostanie złamany, ostrze ujawnia to imię i daje władzę nad zdrajcą.\n\nMówi się, że ten, kto pozna prawdziwe imię samej broni, może przejąć wszystkie imiona związane z nią od chwili jej stworzenia. Wyobraź sobie władzę, jaką by to zapewniło.\n\nPoszukuję tego imienia od wieków. Gdy je znajdę, ostrze — i jego nosiciel — będą należeć do mnie”.\n\n— z osobistych zapisków piekielnego kanclerza Lazivosa
h939756c4g3811gf6f5g9665gfb0f0b1bae16	MORFOLOGIK_RULE_PL_PL	Prawdopodobna literówka	Illriggera	Wykryto prawdopodobny błąd pisowni		Raz na krótki odpoczynek odzyskujesz Pieczęć Illriggera, gdy zabijesz istotę o Prawdziwym Imieniu.
h1ae5a709g9e4ag5e7agbf4ag35be3da03653	MORFOLOGIK_RULE_PL_PL	Prawdopodobna literówka	1k6	Wykryto prawdopodobny błąd pisowni		Spalenie pieczęci zadaje dodatkowe 1k6 obrażeń.
h1a950eaag6cb3g9b5cgfb98gc721a9abd164	MORFOLOGIK_RULE_PL_PL	Prawdopodobna literówka	fey	Wykryto prawdopodobny błąd pisowni	fe, fen, key, fes, fez, fee, Fe, Feb	Przyzwij fey: krasnal
h7223d543gf408g50fagb634g0ce2909ad820	MORFOLOGIK_RULE_PL_PL	Prawdopodobna literówka	fey	Wykryto prawdopodobny błąd pisowni	fe, fen, key, fes, fez, fee, Fe, Feb	Krok fey
ha15a12feg6a51ge73cg4860ged2d9bd42e58	MORFOLOGIK_RULE_PL_PL	Prawdopodobna literówka	przywoływacza	Wykryto prawdopodobny błąd pisowni		Premia do umiejętności rzucania czarów przywoływacza
h9ec6f533ga820gcfd6g8b9fgb737db30a70b	MORFOLOGIK_RULE_PL_PL	Prawdopodobna literówka	fey	Wykryto prawdopodobny błąd pisowni	fe, fen, key, fes, fez, fee, Fe, Feb	Zawsze masz przygotowane czary Przywołanie bestii i Przywołanie fey. Możesz rzucić iluzoryczną wersję każdego z nich bez zużywania komórki czaru. Gdy rzucisz w ten sposób którykolwiek z tych czarów, musisz ukończyć długi odpoczynek, zanim ponownie użyjesz go w ten sposób.
h32ce3bc3gbd08g5553gcc7dga7ed37159c2b	MORFOLOGIK_RULE_PL_PL	Prawdopodobna literówka	fey	Wykryto prawdopodobny błąd pisowni	fe, fen, key, fes, fez, fee, Fe, Feb	Przyzwij fey: krasnal (iluzja)
h1844772eg802eg78e4g4c43g59d82d32b9d4	MORFOLOGIK_RULE_PL_PL	Prawdopodobna literówka	1k6	Wykryto prawdopodobny błąd pisowni		Magia, nauka albo ich nieprzewidywalne połączenie trwale cię odmieniły. Wybierz jedno z poniższych widocznych ulepszeń ciała. O ile go nie ukryjesz, jego natura jest oczywista — mogą o tym świadczyć szwy, przeszczepione części ciał innych istot albo implanty.\n\nNaturalny pancerz. Łuski, płytki albo gruba skóra zapewniają ci KP równą 10 plus twoje modyfikatory Zręczności i Kondycji.\n\nBroń naturalna. Masz pazury, kły, rogi albo inną naturalną broń, której możesz używać do ataków bez broni. Przy trafieniu zadają one 1k6 obrażeń.\n\nWidzenie nocne. Zyskujesz widzenie w ciemności na odległość 18 m. Jeśli już je masz, jego zasięg zwiększa się o 9 m.
he41177dagaf29g13c8gc756g66414bcb409d	SUBST_ADJ_UNIFY	Błędy składniowe	światem żywych	Przypuszczalnie brak zgodności form przypadków rzeczownika i przymiotnika: światem żywych.		Studiowanie obrzędów pogrzebowych i troska o spoczynek zmarłych uczyniły z ciebie pośrednika między światem żywych a światem umarłych. Zyskujesz następujące korzyści.\n\nBoski kanał. Zyskujesz jedno użycie zdolności Akt wiary klasy kleryka i możesz za jego pomocą wywołać efekt „Odpędzanie nieumarłych”. Jeśli masz już Akt wiary, dodajesz to użycie do tej zdolności z jednej wybranej klasy.
he41177dagaf29g13c8gc756g66414bcb409d	SUBST_ADJ_UNIFY	Błędy składniowe	Odpędzanie nieumarłych	Przypuszczalnie brak zgodności form przypadków rzeczownika i przymiotnika: Odpędzanie nieumarłych.		Studiowanie obrzędów pogrzebowych i troska o spoczynek zmarłych uczyniły z ciebie pośrednika między światem żywych a światem umarłych. Zyskujesz następujące korzyści.\n\nBoski kanał. Zyskujesz jedno użycie zdolności Akt wiary klasy kleryka i możesz za jego pomocą wywołać efekt „Odpędzanie nieumarłych”. Jeśli masz już Akt wiary, dodajesz to użycie do tej zdolności z jednej wybranej klasy.
h2ba4fa20gb5a4gcf6fg0c48g86e73cad2928	MORFOLOGIK_RULE_PL_PL	Prawdopodobna literówka	1k6	Wykryto prawdopodobny błąd pisowni		Atut: Zmieniony\n\nJesteś na zawsze zmieniony w jakiś drastyczny, fizyczny sposób, być może nawet staniesz się potworny. Bluźniercza fuzja nauki, alchemii i magii zmieniła cię, być może po to, aby wyleczyć jakąś nieuleczalną chorobę lub przetestować granice twojej biologii. Proces zakończył się sukcesem, przynajmniej do pewnego stopnia, ale zmiana odcisnęła na tobie piętno. Niezatarte wypaczenie twojej formy może być źródłem strachu dla tych, którzy nie rozumieją tego, co widzą.\n\nZmieniony. Zyskujesz naturalny pancerz (KP 10 + modyfikatory Zręczności i Kondycji), naturalną broń (ataki bez broni 1k6) i widzenie w ciemnościach na odległość 18 m (lub + 9 m, jeśli już to posiadasz).
h7d405f4ag1770gee29gfd7egc0479b1be286	SUBST_ADJ_UNIFY	Błędy składniowe	Odpędzanie nieumarłych	Przypuszczalnie brak zgodności form przypadków rzeczownika i przymiotnika: Odpędzanie nieumarłych.		Atut: Strażnik grobu\n\nW miejscu położonym bliżej krainy umarłych niż żywych, osoby dbające o wieczny spoczynek zmarłych budzą zarówno głęboki szacunek, jak i niepokój. Znasz fach grabarza, przedsiębiorcy pogrzebowego i balsamisty. Niekiedy tylko ty znajdujesz życzliwe słowo, aby uczcić pamięć zmarłych. Dobrze znasz spustoszenie czynione przez nieumarłych i nie pozwalasz im zakłócać spoczynku powierzonych ci ciał.\n\nStrażnik grobu. Zyskujesz jedno użycie zdolności Akt wiary klasy kleryka i możesz za jego pomocą wywołać efekt Odpędzanie nieumarłych. Jeśli masz już Akt wiary, dodajesz to użycie do tej zdolności z jednej wybranej klasy.
h724861ebg88f2g481bg1282g74ea90aa0663	MORFOLOGIK_RULE_PL_PL	Prawdopodobna literówka	1k6	Wykryto prawdopodobny błąd pisowni		Magia, nauka albo ich nieprzewidywalne połączenie trwale cię odmieniły. Wybierz jedno z poniższych widocznych ulepszeń ciała. O ile go nie ukryjesz, jego natura jest oczywista — mogą o tym świadczyć szwy, przeszczepione części ciał innych istot albo implanty.\n\nNaturalny pancerz. Łuski, płytki albo gruba skóra zapewniają ci KP równą 10 plus twoje modyfikatory Zręczności i Kondycji.\n\nBroń naturalna. Masz pazury, kły, rogi albo inną naturalną broń, której możesz używać do ataków bez broni. Przy trafieniu zadają one 1k6 obrażeń.\n\nWidzenie nocne. Zyskujesz widzenie w ciemności na odległość 18 m. Jeśli już je masz, jego zasięg zwiększa się o 9 m.
h894a8c5dg5c28g7d23gb198gb51499628687	SUBST_ADJ_UNIFY	Błędy składniowe	światem żywych	Przypuszczalnie brak zgodności form przypadków rzeczownika i przymiotnika: światem żywych.		Studiowanie obrzędów pogrzebowych i troska o spoczynek zmarłych uczyniły z ciebie pośrednika między światem żywych a światem umarłych. Zyskujesz następujące korzyści.\n\nBoski kanał. Zyskujesz jedno użycie zdolności Akt wiary klasy kleryka i możesz za jego pomocą wywołać efekt „Odpędzanie nieumarłych”. Jeśli masz już Akt wiary, dodajesz to użycie do tej zdolności z jednej wybranej klasy.
h894a8c5dg5c28g7d23gb198gb51499628687	SUBST_ADJ_UNIFY	Błędy składniowe	Odpędzanie nieumarłych	Przypuszczalnie brak zgodności form przypadków rzeczownika i przymiotnika: Odpędzanie nieumarłych.		Studiowanie obrzędów pogrzebowych i troska o spoczynek zmarłych uczyniły z ciebie pośrednika między światem żywych a światem umarłych. Zyskujesz następujące korzyści.\n\nBoski kanał. Zyskujesz jedno użycie zdolności Akt wiary klasy kleryka i możesz za jego pomocą wywołać efekt „Odpędzanie nieumarłych”. Jeśli masz już Akt wiary, dodajesz to użycie do tej zdolności z jednej wybranej klasy.
hf149dfc0gc190g57f0g98c9g5ca3daadd069	MORFOLOGIK_RULE_PL_PL	Prawdopodobna literówka	wieloświata	Wykryto prawdopodobny błąd pisowni		Bogowie Planu Astralnego są tak samo zagubieni w czasie i przestrzeni, jak królestwo, nad którym panują. Płaszczyzna Astralna wypełnia luki pomiędzy płaszczyznami istnienia i jest ważną siłą równoważącą w kosmicznym ekosystemie wieloświata. Praktycy tej dziedziny postrzegają brak czegokolwiek jako coś i uważają płaszczyznę astralną za ostateczne przeznaczenie wszystkich rzeczy. Ci akolici podążają ostateczną ścieżką do celu i pomagają prowadzić innych na ich drodze w wielkiej misji entropii. Kapłani Domeny Astralnej są z natury chaotyczni, ale zazwyczaj wybierają zniszczenie zła tam, gdzie je znajdą, i przyspieszenie jego nieuniknionej podróży na Plan Astralny.
h1b7aecd7g65c1g83b6g50ddg7fe12c1c16a8	WIADACY	Wyrazy modne i nadużywane	wiodący	Ten rusycyzm jest błędnie używany po polsku w znaczeniu.	przodujący, główny, przewodni, zasadniczy, najlepszy	"Więź z Domeną Astralną sprawia, że zawsze masz przygotowane określone czary. Po osiągnięciu wskazanych poziomów kleryka automatycznie zyskujesz czary wymienione w tabeli Czarów Domeny Astralnej. Na 3. poziomie są to Rozmycie, Pocisk wiodący, <LSTag Type=""Spell"" Tooltip=""Target_Invisibility"">Niewidzialność</LSTag>, Szybkonogi i Gwiezdny ognik. Na 5. poziomie zyskujesz Mignięcie i Spowolnienie. Na 7. poziomie — Wypędzenie i Drzwi przez wymiary. Na 9. poziomie — Rozproszenie dobra i zła oraz Ścianę kamienia."
h520a3350gab70g330fge64fgd34f7914b820	MORFOLOGIK_RULE_PL_PL	Prawdopodobna literówka	1k8	Wykryto prawdopodobny błąd pisowni		W ramach akcji dodatkowej możesz zużyć jedno użycie Aktu wiary, aby otworzyć planarną szczelinę w widocznym punkcie w promieniu 18 m. Szczelina tworzy potężną próżnię w kuli o promieniu 4,5 m wokół tego punktu. Każda istota na tym obszarze wykonuje rzut obronny na Zręczność. Przy niepowodzeniu otrzymuje 1k8 plus twój poziom kleryka obrażeń od mocy i zostaje przyciągnięta o maksymalnie 4,5 m w stronę szczeliny. Przy powodzeniu otrzymuje tylko połowę obrażeń od mocy. Następnie szczelina znika.
hea8f653bga035g6444ga74bg7a2cc46f5a2b	BRAK_PRZECINKA_ZAMIAST	Błędy interpunkcyjne	możesz zamiast	"Prawdopodobnie brak przecinka. Powinno być: ""możesz, zamiast""."	możesz, zamiast	Potrafisz tworzyć krótkotrwałe szczeliny w strukturze rzeczywistości i sięgać przez nie. Gdy rzucasz czar o zasięgu dotyku, możesz zamiast tego zwiększyć jego zasięg do 9 m. Możesz użyć tej zdolności tyle razy, ile wynosi twój modyfikator Mądrości (co najmniej raz), a wszystkie użycia odzyskujesz po ukończeniu długiego odpoczynku.
h62513dd3g7a62g4659g151cg25df749019af	MORFOLOGIK_RULE_PL_PL	Prawdopodobna literówka	1k8	Wykryto prawdopodobny błąd pisowni		W ramach akcji dodatkowej możesz zużyć jedno użycie Aktu wiary, aby otworzyć planarną szczelinę w widocznym punkcie w promieniu 18 m. Szczelina tworzy potężną próżnię w kuli o promieniu 4,5 m wokół tego punktu. Każda istota na tym obszarze wykonuje rzut obronny na Zręczność. Przy niepowodzeniu otrzymuje 1k8 plus twój poziom kleryka obrażeń od mocy i zostaje przyciągnięta o maksymalnie 4,5 m w stronę szczeliny. Przy powodzeniu otrzymuje tylko połowę obrażeń od mocy. Następnie szczelina znika.
h7620f19ag43c9g05a4g36acg0cd45d849578	MORFOLOGIK_RULE_PL_PL	Prawdopodobna literówka	Festerwood	Wykryto prawdopodobny błąd pisowni		Krąg Niezłomnych to zakon druidów, którzy odrzucili cierpliwe nauki swoich poprzedników i chwycili za broń w obronie dziczy. Ci wojowniczy druidzi tworzą oddziały i wykorzystują gniew samej natury, aby siłą wykorzeniać wszelkie nadciągające zło zagrażające ich świętym krainom.\n\nChoć druidzi ci noszą w sobie chaos natury, trening i dyscyplina pozwalają im panować nad ciałem i odruchami. Nauki tego kręgu, wywodzącego się z bezlitosnego Festerwood, są równie surowe jak sam las. Łączą atak z obroną, przygotowując druidów na wszelkie wyzwania świata.
h7620f19ag43c9g05a4g36acg0cd45d849578	ROWNIE_JAK	Błędy interpunkcyjne	 jak	"Prawdopodobny brak przecinka w ramach porównania. Powinno być: "", jak""."	, jak	Krąg Niezłomnych to zakon druidów, którzy odrzucili cierpliwe nauki swoich poprzedników i chwycili za broń w obronie dziczy. Ci wojowniczy druidzi tworzą oddziały i wykorzystują gniew samej natury, aby siłą wykorzeniać wszelkie nadciągające zło zagrażające ich świętym krainom.\n\nChoć druidzi ci noszą w sobie chaos natury, trening i dyscyplina pozwalają im panować nad ciałem i odruchami. Nauki tego kręgu, wywodzącego się z bezlitosnego Festerwood, są równie surowe jak sam las. Łączą atak z obroną, przygotowując druidów na wszelkie wyzwania świata.
h6b046ff8ga327gdc59g8f4fgebc351482d81	MORFOLOGIK_RULE_PL_PL	Prawdopodobna literówka	Shillelagh	Wykryto prawdopodobny błąd pisowni		Poziom 3: Ulepszenie Shillelagh
hb033a976g4cccgdbedg5c40ge3ee8016bca2	MORFOLOGIK_RULE_PL_PL	Prawdopodobna literówka	Shillelagh	Wykryto prawdopodobny błąd pisowni		Gdy rzucasz czar Shillelagh, możesz nasycić mocą natury dowolną trzymaną broń do walki wręcz. Możesz zdecydować, że broń zachowuje swoją zwykłą kość obrażeń, zamiast zmieniać ją na k8. Ponadto możesz używać dowolnej broni, którą biegle się posługujesz, jako magicznego skupienia dla swoich czarów druida.
hb033a976g4cccgdbedg5c40ge3ee8016bca2	MORFOLOGIK_RULE_PL_PL	Prawdopodobna literówka	k8	Wykryto prawdopodobny błąd pisowni	km, kg, ks, ku, KC, kW, KP, KK	Gdy rzucasz czar Shillelagh, możesz nasycić mocą natury dowolną trzymaną broń do walki wręcz. Możesz zdecydować, że broń zachowuje swoją zwykłą kość obrażeń, zamiast zmieniać ją na k8. Ponadto możesz używać dowolnej broni, którą biegle się posługujesz, jako magicznego skupienia dla swoich czarów druida.
head50b7eg3179gbc89g1334gbee0de9d925c	SUBST_ADJ_UNIFY	Błędy składniowe	Kręgiem Niezłomnych	Przypuszczalnie brak zgodności form przypadków rzeczownika i przymiotnika: Kręgiem Niezłomnych.		"Więź z Kręgiem Niezłomnych sprawia, że zawsze masz przygotowane określone czary. Po osiągnięciu poziomu druida wskazanego w tabeli Czarów Kręgu Niezłomnych zawsze masz przygotowane wymienione w niej czary: na 3. poziomie — Pętające uderzenie, Shillelagh, Lśniące ugodzenie i Prawdziwe uderzenie; na 5. poziomie — <LSTag Type=""Spell"" Tooltip=""Target_Haste"">Przyspieszenie</LSTag>; na 7. poziomie — Tarcza ognia; a na 9. poziomie — Słup ognia."
head50b7eg3179gbc89g1334gbee0de9d925c	MORFOLOGIK_RULE_PL_PL	Prawdopodobna literówka	Shillelagh	Wykryto prawdopodobny błąd pisowni		"Więź z Kręgiem Niezłomnych sprawia, że zawsze masz przygotowane określone czary. Po osiągnięciu poziomu druida wskazanego w tabeli Czarów Kręgu Niezłomnych zawsze masz przygotowane wymienione w niej czary: na 3. poziomie — Pętające uderzenie, Shillelagh, Lśniące ugodzenie i Prawdziwe uderzenie; na 5. poziomie — <LSTag Type=""Spell"" Tooltip=""Target_Haste"">Przyspieszenie</LSTag>; na 7. poziomie — Tarcza ognia; a na 9. poziomie — Słup ognia."
heb2a7f7ag521bg6a02g5dffg52cdf49a9788	MORFOLOGIK_RULE_PL_PL	Prawdopodobna literówka	2k6	Wykryto prawdopodobny błąd pisowni		Uczysz się regenerować dzięki dzikiej, zwierzęcej magii płynącej w twoich żyłach. W ramach akcji dodatkowej możesz zużyć jedno użycie Dzikiej Postaci, aby odzyskać punkty wytrzymałości w liczbie równej sumie 2k6 i twojego poziomu druida. Leczenie zwiększa się o 1k6 na 5. poziomie druida (3k6 plus poziom druida) i ponownie na 10. poziomie (4k6 plus poziom druida).
heb2a7f7ag521bg6a02g5dffg52cdf49a9788	MORFOLOGIK_RULE_PL_PL	Prawdopodobna literówka	1k6	Wykryto prawdopodobny błąd pisowni		Uczysz się regenerować dzięki dzikiej, zwierzęcej magii płynącej w twoich żyłach. W ramach akcji dodatkowej możesz zużyć jedno użycie Dzikiej Postaci, aby odzyskać punkty wytrzymałości w liczbie równej sumie 2k6 i twojego poziomu druida. Leczenie zwiększa się o 1k6 na 5. poziomie druida (3k6 plus poziom druida) i ponownie na 10. poziomie (4k6 plus poziom druida).
heb2a7f7ag521bg6a02g5dffg52cdf49a9788	MORFOLOGIK_RULE_PL_PL	Prawdopodobna literówka	3k6	Wykryto prawdopodobny błąd pisowni		Uczysz się regenerować dzięki dzikiej, zwierzęcej magii płynącej w twoich żyłach. W ramach akcji dodatkowej możesz zużyć jedno użycie Dzikiej Postaci, aby odzyskać punkty wytrzymałości w liczbie równej sumie 2k6 i twojego poziomu druida. Leczenie zwiększa się o 1k6 na 5. poziomie druida (3k6 plus poziom druida) i ponownie na 10. poziomie (4k6 plus poziom druida).
heb2a7f7ag521bg6a02g5dffg52cdf49a9788	MORFOLOGIK_RULE_PL_PL	Prawdopodobna literówka	4k6	Wykryto prawdopodobny błąd pisowni	4K	Uczysz się regenerować dzięki dzikiej, zwierzęcej magii płynącej w twoich żyłach. W ramach akcji dodatkowej możesz zużyć jedno użycie Dzikiej Postaci, aby odzyskać punkty wytrzymałości w liczbie równej sumie 2k6 i twojego poziomu druida. Leczenie zwiększa się o 1k6 na 5. poziomie druida (3k6 plus poziom druida) i ponownie na 10. poziomie (4k6 plus poziom druida).
h7fe6e3e8gb94ag15c5g406eg227fcfa3c807	MORFOLOGIK_RULE_PL_PL	Prawdopodobna literówka	Shillelagh	Wykryto prawdopodobny błąd pisowni		Poziom 6: Mistrzostwo Shillelagh
h33d907d8gd0a0gaee7g061fg578448183f33	MORFOLOGIK_RULE_PL_PL	Prawdopodobna literówka	Shillelagh	Wykryto prawdopodobny błąd pisowni		Ulepszenie Shillelagh
hc24409fagede8g0aaag1ad3g32c2949bb667	MORFOLOGIK_RULE_PL_PL	Prawdopodobna literówka	2k6	Wykryto prawdopodobny błąd pisowni		Uczysz się regenerować dzięki dzikiej, zwierzęcej magii płynącej w twoich żyłach. W ramach akcji dodatkowej możesz zużyć jedno użycie Dzikiej Postaci, aby odzyskać punkty wytrzymałości w liczbie równej sumie 2k6 i twojego poziomu druida. Leczenie zwiększa się o 1k6 na 5. poziomie druida (3k6 plus poziom druida) i ponownie na 10. poziomie (4k6 plus poziom druida).
hc24409fagede8g0aaag1ad3g32c2949bb667	MORFOLOGIK_RULE_PL_PL	Prawdopodobna literówka	1k6	Wykryto prawdopodobny błąd pisowni		Uczysz się regenerować dzięki dzikiej, zwierzęcej magii płynącej w twoich żyłach. W ramach akcji dodatkowej możesz zużyć jedno użycie Dzikiej Postaci, aby odzyskać punkty wytrzymałości w liczbie równej sumie 2k6 i twojego poziomu druida. Leczenie zwiększa się o 1k6 na 5. poziomie druida (3k6 plus poziom druida) i ponownie na 10. poziomie (4k6 plus poziom druida).
hc24409fagede8g0aaag1ad3g32c2949bb667	MORFOLOGIK_RULE_PL_PL	Prawdopodobna literówka	3k6	Wykryto prawdopodobny błąd pisowni		Uczysz się regenerować dzięki dzikiej, zwierzęcej magii płynącej w twoich żyłach. W ramach akcji dodatkowej możesz zużyć jedno użycie Dzikiej Postaci, aby odzyskać punkty wytrzymałości w liczbie równej sumie 2k6 i twojego poziomu druida. Leczenie zwiększa się o 1k6 na 5. poziomie druida (3k6 plus poziom druida) i ponownie na 10. poziomie (4k6 plus poziom druida).
hc24409fagede8g0aaag1ad3g32c2949bb667	MORFOLOGIK_RULE_PL_PL	Prawdopodobna literówka	4k6	Wykryto prawdopodobny błąd pisowni	4K	Uczysz się regenerować dzięki dzikiej, zwierzęcej magii płynącej w twoich żyłach. W ramach akcji dodatkowej możesz zużyć jedno użycie Dzikiej Postaci, aby odzyskać punkty wytrzymałości w liczbie równej sumie 2k6 i twojego poziomu druida. Leczenie zwiększa się o 1k6 na 5. poziomie druida (3k6 plus poziom druida) i ponownie na 10. poziomie (4k6 plus poziom druida).
hfc73e10fg17e9g9f07gc85fg541d0d54d67b	MORFOLOGIK_RULE_PL_PL	Prawdopodobna literówka	faerie	Wykryto prawdopodobny błąd pisowni	ferie, faenie, feerie, feerię	"Raz na turę, gdy chybisz atakiem przeciwko celowi, możesz na [1] tur otoczyć go <LSTag Type=""Status"" Tooltip=""FAERIE_FIRE"">Blaskiem faerie</LSTag>."
hc5dd5954g8435gfe43ga00fgee1b1e264b58	MORFOLOGIK_RULE_PL_PL	Prawdopodobna literówka	Wyostrzacz	Wykryto prawdopodobny błąd pisowni	Wyostrzasz, Wyostrzać, Wyostrz acz, Wyostrza cz	Poziom 6: Wyostrzacz umysłu
hb0fdd4d9g503ege786g4e88g495448e216a3	SKROTY_Z_KROPKA	Błędy ortograficzne	ST	"Ten skrót piszemy z kropką: ""ST."""	ST.	"Jeśli posiadacz zda test <LSTag Type=""Skills"" Tooltip=""Medicine"">Medycyny</LSTag> o ST 15, może wytworzyć dwa ekstrakty alchemiczne."
he36cd52fg6e2bge975g091bg43b8e9e46b3b	MORFOLOGIK_RULE_PL_PL	Prawdopodobna literówka	k20	Wykryto prawdopodobny błąd pisowni	KRO, K2, KKO	Kiedy posiadacz wykonuje rzut obronny na Kondycję, aby utrzymać koncentrację, wynik 9 lub niższy na k20 jest traktowany jako 10.
h9748c223gcbccga7c5g7a8dgfd5991c7bf21	MORFOLOGIK_RULE_PL_PL	Prawdopodobna literówka	Wyostrzacz	Wykryto prawdopodobny błąd pisowni	Wyostrzasz, Wyostrzać, Wyostrz acz, Wyostrza cz	Wyostrzacz umysłu
h3af4f15fgffa3gf824ga850g5f3edec1f758	SKROTY_Z_KROPKA	Błędy ortograficzne	ST	"Ten skrót piszemy z kropką: ""ST."""	ST.	"Łącząc ekstrakty, możesz sporządzić dwa roztwory alchemiczne zamiast jednego, jeśli odniesiesz powodzenie w <LSTag Tooltip=""AbilityCheck"">teście</LSTag> <LSTag Type=""Skills"" Tooltip=""Medicine"">Medycyny</LSTag> o <LSTag Tooltip=""DifficultyClass"">ST</LSTag> 15."
h0d82190dg72f2gae71g7ce4g614bca53783f	SKROTY_Z_KROPKA	Błędy ortograficzne	ST	"Ten skrót piszemy z kropką: ""ST."""	ST.	"Otrzymujesz premię do <LSTag Tooltip=""SpellDifficultyClass"">ST rzutów przeciwko swoim czarom</LSTag> oraz <LSTag Tooltip=""AttackRoll"">testów ataku</LSTag> czarami."
h99061a90g09cagcb07g6afegd32298d72981	MORFOLOGIK_RULE_PL_PL	Prawdopodobna literówka	Melfa	Wykryto prawdopodobny błąd pisowni	Elfa, Melba, Mela, Jelfa, Jelfą, Melka, Melką, Melą	Po osiągnięciu określonych poziomów Rzemieślnika zawsze masz przygotowane czary wskazane w tabeli Czarów Alchemika: na 3. poziomie — Kojące słowo i Promień zatrucia; na 5. poziomie — Płomienna kula i Kwasowa strzała Melfa; a na 9. poziomie — Forma gazowa i Masowe kojące słowo.
h7e88c185gbd54g08f0g41c1ga5e3a0ee30bd	MORFOLOGIK_RULE_PL_PL	Prawdopodobna literówka	piórkospadania	Wykryto prawdopodobny błąd pisowni	piórko spadania	Mikstura piórkospadania
h1a71759egf1c8g9a25g2327g7210d3bcea88	MORFOLOGIK_RULE_PL_PL	Prawdopodobna literówka	1k12	Wykryto prawdopodobny błąd pisowni		"Podczas <LSTag Type=""Status"" Tooltip=""RAGE"">szału</LSTag> możesz czerpać siłę z otaczających cię cieni, by odzyskać witalność. W półmroku lub ciemności możesz w ramach akcji dodatkowej odzyskać punkty wytrzymałości równe sumie 1k12 i twojego modyfikatora Kondycji."
h4d7a4652g2bf4gcf0dg7e2bg038ddc3b14d4	MORFOLOGIK_RULE_PL_PL	Prawdopodobna literówka	1k12	Wykryto prawdopodobny błąd pisowni		"Podczas <LSTag Type=""Status"" Tooltip=""RAGE"">szału</LSTag> możesz czerpać siłę z otaczających cię cieni, by odzyskać witalność. W półmroku lub ciemności możesz w ramach akcji dodatkowej odzyskać punkty wytrzymałości równe sumie 1k12 i twojego modyfikatora Kondycji."
hf54abe92g0c59g3206g795cg205f29ea03b8	MORFOLOGIK_RULE_PL_PL	Prawdopodobna literówka	k8	Wykryto prawdopodobny błąd pisowni	km, kg, ks, ku, KC, kW, KP, KK	Trzymana przez ciebie broń zostaje nasycona mocą natury. Przez czas trwania czaru możesz używać swojej cechy bazowej czarów zamiast Siły w testach ataku i rzutach na obrażenia ataków wręcz tą bronią, a jej kość obrażeń zmienia się na k8. Jeśli atak zadaje obrażenia, są to obrażenia od mocy.\n\nCzar kończy się wcześniej, jeśli rzucisz go ponownie albo wypuścisz broń z dłoni.\n\nUlepszenie sztuczki. Kość obrażeń zmienia się na k10 na 5. poziomie i na k12 na 10. poziomie.
hf54abe92g0c59g3206g795cg205f29ea03b8	MORFOLOGIK_RULE_PL_PL	Prawdopodobna literówka	k10	Wykryto prawdopodobny błąd pisowni	KRO, KKO	Trzymana przez ciebie broń zostaje nasycona mocą natury. Przez czas trwania czaru możesz używać swojej cechy bazowej czarów zamiast Siły w testach ataku i rzutach na obrażenia ataków wręcz tą bronią, a jej kość obrażeń zmienia się na k8. Jeśli atak zadaje obrażenia, są to obrażenia od mocy.\n\nCzar kończy się wcześniej, jeśli rzucisz go ponownie albo wypuścisz broń z dłoni.\n\nUlepszenie sztuczki. Kość obrażeń zmienia się na k10 na 5. poziomie i na k12 na 10. poziomie.
hf54abe92g0c59g3206g795cg205f29ea03b8	MORFOLOGIK_RULE_PL_PL	Prawdopodobna literówka	k12	Wykryto prawdopodobny błąd pisowni	K2, B12, km2	Trzymana przez ciebie broń zostaje nasycona mocą natury. Przez czas trwania czaru możesz używać swojej cechy bazowej czarów zamiast Siły w testach ataku i rzutach na obrażenia ataków wręcz tą bronią, a jej kość obrażeń zmienia się na k8. Jeśli atak zadaje obrażenia, są to obrażenia od mocy.\n\nCzar kończy się wcześniej, jeśli rzucisz go ponownie albo wypuścisz broń z dłoni.\n\nUlepszenie sztuczki. Kość obrażeń zmienia się na k10 na 5. poziomie i na k12 na 10. poziomie.
hf61e69c2g84a1g28cdg2869gee89659329d6	MORFOLOGIK_RULE_PL_PL	Prawdopodobna literówka	k8	Wykryto prawdopodobny błąd pisowni	km, kg, ks, ku, KC, kW, KP, KK	Trzymana przez ciebie maczuga albo kostur zostaje nasycony mocą natury. Przez czas trwania czaru możesz używać swojej cechy bazowej czarów zamiast Siły w testach ataku i rzutach na obrażenia ataków wręcz tą bronią, a jej kość obrażeń zmienia się na k8. Jeśli atak zadaje obrażenia, są to obrażenia od mocy.\n\nCzar kończy się wcześniej, jeśli rzucisz go ponownie albo wypuścisz broń z dłoni.\n\nUlepszenie sztuczki. Kość obrażeń zmienia się na k10 na 5. poziomie i na k12 na 10. poziomie.
hf61e69c2g84a1g28cdg2869gee89659329d6	MORFOLOGIK_RULE_PL_PL	Prawdopodobna literówka	k10	Wykryto prawdopodobny błąd pisowni	KRO, KKO	Trzymana przez ciebie maczuga albo kostur zostaje nasycony mocą natury. Przez czas trwania czaru możesz używać swojej cechy bazowej czarów zamiast Siły w testach ataku i rzutach na obrażenia ataków wręcz tą bronią, a jej kość obrażeń zmienia się na k8. Jeśli atak zadaje obrażenia, są to obrażenia od mocy.\n\nCzar kończy się wcześniej, jeśli rzucisz go ponownie albo wypuścisz broń z dłoni.\n\nUlepszenie sztuczki. Kość obrażeń zmienia się na k10 na 5. poziomie i na k12 na 10. poziomie.
hf61e69c2g84a1g28cdg2869gee89659329d6	MORFOLOGIK_RULE_PL_PL	Prawdopodobna literówka	k12	Wykryto prawdopodobny błąd pisowni	K2, B12, km2	Trzymana przez ciebie maczuga albo kostur zostaje nasycony mocą natury. Przez czas trwania czaru możesz używać swojej cechy bazowej czarów zamiast Siły w testach ataku i rzutach na obrażenia ataków wręcz tą bronią, a jej kość obrażeń zmienia się na k8. Jeśli atak zadaje obrażenia, są to obrażenia od mocy.\n\nCzar kończy się wcześniej, jeśli rzucisz go ponownie albo wypuścisz broń z dłoni.\n\nUlepszenie sztuczki. Kość obrażeń zmienia się na k10 na 5. poziomie i na k12 na 10. poziomie.
ha4f758dfga2beg1ec7gcda5g49ccf54aa751	MORFOLOGIK_RULE_PL_PL	Prawdopodobna literówka	1k10	Wykryto prawdopodobny błąd pisowni		"Wymaga dostrojenia przez Paladyna.\n\nKiedy trafisz nim Biesa lub Nieumarłego, istota to otrzymuje dodatkowe 1k10 obrażeń od światłości. Kiedy trzymasz wyciągniętą broń, tworzy ona pochodzącą od ciebie emanację o długości 3 m. Ty i wszystkie przyjazne ci istoty w Emanacji posiadacie <LSTag Tooltip=""Resistant"">odporność</LSTag> na obrażenia od czarów."
he2a10ea7ge923ge756g16a5gec995e896057	MORFOLOGIK_RULE_PL_PL	Prawdopodobna literówka	1k10	Wykryto prawdopodobny błąd pisowni		Projektujesz zbroję tak, by w walce przemieniała cię w górującego nad wrogami kolosa. Zapewnia następujące zdolności:\n\nSiłowy niszczyciel. Ze zbroi wysuwa się magiczna kula wyburzeniowa albo młot. Niszczyciel jest prostą bronią do walki wręcz z właściwością Dalekosiężna i przy trafieniu zadaje 1k10 obrażeń od mocy. Gdy trafisz nim istotę mniejszą od ciebie o co najmniej jedną kategorię rozmiaru, możesz odepchnąć ją od siebie albo przyciągnąć do siebie na odległość do 3 m.\nOlbrzymia postura. W ramach akcji dodatkowej przekształcasz i powiększasz swoją zbroję na 1 minutę.
h59b9ca7dgb3a7g13d9gaca8g5cb0cc11512f	MORFOLOGIK_RULE_PL_PL	Prawdopodobna literówka	1k8	Wykryto prawdopodobny błąd pisowni		Projektujesz zbroję z myślą o walce na pierwszej linii. Zapewnia następujące zdolności:\n\nGromowy impuls. Uderzeniami zbroi możesz wyzwalać ogłuszające fale. Impuls jest prostą bronią do walki wręcz i przy trafieniu zadaje 1k8 obrażeń od dźwięku. Trafiona nim istota ma utrudnienie w testach ataku przeciwko celom innym niż ty do początku twojej następnej tury.\nPole obronne. Gdy masz stan Zakrwawienia, możesz w ramach akcji dodatkowej zyskać tymczasowe punkty wytrzymałości w liczbie równej twojemu poziomowi Rzemieślnika. Tracisz je, jeśli zdejmiesz zbroję.
h9d97ea6eg0369g70aag3edegb0ac7465f9b3	MORFOLOGIK_RULE_PL_PL	Prawdopodobna literówka	1k6	Wykryto prawdopodobny błąd pisowni		"Dostosowujesz zbroję do bardziej dyskretnych przedsięwzięć. Zapewnia następujące zdolności:\n\nWyrzutnia błyskawic. Na zbroi pojawia się węzeł przypominający klejnot, z którego możesz strzelać błyskawicami. Wyrzutnia jest prostą bronią dystansową i przy trafieniu zadaje 1k6 obrażeń od elektryczności. Raz w każdej swojej turze, gdy trafisz nią istotę, możesz zadać mu dodatkowe 1k6 obrażeń od elektryczności.\nWzmocniony krok. Twoja szybkość zwiększa się o 1,5 m.\nPole tłumiące. Masz ułatwienie w testach Zręczności (<LSTag Type=""Skills"" Tooltip=""Stealth"">Skradanie się</LSTag>)."
h9d97ea6eg0369g70aag3edegb0ac7465f9b3	MORFOLOGIK_RULE_PL_PL	Prawdopodobna literówka	1k6	Wykryto prawdopodobny błąd pisowni		"Dostosowujesz zbroję do bardziej dyskretnych przedsięwzięć. Zapewnia następujące zdolności:\n\nWyrzutnia błyskawic. Na zbroi pojawia się węzeł przypominający klejnot, z którego możesz strzelać błyskawicami. Wyrzutnia jest prostą bronią dystansową i przy trafieniu zadaje 1k6 obrażeń od elektryczności. Raz w każdej swojej turze, gdy trafisz nią istotę, możesz zadać mu dodatkowe 1k6 obrażeń od elektryczności.\nWzmocniony krok. Twoja szybkość zwiększa się o 1,5 m.\nPole tłumiące. Masz ułatwienie w testach Zręczności (<LSTag Type=""Skills"" Tooltip=""Stealth"">Skradanie się</LSTag>)."
hf03822e2g7af0g67edg9165g36461a798fbc	MORFOLOGIK_RULE_PL_PL	Prawdopodobna literówka	2k6	Wykryto prawdopodobny błąd pisowni		Twoja magiczna zbroja zyskuje dodatkowe korzyści zależne od modelu.\n\nDrednot. Kość obrażeń Siłowego niszczyciela zwiększa się do 2k6 obrażeń od mocy, a twój zasięg zwiększa się o 3 m.\n\nStrażnik. Kość obrażeń Gromowego impulsu zwiększa się do 1k10 obrażeń od dźwięku. Ponadto za każdym razem, gdy widoczna istota zbliży się na odległość 1,5 m od ciebie, możesz wykonać przeciwko niej atak okazyjny.\n\nInfiltrator. Kość obrażeń Wyrzutni błyskawic zwiększa się do 2k6 obrażeń od elektryczności. Każda istota, która otrzyma od niej obrażenia od elektryczności, zostaje porażona.
hf03822e2g7af0g67edg9165g36461a798fbc	MORFOLOGIK_RULE_PL_PL	Prawdopodobna literówka	1k10	Wykryto prawdopodobny błąd pisowni		Twoja magiczna zbroja zyskuje dodatkowe korzyści zależne od modelu.\n\nDrednot. Kość obrażeń Siłowego niszczyciela zwiększa się do 2k6 obrażeń od mocy, a twój zasięg zwiększa się o 3 m.\n\nStrażnik. Kość obrażeń Gromowego impulsu zwiększa się do 1k10 obrażeń od dźwięku. Ponadto za każdym razem, gdy widoczna istota zbliży się na odległość 1,5 m od ciebie, możesz wykonać przeciwko niej atak okazyjny.\n\nInfiltrator. Kość obrażeń Wyrzutni błyskawic zwiększa się do 2k6 obrażeń od elektryczności. Każda istota, która otrzyma od niej obrażenia od elektryczności, zostaje porażona.
hf03822e2g7af0g67edg9165g36461a798fbc	MORFOLOGIK_RULE_PL_PL	Prawdopodobna literówka	2k6	Wykryto prawdopodobny błąd pisowni		Twoja magiczna zbroja zyskuje dodatkowe korzyści zależne od modelu.\n\nDrednot. Kość obrażeń Siłowego niszczyciela zwiększa się do 2k6 obrażeń od mocy, a twój zasięg zwiększa się o 3 m.\n\nStrażnik. Kość obrażeń Gromowego impulsu zwiększa się do 1k10 obrażeń od dźwięku. Ponadto za każdym razem, gdy widoczna istota zbliży się na odległość 1,5 m od ciebie, możesz wykonać przeciwko niej atak okazyjny.\n\nInfiltrator. Kość obrażeń Wyrzutni błyskawic zwiększa się do 2k6 obrażeń od elektryczności. Każda istota, która otrzyma od niej obrażenia od elektryczności, zostaje porażona.
h0346ca00g9886g1f41g905dge46c1a82136e	MORFOLOGIK_RULE_PL_PL	Prawdopodobna literówka	1k6	Wykryto prawdopodobny błąd pisowni		Raz podczas każdej swojej tury, gdy trafisz istotę Wyrzutnią błyskawic, możesz zadać mu dodatkowe 1k6 obrażeń od elektryczności.
h0ca5e8d6gb9fdgdf73g977bgf17f49b479f7	MORFOLOGIK_RULE_PL_PL	Prawdopodobna literówka	1k6	Wykryto prawdopodobny błąd pisowni		Raz podczas każdej swojej tury, gdy trafisz istotę Wyrzutnią błyskawic, możesz zadać mu dodatkowe 1k6 obrażeń od elektryczności.
hd05b9c65g79acgf13egbf4ag94ac102d1cb3	MORFOLOGIK_RULE_PL_PL	Prawdopodobna literówka	1k8	Wykryto prawdopodobny błąd pisowni		Możesz używać swojej Tajemnej broni palnej jako Magicznego Fokusa dla czarów Rzemieślnika. Gdy rzucasz przez nią czar Rzemieślnika, rzuć 1k8. Do jednego rzutu na obrażenia tego czaru dodajesz premię równą uzyskanemu wynikowi.
hb63bc4e3g2375g28c1gc6f9g87176ffa864b	SKROTY_Z_KROPKA	Błędy ortograficzne	ST	"Ten skrót piszemy z kropką: ""ST."""	ST.	Tworzone przez ciebie Mistyczne działo staje się bardziej niszczycielskie i zapewnia następujące korzyści.\n\nDetonacja. Gdy otrzymujesz obrażenia, możesz w ramach reakcji rozkazać działu dokonać detonacji. Każda wroga istota w promieniu 6 m od ciebie wykonuje rzut obronny na Zręczność przeciwko twojemu ST obrony przed czarami. Przy niepowodzeniu otrzymuje 3k10 obrażeń od mocy, a przy powodzeniu — połowę tych obrażeń. Z tej zdolności możesz skorzystać raz na krótki odpoczynek.\n\nSiła ognia. Rzuty obrażeń działa oraz liczba tymczasowych punktów wytrzymałości zapewnianych przez Obrońcę zwiększają się o 1k8.
hb63bc4e3g2375g28c1gc6f9g87176ffa864b	MORFOLOGIK_RULE_PL_PL	Prawdopodobna literówka	3k10	Wykryto prawdopodobny błąd pisowni		Tworzone przez ciebie Mistyczne działo staje się bardziej niszczycielskie i zapewnia następujące korzyści.\n\nDetonacja. Gdy otrzymujesz obrażenia, możesz w ramach reakcji rozkazać działu dokonać detonacji. Każda wroga istota w promieniu 6 m od ciebie wykonuje rzut obronny na Zręczność przeciwko twojemu ST obrony przed czarami. Przy niepowodzeniu otrzymuje 3k10 obrażeń od mocy, a przy powodzeniu — połowę tych obrażeń. Z tej zdolności możesz skorzystać raz na krótki odpoczynek.\n\nSiła ognia. Rzuty obrażeń działa oraz liczba tymczasowych punktów wytrzymałości zapewnianych przez Obrońcę zwiększają się o 1k8.
hb63bc4e3g2375g28c1gc6f9g87176ffa864b	MORFOLOGIK_RULE_PL_PL	Prawdopodobna literówka	1k8	Wykryto prawdopodobny błąd pisowni		Tworzone przez ciebie Mistyczne działo staje się bardziej niszczycielskie i zapewnia następujące korzyści.\n\nDetonacja. Gdy otrzymujesz obrażenia, możesz w ramach reakcji rozkazać działu dokonać detonacji. Każda wroga istota w promieniu 6 m od ciebie wykonuje rzut obronny na Zręczność przeciwko twojemu ST obrony przed czarami. Przy niepowodzeniu otrzymuje 3k10 obrażeń od mocy, a przy powodzeniu — połowę tych obrażeń. Z tej zdolności możesz skorzystać raz na krótki odpoczynek.\n\nSiła ognia. Rzuty obrażeń działa oraz liczba tymczasowych punktów wytrzymałości zapewnianych przez Obrońcę zwiększają się o 1k8.
h567842fbg3adcgb2d8ga509g4f0c4fef8cc5	SKROTY_Z_KROPKA	Błędy ortograficzne	ST	"Ten skrót piszemy z kropką: ""ST."""	ST.	Armata wyrzuca ogień w stożku o długości 4,5 m. Każda istota na tym obszarze wykonuje rzut obronny na Zręczność przeciwko twojemu ST obrony przed czarami. Przy niepowodzeniu otrzymuje obrażenia od ognia, a przy powodzeniu — połowę tych obrażeń. Łatwopalne przedmioty w stożku, które nie są noszone ani trzymane, zaczynają płonąć.
hc3d7957egbf1cga0f8gde92g70f35f4c410f	MORFOLOGIK_RULE_PL_PL	Prawdopodobna literówka	1k8	Wykryto prawdopodobny błąd pisowni		Działo emituje wybuch pozytywnej energii, która zapewnia sobie i każdemu wybranemu przez ciebie istocie w promieniu 3 m od armaty liczbę Tymczasowych punktów wytrzymałości równą 1k8 plus twój modyfikator Inteligencji (co najmniej +1).
hab1f563cgd118gb03bg41b5g1316f04ab315	SKROTY_Z_KROPKA	Błędy ortograficzne	ST	"Ten skrót piszemy z kropką: ""ST."""	ST.	Gdy otrzymujesz obrażenia, możesz w ramach reakcji nakazać armacie wybuchnąć. Każda wroga istota w promieniu 6 m od ciebie wykonuje rzut obronny na Zręczność przeciwko twojemu ST obrony przed czarami. Przy niepowodzeniu otrzymuje 3k10 obrażeń od mocy, a przy powodzeniu — połowę tych obrażeń. Możesz użyć tej zdolności raz na krótki odpoczynek.
hab1f563cgd118gb03bg41b5g1316f04ab315	MORFOLOGIK_RULE_PL_PL	Prawdopodobna literówka	3k10	Wykryto prawdopodobny błąd pisowni		Gdy otrzymujesz obrażenia, możesz w ramach reakcji nakazać armacie wybuchnąć. Każda wroga istota w promieniu 6 m od ciebie wykonuje rzut obronny na Zręczność przeciwko twojemu ST obrony przed czarami. Przy niepowodzeniu otrzymuje 3k10 obrażeń od mocy, a przy powodzeniu — połowę tych obrażeń. Możesz użyć tej zdolności raz na krótki odpoczynek.
h9c04874bg78bdgf61ag7978g3898f2f266ca	MORFOLOGIK_RULE_PL_PL	Prawdopodobna literówka	k4	Wykryto prawdopodobny błąd pisowni	km, kg, ks, ku, KC, kW, KP, KK	Wymaga dostrojenia przez Druida lub Łowcy.\n\nKiedy rzucasz czar przywracające punkty wytrzymałości, możesz rzucić k4 i dodać wyrzuconą liczbę do liczby przywróconych punktów wytrzymałości.
h59958a6fg7ff5g9780g1b47g688c0909621b	MORFOLOGIK_RULE_PL_PL	Prawdopodobna literówka	Feywild	Wykryto prawdopodobny błąd pisowni		Druidzi z Kręgu Snów pochodzą z krain silnie związanych z Feywild i jego sennymi domenami. Opieka nad światem natury czyni ich naturalnymi sprzymierzeńcami fey o dobrym charakterze. Druidzi ci pragną wypełniać świat cudami rodem ze snów. Ich magia leczy rany i niesie radość strapionym sercom, a chronione przez nich krainy są jasne i urodzajne — sen miesza się tam z rzeczywistością, a znużeni mogą znaleźć odpoczynek.
h59958a6fg7ff5g9780g1b47g688c0909621b	MORFOLOGIK_RULE_PL_PL	Prawdopodobna literówka	fey	Wykryto prawdopodobny błąd pisowni	fe, fen, key, fes, fez, fee, Fe, Feb	Druidzi z Kręgu Snów pochodzą z krain silnie związanych z Feywild i jego sennymi domenami. Opieka nad światem natury czyni ich naturalnymi sprzymierzeńcami fey o dobrym charakterze. Druidzi ci pragną wypełniać świat cudami rodem ze snów. Ich magia leczy rany i niesie radość strapionym sercom, a chronione przez nich krainy są jasne i urodzajne — sen miesza się tam z rzeczywistością, a znużeni mogą znaleźć odpoczynek.
hfdecb2bbgb554g7caage8a5ga7a203a6533c	MORFOLOGIK_RULE_PL_PL	Prawdopodobna literówka	k6	Wykryto prawdopodobny błąd pisowni	km, kg, ks, ku, KC, kW, KP, KK	Zostaniesz przesiąknięty błogosławieństwami Letniego Dworu. Jesteś źródłem energii, która daje wytchnienie od kontuzji. Masz pulę energii magicznej reprezentowanej przez liczbę k6 równą twojemu poziomowi druida.\n\nW ramach akcji dodatkowej możesz wybrać jedną istotę, którą widzisz w promieniu 18 m od ciebie i wydać liczbę tych kości równą połowie twojego poziomu druida lub mniej. Rzuć zużytymi kostkami i dodaj je do siebie. Cel odzyskuje liczbę punktów wytrzymałości równą sumie. Cel zyskuje także 1 tymczasowy punkt wytrzymałości za każdą wydaną kość.\n\nOdzyskujesz wszystkie wydane kości po zakończeniu długiego odpoczynku.
h96b414b5gdd91g3ee2g39ccg5cc08f37e532	MORFOLOGIK_RULE_PL_PL	Prawdopodobna literówka	Kenseia	Wykryto prawdopodobny błąd pisowni	Kęsej, Senseia, Senseja	Droga Kenseia
hc099c3bdga141ga29ag0b89g93d39a6878cd	MORFOLOGIK_RULE_PL_PL	Prawdopodobna literówka	Kensei	Wykryto prawdopodobny błąd pisowni	Kęsej, Sensei, Kęse, Kęsek, Kęsi, Kęski, Kęsem, Kęsie	Mnisi Drogi Kensei niestrudzenie trenują swoją broń, aż do momentu, w którym staje się ona przedłużeniem ciała. Oparta na mistrzostwie w walce mieczem tradycja rozszerzyła się i objęła wiele różnych rodzajów broni.\n\nKensei postrzega broń w podobny sposób, w jaki kaligraf lub malarz postrzega pióro lub pędzel. Niezależnie od broni, kensei postrzega ją jako narzędzie służące do wyrażania piękna i precyzji sztuk walki. To, że takie mistrzostwo czyni kensei niezrównanym wojownikiem, jest jedynie efektem ubocznym intensywnego oddania, praktyki i nauki.
hc099c3bdga141ga29ag0b89g93d39a6878cd	MORFOLOGIK_RULE_PL_PL	Prawdopodobna literówka	Kensei	Wykryto prawdopodobny błąd pisowni	Kęsej, Sensei, Kęse, Kęsek, Kęsi, Kęski, Kęsem, Kęsie	Mnisi Drogi Kensei niestrudzenie trenują swoją broń, aż do momentu, w którym staje się ona przedłużeniem ciała. Oparta na mistrzostwie w walce mieczem tradycja rozszerzyła się i objęła wiele różnych rodzajów broni.\n\nKensei postrzega broń w podobny sposób, w jaki kaligraf lub malarz postrzega pióro lub pędzel. Niezależnie od broni, kensei postrzega ją jako narzędzie służące do wyrażania piękna i precyzji sztuk walki. To, że takie mistrzostwo czyni kensei niezrównanym wojownikiem, jest jedynie efektem ubocznym intensywnego oddania, praktyki i nauki.
hc099c3bdga141ga29ag0b89g93d39a6878cd	BRAK_PRZECINKA_ANI	Błędy interpunkcyjne	 lub	"Prawdopodobnie brakuje przecinka. Powinno być: "", lub""."	, lub	Mnisi Drogi Kensei niestrudzenie trenują swoją broń, aż do momentu, w którym staje się ona przedłużeniem ciała. Oparta na mistrzostwie w walce mieczem tradycja rozszerzyła się i objęła wiele różnych rodzajów broni.\n\nKensei postrzega broń w podobny sposób, w jaki kaligraf lub malarz postrzega pióro lub pędzel. Niezależnie od broni, kensei postrzega ją jako narzędzie służące do wyrażania piękna i precyzji sztuk walki. To, że takie mistrzostwo czyni kensei niezrównanym wojownikiem, jest jedynie efektem ubocznym intensywnego oddania, praktyki i nauki.
hc099c3bdga141ga29ag0b89g93d39a6878cd	MORFOLOGIK_RULE_PL_PL	Prawdopodobna literówka	kensei	Wykryto prawdopodobny błąd pisowni	Kęsej, sensei, Kęse, Kęsek, Kęsi, Kęski, kęsek, kęsem	Mnisi Drogi Kensei niestrudzenie trenują swoją broń, aż do momentu, w którym staje się ona przedłużeniem ciała. Oparta na mistrzostwie w walce mieczem tradycja rozszerzyła się i objęła wiele różnych rodzajów broni.\n\nKensei postrzega broń w podobny sposób, w jaki kaligraf lub malarz postrzega pióro lub pędzel. Niezależnie od broni, kensei postrzega ją jako narzędzie służące do wyrażania piękna i precyzji sztuk walki. To, że takie mistrzostwo czyni kensei niezrównanym wojownikiem, jest jedynie efektem ubocznym intensywnego oddania, praktyki i nauki.
hc099c3bdga141ga29ag0b89g93d39a6878cd	MORFOLOGIK_RULE_PL_PL	Prawdopodobna literówka	kensei	Wykryto prawdopodobny błąd pisowni	Kęsej, sensei, Kęse, Kęsek, Kęsi, Kęski, kęsek, kęsem	Mnisi Drogi Kensei niestrudzenie trenują swoją broń, aż do momentu, w którym staje się ona przedłużeniem ciała. Oparta na mistrzostwie w walce mieczem tradycja rozszerzyła się i objęła wiele różnych rodzajów broni.\n\nKensei postrzega broń w podobny sposób, w jaki kaligraf lub malarz postrzega pióro lub pędzel. Niezależnie od broni, kensei postrzega ją jako narzędzie służące do wyrażania piękna i precyzji sztuk walki. To, że takie mistrzostwo czyni kensei niezrównanym wojownikiem, jest jedynie efektem ubocznym intensywnego oddania, praktyki i nauki.
h0858dcb4gdc85g9618g56bfg2d778b0aaa09	MORFOLOGIK_RULE_PL_PL	Prawdopodobna literówka	Kensei	Wykryto prawdopodobny błąd pisowni	Kęsej, Sensei, Kęse, Kęsek, Kęsi, Kęski, Kęsem, Kęsie	Poziom 3: Broń Kensei
h34484d96g7172ge149g0e7ag80b49d0406be	MORFOLOGIK_RULE_PL_PL	Prawdopodobna literówka	Kensei	Wykryto prawdopodobny błąd pisowni	Kęsej, Sensei, Kęse, Kęsek, Kęsi, Kęski, Kęsem, Kęsie	Zyskujesz biegłość w posługiwaniu się sztyletem, długim mieczem, rapierem, bułatem, krótkim mieczem, sierpem i długim łukiem, które są twoją bronią Kensei.
h0911042bg0e3cg93efgeb4eg47025adf7586	MORFOLOGIK_RULE_PL_PL	Prawdopodobna literówka	Kensei	Wykryto prawdopodobny błąd pisowni	Kęsej, Sensei, Kęse, Kęsek, Kęsi, Kęski, Kęsem, Kęsie	Jeśli w swojej turze wykonasz akcję Ataku, trzymając Broń Kensei do walki wręcz, możesz jej użyć do obrony. Dopóki broń pozostaje w twojej dłoni i nie masz stanu Obezwładnienia, zyskujesz premię +2 do Klasy Pancerza do początku twojej następnej tury.
h9ca81c6cge267g0fefg86fbg4f7ec3154e3d	MORFOLOGIK_RULE_PL_PL	Prawdopodobna literówka	Kensei	Wykryto prawdopodobny błąd pisowni	Kęsej, Sensei, Kęse, Kęsek, Kęsi, Kęski, Kęsem, Kęsie	Jeśli w swojej turze wykonasz akcję Ataku, trzymając Broń Kensei do walki wręcz, możesz jej użyć do obrony. Dopóki broń pozostaje w twojej dłoni i nie masz stanu Obezwładnienia, zyskujesz premię +2 do Klasy Pancerza do początku twojej następnej tury.
hacd7feafg2cb6g4005g54dag5aaf575140f2	MORFOLOGIK_RULE_PL_PL	Prawdopodobna literówka	Kenseia	Wykryto prawdopodobny błąd pisowni	Kęsej, Senseia, Senseja	Strzał Kenseia
hae57f052gfdcbgdab2g3137g2a46d1f2494b	MORFOLOGIK_RULE_PL_PL	Prawdopodobna literówka	kensei	Wykryto prawdopodobny błąd pisowni	Kęsej, sensei, Kęse, Kęsek, Kęsi, Kęski, kęsek, kęsem	W ramach akcji dodatkowej możesz zwiększyć w tej turze zabójczość swoich ataków dystansowych bronią kensei. Każdy cel trafiony takim atakiem otrzymuje dodatkowe 1k4 obrażeń tego samego typu co broń. Korzyść utrzymuje się do końca bieżącej tury.
hae57f052gfdcbgdab2g3137g2a46d1f2494b	MORFOLOGIK_RULE_PL_PL	Prawdopodobna literówka	1k4	Wykryto prawdopodobny błąd pisowni		W ramach akcji dodatkowej możesz zwiększyć w tej turze zabójczość swoich ataków dystansowych bronią kensei. Każdy cel trafiony takim atakiem otrzymuje dodatkowe 1k4 obrażeń tego samego typu co broń. Korzyść utrzymuje się do końca bieżącej tury.
he2295183g33c5g9814g52d8g80811e5ec84a	MORFOLOGIK_RULE_PL_PL	Prawdopodobna literówka	Kenseia	Wykryto prawdopodobny błąd pisowni	Kęsej, Senseia, Senseja	Poziom 3: Strzał Kenseia
h05735036ge53dgb166gd088g232b4ce9dad9	MORFOLOGIK_RULE_PL_PL	Prawdopodobna literówka	kensei	Wykryto prawdopodobny błąd pisowni	Kęsej, sensei, Kęse, Kęsek, Kęsi, Kęski, kęsek, kęsem	W ramach akcji dodatkowej możesz zwiększyć w tej turze zabójczość swoich ataków dystansowych bronią kensei. Każdy cel trafiony takim atakiem otrzymuje dodatkowe 1k4 obrażeń tego samego typu co broń. Korzyść utrzymuje się do końca bieżącej tury.
h05735036ge53dgb166gd088g232b4ce9dad9	MORFOLOGIK_RULE_PL_PL	Prawdopodobna literówka	1k4	Wykryto prawdopodobny błąd pisowni		W ramach akcji dodatkowej możesz zwiększyć w tej turze zabójczość swoich ataków dystansowych bronią kensei. Każdy cel trafiony takim atakiem otrzymuje dodatkowe 1k4 obrażeń tego samego typu co broń. Korzyść utrzymuje się do końca bieżącej tury.
h9a555b37g7fb4g96dcgf889g2b4ef90a9487	MORFOLOGIK_RULE_PL_PL	Prawdopodobna literówka	Kenseia	Wykryto prawdopodobny błąd pisowni	Kęsej, Senseia, Senseja	Strzał Kenseia
h37c2f505g74b4gdbc0gdcaagf075f1ac1bdb	MORFOLOGIK_RULE_PL_PL	Prawdopodobna literówka	kensei	Wykryto prawdopodobny błąd pisowni	Kęsej, sensei, Kęse, Kęsek, Kęsi, Kęski, kęsek, kęsem	W ramach akcji dodatkowej możesz zwiększyć w tej turze zabójczość swoich ataków dystansowych bronią kensei. Każdy cel trafiony takim atakiem otrzymuje dodatkowe 1k4 obrażeń tego samego typu co broń. Korzyść utrzymuje się do końca bieżącej tury.
h37c2f505g74b4gdbc0gdcaagf075f1ac1bdb	MORFOLOGIK_RULE_PL_PL	Prawdopodobna literówka	1k4	Wykryto prawdopodobny błąd pisowni		W ramach akcji dodatkowej możesz zwiększyć w tej turze zabójczość swoich ataków dystansowych bronią kensei. Każdy cel trafiony takim atakiem otrzymuje dodatkowe 1k4 obrażeń tego samego typu co broń. Korzyść utrzymuje się do końca bieżącej tury.
h1dff0d2fgf8b2g562egc63egd2c7a23bebd3	MORFOLOGIK_RULE_PL_PL	Prawdopodobna literówka	Kensei	Wykryto prawdopodobny błąd pisowni	Kęsej, Sensei, Kęse, Kęsek, Kęsi, Kęski, Kęsem, Kęsie	Poziom 6: Magiczna Broń Kensei
h999af44ag3306g0613g152bg4450c24fc0c2	MORFOLOGIK_RULE_PL_PL	Prawdopodobna literówka	Kensei	Wykryto prawdopodobny błąd pisowni	Kęsej, Sensei, Kęse, Kęsek, Kęsi, Kęski, Kęsem, Kęsie	Twoje ataki Bronią Kensei ignorują odporność na obrażenia.
h6d7740ccgef54gda0fgd2b3g349933c85fcb	MORFOLOGIK_RULE_PL_PL	Prawdopodobna literówka	kensei	Wykryto prawdopodobny błąd pisowni	Kęsej, sensei, Kęse, Kęsek, Kęsi, Kęski, kęsek, kęsem	Kiedy trafisz cel bronią kensei, możesz wydać 1 punkt ki, aby broń zadała celowi dodatkowe obrażenia równe twojej kości sztuk walki. Możesz skorzystać z tej zdolności tylko raz w każdej swojej turze.
hc101109bg0b5bg828eg9185ged74f68e424e	MORFOLOGIK_RULE_PL_PL	Prawdopodobna literówka	kensei	Wykryto prawdopodobny błąd pisowni	Kęsej, sensei, Kęse, Kęsek, Kęsi, Kęski, kęsek, kęsem	Kiedy trafisz cel bronią kensei, możesz wydać 1 punkt ki, aby broń zadała celowi dodatkowe obrażenia równe twojej kości sztuk walki. Możesz skorzystać z tej zdolności tylko raz w każdej swojej turze.
h9f1e6475gc9fcgf100g58dbg0d0896886dfb	MORFOLOGIK_RULE_PL_PL	Prawdopodobna literówka	kensei	Wykryto prawdopodobny błąd pisowni	Kęsej, sensei, Kęse, Kęsek, Kęsi, Kęski, kęsek, kęsem	Potrafisz dodatkowo wzmacniać swoją broń za pomocą ki. W ramach akcji dodatkowej możesz wydać 1 punkt ki, aby dotknięta przez ciebie broń kensei zyskała premię do testów ataku i rzutów na obrażenia. Premia utrzymuje się przez 1 minutę albo do ponownego użycia tej zdolności.
h01b344bfgb2ffg91fcg0c56gee5f0fb1bf6f	MORFOLOGIK_RULE_PL_PL	Prawdopodobna literówka	kensei	Wykryto prawdopodobny błąd pisowni	Kęsej, sensei, Kęse, Kęsek, Kęsi, Kęski, kęsek, kęsem	Potrafisz dodatkowo wzmacniać swoją broń za pomocą ki. W ramach akcji dodatkowej możesz wydać 1 punkt ki, aby dotknięta przez ciebie broń kensei zyskała premię do testów ataku i rzutów na obrażenia. Premia utrzymuje się przez 1 minutę albo do ponownego użycia tej zdolności.
hb071d3c2g373ag7bc8gf0d5g10bf8a344624	MORFOLOGIK_RULE_PL_PL	Prawdopodobna literówka	kensei	Wykryto prawdopodobny błąd pisowni	Kęsej, sensei, Kęse, Kęsek, Kęsi, Kęski, kęsek, kęsem	Potrafisz dodatkowo wzmacniać swoją broń za pomocą ki. W ramach akcji dodatkowej możesz wydać 1 punkt ki, aby dotknięta przez ciebie broń kensei zyskała premię do testów ataku i rzutów na obrażenia. Premia utrzymuje się przez 1 minutę albo do ponownego użycia tej zdolności.
h1ad514dega841gc35dg8804ga474e60b45ea	MORFOLOGIK_RULE_PL_PL	Prawdopodobna literówka	2k6	Wykryto prawdopodobny błąd pisowni		"Gdy trafisz cel magiczną bronią albo gdy twój <LSTag Type=""Spell"" Tooltip=""Target_SteelDefender"">Stalowy obrońca</LSTag> trafi cel, możesz poprzez uderzenie wyzwolić niszczycielską energię. Cel otrzymuje dodatkowe 2k6 obrażeń od mocy.\n\nZamiast tego możesz wyzwolić energię odnawiającą, wybierając widoczną istotę lub przedmiot w promieniu 9 m. Energia uzdrawia wybrany cel, przywracając mu 2k6 punktów wytrzymałości."
h1ad514dega841gc35dg8804ga474e60b45ea	MORFOLOGIK_RULE_PL_PL	Prawdopodobna literówka	2k6	Wykryto prawdopodobny błąd pisowni		"Gdy trafisz cel magiczną bronią albo gdy twój <LSTag Type=""Spell"" Tooltip=""Target_SteelDefender"">Stalowy obrońca</LSTag> trafi cel, możesz poprzez uderzenie wyzwolić niszczycielską energię. Cel otrzymuje dodatkowe 2k6 obrażeń od mocy.\n\nZamiast tego możesz wyzwolić energię odnawiającą, wybierając widoczną istotę lub przedmiot w promieniu 9 m. Energia uzdrawia wybrany cel, przywracając mu 2k6 punktów wytrzymałości."
h7a33c7b9g8cc0g6c2bg348fg50d1aa50e0f5	MORFOLOGIK_RULE_PL_PL	Prawdopodobna literówka	2k6	Wykryto prawdopodobny błąd pisowni		Gdy trafisz cel magiczną bronią, możesz skierować przez uderzenie magiczną energię i wyzwolić Niszczycielską energię. Cel otrzymuje dodatkowe 2k6 obrażeń od mocy.
h2a2d4c40ge64cg5bd8gb073g4424cebf9004	MORFOLOGIK_RULE_PL_PL	Prawdopodobna literówka	2k6	Wykryto prawdopodobny błąd pisowni		"Gdy twój <LSTag Type=""Spell"" Tooltip=""Target_SteelDefender"">Stalowy obrońca</LSTag> trafi cel, możesz skierować przez uderzenie magiczną energię i wyzwolić Niszczycielską energię. Cel otrzymuje dodatkowe 2k6 obrażeń od mocy."
hde43de07gcaa5gae30g5a72gf42e5fc93579	MORFOLOGIK_RULE_PL_PL	Prawdopodobna literówka	2k6	Wykryto prawdopodobny błąd pisowni		Wybierz jedną istotę lub obiekt, które widzisz w promieniu 9 m od celu. Uzdrawiająca energia wpływa do wybranego odbiorcy, przywracając mu punkty wytrzymałości 2k6.
h0869d35bg1af1g491egad72g2bce5ad0bb7c	MORFOLOGIK_RULE_PL_PL	Prawdopodobna literówka	Etharis	Wykryto prawdopodobny błąd pisowni		Łowcy potworów to wykwalifikowani profesjonaliści, specjalizujący się w identyfikowaniu, tropieniu i zabijaniu potworów, które zagrażają życiu i źródłom utrzymania mieszkańców Etharis.\n\nKażdy Łowca Potworów trenuje do tych zadań inną metodą. Niektórzy łowcy noszą ciężkie zbroje i tarcze chroniące przed miażdżącymi szczękami i ostrymi pazurami, inni rozstawiają sprytne pułapki, aby zachować bezpieczną odległość od potworów, na które polują, niektórzy przejmują cechy i moce swoich wrogów, aby lepiej ich zabić, a jeszcze inni parają się magią, aby uzupełnić waleczność tajemnym gniewem.
h1acefdf8gda2eg7c3cg5653ge46c213d3330	PREP_CASUS	Błędy składniowe	jego	Przyimek „w” jest używany z biernikiem.		Wiesz, że najskuteczniejszym sposobem zabicia potwora jest trafienie we właściwej chwili w jego najczulszy punkt. Za wcześnie — cios ześlizgnie się po celu. Za późno — potwór może cię wypatroszyć.\n\nGdy widoczna istota w promieniu 18 m od ciebie obiera cię albo inną istotę za cel ataku wręcz lub dystansowego, możesz w ramach reakcji wykonać przeciwko napastnikowi jeden atak bronią.
hcf7da3ddg6f1bg143bg1d62g96bcb0b5bf29	MORFOLOGIK_RULE_PL_PL	Prawdopodobna literówka	k20	Wykryto prawdopodobny błąd pisowni	KRO, K2, KKO	Testy ataku bronią i ataku bez broni kończą się trafieniem krytycznym przy wyniku 19 albo 20 na k20.
h9ca6d01dge19ag99cbg8e93gf6de98c14607	MORFOLOGIK_RULE_PL_PL	Prawdopodobna literówka	2k6	Wykryto prawdopodobny błąd pisowni		Twoja biegłość w walce wręcz pozwala zadawać miażdżące ciosy, nie pozwalając przeciwnikowi odzyskać równowagi. Gdy trafisz istotę testem ataku bronią do walki wręcz, możesz wykorzystać reakcję, aby zadać dodatkowe 2k6 obrażeń tego samego typu co broń. Istota ma utrudnienie w następnym teście ataku wykonanym przed początkiem twojej następnej tury.\n\nPo osiągnięciu 11. poziomu łowcy potworów dodatkowe obrażenia wzrastają do 4k6.
h9ca6d01dge19ag99cbg8e93gf6de98c14607	MORFOLOGIK_RULE_PL_PL	Prawdopodobna literówka	4k6	Wykryto prawdopodobny błąd pisowni	4K	Twoja biegłość w walce wręcz pozwala zadawać miażdżące ciosy, nie pozwalając przeciwnikowi odzyskać równowagi. Gdy trafisz istotę testem ataku bronią do walki wręcz, możesz wykorzystać reakcję, aby zadać dodatkowe 2k6 obrażeń tego samego typu co broń. Istota ma utrudnienie w następnym teście ataku wykonanym przed początkiem twojej następnej tury.\n\nPo osiągnięciu 11. poziomu łowcy potworów dodatkowe obrażenia wzrastają do 4k6.
h9396a6b8g3db1g53cdg44f1g9a5eb3c07ec2	SKROTY_Z_KROPKA	Błędy ortograficzne	ST	"Ten skrót piszemy z kropką: ""ST."""	ST.	Twoja reputacja sprawiła, że nawet potwory żerujące na strachu innych zaczęły bać się ciebie. Gdy trafisz istotę atakiem wykonywanym w ramach reakcji, możesz zmusić ją do rzutu obronnego na Mądrość. Przy niepowodzeniu otrzymuje stan Przerażenia do końca twojej następnej tury. ST tego rzutu wynosi 8 plus twój modyfikator Inteligencji i premia z biegłości.
h97af1d74g3b7ega7c6g7dceg969a03ccef68	MORFOLOGIK_RULE_PL_PL	Prawdopodobna literówka	białofutrych	Wykryto prawdopodobny błąd pisowni		Drugi główny ród elfów Północnych Krain wędruje niewielkimi grupami przez tundrę i lodowe wzgórza Ponurej Przestrzeni, polując na karibu i mamuty z grzbietów reniferów oraz białofutrych tygrysów szablozębnych. Lodowe elfy żyją zwykle w odosobnieniu i są zaciekle samowystarczalne. Zyskały przez to opinię skrytych, choć w rzeczywistości po prostu niewiele obchodzi je szerszy świat. Nie oczekują pomocy od obcych ani nie są też skłonne jej udzielać. Czasami są jednak gotowe handlować z ludźmi, krasnoludami i trollkinami. Wbrew przekonaniom niedoinformowanych przybyszów tylko nieliczne społeczności lodowych elfów czczą Boreasa i wypełniają jego wolę; większość nie chce mieć nic wspólnego z tym złowrogim bóstwem.
h97af1d74g3b7ega7c6g7dceg969a03ccef68	MORFOLOGIK_RULE_PL_PL	Prawdopodobna literówka	trollkinami	Wykryto prawdopodobny błąd pisowni	troll kinami	Drugi główny ród elfów Północnych Krain wędruje niewielkimi grupami przez tundrę i lodowe wzgórza Ponurej Przestrzeni, polując na karibu i mamuty z grzbietów reniferów oraz białofutrych tygrysów szablozębnych. Lodowe elfy żyją zwykle w odosobnieniu i są zaciekle samowystarczalne. Zyskały przez to opinię skrytych, choć w rzeczywistości po prostu niewiele obchodzi je szerszy świat. Nie oczekują pomocy od obcych ani nie są też skłonne jej udzielać. Czasami są jednak gotowe handlować z ludźmi, krasnoludami i trollkinami. Wbrew przekonaniom niedoinformowanych przybyszów tylko nieliczne społeczności lodowych elfów czczą Boreasa i wypełniają jego wolę; większość nie chce mieć nic wspólnego z tym złowrogim bóstwem.
h97af1d74g3b7ega7c6g7dceg969a03ccef68	MORFOLOGIK_RULE_PL_PL	Prawdopodobna literówka	Boreasa	Wykryto prawdopodobny błąd pisowni	Boreasza, Boreasz	Drugi główny ród elfów Północnych Krain wędruje niewielkimi grupami przez tundrę i lodowe wzgórza Ponurej Przestrzeni, polując na karibu i mamuty z grzbietów reniferów oraz białofutrych tygrysów szablozębnych. Lodowe elfy żyją zwykle w odosobnieniu i są zaciekle samowystarczalne. Zyskały przez to opinię skrytych, choć w rzeczywistości po prostu niewiele obchodzi je szerszy świat. Nie oczekują pomocy od obcych ani nie są też skłonne jej udzielać. Czasami są jednak gotowe handlować z ludźmi, krasnoludami i trollkinami. Wbrew przekonaniom niedoinformowanych przybyszów tylko nieliczne społeczności lodowych elfów czczą Boreasa i wypełniają jego wolę; większość nie chce mieć nic wspólnego z tym złowrogim bóstwem.
h61b97fdcga929gadd6gfe5cgaff22e08890c	MORFOLOGIK_RULE_PL_PL	Prawdopodobna literówka	białofutrych	Wykryto prawdopodobny błąd pisowni		Drugi główny ród elfów Północnych Krain wędruje niewielkimi grupami przez tundrę i lodowe wzgórza Ponurej Przestrzeni, polując na karibu i mamuty z grzbietów reniferów oraz białofutrych tygrysów szablozębnych. Lodowe elfy żyją zwykle w odosobnieniu i są zaciekle samowystarczalne. Zyskały przez to opinię skrytych, choć w rzeczywistości po prostu niewiele obchodzi je szerszy świat. Nie oczekują pomocy od obcych ani nie są też skłonne jej udzielać. Czasami są jednak gotowe handlować z ludźmi, krasnoludami i trollkinami. Wbrew przekonaniom niedoinformowanych przybyszów tylko nieliczne społeczności lodowych elfów czczą Boreasa i wypełniają jego wolę; większość nie chce mieć nic wspólnego z tym złowrogim bóstwem.
h61b97fdcga929gadd6gfe5cgaff22e08890c	MORFOLOGIK_RULE_PL_PL	Prawdopodobna literówka	trollkinami	Wykryto prawdopodobny błąd pisowni	troll kinami	Drugi główny ród elfów Północnych Krain wędruje niewielkimi grupami przez tundrę i lodowe wzgórza Ponurej Przestrzeni, polując na karibu i mamuty z grzbietów reniferów oraz białofutrych tygrysów szablozębnych. Lodowe elfy żyją zwykle w odosobnieniu i są zaciekle samowystarczalne. Zyskały przez to opinię skrytych, choć w rzeczywistości po prostu niewiele obchodzi je szerszy świat. Nie oczekują pomocy od obcych ani nie są też skłonne jej udzielać. Czasami są jednak gotowe handlować z ludźmi, krasnoludami i trollkinami. Wbrew przekonaniom niedoinformowanych przybyszów tylko nieliczne społeczności lodowych elfów czczą Boreasa i wypełniają jego wolę; większość nie chce mieć nic wspólnego z tym złowrogim bóstwem.
h61b97fdcga929gadd6gfe5cgaff22e08890c	MORFOLOGIK_RULE_PL_PL	Prawdopodobna literówka	Boreasa	Wykryto prawdopodobny błąd pisowni	Boreasza, Boreasz	Drugi główny ród elfów Północnych Krain wędruje niewielkimi grupami przez tundrę i lodowe wzgórza Ponurej Przestrzeni, polując na karibu i mamuty z grzbietów reniferów oraz białofutrych tygrysów szablozębnych. Lodowe elfy żyją zwykle w odosobnieniu i są zaciekle samowystarczalne. Zyskały przez to opinię skrytych, choć w rzeczywistości po prostu niewiele obchodzi je szerszy świat. Nie oczekują pomocy od obcych ani nie są też skłonne jej udzielać. Czasami są jednak gotowe handlować z ludźmi, krasnoludami i trollkinami. Wbrew przekonaniom niedoinformowanych przybyszów tylko nieliczne społeczności lodowych elfów czczą Boreasa i wypełniają jego wolę; większość nie chce mieć nic wspólnego z tym złowrogim bóstwem.
hae222c4fga6fbgac62g739fg68a9d81a56c3	MORFOLOGIK_RULE_PL_PL	Prawdopodobna literówka	Etharis	Wykryto prawdopodobny błąd pisowni		Mieszkańcy Etharis nie zawsze dobrze wypowiadają się o Łowcach Potworów, a wielu uważa ich za równie zdeprawowanych i nieludzkich, jak zło, które pokonują. Wiele przerażających opowieści o Łowcach Potworów można przypisać, bezpośrednio lub pośrednio, Gildii Pożeraczy, oskarżanej o bycie potwornymi kanibalami.\n\nPrawda jest niewiele lepsza. Pożeracze spędzają całe dnie na spożywaniu mięsa i krwi zabijanych przez siebie potworów, a z biegiem czasu ich metabolizm zmienił się, aby tolerować tę obrzydliwą praktykę. Pożeracze przyjmują mutacje wkrótce po pożarciu ofiary.
h020e73f6gf74eg8fa5ga3a2gc0e28b778b62	MORFOLOGIK_RULE_PL_PL	Prawdopodobna literówka	1k6	Wykryto prawdopodobny błąd pisowni		Spożywanie potworów zwiększa twoje zrozumienie ich i ich zachowań. Otrzymujesz ten dodatkowy efekt, kiedy skonsumujesz porcję potwora: Przez 1 minutę, gdy wykonasz atak w ramach reakcji, zadajesz dodatkowe 1k6 obrażeń.
hcae93600g722fg2de2g2f0fg60184d7ba2f0	MORFOLOGIK_RULE_PL_PL	Prawdopodobna literówka	2k6	Wykryto prawdopodobny błąd pisowni		Przez 1 minutę twoja krew staje się kwaśna. Za każdym razem, gdy istota zaatakuje cię w promieniu 1,5 m od ciebie, otrzymuje 2k6 obrażeń od kwasu.
h95627a66gf92eg2d99g31e2ge9a622a94222	MORFOLOGIK_RULE_PL_PL	Prawdopodobna literówka	1k6	Wykryto prawdopodobny błąd pisowni		Przez 1 minutę masz ułatwienie w testach Siły i rzutach obronnych. Masz także ułatwienie w testach ataku wykorzystujących Siłę i zadajesz 1k6 dodatkowe obrażenia celom, które trafisz atakiem opartym na Sile. Obrażenia są tego samego rodzaju, jakie zadaje atak.
h8a5acea8g48afg5d80g2670g4f92b9e54c1e	MORFOLOGIK_RULE_PL_PL	Prawdopodobna literówka	2k8	Wykryto prawdopodobny błąd pisowni		Odzyskujesz punkty wytrzymałości równe 2k8 plus twój poziom Łowcy Potworów.
h5b8f7438g5b18gdde5gc4dfga7996a555481	MORFOLOGIK_RULE_PL_PL	Prawdopodobna literówka	2k6	Wykryto prawdopodobny błąd pisowni		Przez 1 minutę twoja krew staje się kwaśna. Za każdym razem, gdy istota zaatakuje cię w promieniu 1,5 m od ciebie, otrzymuje 2k6 obrażeń od kwasu.
h8bb68f75g3204gd036ge31dgd30865e8fc34	MORFOLOGIK_RULE_PL_PL	Prawdopodobna literówka	1k6	Wykryto prawdopodobny błąd pisowni		Przez 1 minutę masz ułatwienie w testach Siły i rzutach obronnych. Masz także ułatwienie w testach ataku wykorzystujących Siłę i zadajesz 1k6 dodatkowe obrażenia celom, które trafisz atakiem opartym na Sile. Obrażenia są tego samego rodzaju, jakie zadaje atak.
h153b4fe6g72f3g247fg04f1g5e857e482941	MORFOLOGIK_RULE_PL_PL	Prawdopodobna literówka	1k6	Wykryto prawdopodobny błąd pisowni		Kiedy wykonujesz atak w ramach reakcji, przez 1 minutę zadajesz dodatkowe 1k6 obrażeń.
ha52e0ea7g613bg7d1egefc0gbcb5735e1445	MORFOLOGIK_RULE_PL_PL	Prawdopodobna literówka	Etharis	Wykryto prawdopodobny błąd pisowni		W Etharis są ci, którzy boją się magii i tacy, którzy chcą ją zrozumieć. Łowcy Potworów z Gildii Okultystów wiedzą, że ludzie z obu stron są równie niebezpieczni. Okultysta bada tajemnice, zjawiska nadprzyrodzone i niesamowite, unikając jednocześnie wpływu przesądów i ideologii. Pomimo swojej reputacji łowców magów, okultyści nie palą swoich wrogów na stosie – okultyści zabijają ich mieczem, bo po to właśnie są miecze. Wiedza i magia dają okultystom przewagę nad mistycznymi przeciwnikami. Ich czary służą do wykrywania i obrony przed niebezpiecznymi arkanami, a przede wszystkim magia służy do niszczenia potworów, których stal nie może zranić.
h3b8a1f9dg4458ga3d3ga263gf4e1b90b9524	MORFOLOGIK_RULE_PL_PL	Prawdopodobna literówka	Hadara	Wykryto prawdopodobny błąd pisowni	Tatara, Gadara, Gadarą, Hadada, Hadała, Hadałą, Hataka, Kadara	Więź z tą boską domeną sprawia, że zawsze masz przygotowane określone czary. Po osiągnięciu poziomu Kleryka wskazanego w tabeli Czarów Domeny Apokalipsy zawsze masz przygotowane wymienione w niej czary: na 3. poziomie — Ciemność, Piekielna reprymenda, Urojona siła i Fala gromu; na 5. poziomie — Głód Hadara i Strach; na 7. poziomie — Skaza i Burza lodu; a na 9. poziomie — Zabójcza chmura i Plaga owadów.
h7c50337fg49e2g1d8agf87ag04e30ad44c96	MORFOLOGIK_RULE_PL_PL	Prawdopodobna literówka	Hadara	Wykryto prawdopodobny błąd pisowni	Tatara, Gadara, Gadarą, Hadada, Hadała, Hadałą, Hataka, Kadara	Na 3. poziomie zawsze masz przygotowane Ciemność, Piekielną reprymendę, Urojoną siłę i Falę gromu; na 5. poziomie — Głód Hadara i Strach; na 7. poziomie — Skazę i Burzę lodu; a na 9. poziomie — Zabójczą chmurę i Plagę owadów.
h469b91e3g1e80g366cg1b58gaf7e45b960a9	MORFOLOGIK_RULE_PL_PL	Prawdopodobna literówka	k20	Wykryto prawdopodobny błąd pisowni	KRO, K2, KKO	Możesz użyć Aktu wiary, aby przyspieszyć zagładę istoty. W ramach akcji dodatkowej zużyj jedno użycie Aktu wiary i wybierz widoczną istotę w promieniu 36 m od siebie. Przez 10 minut test ataku przeciwko niej zapewnia trafienie krytyczne przy wyniku 19 albo 20 na k20.
h7ffa0044gb8c8g868fg7f1fgf74e697c363e	MORFOLOGIK_RULE_PL_PL	Prawdopodobna literówka	k20	Wykryto prawdopodobny błąd pisowni	KRO, K2, KKO	Możesz użyć Aktu wiary, aby przyspieszyć zagładę istoty. W ramach akcji dodatkowej zużyj jedno użycie Aktu wiary i wybierz widoczną istotę w promieniu 36 m od siebie. Przez 10 minut test ataku przeciwko niej zapewnia trafienie krytyczne przy wyniku 19 albo 20 na k20.
h32e38e85g25adgefa8g1b85gc609d74dfdb7	MORFOLOGIK_RULE_PL_PL	Prawdopodobna literówka	k20	Wykryto prawdopodobny błąd pisowni	KRO, K2, KKO	Testy ataku przeciwko tej istocie powodują trafienie krytyczne przy wyniku 19 lub 20 na k20.
h4f02a443g002fgceafgd54dg4a6985d6d2b9	MORFOLOGIK_RULE_PL_PL	Prawdopodobna literówka	k20	Wykryto prawdopodobny błąd pisowni	KRO, K2, KKO	Testy ataku przeciwko istocie będącemu celem Pieśń zagłady powodują trafienie krytyczne przy wyniku 19 lub 20 na k20.
h78ec0f4cgdceeg4a48gd10ag8d7fa8a15f49	MORFOLOGIK_RULE_PL_PL	Prawdopodobna literówka	żywiołaka	Wykryto prawdopodobny błąd pisowni	żywioł aka	Po osiągnięciu poziomu Zaklinacza wskazanego w tabeli Czarów mrozu zawsze masz przygotowane wymienione w niej czary: na 3. poziomie — Ślepota, Lodowy nóż, Krok przez mgłę i Uśpienie; na 5. poziomie — Śnieżyca i Spowolnienie; na 7. poziomie — Tarcza ognia i Burza lodu; a na 9. poziomie — Stożek zimna i Przywołanie żywiołaka.
h633e7853gfe5cgc83fg46c5g12d2c8161229	MORFOLOGIK_RULE_PL_PL	Prawdopodobna literówka	żywiołaka	Wykryto prawdopodobny błąd pisowni	żywioł aka	"Na 3. poziomie zawsze masz przygotowane <LSTag Type=""Spell"" Tooltip=""Target_Blindness"">Ślepotę</LSTag>, Lodowy nóż, Krok przez mgłę i Uśpienie; na 5. poziomie — Śnieżycę i Spowolnienie; na 7. poziomie — Tarczę ognia i Burzę lodu; a na 9. poziomie — Stożek zimna i Przywołanie żywiołaka."
hfdadc829g334eg78cegcbaegac19146a68cc	SKROTY_Z_KROPKA	Błędy ortograficzne	ST	"Ten skrót piszemy z kropką: ""ST."""	ST.	W ramach akcji Magii możesz wyzwolić z ostrza skupioną wiązkę błyskawic tworzącą linię o długości 18 m i szerokości 1,5 m. Każda istota w linii wykonuje rzut obronny na Zręczność o ST 15. Przy niepowodzeniu otrzymuje 4k6 obrażeń od elektryczności, a przy powodzeniu — połowę tych obrażeń.
hfdadc829g334eg78cegcbaegac19146a68cc	MORFOLOGIK_RULE_PL_PL	Prawdopodobna literówka	4k6	Wykryto prawdopodobny błąd pisowni	4K	W ramach akcji Magii możesz wyzwolić z ostrza skupioną wiązkę błyskawic tworzącą linię o długości 18 m i szerokości 1,5 m. Każda istota w linii wykonuje rzut obronny na Zręczność o ST 15. Przy niepowodzeniu otrzymuje 4k6 obrażeń od elektryczności, a przy powodzeniu — połowę tych obrażeń.
h5fe7400ag82f7g6073g3bcbgd343cec9bd16	BRAK_SPACJI_NAWIAS	Błędy typograficzne	+[	"Brak spacji przed nawisem: ""+ [""."	+ [	"Ta broń zapewnia premię +[1] do testów ataku, rzutów obrażeń, <LSTag Tooltip=""SpellDifficultyClass"">ST rzutów przeciwko swoim czarom</LSTag> oraz <LSTag Tooltip=""AttackRoll"">testów ataku</LSTag> czarami."
h5fe7400ag82f7g6073g3bcbgd343cec9bd16	SKROTY_Z_KROPKA	Błędy ortograficzne	ST	"Ten skrót piszemy z kropką: ""ST."""	ST.	"Ta broń zapewnia premię +[1] do testów ataku, rzutów obrażeń, <LSTag Tooltip=""SpellDifficultyClass"">ST rzutów przeciwko swoim czarom</LSTag> oraz <LSTag Tooltip=""AttackRoll"">testów ataku</LSTag> czarami."
h99e76e2eg9ad8ge1c9g7478g77f49aa7113e	BRAK_SPACJI_NAWIAS	Błędy typograficzne	+[	"Brak spacji przed nawisem: ""+ [""."	+ [	"Ta broń zapewnia premię +[1] do testów ataku, rzutów obrażeń, <LSTag Tooltip=""SpellDifficultyClass"">ST rzutów przeciwko swoim czarom</LSTag> oraz <LSTag Tooltip=""AttackRoll"">testów ataku</LSTag> czarami."
h99e76e2eg9ad8ge1c9g7478g77f49aa7113e	SKROTY_Z_KROPKA	Błędy ortograficzne	ST	"Ten skrót piszemy z kropką: ""ST."""	ST.	"Ta broń zapewnia premię +[1] do testów ataku, rzutów obrażeń, <LSTag Tooltip=""SpellDifficultyClass"">ST rzutów przeciwko swoim czarom</LSTag> oraz <LSTag Tooltip=""AttackRoll"">testów ataku</LSTag> czarami."
hb6b0d9beg878egbb1fg173cgc579422a5d85	MORFOLOGIK_RULE_PL_PL	Prawdopodobna literówka	wieloświata	Wykryto prawdopodobny błąd pisowni		Domena Grobu zajmuje się granicą między życiem a śmiercią. Dla tych, którzy korzystają z mocy tej domeny, śmierć jest naturalną i nieuniknioną częścią wieloświata. Tacy Klerycy starają się niszczyć nieumarłych i duchy pasterskie.\n\nMagia tej domeny pozwala także tym Klerykom na pewien czas powstrzymać śmierć. Jest to jednak jedynie opóźnienie śmierci, a nie jej zaprzeczenie, gdyż grób zawsze będzie domagał się tego, co mu się należy.
h3c269efagf9cbgfc7dga3bag5ea715ef1024	MORFOLOGIK_RULE_PL_PL	Prawdopodobna literówka	1k4	Wykryto prawdopodobny błąd pisowni		Potrafisz wpływać na równowagę między życiem a śmiercią, co zapewnia ci następujące korzyści.\n\nZew śmierci. Raz na turę, gdy zadajesz obrażenia czarem albo trafieniem w teście ataku istocie, która nie ma wszystkich punktów wytrzymałości, otrzymuje ono dodatkowe 1k4 obrażeń nekrotycznych. Dodatkowe obrażenia wzrastają do 1k6 po osiągnięciu 11. poziomu kleryka.\n\nPowrót do życia. Możesz rzucić Powstrzymanie śmierci w ramach akcji dodatkowej.\n\nPonadto, gdy czarem lub Aktem wiary przywracasz punkty wytrzymałości istocie mającemu 0 punktów wytrzymałości i normalnie musiałbyś wykonać w tym celu co najmniej jeden rzut kością, nie wykonujesz tych rzutów. Istota odzyskuje zamiast tego punkty wytrzymałości w liczbie równej twojemu poziomowi kleryka.
h3c269efagf9cbgfc7dga3bag5ea715ef1024	MORFOLOGIK_RULE_PL_PL	Prawdopodobna literówka	1k6	Wykryto prawdopodobny błąd pisowni		Potrafisz wpływać na równowagę między życiem a śmiercią, co zapewnia ci następujące korzyści.\n\nZew śmierci. Raz na turę, gdy zadajesz obrażenia czarem albo trafieniem w teście ataku istocie, która nie ma wszystkich punktów wytrzymałości, otrzymuje ono dodatkowe 1k4 obrażeń nekrotycznych. Dodatkowe obrażenia wzrastają do 1k6 po osiągnięciu 11. poziomu kleryka.\n\nPowrót do życia. Możesz rzucić Powstrzymanie śmierci w ramach akcji dodatkowej.\n\nPonadto, gdy czarem lub Aktem wiary przywracasz punkty wytrzymałości istocie mającemu 0 punktów wytrzymałości i normalnie musiałbyś wykonać w tym celu co najmniej jeden rzut kością, nie wykonujesz tych rzutów. Istota odzyskuje zamiast tego punkty wytrzymałości w liczbie równej twojemu poziomowi kleryka.
h4d2b70ecgee46g15a5g5c0bga91856311ba5	MORFOLOGIK_RULE_PL_PL	Prawdopodobna literówka	narośla	Wykryto prawdopodobny błąd pisowni	narosła, narosłą, naroślą, narosłe, narosło, narosły, narośli, zarosła	Czerpiesz moc z dziwnych, pradawnych koszmarów tej krainy. Wyrastają z ciebie nienaturalne narośla, takie jak krwawe poroże lub gnijące kły, a twój cień wydłuża się albo wije wokół ciebie. W ramach akcji dodatkowej możesz zużyć jedno użycie Ulubionego Wroga, aby przybrać upiorną postać i zyskać poniższe korzyści na 1 minutę, do chwili Obezwładnienia lub śmierci albo do zakończenia przemiany (bez użycia akcji).\n\nPradawny pancerz. Twoje ciało spowijają zgniła kora i zwierzęca szczecina, co zapewnia ci premię +1 do KP. Premia wzrasta do +2 na 11. poziomie łowcy.\n\nKrążąca zemsta. Natychmiast po tym, jak widoczna istota w promieniu 1,5 m od ciebie zada obrażenia tobie albo jednemu z twoich sojuszników, możesz wykonać przeciwko niej atak okazyjny.\n\nNiepokojąca aura. Gdy się przemieniasz oraz na początku każdej swojej kolejnej tury, każda wybrana przez ciebie istota w emanacji o promieniu 3 m, której źródłem jesteś, wykonuje rzut obronny na Mądrość przeciwko twojemu ST obrony przed czarami. Przy niepowodzeniu otrzymuje stan Przerażenia do początku twojej następnej tury.
h4d2b70ecgee46g15a5g5c0bga91856311ba5	SKROTY_Z_KROPKA	Błędy ortograficzne	ST	"Ten skrót piszemy z kropką: ""ST."""	ST.	Czerpiesz moc z dziwnych, pradawnych koszmarów tej krainy. Wyrastają z ciebie nienaturalne narośla, takie jak krwawe poroże lub gnijące kły, a twój cień wydłuża się albo wije wokół ciebie. W ramach akcji dodatkowej możesz zużyć jedno użycie Ulubionego Wroga, aby przybrać upiorną postać i zyskać poniższe korzyści na 1 minutę, do chwili Obezwładnienia lub śmierci albo do zakończenia przemiany (bez użycia akcji).\n\nPradawny pancerz. Twoje ciało spowijają zgniła kora i zwierzęca szczecina, co zapewnia ci premię +1 do KP. Premia wzrasta do +2 na 11. poziomie łowcy.\n\nKrążąca zemsta. Natychmiast po tym, jak widoczna istota w promieniu 1,5 m od ciebie zada obrażenia tobie albo jednemu z twoich sojuszników, możesz wykonać przeciwko niej atak okazyjny.\n\nNiepokojąca aura. Gdy się przemieniasz oraz na początku każdej swojej kolejnej tury, każda wybrana przez ciebie istota w emanacji o promieniu 3 m, której źródłem jesteś, wykonuje rzut obronny na Mądrość przeciwko twojemu ST obrony przed czarami. Przy niepowodzeniu otrzymuje stan Przerażenia do początku twojej następnej tury.
h197a4fbbg54d8g3303g20b2ga713257e8f7a	MORFOLOGIK_RULE_PL_PL	Prawdopodobna literówka	1k10	Wykryto prawdopodobny błąd pisowni		"Zyskujesz premię do rzutów obronnych na Kondycję równą twojemu modyfikatorowi Mądrości (co najmniej +1).\n\nPonadto raz na turę, gdy w postaci uzyskanej dzięki <LSTag Type=""Passive"" Tooltip=""HollowWarden_3_WrathOfTheWild"">Gniewowi dziczy</LSTag> trafisz istotę testem ataku, odzyskujesz punkty wytrzymałości w liczbie równej 1k10 plus twój modyfikator Mądrości, o ile w chwili trafienia masz stan Zakrwawienia."
h552007ebg0886g488bgccfag99d4097696ee	MORFOLOGIK_RULE_PL_PL	Prawdopodobna literówka	narośla	Wykryto prawdopodobny błąd pisowni	narosła, narosłą, naroślą, narosłe, narosło, narosły, narośli, zarosła	Czerpiesz moc z dziwnych, pradawnych koszmarów tej krainy. Wyrastają z ciebie nienaturalne narośla, takie jak krwawe poroże lub gnijące kły, a twój cień wydłuża się albo wije wokół ciebie. W ramach akcji dodatkowej możesz zużyć jedno użycie Ulubionego Wroga, aby przybrać upiorną postać i zyskać poniższe korzyści na 1 minutę, do chwili Obezwładnienia lub śmierci albo do zakończenia przemiany (bez użycia akcji).\n\nPradawny pancerz. Twoje ciało spowijają zgniła kora i zwierzęca szczecina, co zapewnia ci premię +1 do KP. Premia wzrasta do +2 na 11. poziomie łowcy.\n\nKrążąca zemsta. Natychmiast po tym, jak widoczna istota w promieniu 1,5 m od ciebie zada obrażenia tobie albo jednemu z twoich sojuszników, możesz wykonać przeciwko niej atak okazyjny.\n\nNiepokojąca aura. Gdy się przemieniasz oraz na początku każdej swojej kolejnej tury, każda wybrana przez ciebie istota w emanacji o promieniu 3 m, której źródłem jesteś, wykonuje rzut obronny na Mądrość przeciwko twojemu ST obrony przed czarami. Przy niepowodzeniu otrzymuje stan Przerażenia do początku twojej następnej tury.
h552007ebg0886g488bgccfag99d4097696ee	SKROTY_Z_KROPKA	Błędy ortograficzne	ST	"Ten skrót piszemy z kropką: ""ST."""	ST.	Czerpiesz moc z dziwnych, pradawnych koszmarów tej krainy. Wyrastają z ciebie nienaturalne narośla, takie jak krwawe poroże lub gnijące kły, a twój cień wydłuża się albo wije wokół ciebie. W ramach akcji dodatkowej możesz zużyć jedno użycie Ulubionego Wroga, aby przybrać upiorną postać i zyskać poniższe korzyści na 1 minutę, do chwili Obezwładnienia lub śmierci albo do zakończenia przemiany (bez użycia akcji).\n\nPradawny pancerz. Twoje ciało spowijają zgniła kora i zwierzęca szczecina, co zapewnia ci premię +1 do KP. Premia wzrasta do +2 na 11. poziomie łowcy.\n\nKrążąca zemsta. Natychmiast po tym, jak widoczna istota w promieniu 1,5 m od ciebie zada obrażenia tobie albo jednemu z twoich sojuszników, możesz wykonać przeciwko niej atak okazyjny.\n\nNiepokojąca aura. Gdy się przemieniasz oraz na początku każdej swojej kolejnej tury, każda wybrana przez ciebie istota w emanacji o promieniu 3 m, której źródłem jesteś, wykonuje rzut obronny na Mądrość przeciwko twojemu ST obrony przed czarami. Przy niepowodzeniu otrzymuje stan Przerażenia do początku twojej następnej tury.
h5b50bb5cg8fd5g63ccgdf38gc338449b5822	MORFOLOGIK_RULE_PL_PL	Prawdopodobna literówka	narośla	Wykryto prawdopodobny błąd pisowni	narosła, narosłą, naroślą, narosłe, narosło, narosły, narośli, zarosła	Czerpiesz moc z dziwnych i starożytnych okropności tej krainy, powodując, że wyrastają z ciebie nienaturalne narośla, takie jak krwawe poroże lub zgniłe kły, lub powodujesz, że twój cień wydłuża się lub skręca wokół ciebie. W ramach akcji dodatkowej możesz wykorzystać Ulubionego Wroga, aby przemienić się w upiorną formę, zyskując następujące korzyści na 1 minutę lub do czasu, aż otrzymasz stan Obezwładnienia, umrzesz lub zakończysz transformację (nie jest wymagana żadna akcja).
hfe6b221fg701bg9db4gdb32ga44f7bac6573	SKROTY_Z_KROPKA	Błędy ortograficzne	ST	"Ten skrót piszemy z kropką: ""ST."""	ST.	Gdy się przemieniasz oraz na początku każdej swojej kolejnej tury, każda wybrana przez ciebie istota w emanacji o promieniu 3 m, której źródłem jesteś, wykonuje rzut obronny na Mądrość przeciwko twojemu ST obrony przed czarami. Przy niepowodzeniu otrzymuje stan Przerażenia do początku twojej następnej tury.
h5d295166ga39bg4056gc6afg3170dfffabae	MORFOLOGIK_RULE_PL_PL	Prawdopodobna literówka	1k10	Wykryto prawdopodobny błąd pisowni		Odzyskujesz liczbę punktów wytrzymałości równą 1k10 plus modyfikator Mądrości.
h8fe28200g46b7g051cga5b0ga6bd5b6a5b73	MORFOLOGIK_RULE_PL_PL	Prawdopodobna literówka	liczem	Wykryto prawdopodobny błąd pisowni	liczę, biczem, łączem, kiczem, Biczem, Iliczem, Kiczę, Liazem	Twój pakt łączy cię z istotą, która przeciwstawia się cyklowi życia i śmierci: potężnym liczem, wampirem albo inną nieumarłą istotą. Ci pradawni patroni sami byli kiedyś śmiertelnikami, dlatego dobrze znają ścieżki ambicji i drogi prowadzące przez wrota śmierci. Chętnie dzielą się bluźnierczą wiedzą i innymi tajemnicami z tymi, którzy wypełniają ich wolę wśród żywych.
h60b8e3b3ge993g7677ge82egd9590a175841	MORFOLOGIK_RULE_PL_PL	Prawdopodobna literówka	1k10	Wykryto prawdopodobny błąd pisowni		W ramach akcji dodatkowej stajesz się ucieleśnieniem przerażającej mocy swojego patrona. Poniższe korzyści utrzymują się przez 1 minutę, do chwili otrzymania stanu Obezwładnienia albo do zakończenia przemiany (bez użycia akcji). Możesz przemienić się tyle razy, ile wynosi twój modyfikator Charyzmy (co najmniej raz), a odzyskujesz wszystkie użycia po długim odpoczynku.\n\nPozór życia. Zyskujesz tymczasowe punkty wytrzymałości w liczbie równej 1k10 plus twój poziom Czarownika.\n\nNieustraszona postać. Zyskujesz niewrażliwość na Przerażenie. Jeśli podczas przemiany masz stan Przerażenia, stan ten natychmiast się kończy.\n\nPrzerażający awatar. Raz na turę, gdy trafisz istotę testem ataku, możesz zmusić ją do wykonania rzutu obronnego na Mądrość przeciwko twojemu ST obrony przed czarami. Przy niepowodzeniu cel otrzymuje stan Przerażenia do końca twojej następnej tury.
h60b8e3b3ge993g7677ge82egd9590a175841	SKROTY_Z_KROPKA	Błędy ortograficzne	ST	"Ten skrót piszemy z kropką: ""ST."""	ST.	W ramach akcji dodatkowej stajesz się ucieleśnieniem przerażającej mocy swojego patrona. Poniższe korzyści utrzymują się przez 1 minutę, do chwili otrzymania stanu Obezwładnienia albo do zakończenia przemiany (bez użycia akcji). Możesz przemienić się tyle razy, ile wynosi twój modyfikator Charyzmy (co najmniej raz), a odzyskujesz wszystkie użycia po długim odpoczynku.\n\nPozór życia. Zyskujesz tymczasowe punkty wytrzymałości w liczbie równej 1k10 plus twój poziom Czarownika.\n\nNieustraszona postać. Zyskujesz niewrażliwość na Przerażenie. Jeśli podczas przemiany masz stan Przerażenia, stan ten natychmiast się kończy.\n\nPrzerażający awatar. Raz na turę, gdy trafisz istotę testem ataku, możesz zmusić ją do wykonania rzutu obronnego na Mądrość przeciwko twojemu ST obrony przed czarami. Przy niepowodzeniu cel otrzymuje stan Przerażenia do końca twojej następnej tury.
h72a8bf1agc8fbgec94g5bd1g5c0893342c80	SUBST_ADJ_UNIFY	Błędy składniowe	Czarów Nieumarłego	Przypuszczalnie brak zgodności form przypadków rzeczownika i przymiotnika: Czarów Nieumarłego.		"Magia patrona sprawia, że zawsze masz przygotowane określone czary. Po osiągnięciu poziomu czarownika wskazanego w tabeli Czarów Nieumarłego zyskujesz wymienione w niej czary. Na 3. poziomie są to <LSTag Type=""Spell"" Tooltip=""Target_Bane"">Zguba</LSTag>, <LSTag Type=""Spell"" Tooltip=""Target_Blindness"">Ślepota</LSTag>, Urojona siła i Promień zatrucia. Na 5. poziomie — Rozmawianie z umarłymi oraz <LSTag Type=""Spell"" Tooltip=""Target_AnimateDead"">Animowanie zmarłego</LSTag>. Na 7. poziomie — <LSTag Type=""Spell"" Tooltip=""Target_Invisibility_Greater"">Większa niewidzialność</LSTag> i Urojony zabójca. Na 9. poziomie — Makabryczny taniec i Zabójcza chmura."
hc58f0177g4e5fgb789g4272g3e57d5e733b0	MORFOLOGIK_RULE_PL_PL	Prawdopodobna literówka	nieumarłością	Wykryto prawdopodobny błąd pisowni		Więź z nieumarłością przenika twoje ciało i zapewnia ci następujące korzyści.\n\nNekrotyczna odporność. Masz odporność na obrażenia nekrotyczne. Podczas korzystania z Postaci Grozy zyskujesz niewrażliwość na obrażenia nekrotyczne.\n\nBezbożne wskrzeszenie. Gdy twoje punkty wytrzymałości spadną do 0, ale nie zginiesz od razu, możesz sprawić, że twoje ciało wybuchnie śmiercionośną energią. Każda wybrana przez ciebie istota w emanacji o promieniu 9 m, której źródłem jesteś, wykonuje rzut obronny na Kondycję przeciwko twojemu ST obrony przed czarami. Przy niepowodzeniu otrzymuje obrażenia nekrotyczne równe sumie 2k10 i twojego modyfikatora Charyzmy, a przy powodzeniu — połowę tych obrażeń. Następnie twoje punkty wytrzymałości wynoszą dwukrotność twojego poziomu czarownika, a ty zyskujesz 1 poziom Wyczerpania.\n\nPo użyciu tej korzyści musisz ukończyć krótki albo długi odpoczynek, zanim użyjesz jej ponownie.
hc58f0177g4e5fgb789g4272g3e57d5e733b0	SKROTY_Z_KROPKA	Błędy ortograficzne	ST	"Ten skrót piszemy z kropką: ""ST."""	ST.	Więź z nieumarłością przenika twoje ciało i zapewnia ci następujące korzyści.\n\nNekrotyczna odporność. Masz odporność na obrażenia nekrotyczne. Podczas korzystania z Postaci Grozy zyskujesz niewrażliwość na obrażenia nekrotyczne.\n\nBezbożne wskrzeszenie. Gdy twoje punkty wytrzymałości spadną do 0, ale nie zginiesz od razu, możesz sprawić, że twoje ciało wybuchnie śmiercionośną energią. Każda wybrana przez ciebie istota w emanacji o promieniu 9 m, której źródłem jesteś, wykonuje rzut obronny na Kondycję przeciwko twojemu ST obrony przed czarami. Przy niepowodzeniu otrzymuje obrażenia nekrotyczne równe sumie 2k10 i twojego modyfikatora Charyzmy, a przy powodzeniu — połowę tych obrażeń. Następnie twoje punkty wytrzymałości wynoszą dwukrotność twojego poziomu czarownika, a ty zyskujesz 1 poziom Wyczerpania.\n\nPo użyciu tej korzyści musisz ukończyć krótki albo długi odpoczynek, zanim użyjesz jej ponownie.
hc58f0177g4e5fgb789g4272g3e57d5e733b0	MORFOLOGIK_RULE_PL_PL	Prawdopodobna literówka	2k10	Wykryto prawdopodobny błąd pisowni		Więź z nieumarłością przenika twoje ciało i zapewnia ci następujące korzyści.\n\nNekrotyczna odporność. Masz odporność na obrażenia nekrotyczne. Podczas korzystania z Postaci Grozy zyskujesz niewrażliwość na obrażenia nekrotyczne.\n\nBezbożne wskrzeszenie. Gdy twoje punkty wytrzymałości spadną do 0, ale nie zginiesz od razu, możesz sprawić, że twoje ciało wybuchnie śmiercionośną energią. Każda wybrana przez ciebie istota w emanacji o promieniu 9 m, której źródłem jesteś, wykonuje rzut obronny na Kondycję przeciwko twojemu ST obrony przed czarami. Przy niepowodzeniu otrzymuje obrażenia nekrotyczne równe sumie 2k10 i twojego modyfikatora Charyzmy, a przy powodzeniu — połowę tych obrażeń. Następnie twoje punkty wytrzymałości wynoszą dwukrotność twojego poziomu czarownika, a ty zyskujesz 1 poziom Wyczerpania.\n\nPo użyciu tej korzyści musisz ukończyć krótki albo długi odpoczynek, zanim użyjesz jej ponownie.
h08797ed7gc753g8f41gd903g4ec54ed567d1	MORFOLOGIK_RULE_PL_PL	Prawdopodobna literówka	k20	Wykryto prawdopodobny błąd pisowni	KRO, K2, KKO	Kierujesz energię Morza Astralnego, uwalniając z siebie potok magii. Wybierz zimno albo światłość jako typ przekazywanej energii. Każda istota w stożku o długości 9 m wykonuje rzut obronny na Zręczność. Przy niepowodzeniu otrzymuje obrażenia wybranego typu oraz dodatkowy efekt zależny od tego typu:\n\nZimno. Cel ma utrudnienie w następnym teście k20 wykonanym przed końcem twojej następnej tury.\nŚwiatłość. Cel zostaje Oślepiony do końca twojej następnej tury.\n\nPrzy powodzeniu cel otrzymuje tylko połowę obrażeń.
h1e3fa5f7g9907g40dag9d6ag90042eff8573	MORFOLOGIK_RULE_PL_PL	Prawdopodobna literówka	Hexblade	Wykryto prawdopodobny błąd pisowni	Hex blade	Patron Hexblade'a
h76260c1cg2fd0ga2b1gf453g7108d2706083	MORFOLOGIK_RULE_PL_PL	Prawdopodobna literówka	wieloświat	Wykryto prawdopodobny błąd pisowni		Twój pakt łączy cię ze świadomą magiczną bronią i przeklętymi siłami uwięzionymi w jej ostrzu. Może to być miecz noszony u boku czarownika albo osławiona broń przechowywana w odległym miejscu, która przenosi swoją moc przez wieloświat, by realizować przebiegłe plany. Tym, którzy godzą się spełniać jej kaprysy, ten nieodgadniony patron zapewnia moc nakładania złowrogich klątw, zadawania druzgocących ciosów i wzmacniania swoich dzierżycieli.
h41b0a1dbg7c44g6848gbf1ag34105de9296b	MORFOLOGIK_RULE_PL_PL	Prawdopodobna literówka	Arcyfey	Wykryto prawdopodobny błąd pisowni		Patron Arcyfey
h5e78186dgabebg2b99g11acg070fef938db4	MORFOLOGIK_RULE_PL_PL	Prawdopodobna literówka	Feywild	Wykryto prawdopodobny błąd pisowni		Twój pakt czerpie moc z Feywild. Wybierając tę podklasę, możesz zawrzeć układ z potężną istotą arcyfey, taką jak Książę Mrozu, Królowa Powietrza i Ciemności władająca Dworem Zmierzchu, Tytania z Letniego Dworu albo pradawna wiedźma. Możesz też zwrócić się do całego kręgu fey i utkać sieć przysług oraz długów. Kimkolwiek jest twój patron, często pozostaje nieprzenikniony i kapryśny.
h5e78186dgabebg2b99g11acg070fef938db4	MORFOLOGIK_RULE_PL_PL	Prawdopodobna literówka	arcyfey	Wykryto prawdopodobny błąd pisowni		Twój pakt czerpie moc z Feywild. Wybierając tę podklasę, możesz zawrzeć układ z potężną istotą arcyfey, taką jak Książę Mrozu, Królowa Powietrza i Ciemności władająca Dworem Zmierzchu, Tytania z Letniego Dworu albo pradawna wiedźma. Możesz też zwrócić się do całego kręgu fey i utkać sieć przysług oraz długów. Kimkolwiek jest twój patron, często pozostaje nieprzenikniony i kapryśny.
h5e78186dgabebg2b99g11acg070fef938db4	MORFOLOGIK_RULE_PL_PL	Prawdopodobna literówka	fey	Wykryto prawdopodobny błąd pisowni	fe, fen, key, fes, fez, fee, Fe, Feb	Twój pakt czerpie moc z Feywild. Wybierając tę podklasę, możesz zawrzeć układ z potężną istotą arcyfey, taką jak Książę Mrozu, Królowa Powietrza i Ciemności władająca Dworem Zmierzchu, Tytania z Letniego Dworu albo pradawna wiedźma. Możesz też zwrócić się do całego kręgu fey i utkać sieć przysług oraz długów. Kimkolwiek jest twój patron, często pozostaje nieprzenikniony i kapryśny.
h3504f51eg1ac0gd563g881eg515b53b1f37b	MORFOLOGIK_RULE_PL_PL	Prawdopodobna literówka	Tharizdun	Wykryto prawdopodobny błąd pisowni		Wybierając tę podklasę, możesz związać się z niewysłowionym bytem z Odległej Dziedziny albo z pradawnym bogiem — istotą taką jak Tharizdun, Skuty Bóg; Zargon, Powracający; Hadar, Mroczny Głód; lub Wielki Cthulhu. Możesz też przyzywać moc kilku bytów, nie wiążąc się z żadnym z nich. Motywy tych istot są niepojęte, a Wielki Przedwieczny może być obojętny wobec twojego istnienia. Poznane sekrety pozwalają ci jednak czerpać od niego dziwną magię.
h3504f51eg1ac0gd563g881eg515b53b1f37b	MORFOLOGIK_RULE_PL_PL	Prawdopodobna literówka	Zargon	Wykryto prawdopodobny błąd pisowni	Żargon, Sargon, Argon, Wargą, Zagon, Żargonu, Vargą, Jargon	Wybierając tę podklasę, możesz związać się z niewysłowionym bytem z Odległej Dziedziny albo z pradawnym bogiem — istotą taką jak Tharizdun, Skuty Bóg; Zargon, Powracający; Hadar, Mroczny Głód; lub Wielki Cthulhu. Możesz też przyzywać moc kilku bytów, nie wiążąc się z żadnym z nich. Motywy tych istot są niepojęte, a Wielki Przedwieczny może być obojętny wobec twojego istnienia. Poznane sekrety pozwalają ci jednak czerpać od niego dziwną magię.
h3504f51eg1ac0gd563g881eg515b53b1f37b	MORFOLOGIK_RULE_PL_PL	Prawdopodobna literówka	Hadar	Wykryto prawdopodobny błąd pisowni	Radar, Hamar, Zadar, Katar, Hagar, Tatar, Hadad, Hadaś	Wybierając tę podklasę, możesz związać się z niewysłowionym bytem z Odległej Dziedziny albo z pradawnym bogiem — istotą taką jak Tharizdun, Skuty Bóg; Zargon, Powracający; Hadar, Mroczny Głód; lub Wielki Cthulhu. Możesz też przyzywać moc kilku bytów, nie wiążąc się z żadnym z nich. Motywy tych istot są niepojęte, a Wielki Przedwieczny może być obojętny wobec twojego istnienia. Poznane sekrety pozwalają ci jednak czerpać od niego dziwną magię.
h3504f51eg1ac0gd563g881eg515b53b1f37b	MORFOLOGIK_RULE_PL_PL	Prawdopodobna literówka	Cthulhu	Wykryto prawdopodobny błąd pisowni		Wybierając tę podklasę, możesz związać się z niewysłowionym bytem z Odległej Dziedziny albo z pradawnym bogiem — istotą taką jak Tharizdun, Skuty Bóg; Zargon, Powracający; Hadar, Mroczny Głód; lub Wielki Cthulhu. Możesz też przyzywać moc kilku bytów, nie wiążąc się z żadnym z nich. Motywy tych istot są niepojęte, a Wielki Przedwieczny może być obojętny wobec twojego istnienia. Poznane sekrety pozwalają ci jednak czerpać od niego dziwną magię.
h68dcfb27g52ddg20aag7977g147e317f34ce	MORFOLOGIK_RULE_PL_PL	Prawdopodobna literówka	Hexblade	Wykryto prawdopodobny błąd pisowni	Hex blade	Poziom 3: Czary Hexblade
h4336900ag6e5egc73bgadb8g0a8300eeb536	MORFOLOGIK_RULE_PL_PL	Prawdopodobna literówka	Hexblade	Wykryto prawdopodobny błąd pisowni	Hex blade	"Magia twojego patrona sprawia, że zawsze masz przygotowane określone czary. Gdy osiągasz poziom Czarownika wskazany w tabeli Czarów Hexblade’a, od tej pory zawsze masz przygotowane wymienione w niej czary. Na 3. poziomie są to <LSTag Type=""Spell"" Tooltip=""Shout_ArcaneVigor"">Magiczna krzepa</LSTag>, Urok, Magiczna broń, Tarcza i Gniewne ugodzenie; na 5. poziomie — Nałożenie klątwy i Przywołanie ognia zaporowego; na 7. poziomie — Swoboda ruchu i Wstrząsające ugodzenie; na 9. poziomie — Uderzenie stalowego wiatru."
hfa17cac1gac88g9d72gf29eg0946ab8c0bb4	MORFOLOGIK_RULE_PL_PL	Prawdopodobna literówka	Hexblade	Wykryto prawdopodobny błąd pisowni	Hex blade	Poziom 3: Manifestacja Hexblade’a
ha92a78f3ge96agd47egb8ddg6ad716d3cc56	MORFOLOGIK_RULE_PL_PL	Prawdopodobna literówka	Hexblade	Wykryto prawdopodobny błąd pisowni	Hex blade	Urok Hexblade’a. Możesz rzucić Urok bez zużywania komórki czaru tyle razy, ile wynosi twój modyfikator Charyzmy (co najmniej raz). Odzyskujesz wszystkie użycia po długim odpoczynku. Gdy rzucasz Urok, widmowa broń przypominająca twojego patrona zaczyna krążyć wokół objętego nim celu.\n\nManewry Hexblade’a. Raz na turę, gdy trafisz atakiem cel objęty twoim Urokiem, możesz wywołać jeden z następujących dodatkowych efektów:\n\nWysysające cięcie, Dręczące ostrze, Hamujące piętno
ha92a78f3ge96agd47egb8ddg6ad716d3cc56	MORFOLOGIK_RULE_PL_PL	Prawdopodobna literówka	Hexblade	Wykryto prawdopodobny błąd pisowni	Hex blade	Urok Hexblade’a. Możesz rzucić Urok bez zużywania komórki czaru tyle razy, ile wynosi twój modyfikator Charyzmy (co najmniej raz). Odzyskujesz wszystkie użycia po długim odpoczynku. Gdy rzucasz Urok, widmowa broń przypominająca twojego patrona zaczyna krążyć wokół objętego nim celu.\n\nManewry Hexblade’a. Raz na turę, gdy trafisz atakiem cel objęty twoim Urokiem, możesz wywołać jeden z następujących dodatkowych efektów:\n\nWysysające cięcie, Dręczące ostrze, Hamujące piętno
h83838ad6gee6dg6e8fg5d57g389e936516fb	MORFOLOGIK_RULE_PL_PL	Prawdopodobna literówka	1k8	Wykryto prawdopodobny błąd pisowni		Moc twojego patrona pozwala ci wysysać siły życiowe z przeklętych wrogów i zapewnia następujące korzyści.\n\nGłodny urok. Ilekroć objęty twoim Urokiem cel spada wskutek twoich działań do 0 punktów wytrzymałości, odzyskujesz punkty wytrzymałości w liczbie równej 1k8 plus twój modyfikator Charyzmy.\n\nNieuniknione ostrze. Raz na turę, gdy chybisz testem ataku przeciwko celowi objętemu twoim Urokiem, możesz zadać mu 1k6 obrażeń nekrotycznych.
h83838ad6gee6dg6e8fg5d57g389e936516fb	MORFOLOGIK_RULE_PL_PL	Prawdopodobna literówka	1k6	Wykryto prawdopodobny błąd pisowni		Moc twojego patrona pozwala ci wysysać siły życiowe z przeklętych wrogów i zapewnia następujące korzyści.\n\nGłodny urok. Ilekroć objęty twoim Urokiem cel spada wskutek twoich działań do 0 punktów wytrzymałości, odzyskujesz punkty wytrzymałości w liczbie równej 1k8 plus twój modyfikator Charyzmy.\n\nNieuniknione ostrze. Raz na turę, gdy chybisz testem ataku przeciwko celowi objętemu twoim Urokiem, możesz zadać mu 1k6 obrażeń nekrotycznych.
h49e72c1cg2d7bgc3fbg7e56gdbf9203830ad	MORFOLOGIK_RULE_PL_PL	Prawdopodobna literówka	2k8	Wykryto prawdopodobny błąd pisowni		Gdy otrzymujesz obrażenia od celu objętego twoim Urokiem, możesz w ramach reakcji zmniejszyć je o 2k8 plus swój modyfikator Charyzmy. Możesz użyć tej zdolności tyle razy, ile wynosi twój modyfikator Charyzmy, a wszystkie użycia odzyskujesz po długim odpoczynku.
h8a44a18ag2f79g5f22ga66dgf9d14502995b	MORFOLOGIK_RULE_PL_PL	Prawdopodobna literówka	Hexblade	Wykryto prawdopodobny błąd pisowni	Hex blade	Manifestacja Hexblade’a
hc89adc48gff23ge491g6563g134f3a4d1c41	SKROTY_Z_KROPKA	Błędy ortograficzne	ST	"Ten skrót piszemy z kropką: ""ST."""	ST.	Cel wykonuje rzut obronny na Kondycję przeciwko twojemu ST obrony przed czarami. Przy niepowodzeniu nie może wykonywać ataków okazyjnych, a jego szybkość zmniejsza się o połowę do początku twojej następnej tury.
h95ae390fg24d7g8dcfg466dgacb161d58057	SKROTY_Z_KROPKA	Błędy ortograficzne	ST	"Ten skrót piszemy z kropką: ""ST."""	ST.	Cel wykonuje rzut obronny na Mądrość przeciwko twojemu ST obrony przed czarami. Przy niepowodzeniu, gdy przed początkiem twojej następnej tury wykona po raz pierwszy test ataku przeciwko istocie innej niż ty, otrzyma 1k6 obrażeń nekrotycznych.
h95ae390fg24d7g8dcfg466dgacb161d58057	MORFOLOGIK_RULE_PL_PL	Prawdopodobna literówka	1k6	Wykryto prawdopodobny błąd pisowni		Cel wykonuje rzut obronny na Mądrość przeciwko twojemu ST obrony przed czarami. Przy niepowodzeniu, gdy przed początkiem twojej następnej tury wykona po raz pierwszy test ataku przeciwko istocie innej niż ty, otrzyma 1k6 obrażeń nekrotycznych.
h16aa8ef8g9057g8804g10e3g6c754af3589d	MORFOLOGIK_RULE_PL_PL	Prawdopodobna literówka	2k8	Wykryto prawdopodobny błąd pisowni		Gdy otrzymujesz obrażenia od celu objętego twoim Urokiem, możesz w ramach reakcji zmniejszyć je o 2k8 plus swój modyfikator Charyzmy. Możesz użyć tej zdolności tyle razy, ile wynosi twój modyfikator Charyzmy, a wszystkie użycia odzyskujesz po długim odpoczynku.
h9a19d8f9g6000gec74g2e00g5462feeee031	SKROTY_Z_KROPKA	Błędy ortograficzne	ST	"Ten skrót piszemy z kropką: ""ST."""	ST.	Cel wykonuje rzut obronny na Kondycję przeciwko twojemu ST obrony przed czarami. Przy niepowodzeniu nie może wykonywać ataków okazyjnych, a jego szybkość zmniejsza się o połowę do początku twojej następnej tury.
h61d275d7g23e9gcb80g1af5g7d1bceb17545	SKROTY_Z_KROPKA	Błędy ortograficzne	ST	"Ten skrót piszemy z kropką: ""ST."""	ST.	Cel wykonuje rzut obronny na Mądrość przeciwko twojemu ST obrony przed czarami. Przy niepowodzeniu, gdy przed początkiem twojej następnej tury wykona po raz pierwszy test ataku przeciwko istocie innej niż ty, otrzyma 1k6 obrażeń nekrotycznych.
h61d275d7g23e9gcb80g1af5g7d1bceb17545	MORFOLOGIK_RULE_PL_PL	Prawdopodobna literówka	1k6	Wykryto prawdopodobny błąd pisowni		Cel wykonuje rzut obronny na Mądrość przeciwko twojemu ST obrony przed czarami. Przy niepowodzeniu, gdy przed początkiem twojej następnej tury wykona po raz pierwszy test ataku przeciwko istocie innej niż ty, otrzyma 1k6 obrażeń nekrotycznych.
h7ab53afeg6536g6c48g43eagddb5bf8b087e	MORFOLOGIK_RULE_PL_PL	Prawdopodobna literówka	1k8	Wykryto prawdopodobny błąd pisowni		Ilekroć punkty wytrzymałości celu objętego twoim Urokiem spadną do 0, odzyskujesz punkty wytrzymałości w liczbie równej 1k8 plus twój modyfikator Charyzmy.
hf03aeb95g5dbbg3147g324cg388502cbfe2e	MORFOLOGIK_RULE_PL_PL	Prawdopodobna literówka	2k8	Wykryto prawdopodobny błąd pisowni		Gdy otrzymujesz obrażenia od celu objętego twoim Urokiem, możesz w ramach reakcji zmniejszyć je o 2k8 plus swój modyfikator Charyzmy. Możesz użyć tej zdolności tyle razy, ile wynosi twój modyfikator Charyzmy, a wszystkie użycia odzyskujesz po długim odpoczynku.
h92a5d377g3049gaa2fg5da1g1684fd0e0522	MORFOLOGIK_RULE_PL_PL	Prawdopodobna literówka	Agathys	Wykryto prawdopodobny błąd pisowni		Magia runiczna: Zbroja Agathys
h34b412e2gf24ag1cfbg4da2g84045d629db7	MORFOLOGIK_RULE_PL_PL	Prawdopodobna literówka	Bigby	Wykryto prawdopodobny błąd pisowni	Rigby, Biby, Bimby, Biłby, Big by	Bigby przedstawia: Chwała olbrzymów
hb799a08cg25f5g214agbad7g45640c6a03d4	MORFOLOGIK_RULE_PL_PL	Prawdopodobna literówka	Bigby	Wykryto prawdopodobny błąd pisowni	Rigby, Biby, Bimby, Biłby, Big by	Bigby przedstawia: Chwała olbrzymów
h10a80e89g464fgbd0cgd70dg610b32e6acc3	MORFOLOGIK_RULE_PL_PL	Prawdopodobna literówka	wieloświecie	Wykryto prawdopodobny błąd pisowni		Goliaci górują nad większością ludów i są odległymi potomkami olbrzymów. Każdy goliat nosi dary pierwszych olbrzymów, które objawiają się jako rozmaite nadprzyrodzone łaski — między innymi zdolność szybkiego wzrostu i tymczasowego dorównania posturą olbrzymim krewniakom.\n\nCechy fizyczne goliatów przypominają olbrzymów z ich rodów. Niektórzy wyglądają jak olbrzymy kamienne, inni zaś jak ogniste. Niezależnie od pochodzenia goliaci wytyczyli w wieloświecie własną drogę, wolną od bratobójczych konfliktów, które od wieków pustoszą ród olbrzymów, i mierzą wyżej niż ich przodkowie.
hc3405af3g4811g97c2gc534g546e8726cc0d	MORFOLOGIK_RULE_PL_PL	Prawdopodobna literówka	wieloświecie	Wykryto prawdopodobny błąd pisowni		Ludzi można spotkać w całym wieloświecie. Są równie różnorodni, co liczni, i starają się osiągnąć jak najwięcej w ciągu danych im lat. Ich ambicja i zaradność budzą w wielu światach uznanie, szacunek, a czasem także strach.\n\nLudzie są równie zróżnicowani pod względem wyglądu jak mieszkańcy Ziemi i czczą wielu bogów. Uczeni spierają się o pochodzenie ludzkości, lecz podobno jedno z najwcześniejszych znanych skupisk ludzi powstało w Sigil — torusowatym mieście w centrum wieloświata, w którym narodził się język Wspólny. Stamtąd ludzie mogli rozprzestrzenić się po całym wieloświecie, zabierając ze sobą kosmopolityczny charakter Miasta Drzwi.
hc3405af3g4811g97c2gc534g546e8726cc0d	ROWNIE_JAK	Błędy interpunkcyjne	 jak	"Prawdopodobny brak przecinka w ramach porównania. Powinno być: "", jak""."	, jak	Ludzi można spotkać w całym wieloświecie. Są równie różnorodni, co liczni, i starają się osiągnąć jak najwięcej w ciągu danych im lat. Ich ambicja i zaradność budzą w wielu światach uznanie, szacunek, a czasem także strach.\n\nLudzie są równie zróżnicowani pod względem wyglądu jak mieszkańcy Ziemi i czczą wielu bogów. Uczeni spierają się o pochodzenie ludzkości, lecz podobno jedno z najwcześniejszych znanych skupisk ludzi powstało w Sigil — torusowatym mieście w centrum wieloświata, w którym narodził się język Wspólny. Stamtąd ludzie mogli rozprzestrzenić się po całym wieloświecie, zabierając ze sobą kosmopolityczny charakter Miasta Drzwi.
hc3405af3g4811g97c2gc534g546e8726cc0d	MORFOLOGIK_RULE_PL_PL	Prawdopodobna literówka	Sigil	Wykryto prawdopodobny błąd pisowni	Silił, Sinił, Siwił, Si gil, SIGILL	Ludzi można spotkać w całym wieloświecie. Są równie różnorodni, co liczni, i starają się osiągnąć jak najwięcej w ciągu danych im lat. Ich ambicja i zaradność budzą w wielu światach uznanie, szacunek, a czasem także strach.\n\nLudzie są równie zróżnicowani pod względem wyglądu jak mieszkańcy Ziemi i czczą wielu bogów. Uczeni spierają się o pochodzenie ludzkości, lecz podobno jedno z najwcześniejszych znanych skupisk ludzi powstało w Sigil — torusowatym mieście w centrum wieloświata, w którym narodził się język Wspólny. Stamtąd ludzie mogli rozprzestrzenić się po całym wieloświecie, zabierając ze sobą kosmopolityczny charakter Miasta Drzwi.
hc3405af3g4811g97c2gc534g546e8726cc0d	MORFOLOGIK_RULE_PL_PL	Prawdopodobna literówka	torusowatym	Wykryto prawdopodobny błąd pisowni		Ludzi można spotkać w całym wieloświecie. Są równie różnorodni, co liczni, i starają się osiągnąć jak najwięcej w ciągu danych im lat. Ich ambicja i zaradność budzą w wielu światach uznanie, szacunek, a czasem także strach.\n\nLudzie są równie zróżnicowani pod względem wyglądu jak mieszkańcy Ziemi i czczą wielu bogów. Uczeni spierają się o pochodzenie ludzkości, lecz podobno jedno z najwcześniejszych znanych skupisk ludzi powstało w Sigil — torusowatym mieście w centrum wieloświata, w którym narodził się język Wspólny. Stamtąd ludzie mogli rozprzestrzenić się po całym wieloświecie, zabierając ze sobą kosmopolityczny charakter Miasta Drzwi.
hc3405af3g4811g97c2gc534g546e8726cc0d	MORFOLOGIK_RULE_PL_PL	Prawdopodobna literówka	wieloświata	Wykryto prawdopodobny błąd pisowni		Ludzi można spotkać w całym wieloświecie. Są równie różnorodni, co liczni, i starają się osiągnąć jak najwięcej w ciągu danych im lat. Ich ambicja i zaradność budzą w wielu światach uznanie, szacunek, a czasem także strach.\n\nLudzie są równie zróżnicowani pod względem wyglądu jak mieszkańcy Ziemi i czczą wielu bogów. Uczeni spierają się o pochodzenie ludzkości, lecz podobno jedno z najwcześniejszych znanych skupisk ludzi powstało w Sigil — torusowatym mieście w centrum wieloświata, w którym narodził się język Wspólny. Stamtąd ludzie mogli rozprzestrzenić się po całym wieloświecie, zabierając ze sobą kosmopolityczny charakter Miasta Drzwi.
hc3405af3g4811g97c2gc534g546e8726cc0d	MORFOLOGIK_RULE_PL_PL	Prawdopodobna literówka	wieloświecie	Wykryto prawdopodobny błąd pisowni		Ludzi można spotkać w całym wieloświecie. Są równie różnorodni, co liczni, i starają się osiągnąć jak najwięcej w ciągu danych im lat. Ich ambicja i zaradność budzą w wielu światach uznanie, szacunek, a czasem także strach.\n\nLudzie są równie zróżnicowani pod względem wyglądu jak mieszkańcy Ziemi i czczą wielu bogów. Uczeni spierają się o pochodzenie ludzkości, lecz podobno jedno z najwcześniejszych znanych skupisk ludzi powstało w Sigil — torusowatym mieście w centrum wieloświata, w którym narodził się język Wspólny. Stamtąd ludzie mogli rozprzestrzenić się po całym wieloświecie, zabierając ze sobą kosmopolityczny charakter Miasta Drzwi.
hf3d6ddebg352bg36d4g9fbbg9ac02f78c004	MORFOLOGIK_RULE_PL_PL	Prawdopodobna literówka	wieloświecie	Wykryto prawdopodobny błąd pisowni		Ludzi można spotkać w całym wieloświecie. Są równie różnorodni, co liczni, i starają się osiągnąć jak najwięcej w ciągu danych im lat. Ich ambicja i zaradność budzą w wielu światach uznanie, szacunek, a czasem także strach.\n\nLudzie są równie zróżnicowani pod względem wyglądu jak mieszkańcy Ziemi i czczą wielu bogów. Uczeni spierają się o pochodzenie ludzkości, lecz podobno jedno z najwcześniejszych znanych skupisk ludzi powstało w Sigil — torusowatym mieście w centrum wieloświata, w którym narodził się język Wspólny. Stamtąd ludzie mogli rozprzestrzenić się po całym wieloświecie, zabierając ze sobą kosmopolityczny charakter Miasta Drzwi.
hf3d6ddebg352bg36d4g9fbbg9ac02f78c004	ROWNIE_JAK	Błędy interpunkcyjne	 jak	"Prawdopodobny brak przecinka w ramach porównania. Powinno być: "", jak""."	, jak	Ludzi można spotkać w całym wieloświecie. Są równie różnorodni, co liczni, i starają się osiągnąć jak najwięcej w ciągu danych im lat. Ich ambicja i zaradność budzą w wielu światach uznanie, szacunek, a czasem także strach.\n\nLudzie są równie zróżnicowani pod względem wyglądu jak mieszkańcy Ziemi i czczą wielu bogów. Uczeni spierają się o pochodzenie ludzkości, lecz podobno jedno z najwcześniejszych znanych skupisk ludzi powstało w Sigil — torusowatym mieście w centrum wieloświata, w którym narodził się język Wspólny. Stamtąd ludzie mogli rozprzestrzenić się po całym wieloświecie, zabierając ze sobą kosmopolityczny charakter Miasta Drzwi.
hf3d6ddebg352bg36d4g9fbbg9ac02f78c004	MORFOLOGIK_RULE_PL_PL	Prawdopodobna literówka	Sigil	Wykryto prawdopodobny błąd pisowni	Silił, Sinił, Siwił, Si gil, SIGILL	Ludzi można spotkać w całym wieloświecie. Są równie różnorodni, co liczni, i starają się osiągnąć jak najwięcej w ciągu danych im lat. Ich ambicja i zaradność budzą w wielu światach uznanie, szacunek, a czasem także strach.\n\nLudzie są równie zróżnicowani pod względem wyglądu jak mieszkańcy Ziemi i czczą wielu bogów. Uczeni spierają się o pochodzenie ludzkości, lecz podobno jedno z najwcześniejszych znanych skupisk ludzi powstało w Sigil — torusowatym mieście w centrum wieloświata, w którym narodził się język Wspólny. Stamtąd ludzie mogli rozprzestrzenić się po całym wieloświecie, zabierając ze sobą kosmopolityczny charakter Miasta Drzwi.
hf3d6ddebg352bg36d4g9fbbg9ac02f78c004	MORFOLOGIK_RULE_PL_PL	Prawdopodobna literówka	torusowatym	Wykryto prawdopodobny błąd pisowni		Ludzi można spotkać w całym wieloświecie. Są równie różnorodni, co liczni, i starają się osiągnąć jak najwięcej w ciągu danych im lat. Ich ambicja i zaradność budzą w wielu światach uznanie, szacunek, a czasem także strach.\n\nLudzie są równie zróżnicowani pod względem wyglądu jak mieszkańcy Ziemi i czczą wielu bogów. Uczeni spierają się o pochodzenie ludzkości, lecz podobno jedno z najwcześniejszych znanych skupisk ludzi powstało w Sigil — torusowatym mieście w centrum wieloświata, w którym narodził się język Wspólny. Stamtąd ludzie mogli rozprzestrzenić się po całym wieloświecie, zabierając ze sobą kosmopolityczny charakter Miasta Drzwi.
hf3d6ddebg352bg36d4g9fbbg9ac02f78c004	MORFOLOGIK_RULE_PL_PL	Prawdopodobna literówka	wieloświata	Wykryto prawdopodobny błąd pisowni		Ludzi można spotkać w całym wieloświecie. Są równie różnorodni, co liczni, i starają się osiągnąć jak najwięcej w ciągu danych im lat. Ich ambicja i zaradność budzą w wielu światach uznanie, szacunek, a czasem także strach.\n\nLudzie są równie zróżnicowani pod względem wyglądu jak mieszkańcy Ziemi i czczą wielu bogów. Uczeni spierają się o pochodzenie ludzkości, lecz podobno jedno z najwcześniejszych znanych skupisk ludzi powstało w Sigil — torusowatym mieście w centrum wieloświata, w którym narodził się język Wspólny. Stamtąd ludzie mogli rozprzestrzenić się po całym wieloświecie, zabierając ze sobą kosmopolityczny charakter Miasta Drzwi.
hf3d6ddebg352bg36d4g9fbbg9ac02f78c004	MORFOLOGIK_RULE_PL_PL	Prawdopodobna literówka	wieloświecie	Wykryto prawdopodobny błąd pisowni		Ludzi można spotkać w całym wieloświecie. Są równie różnorodni, co liczni, i starają się osiągnąć jak najwięcej w ciągu danych im lat. Ich ambicja i zaradność budzą w wielu światach uznanie, szacunek, a czasem także strach.\n\nLudzie są równie zróżnicowani pod względem wyglądu jak mieszkańcy Ziemi i czczą wielu bogów. Uczeni spierają się o pochodzenie ludzkości, lecz podobno jedno z najwcześniejszych znanych skupisk ludzi powstało w Sigil — torusowatym mieście w centrum wieloświata, w którym narodził się język Wspólny. Stamtąd ludzie mogli rozprzestrzenić się po całym wieloświecie, zabierając ze sobą kosmopolityczny charakter Miasta Drzwi.
h1201eb50gacb7ge804g6428g5470579075dc	MORFOLOGIK_RULE_PL_PL	Prawdopodobna literówka	wieloświecie	Wykryto prawdopodobny błąd pisowni		Goliaci górują nad większością ludów i są odległymi potomkami olbrzymów. Każdy goliat nosi dary pierwszych olbrzymów, które objawiają się jako rozmaite nadprzyrodzone łaski — między innymi zdolność szybkiego wzrostu i tymczasowego dorównania posturą olbrzymim krewniakom.\n\nCechy fizyczne goliatów przypominają olbrzymów z ich rodów. Niektórzy wyglądają jak olbrzymy kamienne, inni zaś jak ogniste. Niezależnie od pochodzenia goliaci wytyczyli w wieloświecie własną drogę, wolną od bratobójczych konfliktów, które od wieków pustoszą ród olbrzymów, i mierzą wyżej niż ich przodkowie.
h43c8d778g4ffbg6a32ge27eg13e331031c39	MORFOLOGIK_RULE_PL_PL	Prawdopodobna literówka	Maddala	Wykryto prawdopodobny błąd pisowni	Mandala, Mattela, Majdała, Majtała, Mandalą, Matała, Mądrala, Mądralą	Maddala Martwooka
h43c8d778g4ffbg6a32ge27eg13e331031c39	MORFOLOGIK_RULE_PL_PL	Prawdopodobna literówka	Martwooka	Wykryto prawdopodobny błąd pisowni	Martwo oka	Maddala Martwooka
h32bb18a8g2611g9ff6g64eag1c6efae586a9	MORFOLOGIK_RULE_PL_PL	Prawdopodobna literówka	Maddala	Wykryto prawdopodobny błąd pisowni	Mandala, Mattela, Majdała, Majtała, Mandalą, Matała, Mądrala, Mądralą	Maddala została uleczona ze ślepoty przez innego Najwierniejszego, który akurat przechodził przez jej wieś – tylko po to, by mogła zobaczyć ją spaloną do gołej ziemi. Taka jest cena odrzucenia Absolutu. 
h2f981857gd0a5g989dgec41g9c92ba28712c	MORFOLOGIK_RULE_PL_PL	Prawdopodobna literówka	Mystry	Wykryto prawdopodobny błąd pisowni	Bystry, Lystry, Mysty	Magiczne talenty Gale'a niegdyś zaskarbiły mu miłość samej Mystry, bogini magii, lecz ambicja doprowadziła go na skraj katastrofy...
hbbb38650gbbe2g4f9dg6f66gf5578f1e9053	MORFOLOGIK_RULE_PL_PL	Prawdopodobna literówka	Wyll	Wykryto prawdopodobny błąd pisowni	Will, Wylał, Wyli, Wył, Wyła, Wyło, Wyły	Wyll
h1034780age61eg388fg49d2g23bd1ca7ca75	MORFOLOGIK_RULE_PL_PL	Prawdopodobna literówka	Wyll	Wykryto prawdopodobny błąd pisowni	Will, Wylał, Wyli, Wył, Wyła, Wyło, Wyły	Wyll, nazywany „Klingą Pogranicza”, używa swojej magii do walki z potworami i diabłami nękającymi Wybrzeże Mieczy. W chwili rozpaczy przyjął zaoferowaną mu moc, stając się tym samym pionkiem w piekielnej grze, w której nie radzi sobie zbyt dobrze.
hc344cfc5ga758gba8cgf224gb3864fa0208d	MORFOLOGIK_RULE_PL_PL	Prawdopodobna literówka	Minsc	Wykryto prawdopodobny błąd pisowni	Mińsk, Minąć, Insc, Mieść, Mińscy, M insc, Min sc	Minsc
he807aa9age4ccga253g9743gd1a253159665	MORFOLOGIK_RULE_PL_PL	Prawdopodobna literówka	1k10	Wykryto prawdopodobny błąd pisowni		Oparzenie Ognia (Ognisty Olbrzym). Kiedy trafisz cel testem ataku i zadasz mu obrażenia, możesz także zadać temu celowi 1k10 obrażeń od ognia.
h6f446eaeg8ec6g19c7g34a6gf2ed7fde9501	MORFOLOGIK_RULE_PL_PL	Prawdopodobna literówka	1k6	Wykryto prawdopodobny błąd pisowni		Zimno Lodu (Mroźny Olbrzym). Kiedy trafisz cel testem ataku i zadasz mu obrażenia, możesz także zadać temu celowi 1k6 obrażeń od zimna i zmniejszyć jego szybkość o 3 m do początku twojej następnej tury.
h09a0bd7fg8439g3ebbg63abg78025f642aab	MORFOLOGIK_RULE_PL_PL	Prawdopodobna literówka	1k12	Wykryto prawdopodobny błąd pisowni		Wytrzymałość kamienia (Kamienny olbrzym). Kiedy otrzymasz obrażenia, możesz wykonać reakcję i rzucić 1k12. Dodaj swój modyfikator Kondycji do wyrzuconej liczby i zmniejsz obrażenia o tę sumę.
h58289e87g34a5g2ffdg308dge576a637a4d7	MORFOLOGIK_RULE_PL_PL	Prawdopodobna literówka	1k8	Wykryto prawdopodobny błąd pisowni		Grzmot burzy (olbrzym burzowy). Gdy otrzymujesz obrażenia od istoty w promieniu 18 m od ciebie, możesz w ramach reakcji zadać jej 1k8 obrażeń od dźwięku.
h41691e6fg7ecbgcaa8ga939gf512c0bc7016	MORFOLOGIK_RULE_PL_PL	Prawdopodobna literówka	k4	Wykryto prawdopodobny błąd pisowni	km, kg, ks, ku, KC, kW, KP, KK	W ramach akcji Magii dotykasz istoty i rzucasz tyloma kośćmi k4, ile wynosi twoja premia z biegłości. Istota odzyskuje punkty wytrzymałości w liczbie równej sumie wyników. Po użyciu tej zdolności musisz ukończyć długi odpoczynek, zanim użyjesz jej ponownie.
hc5a84737g0024g47c9g1052gdf0e4350d3ec	SKROTY_Z_KROPKA	Błędy ortograficzne	ST	"Ten skrót piszemy z kropką: ""ST."""	ST.	Niebiańskie skrzydła. Z twoich pleców tymczasowo wyrastają widmowe skrzydła. Dopóki transformacja trwa, masz szybkość Lotu równą twojej szybkości.\n\nWewnętrzny blask. Palące światło tymczasowo bije z twoich oczu i ust. Na czas trwania promieniujesz Jasnym Światłem w promieniu 3 m oraz Słabym Światłem w dodatkowym promieniu 3 m, a na koniec każdej twojej tury każde istota w odległości 3 m od ciebie otrzymuje obrażenia od światłości równe twojej premii z biegłości.\n\nNekrotyczny całun. Twoje oczy przejściowo stają się otchłaniami ciemności, a z twoich pleców wyrastają skrzydła bez zdolności latania. Istoty inne niż twoi sojusznicy w odległości 3 m od ciebie muszą wykonać udany rzut obronny na Charyzmę (ST 8 + twój modyfikator Charyzmy + twoja premia z Biegłości) albo zyskują stan Przerażony do końca twojej następnej tury.
h1441708fgd061g4a56g61b7gb8e8733cc36d	MORFOLOGIK_RULE_PL_PL	Prawdopodobna literówka	Aasimar	Wykryto prawdopodobny błąd pisowni		Aasimar
h17794a45gbffdg8b0dg0332g414e8cee0aa7	MORFOLOGIK_RULE_PL_PL	Prawdopodobna literówka	Aasimar	Wykryto prawdopodobny błąd pisowni		Aasimar (wymawiane AH-sih-mar) to śmiertelnicy, którzy noszą w swoich duszach iskrę Wyższych Planów. Niezależnie od tego, czy pochodzą od anielskiej istoty, czy są nasyceni mocą Niebianina, potrafią rozniecić tę iskrę, aby nieść światło, uzdrawiać i wyzwalać niebiański gniew.\n\nAasimar mogą pojawić się wśród każdej populacji śmiertelników. Przypominają swoich rodziców, jednak żyją nawet do 160 lat i mają cechy zdradzające ich niebiańskie dziedzictwo, takie jak metaliczne piegi, świetliste oczy, aureolę lub kolor skóry anioła (srebrny, opalizujący zielony bądź miedzianoczerwony). Cechy te początkowo są subtelne, a stają się bardziej oczywiste, gdy aasimar nauczy się w pełni ukazywać swoją anielską naturę.
h17794a45gbffdg8b0dg0332g414e8cee0aa7	MORFOLOGIK_RULE_PL_PL	Prawdopodobna literówka	AH-sih-mar	Wykryto prawdopodobny błąd pisowni		Aasimar (wymawiane AH-sih-mar) to śmiertelnicy, którzy noszą w swoich duszach iskrę Wyższych Planów. Niezależnie od tego, czy pochodzą od anielskiej istoty, czy są nasyceni mocą Niebianina, potrafią rozniecić tę iskrę, aby nieść światło, uzdrawiać i wyzwalać niebiański gniew.\n\nAasimar mogą pojawić się wśród każdej populacji śmiertelników. Przypominają swoich rodziców, jednak żyją nawet do 160 lat i mają cechy zdradzające ich niebiańskie dziedzictwo, takie jak metaliczne piegi, świetliste oczy, aureolę lub kolor skóry anioła (srebrny, opalizujący zielony bądź miedzianoczerwony). Cechy te początkowo są subtelne, a stają się bardziej oczywiste, gdy aasimar nauczy się w pełni ukazywać swoją anielską naturę.
h17794a45gbffdg8b0dg0332g414e8cee0aa7	MORFOLOGIK_RULE_PL_PL	Prawdopodobna literówka	Aasimar	Wykryto prawdopodobny błąd pisowni		Aasimar (wymawiane AH-sih-mar) to śmiertelnicy, którzy noszą w swoich duszach iskrę Wyższych Planów. Niezależnie od tego, czy pochodzą od anielskiej istoty, czy są nasyceni mocą Niebianina, potrafią rozniecić tę iskrę, aby nieść światło, uzdrawiać i wyzwalać niebiański gniew.\n\nAasimar mogą pojawić się wśród każdej populacji śmiertelników. Przypominają swoich rodziców, jednak żyją nawet do 160 lat i mają cechy zdradzające ich niebiańskie dziedzictwo, takie jak metaliczne piegi, świetliste oczy, aureolę lub kolor skóry anioła (srebrny, opalizujący zielony bądź miedzianoczerwony). Cechy te początkowo są subtelne, a stają się bardziej oczywiste, gdy aasimar nauczy się w pełni ukazywać swoją anielską naturę.
h17794a45gbffdg8b0dg0332g414e8cee0aa7	MORFOLOGIK_RULE_PL_PL	Prawdopodobna literówka	aasimar	Wykryto prawdopodobny błąd pisowni		Aasimar (wymawiane AH-sih-mar) to śmiertelnicy, którzy noszą w swoich duszach iskrę Wyższych Planów. Niezależnie od tego, czy pochodzą od anielskiej istoty, czy są nasyceni mocą Niebianina, potrafią rozniecić tę iskrę, aby nieść światło, uzdrawiać i wyzwalać niebiański gniew.\n\nAasimar mogą pojawić się wśród każdej populacji śmiertelników. Przypominają swoich rodziców, jednak żyją nawet do 160 lat i mają cechy zdradzające ich niebiańskie dziedzictwo, takie jak metaliczne piegi, świetliste oczy, aureolę lub kolor skóry anioła (srebrny, opalizujący zielony bądź miedzianoczerwony). Cechy te początkowo są subtelne, a stają się bardziej oczywiste, gdy aasimar nauczy się w pełni ukazywać swoją anielską naturę.
h4a85606fg83fegb919g2561gba3dd6f0fdf8	MORFOLOGIK_RULE_PL_PL	Prawdopodobna literówka	Aasimar	Wykryto prawdopodobny błąd pisowni		Aasimar
hce976d1agab7cg7729g705eged5dfe8fa201	MORFOLOGIK_RULE_PL_PL	Prawdopodobna literówka	Aasimar	Wykryto prawdopodobny błąd pisowni		Aasimar (wymawiane AH-sih-mar) to śmiertelnicy, którzy noszą w swoich duszach iskrę Wyższych Planów. Niezależnie od tego, czy pochodzą od anielskiej istoty, czy są nasyceni mocą Niebianina, potrafią rozniecić tę iskrę, aby nieść światło, uzdrawiać i wyzwalać niebiański gniew.\n\nAasimar mogą pojawić się wśród każdej populacji śmiertelników. Przypominają swoich rodziców, jednak żyją nawet do 160 lat i mają cechy zdradzające ich niebiańskie dziedzictwo, takie jak metaliczne piegi, świetliste oczy, aureolę lub kolor skóry anioła (srebrny, opalizujący zielony bądź miedzianoczerwony). Cechy te początkowo są subtelne, a stają się bardziej oczywiste, gdy aasimar nauczy się w pełni ukazywać swoją anielską naturę.
hce976d1agab7cg7729g705eged5dfe8fa201	MORFOLOGIK_RULE_PL_PL	Prawdopodobna literówka	AH-sih-mar	Wykryto prawdopodobny błąd pisowni		Aasimar (wymawiane AH-sih-mar) to śmiertelnicy, którzy noszą w swoich duszach iskrę Wyższych Planów. Niezależnie od tego, czy pochodzą od anielskiej istoty, czy są nasyceni mocą Niebianina, potrafią rozniecić tę iskrę, aby nieść światło, uzdrawiać i wyzwalać niebiański gniew.\n\nAasimar mogą pojawić się wśród każdej populacji śmiertelników. Przypominają swoich rodziców, jednak żyją nawet do 160 lat i mają cechy zdradzające ich niebiańskie dziedzictwo, takie jak metaliczne piegi, świetliste oczy, aureolę lub kolor skóry anioła (srebrny, opalizujący zielony bądź miedzianoczerwony). Cechy te początkowo są subtelne, a stają się bardziej oczywiste, gdy aasimar nauczy się w pełni ukazywać swoją anielską naturę.
hce976d1agab7cg7729g705eged5dfe8fa201	MORFOLOGIK_RULE_PL_PL	Prawdopodobna literówka	Aasimar	Wykryto prawdopodobny błąd pisowni		Aasimar (wymawiane AH-sih-mar) to śmiertelnicy, którzy noszą w swoich duszach iskrę Wyższych Planów. Niezależnie od tego, czy pochodzą od anielskiej istoty, czy są nasyceni mocą Niebianina, potrafią rozniecić tę iskrę, aby nieść światło, uzdrawiać i wyzwalać niebiański gniew.\n\nAasimar mogą pojawić się wśród każdej populacji śmiertelników. Przypominają swoich rodziców, jednak żyją nawet do 160 lat i mają cechy zdradzające ich niebiańskie dziedzictwo, takie jak metaliczne piegi, świetliste oczy, aureolę lub kolor skóry anioła (srebrny, opalizujący zielony bądź miedzianoczerwony). Cechy te początkowo są subtelne, a stają się bardziej oczywiste, gdy aasimar nauczy się w pełni ukazywać swoją anielską naturę.
hce976d1agab7cg7729g705eged5dfe8fa201	MORFOLOGIK_RULE_PL_PL	Prawdopodobna literówka	aasimar	Wykryto prawdopodobny błąd pisowni		Aasimar (wymawiane AH-sih-mar) to śmiertelnicy, którzy noszą w swoich duszach iskrę Wyższych Planów. Niezależnie od tego, czy pochodzą od anielskiej istoty, czy są nasyceni mocą Niebianina, potrafią rozniecić tę iskrę, aby nieść światło, uzdrawiać i wyzwalać niebiański gniew.\n\nAasimar mogą pojawić się wśród każdej populacji śmiertelników. Przypominają swoich rodziców, jednak żyją nawet do 160 lat i mają cechy zdradzające ich niebiańskie dziedzictwo, takie jak metaliczne piegi, świetliste oczy, aureolę lub kolor skóry anioła (srebrny, opalizujący zielony bądź miedzianoczerwony). Cechy te początkowo są subtelne, a stają się bardziej oczywiste, gdy aasimar nauczy się w pełni ukazywać swoją anielską naturę.
h52005c15gb62ag4e2egb087ge08e4918fcdc	MORFOLOGIK_RULE_PL_PL	Prawdopodobna literówka	Dampir	Wykryto prawdopodobny błąd pisowni	Wampir	Dampir
hbf2d2837g837cgd6c3g5fdegad558013ec2f	MORFOLOGIK_RULE_PL_PL	Prawdopodobna literówka	Dampiry	Wykryto prawdopodobny błąd pisowni	Wampiry	Dampiry to żywi ludzie, którzy mają wampiryczne zdolności, ale są przeklęci makabrycznym głodem. Większość dampirów pragnie krwi, ale niektóre czerpią pożywienie ze snów, energii życiowej lub innych ważnych źródeł. Dampiry muszą wybrać, czy walczyć, aby kontrolować swój głód, czy poddać się drapieżnym pragnieniom.
hbf2d2837g837cgd6c3g5fdegad558013ec2f	MORFOLOGIK_RULE_PL_PL	Prawdopodobna literówka	dampirów	Wykryto prawdopodobny błąd pisowni	wampirów, tapirów	Dampiry to żywi ludzie, którzy mają wampiryczne zdolności, ale są przeklęci makabrycznym głodem. Większość dampirów pragnie krwi, ale niektóre czerpią pożywienie ze snów, energii życiowej lub innych ważnych źródeł. Dampiry muszą wybrać, czy walczyć, aby kontrolować swój głód, czy poddać się drapieżnym pragnieniom.
hbf2d2837g837cgd6c3g5fdegad558013ec2f	MORFOLOGIK_RULE_PL_PL	Prawdopodobna literówka	Dampiry	Wykryto prawdopodobny błąd pisowni	Wampiry	Dampiry to żywi ludzie, którzy mają wampiryczne zdolności, ale są przeklęci makabrycznym głodem. Większość dampirów pragnie krwi, ale niektóre czerpią pożywienie ze snów, energii życiowej lub innych ważnych źródeł. Dampiry muszą wybrać, czy walczyć, aby kontrolować swój głód, czy poddać się drapieżnym pragnieniom.
hce58bf73g30e5ged4aga02cgfc3a7316df41	MORFOLOGIK_RULE_PL_PL	Prawdopodobna literówka	Dampir	Wykryto prawdopodobny błąd pisowni	Wampir	Dampir
h79662482g09c0g2520g7473g0b463567c37f	MORFOLOGIK_RULE_PL_PL	Prawdopodobna literówka	Dampiry	Wykryto prawdopodobny błąd pisowni	Wampiry	Dampiry to żywi ludzie, którzy mają wampiryczne zdolności, ale są przeklęci makabrycznym głodem. Większość dampirów pragnie krwi, ale niektóre czerpią pożywienie ze snów, energii życiowej lub innych ważnych źródeł. Dampiry muszą wybrać, czy walczyć, aby kontrolować swój głód, czy poddać się drapieżnym pragnieniom.
h79662482g09c0g2520g7473g0b463567c37f	MORFOLOGIK_RULE_PL_PL	Prawdopodobna literówka	dampirów	Wykryto prawdopodobny błąd pisowni	wampirów, tapirów	Dampiry to żywi ludzie, którzy mają wampiryczne zdolności, ale są przeklęci makabrycznym głodem. Większość dampirów pragnie krwi, ale niektóre czerpią pożywienie ze snów, energii życiowej lub innych ważnych źródeł. Dampiry muszą wybrać, czy walczyć, aby kontrolować swój głód, czy poddać się drapieżnym pragnieniom.
h79662482g09c0g2520g7473g0b463567c37f	MORFOLOGIK_RULE_PL_PL	Prawdopodobna literówka	Dampiry	Wykryto prawdopodobny błąd pisowni	Wampiry	Dampiry to żywi ludzie, którzy mają wampiryczne zdolności, ale są przeklęci makabrycznym głodem. Większość dampirów pragnie krwi, ale niektóre czerpią pożywienie ze snów, energii życiowej lub innych ważnych źródeł. Dampiry muszą wybrać, czy walczyć, aby kontrolować swój głód, czy poddać się drapieżnym pragnieniom.
h46b0c2f8g60cfgf514g75e0g2b9f80721ed5	MORFOLOGIK_RULE_PL_PL	Prawdopodobna literówka	Dampir	Wykryto prawdopodobny błąd pisowni	Wampir	Dampir
h2fb7412egdbddg4e3cgd275g9982279ad118	MORFOLOGIK_RULE_PL_PL	Prawdopodobna literówka	Dampiry	Wykryto prawdopodobny błąd pisowni	Wampiry	Dampiry to żywi ludzie, którzy mają wampiryczne zdolności, ale są przeklęci makabrycznym głodem. Większość dampirów pragnie krwi, ale niektóre czerpią pożywienie ze snów, energii życiowej lub innych ważnych źródeł. Dampiry muszą wybrać, czy walczyć, aby kontrolować swój głód, czy poddać się drapieżnym pragnieniom.\n\nDampiry często powstają w wyniku spotkań z wampirami; niektórzy są potomkami potężnego wampira, podczas gdy inni zostają częściowo przemienieni przez ukąszenie wampira. Wszelkiego rodzaju makabryczne targi i wpływy nekromantyczne mogą również dać początek dampirowi. Bez względu na pochodzenie, dampiry wykazują swoją wampirzą naturę na różne sposoby, w tym zwiększoną szybkość i wysysające życie ugryzienie.
h2fb7412egdbddg4e3cgd275g9982279ad118	MORFOLOGIK_RULE_PL_PL	Prawdopodobna literówka	dampirów	Wykryto prawdopodobny błąd pisowni	wampirów, tapirów	Dampiry to żywi ludzie, którzy mają wampiryczne zdolności, ale są przeklęci makabrycznym głodem. Większość dampirów pragnie krwi, ale niektóre czerpią pożywienie ze snów, energii życiowej lub innych ważnych źródeł. Dampiry muszą wybrać, czy walczyć, aby kontrolować swój głód, czy poddać się drapieżnym pragnieniom.\n\nDampiry często powstają w wyniku spotkań z wampirami; niektórzy są potomkami potężnego wampira, podczas gdy inni zostają częściowo przemienieni przez ukąszenie wampira. Wszelkiego rodzaju makabryczne targi i wpływy nekromantyczne mogą również dać początek dampirowi. Bez względu na pochodzenie, dampiry wykazują swoją wampirzą naturę na różne sposoby, w tym zwiększoną szybkość i wysysające życie ugryzienie.
h2fb7412egdbddg4e3cgd275g9982279ad118	MORFOLOGIK_RULE_PL_PL	Prawdopodobna literówka	Dampiry	Wykryto prawdopodobny błąd pisowni	Wampiry	Dampiry to żywi ludzie, którzy mają wampiryczne zdolności, ale są przeklęci makabrycznym głodem. Większość dampirów pragnie krwi, ale niektóre czerpią pożywienie ze snów, energii życiowej lub innych ważnych źródeł. Dampiry muszą wybrać, czy walczyć, aby kontrolować swój głód, czy poddać się drapieżnym pragnieniom.\n\nDampiry często powstają w wyniku spotkań z wampirami; niektórzy są potomkami potężnego wampira, podczas gdy inni zostają częściowo przemienieni przez ukąszenie wampira. Wszelkiego rodzaju makabryczne targi i wpływy nekromantyczne mogą również dać początek dampirowi. Bez względu na pochodzenie, dampiry wykazują swoją wampirzą naturę na różne sposoby, w tym zwiększoną szybkość i wysysające życie ugryzienie.
h2fb7412egdbddg4e3cgd275g9982279ad118	MORFOLOGIK_RULE_PL_PL	Prawdopodobna literówka	Dampiry	Wykryto prawdopodobny błąd pisowni	Wampiry	Dampiry to żywi ludzie, którzy mają wampiryczne zdolności, ale są przeklęci makabrycznym głodem. Większość dampirów pragnie krwi, ale niektóre czerpią pożywienie ze snów, energii życiowej lub innych ważnych źródeł. Dampiry muszą wybrać, czy walczyć, aby kontrolować swój głód, czy poddać się drapieżnym pragnieniom.\n\nDampiry często powstają w wyniku spotkań z wampirami; niektórzy są potomkami potężnego wampira, podczas gdy inni zostają częściowo przemienieni przez ukąszenie wampira. Wszelkiego rodzaju makabryczne targi i wpływy nekromantyczne mogą również dać początek dampirowi. Bez względu na pochodzenie, dampiry wykazują swoją wampirzą naturę na różne sposoby, w tym zwiększoną szybkość i wysysające życie ugryzienie.
h2fb7412egdbddg4e3cgd275g9982279ad118	MORFOLOGIK_RULE_PL_PL	Prawdopodobna literówka	dampirowi	Wykryto prawdopodobny błąd pisowni	tapirowi, wampirowi	Dampiry to żywi ludzie, którzy mają wampiryczne zdolności, ale są przeklęci makabrycznym głodem. Większość dampirów pragnie krwi, ale niektóre czerpią pożywienie ze snów, energii życiowej lub innych ważnych źródeł. Dampiry muszą wybrać, czy walczyć, aby kontrolować swój głód, czy poddać się drapieżnym pragnieniom.\n\nDampiry często powstają w wyniku spotkań z wampirami; niektórzy są potomkami potężnego wampira, podczas gdy inni zostają częściowo przemienieni przez ukąszenie wampira. Wszelkiego rodzaju makabryczne targi i wpływy nekromantyczne mogą również dać początek dampirowi. Bez względu na pochodzenie, dampiry wykazują swoją wampirzą naturę na różne sposoby, w tym zwiększoną szybkość i wysysające życie ugryzienie.
h2fb7412egdbddg4e3cgd275g9982279ad118	MORFOLOGIK_RULE_PL_PL	Prawdopodobna literówka	dampiry	Wykryto prawdopodobny błąd pisowni	wampiry, tapiry	Dampiry to żywi ludzie, którzy mają wampiryczne zdolności, ale są przeklęci makabrycznym głodem. Większość dampirów pragnie krwi, ale niektóre czerpią pożywienie ze snów, energii życiowej lub innych ważnych źródeł. Dampiry muszą wybrać, czy walczyć, aby kontrolować swój głód, czy poddać się drapieżnym pragnieniom.\n\nDampiry często powstają w wyniku spotkań z wampirami; niektórzy są potomkami potężnego wampira, podczas gdy inni zostają częściowo przemienieni przez ukąszenie wampira. Wszelkiego rodzaju makabryczne targi i wpływy nekromantyczne mogą również dać początek dampirowi. Bez względu na pochodzenie, dampiry wykazują swoją wampirzą naturę na różne sposoby, w tym zwiększoną szybkość i wysysające życie ugryzienie.
h290db207g3982g8671gfbdeg7a8b3e079800	MORFOLOGIK_RULE_PL_PL	Prawdopodobna literówka	Dampir	Wykryto prawdopodobny błąd pisowni	Wampir	Dampir
h4cdf86a0g7d76g2e84gd83dg6220d5a5ca95	MORFOLOGIK_RULE_PL_PL	Prawdopodobna literówka	Dampiry	Wykryto prawdopodobny błąd pisowni	Wampiry	Dampiry to żywi ludzie, którzy mają wampiryczne zdolności, ale są przeklęci makabrycznym głodem. Większość dampirów pragnie krwi, ale niektóre czerpią pożywienie ze snów, energii życiowej lub innych ważnych źródeł. Dampiry muszą wybrać, czy walczyć, aby kontrolować swój głód, czy poddać się drapieżnym pragnieniom.\n\nDampiry często powstają w wyniku spotkań z wampirami; niektórzy są potomkami potężnego wampira, podczas gdy inni zostają częściowo przemienieni przez ukąszenie wampira. Wszelkiego rodzaju makabryczne targi i wpływy nekromantyczne mogą również dać początek dampirowi. Bez względu na pochodzenie, dampiry wykazują swoją wampirzą naturę na różne sposoby, w tym zwiększoną szybkość i wysysające życie ugryzienie.
h4cdf86a0g7d76g2e84gd83dg6220d5a5ca95	MORFOLOGIK_RULE_PL_PL	Prawdopodobna literówka	dampirów	Wykryto prawdopodobny błąd pisowni	wampirów, tapirów	Dampiry to żywi ludzie, którzy mają wampiryczne zdolności, ale są przeklęci makabrycznym głodem. Większość dampirów pragnie krwi, ale niektóre czerpią pożywienie ze snów, energii życiowej lub innych ważnych źródeł. Dampiry muszą wybrać, czy walczyć, aby kontrolować swój głód, czy poddać się drapieżnym pragnieniom.\n\nDampiry często powstają w wyniku spotkań z wampirami; niektórzy są potomkami potężnego wampira, podczas gdy inni zostają częściowo przemienieni przez ukąszenie wampira. Wszelkiego rodzaju makabryczne targi i wpływy nekromantyczne mogą również dać początek dampirowi. Bez względu na pochodzenie, dampiry wykazują swoją wampirzą naturę na różne sposoby, w tym zwiększoną szybkość i wysysające życie ugryzienie.
h4cdf86a0g7d76g2e84gd83dg6220d5a5ca95	MORFOLOGIK_RULE_PL_PL	Prawdopodobna literówka	Dampiry	Wykryto prawdopodobny błąd pisowni	Wampiry	Dampiry to żywi ludzie, którzy mają wampiryczne zdolności, ale są przeklęci makabrycznym głodem. Większość dampirów pragnie krwi, ale niektóre czerpią pożywienie ze snów, energii życiowej lub innych ważnych źródeł. Dampiry muszą wybrać, czy walczyć, aby kontrolować swój głód, czy poddać się drapieżnym pragnieniom.\n\nDampiry często powstają w wyniku spotkań z wampirami; niektórzy są potomkami potężnego wampira, podczas gdy inni zostają częściowo przemienieni przez ukąszenie wampira. Wszelkiego rodzaju makabryczne targi i wpływy nekromantyczne mogą również dać początek dampirowi. Bez względu na pochodzenie, dampiry wykazują swoją wampirzą naturę na różne sposoby, w tym zwiększoną szybkość i wysysające życie ugryzienie.
h4cdf86a0g7d76g2e84gd83dg6220d5a5ca95	MORFOLOGIK_RULE_PL_PL	Prawdopodobna literówka	Dampiry	Wykryto prawdopodobny błąd pisowni	Wampiry	Dampiry to żywi ludzie, którzy mają wampiryczne zdolności, ale są przeklęci makabrycznym głodem. Większość dampirów pragnie krwi, ale niektóre czerpią pożywienie ze snów, energii życiowej lub innych ważnych źródeł. Dampiry muszą wybrać, czy walczyć, aby kontrolować swój głód, czy poddać się drapieżnym pragnieniom.\n\nDampiry często powstają w wyniku spotkań z wampirami; niektórzy są potomkami potężnego wampira, podczas gdy inni zostają częściowo przemienieni przez ukąszenie wampira. Wszelkiego rodzaju makabryczne targi i wpływy nekromantyczne mogą również dać początek dampirowi. Bez względu na pochodzenie, dampiry wykazują swoją wampirzą naturę na różne sposoby, w tym zwiększoną szybkość i wysysające życie ugryzienie.
h4cdf86a0g7d76g2e84gd83dg6220d5a5ca95	MORFOLOGIK_RULE_PL_PL	Prawdopodobna literówka	dampirowi	Wykryto prawdopodobny błąd pisowni	tapirowi, wampirowi	Dampiry to żywi ludzie, którzy mają wampiryczne zdolności, ale są przeklęci makabrycznym głodem. Większość dampirów pragnie krwi, ale niektóre czerpią pożywienie ze snów, energii życiowej lub innych ważnych źródeł. Dampiry muszą wybrać, czy walczyć, aby kontrolować swój głód, czy poddać się drapieżnym pragnieniom.\n\nDampiry często powstają w wyniku spotkań z wampirami; niektórzy są potomkami potężnego wampira, podczas gdy inni zostają częściowo przemienieni przez ukąszenie wampira. Wszelkiego rodzaju makabryczne targi i wpływy nekromantyczne mogą również dać początek dampirowi. Bez względu na pochodzenie, dampiry wykazują swoją wampirzą naturę na różne sposoby, w tym zwiększoną szybkość i wysysające życie ugryzienie.
h4cdf86a0g7d76g2e84gd83dg6220d5a5ca95	MORFOLOGIK_RULE_PL_PL	Prawdopodobna literówka	dampiry	Wykryto prawdopodobny błąd pisowni	wampiry, tapiry	Dampiry to żywi ludzie, którzy mają wampiryczne zdolności, ale są przeklęci makabrycznym głodem. Większość dampirów pragnie krwi, ale niektóre czerpią pożywienie ze snów, energii życiowej lub innych ważnych źródeł. Dampiry muszą wybrać, czy walczyć, aby kontrolować swój głód, czy poddać się drapieżnym pragnieniom.\n\nDampiry często powstają w wyniku spotkań z wampirami; niektórzy są potomkami potężnego wampira, podczas gdy inni zostają częściowo przemienieni przez ukąszenie wampira. Wszelkiego rodzaju makabryczne targi i wpływy nekromantyczne mogą również dać początek dampirowi. Bez względu na pochodzenie, dampiry wykazują swoją wampirzą naturę na różne sposoby, w tym zwiększoną szybkość i wysysające życie ugryzienie.
h877ab541g5ce7g7a78g2577g02cab9025520	MORFOLOGIK_RULE_PL_PL	Prawdopodobna literówka	Kalashtar	Wykryto prawdopodobny błąd pisowni		Kalashtar
h0bb6e377geac3g99bdg6ae0gdd2ba3ffc657	MORFOLOGIK_RULE_PL_PL	Prawdopodobna literówka	Kalashtar	Wykryto prawdopodobny błąd pisowni		Kalashtar (wymawiane kal-ASZ-tar) powstali z połączenia ludzi i zbuntowanych duchów zwanych quori ze sfery snów. Kalashtar wyglądają jak ludzie, ale ich duchowa więź wpływa na nich na różne sposoby. Mają symetryczne, lekko kanciaste rysy, a ich oczy często jaśnieją, gdy się koncentrują albo przeżywają silne emocje.
h0bb6e377geac3g99bdg6ae0gdd2ba3ffc657	MORFOLOGIK_RULE_PL_PL	Prawdopodobna literówka	kal-ASZ-tar	Wykryto prawdopodobny błąd pisowni		Kalashtar (wymawiane kal-ASZ-tar) powstali z połączenia ludzi i zbuntowanych duchów zwanych quori ze sfery snów. Kalashtar wyglądają jak ludzie, ale ich duchowa więź wpływa na nich na różne sposoby. Mają symetryczne, lekko kanciaste rysy, a ich oczy często jaśnieją, gdy się koncentrują albo przeżywają silne emocje.
h0bb6e377geac3g99bdg6ae0gdd2ba3ffc657	MORFOLOGIK_RULE_PL_PL	Prawdopodobna literówka	quori	Wykryto prawdopodobny błąd pisowni	quora, Quora	Kalashtar (wymawiane kal-ASZ-tar) powstali z połączenia ludzi i zbuntowanych duchów zwanych quori ze sfery snów. Kalashtar wyglądają jak ludzie, ale ich duchowa więź wpływa na nich na różne sposoby. Mają symetryczne, lekko kanciaste rysy, a ich oczy często jaśnieją, gdy się koncentrują albo przeżywają silne emocje.
h0bb6e377geac3g99bdg6ae0gdd2ba3ffc657	MORFOLOGIK_RULE_PL_PL	Prawdopodobna literówka	Kalashtar	Wykryto prawdopodobny błąd pisowni		Kalashtar (wymawiane kal-ASZ-tar) powstali z połączenia ludzi i zbuntowanych duchów zwanych quori ze sfery snów. Kalashtar wyglądają jak ludzie, ale ich duchowa więź wpływa na nich na różne sposoby. Mają symetryczne, lekko kanciaste rysy, a ich oczy często jaśnieją, gdy się koncentrują albo przeżywają silne emocje.
h0a563e02g95f0gd9e3g039ag98f3b4346158	MORFOLOGIK_RULE_PL_PL	Prawdopodobna literówka	Kalashtar	Wykryto prawdopodobny błąd pisowni		Kalashtar
hbccdb504gf83fgad58g2d25g913047122f49	MORFOLOGIK_RULE_PL_PL	Prawdopodobna literówka	Kalashtar	Wykryto prawdopodobny błąd pisowni		Kalashtar (wymawiane kal-ASZ-tar) powstali z połączenia ludzi i zbuntowanych duchów zwanych quori ze sfery snów. Kalashtar wyglądają jak ludzie, ale ich duchowa więź wpływa na nich na różne sposoby. Mają symetryczne, lekko kanciaste rysy, a ich oczy często jaśnieją, gdy się koncentrują albo przeżywają silne emocje.
hbccdb504gf83fgad58g2d25g913047122f49	MORFOLOGIK_RULE_PL_PL	Prawdopodobna literówka	kal-ASZ-tar	Wykryto prawdopodobny błąd pisowni		Kalashtar (wymawiane kal-ASZ-tar) powstali z połączenia ludzi i zbuntowanych duchów zwanych quori ze sfery snów. Kalashtar wyglądają jak ludzie, ale ich duchowa więź wpływa na nich na różne sposoby. Mają symetryczne, lekko kanciaste rysy, a ich oczy często jaśnieją, gdy się koncentrują albo przeżywają silne emocje.
hbccdb504gf83fgad58g2d25g913047122f49	MORFOLOGIK_RULE_PL_PL	Prawdopodobna literówka	quori	Wykryto prawdopodobny błąd pisowni	quora, Quora	Kalashtar (wymawiane kal-ASZ-tar) powstali z połączenia ludzi i zbuntowanych duchów zwanych quori ze sfery snów. Kalashtar wyglądają jak ludzie, ale ich duchowa więź wpływa na nich na różne sposoby. Mają symetryczne, lekko kanciaste rysy, a ich oczy często jaśnieją, gdy się koncentrują albo przeżywają silne emocje.
hbccdb504gf83fgad58g2d25g913047122f49	MORFOLOGIK_RULE_PL_PL	Prawdopodobna literówka	Kalashtar	Wykryto prawdopodobny błąd pisowni		Kalashtar (wymawiane kal-ASZ-tar) powstali z połączenia ludzi i zbuntowanych duchów zwanych quori ze sfery snów. Kalashtar wyglądają jak ludzie, ale ich duchowa więź wpływa na nich na różne sposoby. Mają symetryczne, lekko kanciaste rysy, a ich oczy często jaśnieją, gdy się koncentrują albo przeżywają silne emocje.
ha860cb95g7c9ag10c1g85f5gc9e5b708f2a5	MORFOLOGIK_RULE_PL_PL	Prawdopodobna literówka	Kalashtar	Wykryto prawdopodobny błąd pisowni		Kalashtar
hd180b5fege06agd03ag32b2g4030476ac579	MORFOLOGIK_RULE_PL_PL	Prawdopodobna literówka	Kalashtar	Wykryto prawdopodobny błąd pisowni		Kalashtar (wymawiane kal-ASZ-tar) powstali z połączenia ludzi i zbuntowanych duchów zwanych quori ze sfery snów. Kalashtar wyglądają jak ludzie, ale ich duchowa więź wpływa na nich na różne sposoby. Mają symetryczne, lekko kanciaste rysy, a ich oczy często jaśnieją, gdy się koncentrują albo przeżywają silne emocje.\n\nKalashtar nie mogą komunikować się bezpośrednio ze swoimi duchami quori. Zamiast tego mogą doświadczać ich jako źródła instynktu i natchnienia, czerpiąc ze wspomnień duchów, gdy śpią. To połączenie daje Kalashtar drobne zdolności psioniczne, a także ochronę przed atakami psionicznymi.
hd180b5fege06agd03ag32b2g4030476ac579	MORFOLOGIK_RULE_PL_PL	Prawdopodobna literówka	kal-ASZ-tar	Wykryto prawdopodobny błąd pisowni		Kalashtar (wymawiane kal-ASZ-tar) powstali z połączenia ludzi i zbuntowanych duchów zwanych quori ze sfery snów. Kalashtar wyglądają jak ludzie, ale ich duchowa więź wpływa na nich na różne sposoby. Mają symetryczne, lekko kanciaste rysy, a ich oczy często jaśnieją, gdy się koncentrują albo przeżywają silne emocje.\n\nKalashtar nie mogą komunikować się bezpośrednio ze swoimi duchami quori. Zamiast tego mogą doświadczać ich jako źródła instynktu i natchnienia, czerpiąc ze wspomnień duchów, gdy śpią. To połączenie daje Kalashtar drobne zdolności psioniczne, a także ochronę przed atakami psionicznymi.
hd180b5fege06agd03ag32b2g4030476ac579	MORFOLOGIK_RULE_PL_PL	Prawdopodobna literówka	quori	Wykryto prawdopodobny błąd pisowni	quora, Quora	Kalashtar (wymawiane kal-ASZ-tar) powstali z połączenia ludzi i zbuntowanych duchów zwanych quori ze sfery snów. Kalashtar wyglądają jak ludzie, ale ich duchowa więź wpływa na nich na różne sposoby. Mają symetryczne, lekko kanciaste rysy, a ich oczy często jaśnieją, gdy się koncentrują albo przeżywają silne emocje.\n\nKalashtar nie mogą komunikować się bezpośrednio ze swoimi duchami quori. Zamiast tego mogą doświadczać ich jako źródła instynktu i natchnienia, czerpiąc ze wspomnień duchów, gdy śpią. To połączenie daje Kalashtar drobne zdolności psioniczne, a także ochronę przed atakami psionicznymi.
hd180b5fege06agd03ag32b2g4030476ac579	MORFOLOGIK_RULE_PL_PL	Prawdopodobna literówka	Kalashtar	Wykryto prawdopodobny błąd pisowni		Kalashtar (wymawiane kal-ASZ-tar) powstali z połączenia ludzi i zbuntowanych duchów zwanych quori ze sfery snów. Kalashtar wyglądają jak ludzie, ale ich duchowa więź wpływa na nich na różne sposoby. Mają symetryczne, lekko kanciaste rysy, a ich oczy często jaśnieją, gdy się koncentrują albo przeżywają silne emocje.\n\nKalashtar nie mogą komunikować się bezpośrednio ze swoimi duchami quori. Zamiast tego mogą doświadczać ich jako źródła instynktu i natchnienia, czerpiąc ze wspomnień duchów, gdy śpią. To połączenie daje Kalashtar drobne zdolności psioniczne, a także ochronę przed atakami psionicznymi.
hd180b5fege06agd03ag32b2g4030476ac579	MORFOLOGIK_RULE_PL_PL	Prawdopodobna literówka	Kalashtar	Wykryto prawdopodobny błąd pisowni		Kalashtar (wymawiane kal-ASZ-tar) powstali z połączenia ludzi i zbuntowanych duchów zwanych quori ze sfery snów. Kalashtar wyglądają jak ludzie, ale ich duchowa więź wpływa na nich na różne sposoby. Mają symetryczne, lekko kanciaste rysy, a ich oczy często jaśnieją, gdy się koncentrują albo przeżywają silne emocje.\n\nKalashtar nie mogą komunikować się bezpośrednio ze swoimi duchami quori. Zamiast tego mogą doświadczać ich jako źródła instynktu i natchnienia, czerpiąc ze wspomnień duchów, gdy śpią. To połączenie daje Kalashtar drobne zdolności psioniczne, a także ochronę przed atakami psionicznymi.
hd180b5fege06agd03ag32b2g4030476ac579	MORFOLOGIK_RULE_PL_PL	Prawdopodobna literówka	quori	Wykryto prawdopodobny błąd pisowni	quora, Quora	Kalashtar (wymawiane kal-ASZ-tar) powstali z połączenia ludzi i zbuntowanych duchów zwanych quori ze sfery snów. Kalashtar wyglądają jak ludzie, ale ich duchowa więź wpływa na nich na różne sposoby. Mają symetryczne, lekko kanciaste rysy, a ich oczy często jaśnieją, gdy się koncentrują albo przeżywają silne emocje.\n\nKalashtar nie mogą komunikować się bezpośrednio ze swoimi duchami quori. Zamiast tego mogą doświadczać ich jako źródła instynktu i natchnienia, czerpiąc ze wspomnień duchów, gdy śpią. To połączenie daje Kalashtar drobne zdolności psioniczne, a także ochronę przed atakami psionicznymi.
hd180b5fege06agd03ag32b2g4030476ac579	MORFOLOGIK_RULE_PL_PL	Prawdopodobna literówka	Kalashtar	Wykryto prawdopodobny błąd pisowni		Kalashtar (wymawiane kal-ASZ-tar) powstali z połączenia ludzi i zbuntowanych duchów zwanych quori ze sfery snów. Kalashtar wyglądają jak ludzie, ale ich duchowa więź wpływa na nich na różne sposoby. Mają symetryczne, lekko kanciaste rysy, a ich oczy często jaśnieją, gdy się koncentrują albo przeżywają silne emocje.\n\nKalashtar nie mogą komunikować się bezpośrednio ze swoimi duchami quori. Zamiast tego mogą doświadczać ich jako źródła instynktu i natchnienia, czerpiąc ze wspomnień duchów, gdy śpią. To połączenie daje Kalashtar drobne zdolności psioniczne, a także ochronę przed atakami psionicznymi.
hfa61106eg95adg47fbg8362gcbea543e7ea6	MORFOLOGIK_RULE_PL_PL	Prawdopodobna literówka	Kalashtar	Wykryto prawdopodobny błąd pisowni		Kalashtar
h7272c6b6gd59fg3f4dg8d02g45a02e4928d6	MORFOLOGIK_RULE_PL_PL	Prawdopodobna literówka	Kalashtar	Wykryto prawdopodobny błąd pisowni		Kalashtar (wymawiane kal-ASZ-tar) powstali z połączenia ludzi i zbuntowanych duchów zwanych quori ze sfery snów. Kalashtar wyglądają jak ludzie, ale ich duchowa więź wpływa na nich na różne sposoby. Mają symetryczne, lekko kanciaste rysy, a ich oczy często jaśnieją, gdy się koncentrują albo przeżywają silne emocje.\n\nKalashtar nie mogą komunikować się bezpośrednio ze swoimi duchami quori. Zamiast tego mogą doświadczać ich jako źródła instynktu i natchnienia, czerpiąc ze wspomnień duchów, gdy śpią. To połączenie daje Kalashtar drobne zdolności psioniczne, a także ochronę przed atakami psionicznymi.
h7272c6b6gd59fg3f4dg8d02g45a02e4928d6	MORFOLOGIK_RULE_PL_PL	Prawdopodobna literówka	kal-ASZ-tar	Wykryto prawdopodobny błąd pisowni		Kalashtar (wymawiane kal-ASZ-tar) powstali z połączenia ludzi i zbuntowanych duchów zwanych quori ze sfery snów. Kalashtar wyglądają jak ludzie, ale ich duchowa więź wpływa na nich na różne sposoby. Mają symetryczne, lekko kanciaste rysy, a ich oczy często jaśnieją, gdy się koncentrują albo przeżywają silne emocje.\n\nKalashtar nie mogą komunikować się bezpośrednio ze swoimi duchami quori. Zamiast tego mogą doświadczać ich jako źródła instynktu i natchnienia, czerpiąc ze wspomnień duchów, gdy śpią. To połączenie daje Kalashtar drobne zdolności psioniczne, a także ochronę przed atakami psionicznymi.
h7272c6b6gd59fg3f4dg8d02g45a02e4928d6	MORFOLOGIK_RULE_PL_PL	Prawdopodobna literówka	quori	Wykryto prawdopodobny błąd pisowni	quora, Quora	Kalashtar (wymawiane kal-ASZ-tar) powstali z połączenia ludzi i zbuntowanych duchów zwanych quori ze sfery snów. Kalashtar wyglądają jak ludzie, ale ich duchowa więź wpływa na nich na różne sposoby. Mają symetryczne, lekko kanciaste rysy, a ich oczy często jaśnieją, gdy się koncentrują albo przeżywają silne emocje.\n\nKalashtar nie mogą komunikować się bezpośrednio ze swoimi duchami quori. Zamiast tego mogą doświadczać ich jako źródła instynktu i natchnienia, czerpiąc ze wspomnień duchów, gdy śpią. To połączenie daje Kalashtar drobne zdolności psioniczne, a także ochronę przed atakami psionicznymi.
h7272c6b6gd59fg3f4dg8d02g45a02e4928d6	MORFOLOGIK_RULE_PL_PL	Prawdopodobna literówka	Kalashtar	Wykryto prawdopodobny błąd pisowni		Kalashtar (wymawiane kal-ASZ-tar) powstali z połączenia ludzi i zbuntowanych duchów zwanych quori ze sfery snów. Kalashtar wyglądają jak ludzie, ale ich duchowa więź wpływa na nich na różne sposoby. Mają symetryczne, lekko kanciaste rysy, a ich oczy często jaśnieją, gdy się koncentrują albo przeżywają silne emocje.\n\nKalashtar nie mogą komunikować się bezpośrednio ze swoimi duchami quori. Zamiast tego mogą doświadczać ich jako źródła instynktu i natchnienia, czerpiąc ze wspomnień duchów, gdy śpią. To połączenie daje Kalashtar drobne zdolności psioniczne, a także ochronę przed atakami psionicznymi.
h7272c6b6gd59fg3f4dg8d02g45a02e4928d6	MORFOLOGIK_RULE_PL_PL	Prawdopodobna literówka	Kalashtar	Wykryto prawdopodobny błąd pisowni		Kalashtar (wymawiane kal-ASZ-tar) powstali z połączenia ludzi i zbuntowanych duchów zwanych quori ze sfery snów. Kalashtar wyglądają jak ludzie, ale ich duchowa więź wpływa na nich na różne sposoby. Mają symetryczne, lekko kanciaste rysy, a ich oczy często jaśnieją, gdy się koncentrują albo przeżywają silne emocje.\n\nKalashtar nie mogą komunikować się bezpośrednio ze swoimi duchami quori. Zamiast tego mogą doświadczać ich jako źródła instynktu i natchnienia, czerpiąc ze wspomnień duchów, gdy śpią. To połączenie daje Kalashtar drobne zdolności psioniczne, a także ochronę przed atakami psionicznymi.
h7272c6b6gd59fg3f4dg8d02g45a02e4928d6	MORFOLOGIK_RULE_PL_PL	Prawdopodobna literówka	quori	Wykryto prawdopodobny błąd pisowni	quora, Quora	Kalashtar (wymawiane kal-ASZ-tar) powstali z połączenia ludzi i zbuntowanych duchów zwanych quori ze sfery snów. Kalashtar wyglądają jak ludzie, ale ich duchowa więź wpływa na nich na różne sposoby. Mają symetryczne, lekko kanciaste rysy, a ich oczy często jaśnieją, gdy się koncentrują albo przeżywają silne emocje.\n\nKalashtar nie mogą komunikować się bezpośrednio ze swoimi duchami quori. Zamiast tego mogą doświadczać ich jako źródła instynktu i natchnienia, czerpiąc ze wspomnień duchów, gdy śpią. To połączenie daje Kalashtar drobne zdolności psioniczne, a także ochronę przed atakami psionicznymi.
h7272c6b6gd59fg3f4dg8d02g45a02e4928d6	MORFOLOGIK_RULE_PL_PL	Prawdopodobna literówka	Kalashtar	Wykryto prawdopodobny błąd pisowni		Kalashtar (wymawiane kal-ASZ-tar) powstali z połączenia ludzi i zbuntowanych duchów zwanych quori ze sfery snów. Kalashtar wyglądają jak ludzie, ale ich duchowa więź wpływa na nich na różne sposoby. Mają symetryczne, lekko kanciaste rysy, a ich oczy często jaśnieją, gdy się koncentrują albo przeżywają silne emocje.\n\nKalashtar nie mogą komunikować się bezpośrednio ze swoimi duchami quori. Zamiast tego mogą doświadczać ich jako źródła instynktu i natchnienia, czerpiąc ze wspomnień duchów, gdy śpią. To połączenie daje Kalashtar drobne zdolności psioniczne, a także ochronę przed atakami psionicznymi.
hcb060b97gfe11gfd82gc6b9g3e44da81f15a	BRAK_PRZECINKA_JESLI	Błędy interpunkcyjne	Osłabienie Jeśli	"Przed tym spójnikiem stawiamy przecinek:""Osłabienie, Jeśli""."	Osłabienie, Jeśli	Mistrzostwo broni: Osłabienie\n\nJeśli trafisz istotę tą bronią, ma ona utrudnienie w następnym teście ataku wykonanym przed początkiem twojej następnej tury.
h3339cd6bg6f73ge757g76cdg991057f97dde	BRAK_PRZECINKA_JESLI	Błędy interpunkcyjne	Spowolnienie Jeśli	"Przed tym spójnikiem stawiamy przecinek:""Spowolnienie, Jeśli""."	Spowolnienie, Jeśli	Mistrzostwo broni: Spowolnienie\n\nJeśli trafisz istotę tą bronią i zadasz jej obrażenia, możesz zmniejszyć jej szybkość o 3 m do początku swojej następnej tury.
h10007b53gb4bcgbac3g9089g6d911c3cc5d4	BRAK_PRZECINKA_JESLI	Błędy interpunkcyjne	Nękanie Jeśli	"Przed tym spójnikiem stawiamy przecinek:""Nękanie, Jeśli""."	Nękanie, Jeśli	Mistrzostwo broni: Nękanie\n\nJeśli trafisz istotę tą bronią i zadasz jej obrażenia, masz ułatwienie w następnym teście ataku przeciwko niej wykonanym przed końcem swojej następnej tury.
h8a6990cbg9b40g71f3gb9cfg5c82ea25fcf2	MORFOLOGIK_RULE_PL_PL	Prawdopodobna literówka	riedrańską	Wykryto prawdopodobny błąd pisowni	niedrańska, niedrańską	Domena Umysłu wysławia potęgę śmiertelnego umysłu i ukierunkowuje energię psychiczną, aby chronić wiernych oraz razić wrogów. Moc tę najczęściej kojarzy się ze Ścieżką Światła albo riedrańską Ścieżką Inspiracji, lecz mogą ją opanować również wyznawcy daelkyrów. Wizje Xoriatu potrafią doprowadzić kapłana do szaleństwa, ale mogą też odsłonić śmiertelne tajemnice umysłu.
h8a6990cbg9b40g71f3gb9cfg5c82ea25fcf2	MORFOLOGIK_RULE_PL_PL	Prawdopodobna literówka	daelkyrów	Wykryto prawdopodobny błąd pisowni		Domena Umysłu wysławia potęgę śmiertelnego umysłu i ukierunkowuje energię psychiczną, aby chronić wiernych oraz razić wrogów. Moc tę najczęściej kojarzy się ze Ścieżką Światła albo riedrańską Ścieżką Inspiracji, lecz mogą ją opanować również wyznawcy daelkyrów. Wizje Xoriatu potrafią doprowadzić kapłana do szaleństwa, ale mogą też odsłonić śmiertelne tajemnice umysłu.
h8a6990cbg9b40g71f3gb9cfg5c82ea25fcf2	MORFOLOGIK_RULE_PL_PL	Prawdopodobna literówka	Xoriatu	Wykryto prawdopodobny błąd pisowni		Domena Umysłu wysławia potęgę śmiertelnego umysłu i ukierunkowuje energię psychiczną, aby chronić wiernych oraz razić wrogów. Moc tę najczęściej kojarzy się ze Ścieżką Światła albo riedrańską Ścieżką Inspiracji, lecz mogą ją opanować również wyznawcy daelkyrów. Wizje Xoriatu potrafią doprowadzić kapłana do szaleństwa, ale mogą też odsłonić śmiertelne tajemnice umysłu.
h8530202fg28b6g772egd8f7gc108c5f8cded	MORFOLOGIK_RULE_PL_PL	Prawdopodobna literówka	1k8	Wykryto prawdopodobny błąd pisowni		Raz na turę, gdy trafisz istotę bronią paktu, możesz zużyć komórkę czaru Magii Paktu, aby zadać celowi dodatkowe 1k8 obrażeń od mocy oraz kolejne 1k8 za każdy poziom zużytej komórki. Jeśli cel jest Ogromny lub mniejszy, możesz również nadać mu stan Powalenia.
h8530202fg28b6g772egd8f7gc108c5f8cded	MORFOLOGIK_RULE_PL_PL	Prawdopodobna literówka	1k8	Wykryto prawdopodobny błąd pisowni		Raz na turę, gdy trafisz istotę bronią paktu, możesz zużyć komórkę czaru Magii Paktu, aby zadać celowi dodatkowe 1k8 obrażeń od mocy oraz kolejne 1k8 za każdy poziom zużytej komórki. Jeśli cel jest Ogromny lub mniejszy, możesz również nadać mu stan Powalenia.
hf7ca621bg1f12ga4d3g3047g634d03c15efe	MORFOLOGIK_RULE_PL_PL	Prawdopodobna literówka	1k8	Wykryto prawdopodobny błąd pisowni		Raz na turę, gdy trafisz istotę bronią paktu, możesz zużyć komórkę czaru Magii Paktu, aby zadać celowi dodatkowe 1k8 obrażeń od mocy oraz kolejne 1k8 za każdy poziom zużytej komórki. Jeśli cel jest Ogromny lub mniejszy, możesz również nadać mu stan Powalenia.
hf7ca621bg1f12ga4d3g3047g634d03c15efe	MORFOLOGIK_RULE_PL_PL	Prawdopodobna literówka	1k8	Wykryto prawdopodobny błąd pisowni		Raz na turę, gdy trafisz istotę bronią paktu, możesz zużyć komórkę czaru Magii Paktu, aby zadać celowi dodatkowe 1k8 obrażeń od mocy oraz kolejne 1k8 za każdy poziom zużytej komórki. Jeśli cel jest Ogromny lub mniejszy, możesz również nadać mu stan Powalenia.
h479f3229gb556gd7b7g73bcgb4311aa0da92	MORFOLOGIK_RULE_PL_PL	Prawdopodobna literówka	1k8	Wykryto prawdopodobny błąd pisowni		Raz na turę, gdy trafisz istotę bronią paktu, możesz zużyć komórkę czaru Magii Paktu, aby zadać celowi dodatkowe 1k8 obrażeń od mocy oraz kolejne 1k8 za każdy poziom zużytej komórki. Jeśli cel jest Ogromny lub mniejszy, możesz również nadać mu stan Powalenia.
h479f3229gb556gd7b7g73bcgb4311aa0da92	MORFOLOGIK_RULE_PL_PL	Prawdopodobna literówka	1k8	Wykryto prawdopodobny błąd pisowni		Raz na turę, gdy trafisz istotę bronią paktu, możesz zużyć komórkę czaru Magii Paktu, aby zadać celowi dodatkowe 1k8 obrażeń od mocy oraz kolejne 1k8 za każdy poziom zużytej komórki. Jeśli cel jest Ogromny lub mniejszy, możesz również nadać mu stan Powalenia.
h93fe573fg6b32g5d47gfaaagd6a9823a5153	MORFOLOGIK_RULE_PL_PL	Prawdopodobna literówka	1k8	Wykryto prawdopodobny błąd pisowni		Raz na turę, gdy trafisz istotę bronią paktu, możesz zużyć komórkę czaru Magii Paktu, aby zadać celowi dodatkowe 1k8 obrażeń od mocy oraz kolejne 1k8 za każdy poziom zużytej komórki. Jeśli cel jest Ogromny lub mniejszy, możesz również nadać mu stan Powalenia.
h93fe573fg6b32g5d47gfaaagd6a9823a5153	MORFOLOGIK_RULE_PL_PL	Prawdopodobna literówka	1k8	Wykryto prawdopodobny błąd pisowni		Raz na turę, gdy trafisz istotę bronią paktu, możesz zużyć komórkę czaru Magii Paktu, aby zadać celowi dodatkowe 1k8 obrażeń od mocy oraz kolejne 1k8 za każdy poziom zużytej komórki. Jeśli cel jest Ogromny lub mniejszy, możesz również nadać mu stan Powalenia.
h8d4b8353g4cf2g9edcg051fg3eebf6d08956	MORFOLOGIK_RULE_PL_PL	Prawdopodobna literówka	1k8	Wykryto prawdopodobny błąd pisowni		Raz na turę, gdy trafisz istotę bronią paktu, możesz zużyć komórkę czaru Magii Paktu, aby zadać celowi dodatkowe 1k8 obrażeń od mocy oraz kolejne 1k8 za każdy poziom zużytej komórki. Jeśli cel jest Ogromny lub mniejszy, możesz również nadać mu stan Powalenia.
h8d4b8353g4cf2g9edcg051fg3eebf6d08956	MORFOLOGIK_RULE_PL_PL	Prawdopodobna literówka	1k8	Wykryto prawdopodobny błąd pisowni		Raz na turę, gdy trafisz istotę bronią paktu, możesz zużyć komórkę czaru Magii Paktu, aby zadać celowi dodatkowe 1k8 obrażeń od mocy oraz kolejne 1k8 za każdy poziom zużytej komórki. Jeśli cel jest Ogromny lub mniejszy, możesz również nadać mu stan Powalenia.
h1498d59bg1126gb9c5gd9b1ga55c4cbb3816	MORFOLOGIK_RULE_PL_PL	Prawdopodobna literówka	1k8	Wykryto prawdopodobny błąd pisowni		Raz na turę, gdy trafisz istotę bronią paktu, możesz zużyć komórkę czaru Magii Paktu, aby zadać celowi dodatkowe 1k8 obrażeń od mocy oraz kolejne 1k8 za każdy poziom zużytej komórki. Jeśli cel jest Ogromny lub mniejszy, możesz również nadać mu stan Powalenia.
h1498d59bg1126gb9c5gd9b1ga55c4cbb3816	MORFOLOGIK_RULE_PL_PL	Prawdopodobna literówka	1k8	Wykryto prawdopodobny błąd pisowni		Raz na turę, gdy trafisz istotę bronią paktu, możesz zużyć komórkę czaru Magii Paktu, aby zadać celowi dodatkowe 1k8 obrażeń od mocy oraz kolejne 1k8 za każdy poziom zużytej komórki. Jeśli cel jest Ogromny lub mniejszy, możesz również nadać mu stan Powalenia.
h822a72b8g17f5g73a6gd5f7g245ac996eb94	MORFOLOGIK_RULE_PL_PL	Prawdopodobna literówka	Hadara	Wykryto prawdopodobny błąd pisowni	Tatara, Gadara, Gadarą, Hadada, Hadała, Hadałą, Hataka, Kadara	"Po osiągnięciu poziomu Zaklinacza wskazanego w tabeli Czarów Cienia zawsze masz przygotowane wymienione w niej czary: na 3. poziomie — <LSTag Type=""Spell"" Tooltip=""Target_Bane"">Zguba</LSTag>, Ciemność, Zadawanie ran i Przejście bez śladu; na 5. poziomie — Głód Hadara i Strach; na 7. poziomie — <LSTag Type=""Spell"" Tooltip=""Target_Invisibility_Greater"">Większa niewidzialność</LSTag> i Urojony zabójca; a na 9. poziomie — <LSTag Type=""Spell"" Tooltip=""Target_Contagion"">Zaraza</LSTag> i Zabójcza chmura."
hce90f19eg2ee2g0ff4g4c21g7ebf85d46c9d	MORFOLOGIK_RULE_PL_PL	Prawdopodobna literówka	Hadara	Wykryto prawdopodobny błąd pisowni	Tatara, Gadara, Gadarą, Hadada, Hadała, Hadałą, Hataka, Kadara	"Na 3. poziomie zawsze masz przygotowane Zgubę, Ciemność, Zadawanie ran i Przejście bez śladu; na 5. poziomie — Głód Hadara i Strach; na 7. poziomie — <LSTag Type=""Spell"" Tooltip=""Target_Invisibility_Greater"">Większą niewidzialność</LSTag> i Urojonego zabójcę; a na 9. poziomie — Zarazę i Zabójczą chmurę."
hae8c9a5cgf06dg6b71gb093ge2e25716f7d2	MORFOLOGIK_RULE_PL_PL	Prawdopodobna literówka	nieumarłością	Wykryto prawdopodobny błąd pisowni		Twoja wrodzona magia wywodzi się z najbardziej mglistych i nieprzeniknionych mocy Sfery Cieni albo z innych krain nadprzyrodzonego mroku. Być może pochodzisz od istoty z takiego miejsca albo przemienia cię złowroga energia smoka cienia. Twoja cienista magia pozwala ci władać ciemnością, nieumarłością i niedolą.
h18ed8a2cgfbfbgc16ag59c2gdbdf16bfd5ca	PREP_CASUS	Błędy składniowe	Limbo	Przyimek „do” jest używany z dopełniaczem.		Twoja wrodzona magia wywodzi się z sił chaosu, które leżą u podstaw porządku stworzenia. Być może ty albo jeden z twoich przodków zetknął się z surową magią, na przykład za sprawą portalu prowadzącego do Limbo lub Sfer Żywiołów. Być może pobłogosławiła cię istota fey albo naznaczył demon. Twoja magia może też być dziełem przypadku bez widocznej przyczyny. Niezależnie od źródła kłębi się w tobie, czekając na ujście.
h18ed8a2cgfbfbgc16ag59c2gdbdf16bfd5ca	MORFOLOGIK_RULE_PL_PL	Prawdopodobna literówka	fey	Wykryto prawdopodobny błąd pisowni	fe, fen, key, fes, fez, fee, Fe, Feb	Twoja wrodzona magia wywodzi się z sił chaosu, które leżą u podstaw porządku stworzenia. Być może ty albo jeden z twoich przodków zetknął się z surową magią, na przykład za sprawą portalu prowadzącego do Limbo lub Sfer Żywiołów. Być może pobłogosławiła cię istota fey albo naznaczył demon. Twoja magia może też być dziełem przypadku bez widocznej przyczyny. Niezależnie od źródła kłębi się w tobie, czekając na ujście.
he6b03eaeg69d3geb4cgfcafg07e44f75a6d9	SKROTY_Z_KROPKA	Błędy ortograficzne	ST	"Ten skrót piszemy z kropką: ""ST."""	ST.	Uderzenie tarczą. Jeśli w ramach akcji Ataku zaatakujesz istotę w promieniu 1,5 m od siebie i trafisz ją bronią do walki wręcz, możesz natychmiast uderzyć cel wyposażoną tarczą. Cel wykonuje rzut obronny na Siłę (ST 8 + twój modyfikator Siły + premia z biegłości). Przy niepowodzeniu odpychasz go o 1,5 m albo nadajesz mu stan Powalenia (wedle twojego wyboru). Z tej korzyści możesz skorzystać tylko raz podczas każdej swojej tury.
h7978f94bg37bbgd94fg0344g897bfa2c2b06	PCON_VERB	Błędy składniowe		W tym zdaniu jest imiesłów przysłówkowy zużywając, ale nie ma czasownika w funkcji orzeczenia. Możliwe, że to tytuł, ale w takim razie zbędna jest kropka.		Doskocz do wybranej lokalizacji, zużywając ruch równy przebytej odległości.
h9adc4c48gd787g4656g13acg233be42b05a3	MORFOLOGIK_RULE_PL_PL	Prawdopodobna literówka	Elminstera	Wykryto prawdopodobny błąd pisowni		Nieuchwytność Elminstera
hb659d87bg7ae8g6489g2b3ege4e114b8699e	MORFOLOGIK_RULE_PL_PL	Prawdopodobna literówka	Elminstera	Wykryto prawdopodobny błąd pisowni		Nieuchwytność Elminstera
h8caea2f7gd7feg90a5gc318g2cfb95c6f90b	MORFOLOGIK_RULE_PL_PL	Prawdopodobna literówka	Fey	Wykryto prawdopodobny błąd pisowni	Fe, Fen, Key, Fes, Fez, Fee, Feb, Feby	Szepczesz pod nosem boskie słowo, uważając, aby nie mówić głośno, gdyż taka niebiańska moc nie jest dla niegodnych. Wykonaj dystansowy atak czarem przeciwko celowi w zasięgu. Po trafieniu cel otrzymuje obrażenia od światłości. Jeśli celem jest Fey, Diabeł lub Nieumarły, jego szybkość zostaje zmniejszona o 3 m i nie może przyjmować reakcji do końca swojej następnej tury.
h4fb83fe3g593ag7f0cg6424g2a7ebbb50df8	MORFOLOGIK_RULE_PL_PL	Prawdopodobna literówka	Fey	Wykryto prawdopodobny błąd pisowni	Fe, Fen, Key, Fes, Fez, Fee, Feb, Feby	Jeśli celem jest Fey, Diabeł lub Nieumarły, jego szybkość zostaje zmniejszona o 3 m i nie może przyjmować reakcji do końca swojej następnej tury.
h50f91c1cgccffgefd8g17f1g12dfc280157d	MORFOLOGIK_RULE_PL_PL	Prawdopodobna literówka	1k10	Wykryto prawdopodobny błąd pisowni		Wypowiadasz krótką inwokację, tworząc czarną poświatę wokół dłoni, po czym ciskasz trzema promieniami ciemności w jeden lub kilka celów w zasięgu. Możesz dowolnie rozdzielić promienie między cele. Dla każdego promienia wykonaj dystansowy atak czarem; przy trafieniu promień zadaje 1k10 obrażeń od zimna. Trafiony cel musi wykonać rzut obronny na Kondycję; w razie niepowodzenia nie może używać reakcji do początku swojej następnej tury.
h9bba05a0ga2fag0a19gfc1egb6a0b1880e7a	MORFOLOGIK_RULE_PL_PL	Prawdopodobna literówka	2k4	Wykryto prawdopodobny błąd pisowni		Przez czas trwania efektu dotkniętą istotę otacza atramentowa aura. Cel ma ułatwienie w rzutach obronnych przed śmiercią. Ponadto raz na turę, gdy istota w promieniu 1,5 m od celu trafia go atakiem wręcz, napastnik otrzymuje 2k4 obrażeń nekrotycznych.
h9c70dde9ga77cgb33fgf511g497c918b7702	MORFOLOGIK_RULE_PL_PL	Prawdopodobna literówka	2k4	Wykryto prawdopodobny błąd pisowni		Przez czas trwania efektu dotkniętą istotę otacza atramentowa aura. Cel ma ułatwienie w rzutach obronnych przed śmiercią. Ponadto raz na turę, gdy istota w promieniu 1,5 m od celu trafia go atakiem wręcz, napastnik otrzymuje 2k4 obrażeń nekrotycznych.
hd20da03ag764eg50f6g5b4dga5c0e396f838	MORFOLOGIK_RULE_PL_PL	Prawdopodobna literówka	2k4	Wykryto prawdopodobny błąd pisowni		Przez czas trwania efektu dotkniętą istotę otacza atramentowa aura. Cel ma ułatwienie w rzutach obronnych przed śmiercią. Ponadto raz na turę, gdy istota w promieniu 1,5 m od celu trafia go atakiem wręcz, napastnik otrzymuje 2k4 obrażeń nekrotycznych.
haac8d098g36f5gfad0g0c19g710686be3050	MORFOLOGIK_RULE_PL_PL	Prawdopodobna literówka	Spopielacz	Wykryto prawdopodobny błąd pisowni	Spopielasz, Spopielać, Sp opielacz, Spopiel acz, Spopiela cz	Spopielacz Aganazzara
haac8d098g36f5gfad0g0c19g710686be3050	MORFOLOGIK_RULE_PL_PL	Prawdopodobna literówka	Aganazzara	Wykryto prawdopodobny błąd pisowni		Spopielacz Aganazzara
h8756f6c6ga536g0a7agc01agf500547496f2	MORFOLOGIK_RULE_PL_PL	Prawdopodobna literówka	1k8	Wykryto prawdopodobny błąd pisowni		Dotykasz broni do walki wręcz i nasycasz ją magicznym efektem, tworząc na niej widoczną runę. Trafienie atakiem nasyconą bronią zadaje dodatkowe 1k8 obrażeń od ognia.
h241ed709g7588g2cc5g9cd2gbc1ec16c5753	MORFOLOGIK_RULE_PL_PL	Prawdopodobna literówka	1k8	Wykryto prawdopodobny błąd pisowni		Ataki wykonane przywołaną bronią zadają dodatkowe 1k8 obrażeń od ognia przy trafieniu.
h36e08fceg5a47gf889gc415g5a67ba284ba1	MORFOLOGIK_RULE_PL_PL	Prawdopodobna literówka	2k6	Wykryto prawdopodobny błąd pisowni		"Z twoich dłoni wyzwala się fala mocy wymierzona w istotę w zasięgu. Cel wykonuje rzut obronny na Kondycję. Przy niepowodzeniu otrzymuje 2k6 obrażeń od mocy i ma stan <LSTag Type=""Status"" Tooltip=""STUNNED"">Ogłuszenia</LSTag> do końca swojej następnej tury. Przy powodzeniu otrzymuje tylko obrażenia."
he222d284gfebfg2d88g1574g14e9d5ea7c35	MORFOLOGIK_RULE_PL_PL	Prawdopodobna literówka	2k6	Wykryto prawdopodobny błąd pisowni		Zyskaj tymczasowe punkty wytrzymałości równe 2k6 + modyfikator Mądrości Kleryka.
hadba9481g03c7gb0e4g2fc9gf098670ca5a9	MORFOLOGIK_RULE_PL_PL	Prawdopodobna literówka	bardowskiej	Wykryto prawdopodobny błąd pisowni	Badowskiej, Bartkowskiej, Barzowskiej, Batowskiej, Nartowskiej, artowskiej, bartkowskiej, bałtowskiej	"Możesz przywoływać duchy zmarłych, aby wzmacniać siebie i swoich sojuszników. Gdy w ramach akcji dodatkowej dajesz istocie kość <LSTag Type=""ActionResource"" Tooltip=""BardicInspiration"">bardowskiej inspiracji</LSTag>, możesz przywołać moc losowego ducha. Aby określić, którego ducha przywołujesz, rzuć kością bardowskiej inspiracji i sprawdź tabelę Duchy z zaświatów. Pozostaje on przywołany, dopóki go nie uwolnisz albo nie ukończysz długiego odpoczynku.\n\nKontrolowane przywołanie. W ramach akcji dodatkowej możesz zużyć jedno użycie bardowskiej inspiracji i przywołać wybranego ducha. W takim przypadku wybierz ducha z tabeli Duchy z zaświatów zamiast wykonywać rzut. Numer odpowiadający wybranemu duchowi nie może być większy niż największa wartość na twojej kości bardowskiej inspiracji. Na przykład, jeśli jest nią k8, możesz wybrać dowolnego ducha aż do Cienia włącznie.\n\n<LSTag Type=""Spell"" Tooltip=""Target_UnleashingASpirit"">Uwolnienie ducha</LSTag>. W ramach akcji Magii możesz uwolnić jednego z przywołanych duchów. Wybierz na jego cel jedną widoczną istotę w promieniu 9 m od siebie. Duch wywołuje wówczas swój efekt. Jeśli wymaga on rzutu obronnego, jego ST jest równy twojemu ST obrony przed czarami Barda."
hadba9481g03c7gb0e4g2fc9gf098670ca5a9	MORFOLOGIK_RULE_PL_PL	Prawdopodobna literówka	bardowskiej	Wykryto prawdopodobny błąd pisowni	Badowskiej, Bartkowskiej, Barzowskiej, Batowskiej, Nartowskiej, artowskiej, bartkowskiej, bałtowskiej	"Możesz przywoływać duchy zmarłych, aby wzmacniać siebie i swoich sojuszników. Gdy w ramach akcji dodatkowej dajesz istocie kość <LSTag Type=""ActionResource"" Tooltip=""BardicInspiration"">bardowskiej inspiracji</LSTag>, możesz przywołać moc losowego ducha. Aby określić, którego ducha przywołujesz, rzuć kością bardowskiej inspiracji i sprawdź tabelę Duchy z zaświatów. Pozostaje on przywołany, dopóki go nie uwolnisz albo nie ukończysz długiego odpoczynku.\n\nKontrolowane przywołanie. W ramach akcji dodatkowej możesz zużyć jedno użycie bardowskiej inspiracji i przywołać wybranego ducha. W takim przypadku wybierz ducha z tabeli Duchy z zaświatów zamiast wykonywać rzut. Numer odpowiadający wybranemu duchowi nie może być większy niż największa wartość na twojej kości bardowskiej inspiracji. Na przykład, jeśli jest nią k8, możesz wybrać dowolnego ducha aż do Cienia włącznie.\n\n<LSTag Type=""Spell"" Tooltip=""Target_UnleashingASpirit"">Uwolnienie ducha</LSTag>. W ramach akcji Magii możesz uwolnić jednego z przywołanych duchów. Wybierz na jego cel jedną widoczną istotę w promieniu 9 m od siebie. Duch wywołuje wówczas swój efekt. Jeśli wymaga on rzutu obronnego, jego ST jest równy twojemu ST obrony przed czarami Barda."
hadba9481g03c7gb0e4g2fc9gf098670ca5a9	MORFOLOGIK_RULE_PL_PL	Prawdopodobna literówka	bardowskiej	Wykryto prawdopodobny błąd pisowni	Badowskiej, Bartkowskiej, Barzowskiej, Batowskiej, Nartowskiej, artowskiej, bartkowskiej, bałtowskiej	"Możesz przywoływać duchy zmarłych, aby wzmacniać siebie i swoich sojuszników. Gdy w ramach akcji dodatkowej dajesz istocie kość <LSTag Type=""ActionResource"" Tooltip=""BardicInspiration"">bardowskiej inspiracji</LSTag>, możesz przywołać moc losowego ducha. Aby określić, którego ducha przywołujesz, rzuć kością bardowskiej inspiracji i sprawdź tabelę Duchy z zaświatów. Pozostaje on przywołany, dopóki go nie uwolnisz albo nie ukończysz długiego odpoczynku.\n\nKontrolowane przywołanie. W ramach akcji dodatkowej możesz zużyć jedno użycie bardowskiej inspiracji i przywołać wybranego ducha. W takim przypadku wybierz ducha z tabeli Duchy z zaświatów zamiast wykonywać rzut. Numer odpowiadający wybranemu duchowi nie może być większy niż największa wartość na twojej kości bardowskiej inspiracji. Na przykład, jeśli jest nią k8, możesz wybrać dowolnego ducha aż do Cienia włącznie.\n\n<LSTag Type=""Spell"" Tooltip=""Target_UnleashingASpirit"">Uwolnienie ducha</LSTag>. W ramach akcji Magii możesz uwolnić jednego z przywołanych duchów. Wybierz na jego cel jedną widoczną istotę w promieniu 9 m od siebie. Duch wywołuje wówczas swój efekt. Jeśli wymaga on rzutu obronnego, jego ST jest równy twojemu ST obrony przed czarami Barda."
hadba9481g03c7gb0e4g2fc9gf098670ca5a9	BRAK_PRZECINKA_ZAMIAST	Błędy interpunkcyjne	zaświatów zamiast	"Prawdopodobnie brak przecinka. Powinno być: ""zaświatów, zamiast""."	zaświatów, zamiast	"Możesz przywoływać duchy zmarłych, aby wzmacniać siebie i swoich sojuszników. Gdy w ramach akcji dodatkowej dajesz istocie kość <LSTag Type=""ActionResource"" Tooltip=""BardicInspiration"">bardowskiej inspiracji</LSTag>, możesz przywołać moc losowego ducha. Aby określić, którego ducha przywołujesz, rzuć kością bardowskiej inspiracji i sprawdź tabelę Duchy z zaświatów. Pozostaje on przywołany, dopóki go nie uwolnisz albo nie ukończysz długiego odpoczynku.\n\nKontrolowane przywołanie. W ramach akcji dodatkowej możesz zużyć jedno użycie bardowskiej inspiracji i przywołać wybranego ducha. W takim przypadku wybierz ducha z tabeli Duchy z zaświatów zamiast wykonywać rzut. Numer odpowiadający wybranemu duchowi nie może być większy niż największa wartość na twojej kości bardowskiej inspiracji. Na przykład, jeśli jest nią k8, możesz wybrać dowolnego ducha aż do Cienia włącznie.\n\n<LSTag Type=""Spell"" Tooltip=""Target_UnleashingASpirit"">Uwolnienie ducha</LSTag>. W ramach akcji Magii możesz uwolnić jednego z przywołanych duchów. Wybierz na jego cel jedną widoczną istotę w promieniu 9 m od siebie. Duch wywołuje wówczas swój efekt. Jeśli wymaga on rzutu obronnego, jego ST jest równy twojemu ST obrony przed czarami Barda."
hadba9481g03c7gb0e4g2fc9gf098670ca5a9	MORFOLOGIK_RULE_PL_PL	Prawdopodobna literówka	bardowskiej	Wykryto prawdopodobny błąd pisowni	Badowskiej, Bartkowskiej, Barzowskiej, Batowskiej, Nartowskiej, artowskiej, bartkowskiej, bałtowskiej	"Możesz przywoływać duchy zmarłych, aby wzmacniać siebie i swoich sojuszników. Gdy w ramach akcji dodatkowej dajesz istocie kość <LSTag Type=""ActionResource"" Tooltip=""BardicInspiration"">bardowskiej inspiracji</LSTag>, możesz przywołać moc losowego ducha. Aby określić, którego ducha przywołujesz, rzuć kością bardowskiej inspiracji i sprawdź tabelę Duchy z zaświatów. Pozostaje on przywołany, dopóki go nie uwolnisz albo nie ukończysz długiego odpoczynku.\n\nKontrolowane przywołanie. W ramach akcji dodatkowej możesz zużyć jedno użycie bardowskiej inspiracji i przywołać wybranego ducha. W takim przypadku wybierz ducha z tabeli Duchy z zaświatów zamiast wykonywać rzut. Numer odpowiadający wybranemu duchowi nie może być większy niż największa wartość na twojej kości bardowskiej inspiracji. Na przykład, jeśli jest nią k8, możesz wybrać dowolnego ducha aż do Cienia włącznie.\n\n<LSTag Type=""Spell"" Tooltip=""Target_UnleashingASpirit"">Uwolnienie ducha</LSTag>. W ramach akcji Magii możesz uwolnić jednego z przywołanych duchów. Wybierz na jego cel jedną widoczną istotę w promieniu 9 m od siebie. Duch wywołuje wówczas swój efekt. Jeśli wymaga on rzutu obronnego, jego ST jest równy twojemu ST obrony przed czarami Barda."
hadba9481g03c7gb0e4g2fc9gf098670ca5a9	MORFOLOGIK_RULE_PL_PL	Prawdopodobna literówka	k8	Wykryto prawdopodobny błąd pisowni	km, kg, ks, ku, KC, kW, KP, KK	"Możesz przywoływać duchy zmarłych, aby wzmacniać siebie i swoich sojuszników. Gdy w ramach akcji dodatkowej dajesz istocie kość <LSTag Type=""ActionResource"" Tooltip=""BardicInspiration"">bardowskiej inspiracji</LSTag>, możesz przywołać moc losowego ducha. Aby określić, którego ducha przywołujesz, rzuć kością bardowskiej inspiracji i sprawdź tabelę Duchy z zaświatów. Pozostaje on przywołany, dopóki go nie uwolnisz albo nie ukończysz długiego odpoczynku.\n\nKontrolowane przywołanie. W ramach akcji dodatkowej możesz zużyć jedno użycie bardowskiej inspiracji i przywołać wybranego ducha. W takim przypadku wybierz ducha z tabeli Duchy z zaświatów zamiast wykonywać rzut. Numer odpowiadający wybranemu duchowi nie może być większy niż największa wartość na twojej kości bardowskiej inspiracji. Na przykład, jeśli jest nią k8, możesz wybrać dowolnego ducha aż do Cienia włącznie.\n\n<LSTag Type=""Spell"" Tooltip=""Target_UnleashingASpirit"">Uwolnienie ducha</LSTag>. W ramach akcji Magii możesz uwolnić jednego z przywołanych duchów. Wybierz na jego cel jedną widoczną istotę w promieniu 9 m od siebie. Duch wywołuje wówczas swój efekt. Jeśli wymaga on rzutu obronnego, jego ST jest równy twojemu ST obrony przed czarami Barda."
hadba9481g03c7gb0e4g2fc9gf098670ca5a9	SKROTY_Z_KROPKA	Błędy ortograficzne	ST	"Ten skrót piszemy z kropką: ""ST."""	ST.	"Możesz przywoływać duchy zmarłych, aby wzmacniać siebie i swoich sojuszników. Gdy w ramach akcji dodatkowej dajesz istocie kość <LSTag Type=""ActionResource"" Tooltip=""BardicInspiration"">bardowskiej inspiracji</LSTag>, możesz przywołać moc losowego ducha. Aby określić, którego ducha przywołujesz, rzuć kością bardowskiej inspiracji i sprawdź tabelę Duchy z zaświatów. Pozostaje on przywołany, dopóki go nie uwolnisz albo nie ukończysz długiego odpoczynku.\n\nKontrolowane przywołanie. W ramach akcji dodatkowej możesz zużyć jedno użycie bardowskiej inspiracji i przywołać wybranego ducha. W takim przypadku wybierz ducha z tabeli Duchy z zaświatów zamiast wykonywać rzut. Numer odpowiadający wybranemu duchowi nie może być większy niż największa wartość na twojej kości bardowskiej inspiracji. Na przykład, jeśli jest nią k8, możesz wybrać dowolnego ducha aż do Cienia włącznie.\n\n<LSTag Type=""Spell"" Tooltip=""Target_UnleashingASpirit"">Uwolnienie ducha</LSTag>. W ramach akcji Magii możesz uwolnić jednego z przywołanych duchów. Wybierz na jego cel jedną widoczną istotę w promieniu 9 m od siebie. Duch wywołuje wówczas swój efekt. Jeśli wymaga on rzutu obronnego, jego ST jest równy twojemu ST obrony przed czarami Barda."
hadba9481g03c7gb0e4g2fc9gf098670ca5a9	SKROTY_Z_KROPKA	Błędy ortograficzne	ST	"Ten skrót piszemy z kropką: ""ST."""	ST.	"Możesz przywoływać duchy zmarłych, aby wzmacniać siebie i swoich sojuszników. Gdy w ramach akcji dodatkowej dajesz istocie kość <LSTag Type=""ActionResource"" Tooltip=""BardicInspiration"">bardowskiej inspiracji</LSTag>, możesz przywołać moc losowego ducha. Aby określić, którego ducha przywołujesz, rzuć kością bardowskiej inspiracji i sprawdź tabelę Duchy z zaświatów. Pozostaje on przywołany, dopóki go nie uwolnisz albo nie ukończysz długiego odpoczynku.\n\nKontrolowane przywołanie. W ramach akcji dodatkowej możesz zużyć jedno użycie bardowskiej inspiracji i przywołać wybranego ducha. W takim przypadku wybierz ducha z tabeli Duchy z zaświatów zamiast wykonywać rzut. Numer odpowiadający wybranemu duchowi nie może być większy niż największa wartość na twojej kości bardowskiej inspiracji. Na przykład, jeśli jest nią k8, możesz wybrać dowolnego ducha aż do Cienia włącznie.\n\n<LSTag Type=""Spell"" Tooltip=""Target_UnleashingASpirit"">Uwolnienie ducha</LSTag>. W ramach akcji Magii możesz uwolnić jednego z przywołanych duchów. Wybierz na jego cel jedną widoczną istotę w promieniu 9 m od siebie. Duch wywołuje wówczas swój efekt. Jeśli wymaga on rzutu obronnego, jego ST jest równy twojemu ST obrony przed czarami Barda."
hb5b80dd1g369bg905ag47a7g28e7465806d8	MORFOLOGIK_RULE_PL_PL	Prawdopodobna literówka	bardowskiej	Wykryto prawdopodobny błąd pisowni	Badowskiej, Bartkowskiej, Barzowskiej, Batowskiej, Nartowskiej, artowskiej, bartkowskiej, bałtowskiej	"Możesz przywoływać duchy zmarłych, aby wzmacniać siebie i swoich sojuszników. Gdy w ramach akcji dodatkowej dajesz istocie kość <LSTag Type=""ActionResource"" Tooltip=""BardicInspiration"">bardowskiej inspiracji</LSTag>, możesz przywołać moc losowego ducha. Aby określić, którego ducha przywołujesz, rzuć kością bardowskiej inspiracji i sprawdź tabelę Duchy z zaświatów. Pozostaje on przywołany, dopóki go nie uwolnisz albo nie ukończysz długiego odpoczynku."
hb5b80dd1g369bg905ag47a7g28e7465806d8	MORFOLOGIK_RULE_PL_PL	Prawdopodobna literówka	bardowskiej	Wykryto prawdopodobny błąd pisowni	Badowskiej, Bartkowskiej, Barzowskiej, Batowskiej, Nartowskiej, artowskiej, bartkowskiej, bałtowskiej	"Możesz przywoływać duchy zmarłych, aby wzmacniać siebie i swoich sojuszników. Gdy w ramach akcji dodatkowej dajesz istocie kość <LSTag Type=""ActionResource"" Tooltip=""BardicInspiration"">bardowskiej inspiracji</LSTag>, możesz przywołać moc losowego ducha. Aby określić, którego ducha przywołujesz, rzuć kością bardowskiej inspiracji i sprawdź tabelę Duchy z zaświatów. Pozostaje on przywołany, dopóki go nie uwolnisz albo nie ukończysz długiego odpoczynku."
hc7d9adccgd21cg6730g04c3g3a1c38c6c5a9	MORFOLOGIK_RULE_PL_PL	Prawdopodobna literówka	bardowskiej	Wykryto prawdopodobny błąd pisowni	Badowskiej, Bartkowskiej, Barzowskiej, Batowskiej, Nartowskiej, artowskiej, bartkowskiej, bałtowskiej	"Ukochany. Cel odzyskuje punkty wytrzymałości w liczbie równej wynikowi rzutu kością <LSTag Type=""ActionResource"" Tooltip=""BardicInspiration"">bardowskiej inspiracji</LSTag> plus twój modyfikator Charyzmy."
h5b47bba7gdab8g8410ga59dgef9c6100ab29	MORFOLOGIK_RULE_PL_PL	Prawdopodobna literówka	bardowskiej	Wykryto prawdopodobny błąd pisowni	Badowskiej, Bartkowskiej, Barzowskiej, Batowskiej, Nartowskiej, artowskiej, bartkowskiej, bałtowskiej	"Strzelec wyborowy. Cel otrzymuje obrażenia od mocy w liczbie równej wynikowi rzutu kością <LSTag Type=""ActionResource"" Tooltip=""BardicInspiration"">bardowskiej inspiracji</LSTag> plus twój modyfikator Charyzmy."
he73898ceg2342gac1agce15gffad564f5c59	MORFOLOGIK_RULE_PL_PL	Prawdopodobna literówka	bardowskiej	Wykryto prawdopodobny błąd pisowni	Badowskiej, Bartkowskiej, Barzowskiej, Batowskiej, Nartowskiej, artowskiej, bartkowskiej, bałtowskiej	"Mściciel. Do końca twojej następnej tury każda istota, która trafi cel testem ataku wręcz, otrzymuje obrażenia od mocy w liczbie równej wynikowi rzutu kością <LSTag Type=""ActionResource"" Tooltip=""BardicInspiration"">bardowskiej inspiracji</LSTag>."
h61deeb2fg018dgeadegdab2g65d4b9e1683a	MORFOLOGIK_RULE_PL_PL	Prawdopodobna literówka	k20	Wykryto prawdopodobny błąd pisowni	KRO, K2, KKO	Wróżka. Cel ma ułatwienie w testach k20 do początku twojej następnej tury.
h2bd86b9fg5a4bg7828gd29cg98815c2ef7d3	MORFOLOGIK_RULE_PL_PL	Prawdopodobna literówka	bardowskiej	Wykryto prawdopodobny błąd pisowni	Badowskiej, Bartkowskiej, Barzowskiej, Batowskiej, Nartowskiej, artowskiej, bartkowskiej, bałtowskiej	"Wędrowiec. Cel zyskuje tymczasowe punkty wytrzymałości w liczbie równej wynikowi rzutu kością <LSTag Type=""ActionResource"" Tooltip=""BardicInspiration"">bardowskiej inspiracji</LSTag> plus twój poziom Barda. Dopóki cel ma te tymczasowe punkty wytrzymałości, jego szybkość zwiększa się o 3 m."
h53224a2ag2d24g306bg844dge14be06ef6b9	MORFOLOGIK_RULE_PL_PL	Prawdopodobna literówka	bardowskiej	Wykryto prawdopodobny błąd pisowni	Badowskiej, Bartkowskiej, Barzowskiej, Batowskiej, Nartowskiej, artowskiej, bartkowskiej, bałtowskiej	"Oszust. Cel wykonuje rzut obronny na Mądrość. Przy niepowodzeniu otrzymuje obrażenia psychiczne w liczbie równej dwóm wynikom rzutu kością <LSTag Type=""ActionResource"" Tooltip=""BardicInspiration"">bardowskiej inspiracji</LSTag> i ma stan Zauroczenia do początku twojej następnej tury. Przy powodzeniu otrzymuje połowę tych obrażeń."
hcb079ee5g1c25gbdc5gf618gc2aef3acfd28	MORFOLOGIK_RULE_PL_PL	Prawdopodobna literówka	bardowskiej	Wykryto prawdopodobny błąd pisowni	Badowskiej, Bartkowskiej, Barzowskiej, Batowskiej, Nartowskiej, artowskiej, bartkowskiej, bałtowskiej	"Cień. Cel otrzymuje stan <LSTag Type=""Status"" Tooltip=""INVISIBLE"">Niewidzialności</LSTag> do końca swojej następnej tury albo do chwili, gdy wykona test ataku, zada obrażenia lub rzuci czar. Gdy Niewidzialność się kończy, każda istota w emanacji o promieniu 1,5 m wokół celu musi wykonać rzut obronny na Kondycję; w razie niepowodzenia otrzymuje obrażenia nekrotyczne równe sumie dwóch rzutów kością twojej <LSTag Type=""ActionResource"" Tooltip=""BardicInspiration"">bardowskiej inspiracji</LSTag>."
ha71f769bge1a3g46dfg432fga8899602df6a	MORFOLOGIK_RULE_PL_PL	Prawdopodobna literówka	bardowskiej	Wykryto prawdopodobny błąd pisowni	Badowskiej, Bartkowskiej, Barzowskiej, Batowskiej, Nartowskiej, artowskiej, bartkowskiej, bałtowskiej	"Podpalacz. Cel wykonuje rzut obronny na Zręczność. Przy niepowodzeniu otrzymuje obrażenia od ognia równe sumie czterech rzutów kością <LSTag Type=""ActionResource"" Tooltip=""BardicInspiration"">bardowskiej inspiracji</LSTag>, a przy powodzeniu — połowę tych obrażeń."
hd0b1b087g7e7fg7cf3gdc0fg4b7196bb961f	MORFOLOGIK_RULE_PL_PL	Prawdopodobna literówka	bardowskiej	Wykryto prawdopodobny błąd pisowni	Badowskiej, Bartkowskiej, Barzowskiej, Batowskiej, Nartowskiej, artowskiej, bartkowskiej, bałtowskiej	"W ramach akcji dodatkowej możesz zużyć jedno użycie <LSTag Type=""ActionResource"" Tooltip=""BardicInspiration"">bardowskiej inspiracji</LSTag> i przywołać określonego ducha. Gdy to robisz, wybierz ducha z tabeli <LSTag Type=""Passive"" Tooltip=""Spirits_3_SpiritsFromBeyond"">Duchy z zaświatów</LSTag> zamiast wykonywać rzut. Numer przypisany wybranemu duchowi musi być mniejszy lub równy najwyższej wartości na twojej kości bardowskiej inspiracji. Na przykład, jeśli używasz kości k8, możesz wybrać dowolnego ducha aż do Cienia włącznie."
hd0b1b087g7e7fg7cf3gdc0fg4b7196bb961f	BRAK_PRZECINKA_ZAMIAST	Błędy interpunkcyjne	zaświatów zamiast	"Prawdopodobnie brak przecinka. Powinno być: ""zaświatów, zamiast""."	zaświatów, zamiast	"W ramach akcji dodatkowej możesz zużyć jedno użycie <LSTag Type=""ActionResource"" Tooltip=""BardicInspiration"">bardowskiej inspiracji</LSTag> i przywołać określonego ducha. Gdy to robisz, wybierz ducha z tabeli <LSTag Type=""Passive"" Tooltip=""Spirits_3_SpiritsFromBeyond"">Duchy z zaświatów</LSTag> zamiast wykonywać rzut. Numer przypisany wybranemu duchowi musi być mniejszy lub równy najwyższej wartości na twojej kości bardowskiej inspiracji. Na przykład, jeśli używasz kości k8, możesz wybrać dowolnego ducha aż do Cienia włącznie."
hd0b1b087g7e7fg7cf3gdc0fg4b7196bb961f	MORFOLOGIK_RULE_PL_PL	Prawdopodobna literówka	bardowskiej	Wykryto prawdopodobny błąd pisowni	Badowskiej, Bartkowskiej, Barzowskiej, Batowskiej, Nartowskiej, artowskiej, bartkowskiej, bałtowskiej	"W ramach akcji dodatkowej możesz zużyć jedno użycie <LSTag Type=""ActionResource"" Tooltip=""BardicInspiration"">bardowskiej inspiracji</LSTag> i przywołać określonego ducha. Gdy to robisz, wybierz ducha z tabeli <LSTag Type=""Passive"" Tooltip=""Spirits_3_SpiritsFromBeyond"">Duchy z zaświatów</LSTag> zamiast wykonywać rzut. Numer przypisany wybranemu duchowi musi być mniejszy lub równy najwyższej wartości na twojej kości bardowskiej inspiracji. Na przykład, jeśli używasz kości k8, możesz wybrać dowolnego ducha aż do Cienia włącznie."
hd0b1b087g7e7fg7cf3gdc0fg4b7196bb961f	MORFOLOGIK_RULE_PL_PL	Prawdopodobna literówka	k8	Wykryto prawdopodobny błąd pisowni	km, kg, ks, ku, KC, kW, KP, KK	"W ramach akcji dodatkowej możesz zużyć jedno użycie <LSTag Type=""ActionResource"" Tooltip=""BardicInspiration"">bardowskiej inspiracji</LSTag> i przywołać określonego ducha. Gdy to robisz, wybierz ducha z tabeli <LSTag Type=""Passive"" Tooltip=""Spirits_3_SpiritsFromBeyond"">Duchy z zaświatów</LSTag> zamiast wykonywać rzut. Numer przypisany wybranemu duchowi musi być mniejszy lub równy najwyższej wartości na twojej kości bardowskiej inspiracji. Na przykład, jeśli używasz kości k8, możesz wybrać dowolnego ducha aż do Cienia włącznie."
h99fc91bfg4ca1g9784g96bege336a9f9cf88	SKROTY_Z_KROPKA	Błędy ortograficzne	ST	"Ten skrót piszemy z kropką: ""ST."""	ST.	W ramach akcji Magii możesz uwolnić jednego z przywołanych duchów. Wybierz na jego cel jedną widoczną istotę w promieniu 9 m od siebie. Duch wywołuje wówczas swój efekt. Jeśli wymaga on rzutu obronnego, jego ST jest równy twojemu ST obrony przed czarami Barda. Ta akcja pozwala rzeczywiście skorzystać z mocy ducha.
h99fc91bfg4ca1g9784g96bege336a9f9cf88	SKROTY_Z_KROPKA	Błędy ortograficzne	ST	"Ten skrót piszemy z kropką: ""ST."""	ST.	W ramach akcji Magii możesz uwolnić jednego z przywołanych duchów. Wybierz na jego cel jedną widoczną istotę w promieniu 9 m od siebie. Duch wywołuje wówczas swój efekt. Jeśli wymaga on rzutu obronnego, jego ST jest równy twojemu ST obrony przed czarami Barda. Ta akcja pozwala rzeczywiście skorzystać z mocy ducha.
h809e5f68g6c1fg087fg4ebbgd6a42f20a3f2	MORFOLOGIK_RULE_PL_PL	Prawdopodobna literówka	bardowskiej	Wykryto prawdopodobny błąd pisowni	Badowskiej, Bartkowskiej, Barzowskiej, Batowskiej, Nartowskiej, artowskiej, bartkowskiej, bałtowskiej	"Cel odzyskuje punkty wytrzymałości w liczbie równej wynikowi rzutu kością <LSTag Type=""ActionResource"" Tooltip=""BardicInspiration"">bardowskiej inspiracji</LSTag> plus twój modyfikator Charyzmy."
ha93da29dg5863g46a5gb636gdc16581b4520	MORFOLOGIK_RULE_PL_PL	Prawdopodobna literówka	bardowskiej	Wykryto prawdopodobny błąd pisowni	Badowskiej, Bartkowskiej, Barzowskiej, Batowskiej, Nartowskiej, artowskiej, bartkowskiej, bałtowskiej	"Cel otrzymuje obrażenia od mocy w liczbie równej wynikowi rzutu kością <LSTag Type=""ActionResource"" Tooltip=""BardicInspiration"">bardowskiej inspiracji</LSTag> plus twój modyfikator Charyzmy."
h97319f1bgef21gc6f0g305bg9cc81c5b14c1	MORFOLOGIK_RULE_PL_PL	Prawdopodobna literówka	bardowska	Wykryto prawdopodobny błąd pisowni	Badowska, Badowską, Bartkowska, Bartkowską, Barzowska, Barzowską, Batowska, Batowską	"Do końca twojej następnej tury każda istota, która trafi cel testem ataku wręcz, otrzymuje obrażenia od mocy równe rzutowi twojej kości <LSTag Type=""ActionResource"" Tooltip=""BardicInspiration"">bardowska inspiracja</LSTag>."
hf34a9c9bga45bgc852g5af5g53f40d5fc0f3	MORFOLOGIK_RULE_PL_PL	Prawdopodobna literówka	k20	Wykryto prawdopodobny błąd pisowni	KRO, K2, KKO	Cel ma ułatwienie w testach k20 do początku twojej następnej tury.
h3c143767g21a8g66bcg6a21gf96dcfb36b88	MORFOLOGIK_RULE_PL_PL	Prawdopodobna literówka	bardowskiej	Wykryto prawdopodobny błąd pisowni	Badowskiej, Bartkowskiej, Barzowskiej, Batowskiej, Nartowskiej, artowskiej, bartkowskiej, bałtowskiej	"Cel zyskuje tymczasowe punkty wytrzymałości w liczbie równej wynikowi rzutu kością <LSTag Type=""ActionResource"" Tooltip=""BardicInspiration"">bardowskiej inspiracji</LSTag> plus twój poziom Barda. Dopóki je ma, jego szybkość zwiększa się o 3 m."
h8bd54844g8c51g684dg0147ga45b20304d23	MORFOLOGIK_RULE_PL_PL	Prawdopodobna literówka	bardowskiej	Wykryto prawdopodobny błąd pisowni	Badowskiej, Bartkowskiej, Barzowskiej, Batowskiej, Nartowskiej, artowskiej, bartkowskiej, bałtowskiej	"Cel wykonuje rzut obronny na Mądrość. Przy niepowodzeniu otrzymuje obrażenia psychiczne w liczbie równej dwóm wynikom rzutu kością <LSTag Type=""ActionResource"" Tooltip=""BardicInspiration"">bardowskiej inspiracji</LSTag> i ma stan Zauroczenia do początku twojej następnej tury. Przy powodzeniu otrzymuje połowę tych obrażeń."
h1558545egaf7dg1079g8177g9f6871b6f525	MORFOLOGIK_RULE_PL_PL	Prawdopodobna literówka	bardowskiej	Wykryto prawdopodobny błąd pisowni	Badowskiej, Bartkowskiej, Barzowskiej, Batowskiej, Nartowskiej, artowskiej, bartkowskiej, bałtowskiej	"Cel jest objęty stanem <LSTag Type=""Status"" Tooltip=""INVISIBLE"">niewidzialności</LSTag> do końca swojej następnej tury albo do chwili, gdy wykona test ataku, zada obrażenia lub rzuci czar. Gdy niewidzialność się kończy, każda istota w emanacji o promieniu 1,5 m, której źródłem jest cel, musi wykonać udany rzut obronny na Kondycję. W razie niepowodzenia otrzymuje obrażenia nekrotyczne równe wynikowi dwóch rzutów kością <LSTag Type=""ActionResource"" Tooltip=""BardicInspiration"">bardowskiej inspiracji</LSTag>."
hec346c79gf7e0ga44egbc79gbe72af6c9ba3	MORFOLOGIK_RULE_PL_PL	Prawdopodobna literówka	bardowskiej	Wykryto prawdopodobny błąd pisowni	Badowskiej, Bartkowskiej, Barzowskiej, Batowskiej, Nartowskiej, artowskiej, bartkowskiej, bałtowskiej	"Cel wykonuje rzut obronny na Zręczność. Przy niepowodzeniu otrzymuje obrażenia od ognia równe sumie czterech rzutów kością <LSTag Type=""ActionResource"" Tooltip=""BardicInspiration"">bardowskiej inspiracji</LSTag>, a przy powodzeniu — połowę tych obrażeń."
h2cf47fc4g37cfg4d26ga580g3908890371fb	SIE_SENT_END	Błędy w szyku wyrazów	się	Zaimek „się” nie powinien znajdować się na końcu zdania.		Twoja zdolność kierowania duchami rozwija się. Zyskujesz następujące korzyści.\n\nMoc z zaświatów. Raz na turę, gdy za pomocą komórki czaru rzucasz czar barda, który zadaje obrażenia albo przywraca punkty wytrzymałości, rzuć 1k6. Dodaj wynik do jednego rzutu obrażeń czaru albo do łącznej liczby przywracanych przez niego punktów wytrzymałości.\n\nDuchowe objawienie. Zawsze masz przygotowany czar Duchowi strażnicy. Ponadto zyskujesz jedną komórkę czaru 3. poziomu, której możesz użyć wyłącznie do rzucenia Duchowych strażników. Odzyskujesz tę komórkę po ukończeniu długiego odpoczynku.
h2cf47fc4g37cfg4d26ga580g3908890371fb	MORFOLOGIK_RULE_PL_PL	Prawdopodobna literówka	1k6	Wykryto prawdopodobny błąd pisowni		Twoja zdolność kierowania duchami rozwija się. Zyskujesz następujące korzyści.\n\nMoc z zaświatów. Raz na turę, gdy za pomocą komórki czaru rzucasz czar barda, który zadaje obrażenia albo przywraca punkty wytrzymałości, rzuć 1k6. Dodaj wynik do jednego rzutu obrażeń czaru albo do łącznej liczby przywracanych przez niego punktów wytrzymałości.\n\nDuchowe objawienie. Zawsze masz przygotowany czar Duchowi strażnicy. Ponadto zyskujesz jedną komórkę czaru 3. poziomu, której możesz użyć wyłącznie do rzucenia Duchowych strażników. Odzyskujesz tę komórkę po ukończeniu długiego odpoczynku.
haf74a863gaa87g31eag1f55g095c055c056c	MORFOLOGIK_RULE_PL_PL	Prawdopodobna literówka	k20	Wykryto prawdopodobny błąd pisowni	KRO, K2, KKO	Ma ułatwienie w testach k20.
hf545430ag2493gc858g08d3g0bef38197077	MORFOLOGIK_RULE_PL_PL	Prawdopodobna literówka	bardowskiej	Wykryto prawdopodobny błąd pisowni	Badowskiej, Bartkowskiej, Barzowskiej, Batowskiej, Nartowskiej, artowskiej, bartkowskiej, bałtowskiej	"Jest objęty stanem <LSTag Type=""Status"" Tooltip=""INVISIBLE"">niewidzialności</LSTag>. Gdy niewidzialność się kończy, każda istota w emanacji o promieniu 1,5 m, której źródłem jest ta postać, musi wykonać udany rzut obronny na Kondycję. W razie niepowodzenia otrzymuje obrażenia nekrotyczne równe wynikowi dwóch rzutów kością <LSTag Type=""ActionResource"" Tooltip=""BardicInspiration"">bardowskiej inspiracji</LSTag>."
h19bace45g8db7g181dgc420ge0fc17190c49	MORFOLOGIK_RULE_PL_PL	Prawdopodobna literówka	1k8	Wykryto prawdopodobny błąd pisowni		"Gdy aktywujesz <LSTag Type=""Status"" Tooltip=""RAGE"">szał</LSTag>, twoje rysy wykrzywiają się, a ciało nabrzmiewa. Istoty, które ani teraz, ani wcześniej nie widziały twojej przemiany, nie rozpoznają cię. Ponadto podczas szału zyskujesz następujące korzyści:\n\nZamiast zwykłych obrażeń ataku bez broni możesz rzucić 1k8.\n\nGdy trafisz istotę atakiem bez broni, możesz odepchnąć ją o 3 m albo zmusić do wykonania rzutu obronnego na Kondycję o ST równym 8 plus twój modyfikator Siły i premia z biegłości. Przy niepowodzeniu istota otrzymuje stan Powalenia.\n\nZasięg twoich ataków bez broni zwiększa się o 1,5 m."
h19bace45g8db7g181dgc420ge0fc17190c49	SKROTY_Z_KROPKA	Błędy ortograficzne	ST	"Ten skrót piszemy z kropką: ""ST."""	ST.	"Gdy aktywujesz <LSTag Type=""Status"" Tooltip=""RAGE"">szał</LSTag>, twoje rysy wykrzywiają się, a ciało nabrzmiewa. Istoty, które ani teraz, ani wcześniej nie widziały twojej przemiany, nie rozpoznają cię. Ponadto podczas szału zyskujesz następujące korzyści:\n\nZamiast zwykłych obrażeń ataku bez broni możesz rzucić 1k8.\n\nGdy trafisz istotę atakiem bez broni, możesz odepchnąć ją o 3 m albo zmusić do wykonania rzutu obronnego na Kondycję o ST równym 8 plus twój modyfikator Siły i premia z biegłości. Przy niepowodzeniu istota otrzymuje stan Powalenia.\n\nZasięg twoich ataków bez broni zwiększa się o 1,5 m."
hcdd6b1c9gc361g1c98gc596g4eefab4fdf0f	MORFOLOGIK_RULE_PL_PL	Prawdopodobna literówka	k20	Wykryto prawdopodobny błąd pisowni	KRO, K2, KKO	"Gdy twój <LSTag Type=""Status"" Tooltip=""RAGE"">szał</LSTag> nie jest aktywny, możesz w ramach akcji dodatkowej wykonać akcję Odstąpienia albo Pomocy. Podczas szału twoje testy ataku bez broni skutkują trafieniem krytycznym przy wyniku 19 albo 20 na k20."
h9ab20eb3gc598g3449gb504g354483f2972b	SKROTY_Z_KROPKA	Błędy ortograficzne	ST	"Ten skrót piszemy z kropką: ""ST."""	ST.	"Gdy aktywujesz <LSTag Type=""Status"" Tooltip=""RAGE"">szał</LSTag> i trafisz istotę atakiem bez broni, możesz zmusić ją do rzutu obronnego na Kondycję (ST 8 plus twój modyfikator Siły i premia z biegłości). Przy niepowodzeniu istota otrzymuje stan Powalenia."
hf0667bf6g77dagda24g515cg27017347e947	MORFOLOGIK_RULE_PL_PL	Prawdopodobna literówka	berserkera	Wykryto prawdopodobny błąd pisowni	berserk era	Ścieżka berserkera
h054c34e8gf7acg1ce5g9297g2f198a57cc90	MORFOLOGIK_RULE_PL_PL	Prawdopodobna literówka	Berserkera	Wykryto prawdopodobny błąd pisowni	Berserk era	"Barbarzyńcy kroczący Ścieżką Berserkera kierują swoje <LSTag Type=""Status"" Tooltip=""RAGE"">szał</LSTag> przede wszystkim w stronę przemocy. Ich ścieżka to nieskrępowana wściekłość i drżą w chaosie bitwy, gdy pozwalają swojemu <LSTag Type=""Status"" Tooltip=""RAGE"">szał</LSTag> przejąć ich i wzmocnić."
haa843db4g20ebg9021gacedg3f8ada559a41	MORFOLOGIK_RULE_PL_PL	Prawdopodobna literówka	żywiołaka	Wykryto prawdopodobny błąd pisowni	żywioł aka	"Barbarzyńcy kroczący Ścieżką olbrzyma czerpią siłę z tych samych pierwotnych mocy co olbrzymy. Gdy wpadają w <LSTag Type=""Status"" Tooltip=""RAGE"">szał</LSTag>, przepełnia ich moc żywiołów, a ich ciała rosną, przybierając postacie przywodzące na myśl potęgę olbrzymów. Niektórzy wyglądają jak powiększone wersje samych siebie, czasem z błyskiem energii żywiołów w oczach i wokół broni. Inni przeobrażają się znacznie bardziej, przybierając wygląd prawdziwego olbrzyma albo istoty podobnej do żywiołaka, spowitej ogniem, mrozem lub błyskawicami."
h08c08b52g956bgcf55gaba1gfea165770305	MORFOLOGIK_RULE_PL_PL	Prawdopodobna literówka	wieloświecie	Wykryto prawdopodobny błąd pisowni		Wiele miejsc w wieloświecie obfituje w piękno, intensywne emocje i szalejącą magię; Feywild, Wyższe Plany i inne sfery nadprzyrodzonej mocy promieniują takimi siłami i mogą głęboko wpływać na ludzi. Jako ludzie o głębokich uczuciach barbarzyńcy są szczególnie podatni na te dzikie wpływy, a niektórzy barbarzyńcy ulegają przemianie pod wpływem magii. Ci przesiąknięci magią barbarzyńcy kroczą Ścieżką Dzikiej Magii. Barbarzyńcy elfowie, diabelstwa, aasimarowie i genasi często szukają tej ścieżki, pragnąc zamanifestować nieziemską magię swoich przodków.
h08c08b52g956bgcf55gaba1gfea165770305	MORFOLOGIK_RULE_PL_PL	Prawdopodobna literówka	Feywild	Wykryto prawdopodobny błąd pisowni		Wiele miejsc w wieloświecie obfituje w piękno, intensywne emocje i szalejącą magię; Feywild, Wyższe Plany i inne sfery nadprzyrodzonej mocy promieniują takimi siłami i mogą głęboko wpływać na ludzi. Jako ludzie o głębokich uczuciach barbarzyńcy są szczególnie podatni na te dzikie wpływy, a niektórzy barbarzyńcy ulegają przemianie pod wpływem magii. Ci przesiąknięci magią barbarzyńcy kroczą Ścieżką Dzikiej Magii. Barbarzyńcy elfowie, diabelstwa, aasimarowie i genasi często szukają tej ścieżki, pragnąc zamanifestować nieziemską magię swoich przodków.
h08c08b52g956bgcf55gaba1gfea165770305	MORFOLOGIK_RULE_PL_PL	Prawdopodobna literówka	aasimarowie	Wykryto prawdopodobny błąd pisowni		Wiele miejsc w wieloświecie obfituje w piękno, intensywne emocje i szalejącą magię; Feywild, Wyższe Plany i inne sfery nadprzyrodzonej mocy promieniują takimi siłami i mogą głęboko wpływać na ludzi. Jako ludzie o głębokich uczuciach barbarzyńcy są szczególnie podatni na te dzikie wpływy, a niektórzy barbarzyńcy ulegają przemianie pod wpływem magii. Ci przesiąknięci magią barbarzyńcy kroczą Ścieżką Dzikiej Magii. Barbarzyńcy elfowie, diabelstwa, aasimarowie i genasi często szukają tej ścieżki, pragnąc zamanifestować nieziemską magię swoich przodków.
h08c08b52g956bgcf55gaba1gfea165770305	MORFOLOGIK_RULE_PL_PL	Prawdopodobna literówka	genasi	Wykryto prawdopodobny błąd pisowni	gęsi, genami	Wiele miejsc w wieloświecie obfituje w piękno, intensywne emocje i szalejącą magię; Feywild, Wyższe Plany i inne sfery nadprzyrodzonej mocy promieniują takimi siłami i mogą głęboko wpływać na ludzi. Jako ludzie o głębokich uczuciach barbarzyńcy są szczególnie podatni na te dzikie wpływy, a niektórzy barbarzyńcy ulegają przemianie pod wpływem magii. Ci przesiąknięci magią barbarzyńcy kroczą Ścieżką Dzikiej Magii. Barbarzyńcy elfowie, diabelstwa, aasimarowie i genasi często szukają tej ścieżki, pragnąc zamanifestować nieziemską magię swoich przodków.
h22179fdag3286gcd27g7facg8e73f5c76e01	MORFOLOGIK_RULE_PL_PL	Prawdopodobna literówka	2k4	Wykryto prawdopodobny błąd pisowni		"Zyskujesz 2k4 + [1] <LSTag Tooltip=""TemporaryHitPoints"">tymczasowe punkty wytrzymałości</LSTag>."
h64a85505gb9ccg347eg37efg4472a54e2380	MORFOLOGIK_RULE_PL_PL	Prawdopodobna literówka	2k4	Wykryto prawdopodobny błąd pisowni		"Zdobyto 2k4+[1] <LSTag Tooltip=""TemporaryHitPoints"">tymczasowe punkty wytrzymałości</LSTag>."
h64a85505gb9ccg347eg37efg4472a54e2380	BRAK_SPACJI_NAWIAS	Błędy typograficzne	+[	"Brak spacji przed nawisem: ""+ [""."	+ [	"Zdobyto 2k4+[1] <LSTag Tooltip=""TemporaryHitPoints"">tymczasowe punkty wytrzymałości</LSTag>."
ha9c3ab13g3fb0g8a2eg5ee1gfbd234126c3d	MORFOLOGIK_RULE_PL_PL	Prawdopodobna literówka	4k8	Wykryto prawdopodobny błąd pisowni	4K	Przywołujesz falę wody, która rozbija się na obszarze w zasięgu. Obszar może mieć do 9 m długości, 3 m szerokości i 3 m wysokości. Każda istota na tym obszarze wykonuje rzut obronny na Zręczność. Przy niepowodzeniu otrzymuje 4k8 obrażeń obuchowych i stan Powalenia. Przy powodzeniu otrzymuje połowę tych obrażeń i nie zostaje Powalona.
ha5f5579fg9ce6ge4abg474ag9e80c16acfae	MORFOLOGIK_RULE_PL_PL	Prawdopodobna literówka	5k6	Wykryto prawdopodobny błąd pisowni		"Przywołujesz i wypuszczasz stado śmiercionośnych kruków. Każda wybrana przez ciebie istota w stożku o długości 9 m, którego źródłem jesteś, wykonuje rzut obronny na Zręczność. Przy niepowodzeniu otrzymuje 5k6 obrażeń od mocy i stan <LSTag Type=""Status"" Tooltip=""BLINDED"">Oślepienia</LSTag>. Przy powodzeniu otrzymuje połowę tych obrażeń. Oślepiona istota ponawia rzut obronny na koniec każdej swojej tury i w razie powodzenia kończy ten efekt na sobie."
h5ed5413eg93c7gb24cg21d8g7901b49c4c83	MORFOLOGIK_RULE_PL_PL	Prawdopodobna literówka	3k8	Wykryto prawdopodobny błąd pisowni		Rozpoczynasz szeptaną pieśń żałobną, której magicznie wtórują wyjące duchy i inne złowieszcze znaki. Przez czas trwania efektu roztaczasz aurę w emanacji o promieniu 9 m. Gdy tworzysz aurę oraz na początku każdej swojej tury, dopóki aura trwa, możesz zmusić jedną znajdującą się w niej istotę do wykonania rzutu obronnego na Kondycję. Przy niepowodzeniu istota otrzymuje 3k8 obrażeń nekrotycznych.
hea3f9087gcfa4gad7eg1453gcafb3a204579	MORFOLOGIK_RULE_PL_PL	Prawdopodobna literówka	3k8	Wykryto prawdopodobny błąd pisowni		Przez czas trwania efektu możesz zmusić jedną znajdującą się w nim istotę do wykonania rzutu obronnego na Kondycję. Przy niepowodzeniu istota otrzymuje 3k8 obrażeń nekrotycznych.
h45d48dd0g0261g469ag929agaf26bcfb4b9a	MORFOLOGIK_RULE_PL_PL	Prawdopodobna literówka	spopielacza	Wykryto prawdopodobny błąd pisowni	sp opielacza, spopiela cza	Zwój spopielacza Aganazzara
h45d48dd0g0261g469ag929agaf26bcfb4b9a	MORFOLOGIK_RULE_PL_PL	Prawdopodobna literówka	Aganazzara	Wykryto prawdopodobny błąd pisowni		Zwój spopielacza Aganazzara
hfb9ed428ga689g44f4g81abg6451884c102e	MORFOLOGIK_RULE_PL_PL	Prawdopodobna literówka	Elminstera	Wykryto prawdopodobny błąd pisowni		Zwój nieuchwytności Elminstera
h2a8c9d1dg05adg4418ga0fag5df33139674e	MORFOLOGIK_RULE_PL_PL	Prawdopodobna literówka	Snilloca	Wykryto prawdopodobny błąd pisowni		Zwój roju śnieżek Snilloca
h2802f412g5c46g4e5bgae24g35918b4e76d7	MORFOLOGIK_RULE_PL_PL	Prawdopodobna literówka	Tashy	Wykryto prawdopodobny błąd pisowni	Taśmy, Tahy, Tassy, Hashy, Kashy, Tasy, Taszy, Washy	Zwój bicza umysłu Tashy
h9e0c03abgc377g42a3gb347g290fe5e06c2c	MORFOLOGIK_RULE_PL_PL	Prawdopodobna literówka	Fey	Wykryto prawdopodobny błąd pisowni	Fe, Fen, Key, Fes, Fez, Fee, Feb, Feby	Zwój przyzwania Fey
h0e6cf6c3g3696g400bg9730g8c9dbe0d258c	MORFOLOGIK_RULE_PL_PL	Prawdopodobna literówka	Hollyphant	Wykryto prawdopodobny błąd pisowni		Przyjazny dla ciebie Hollyphant pojawia się obok ciebie i znika 1 minutę później.
h6e154639gd102g48cdg9302g9fc6aba3af7a	MORFOLOGIK_RULE_PL_PL	Prawdopodobna literówka	kambiona	Wykryto prawdopodobny błąd pisowni		Przywołaj kambiona z ognistych trzewi Dziewięciu Piekieł. Będzie on nastawiony wrogo do wszystkich.
hcd8ed7acga54dg31f4gb831g3687c2792f10	MORFOLOGIK_RULE_PL_PL	Prawdopodobna literówka	1k8	Wykryto prawdopodobny błąd pisowni		Raz na turę, gdy trafisz istotę bronią paktu, możesz zużyć komórkę czaru Magii Paktu, aby zadać celowi dodatkowe 1k8 obrażeń od mocy oraz kolejne 1k8 za każdy poziom zużytej komórki. Jeśli cel jest Ogromny lub mniejszy, możesz również nadać mu stan Powalenia.
hcd8ed7acga54dg31f4gb831g3687c2792f10	MORFOLOGIK_RULE_PL_PL	Prawdopodobna literówka	1k8	Wykryto prawdopodobny błąd pisowni		Raz na turę, gdy trafisz istotę bronią paktu, możesz zużyć komórkę czaru Magii Paktu, aby zadać celowi dodatkowe 1k8 obrażeń od mocy oraz kolejne 1k8 za każdy poziom zużytej komórki. Jeśli cel jest Ogromny lub mniejszy, możesz również nadać mu stan Powalenia.
h029cddf2gf1b9g86a2g45e7g18bf046b40f1	MORFOLOGIK_RULE_PL_PL	Prawdopodobna literówka	2k8	Wykryto prawdopodobny błąd pisowni		Wyzwalasz falę wirujących cieni, która wypełnia przylegający do ciebie obszar. Każda istota w 3-metrowym sześcianie ciemności, którego źródłem jesteś, wykonuje rzut obronny na Mądrość. Przy niepowodzeniu otrzymuje 2k8 obrażeń psychicznych i stan Oślepienia do początku twojej następnej tury. Przy powodzeniu otrzymuje połowę tych obrażeń i nie zostaje Oślepiona.
ha911b6bdg2959g695ag9c06gb0936ebd052e	BRAK_PRZECINKA_GDY	Błędy interpunkcyjne	także gdy	"Przed tym spójnikiem stawiamy przecinek: ""także, gdy""."	także, gdy	Przez czas trwania czaru grzmiące pogłosy wypełniają emanację o promieniu 3 m, której źródłem jesteś. Za każdym razem, gdy emanacja obejmuje pole istoty, a także gdy istota wchodzi w emanację albo kończy w niej turę, wykonuje rzut obronny na Kondycję. Przy niepowodzeniu otrzymuje obrażenia od dźwięku, a przy powodzeniu — połowę tych obrażeń. Istota wykonuje ten rzut tylko raz na turę.\n\nPonadto masz odporność na obrażenia od dźwięku, a dystansowe testy ataku przeciwko tobie mają utrudnienie.
h656c049cg0ff4g758bge643g1386718cedb8	BRAK_PRZECINKA_GDY	Błędy interpunkcyjne	także gdy	"Przed tym spójnikiem stawiamy przecinek: ""także, gdy""."	także, gdy	Przez czas trwania czaru grzmiące pogłosy wypełniają emanację o promieniu 3 m, której źródłem jesteś. Za każdym razem, gdy emanacja obejmuje pole istoty, a także gdy istota wchodzi w emanację albo kończy w niej turę, wykonuje rzut obronny na Kondycję. Przy niepowodzeniu otrzymuje obrażenia od dźwięku, a przy powodzeniu — połowę tych obrażeń. Istota wykonuje ten rzut tylko raz na turę.\n\nPonadto masz odporność na obrażenia od dźwięku, a dystansowe testy ataku przeciwko tobie mają utrudnienie.
hf67f7f88ga42fgb7c6g3526gd17410ea4287	BRAK_PRZECINKA_GDY	Błędy interpunkcyjne	także gdy	"Przed tym spójnikiem stawiamy przecinek: ""także, gdy""."	także, gdy	Przez czas trwania czaru grzmiące pogłosy wypełniają emanację o promieniu 3 m, której źródłem jesteś. Za każdym razem, gdy emanacja obejmuje pole istoty, a także gdy istota wchodzi w emanację albo kończy w niej turę, wykonuje rzut obronny na Kondycję. Przy niepowodzeniu otrzymuje obrażenia od dźwięku, a przy powodzeniu — połowę tych obrażeń. Istota wykonuje ten rzut tylko raz na turę.\n\nPonadto masz odporność na obrażenia od dźwięku, a dystansowe testy ataku przeciwko tobie mają utrudnienie.
h96a4fdcdg6eedg4ccdgb453g193837a217e9	MORFOLOGIK_RULE_PL_PL	Prawdopodobna literówka	Ashardalona	Wykryto prawdopodobny błąd pisowni		Krok Ashardalona
h9b831d16g0360g4588g8217g0115979d8198	MORFOLOGIK_RULE_PL_PL	Prawdopodobna literówka	1k6	Wykryto prawdopodobny błąd pisowni		Falujące płomienie smoka wybuchają spod twoich stóp, nadając ci wybuchową szybkość. Na czas trwania efektu twoja szybkość wzrasta o 6 m, a poruszanie się nie prowokuje ataków okazyjnych. Ilekroć poruszysz się w promieniu 1,5 m od istoty, otrzyma ono obrażenia od ognia od twojego szlaku ciepła. Istota może otrzymać te obrażenia tylko raz na turę.\n\nNa wyższych poziomach: twoja szybkość wzrasta o dodatkowe 1,5 m, a obrażenia od ognia zwiększają się o 1k6 za każdy poziom komórki czaru powyżej 3.
h07bf103cg6fe9g48deg90e6g51cda963e2bb	MORFOLOGIK_RULE_PL_PL	Prawdopodobna literówka	Ashardalona	Wykryto prawdopodobny błąd pisowni		Aura Kroku Ashardalona
hefff3653g8439g5d57g7610g02ccec1105b6	MORFOLOGIK_RULE_PL_PL	Prawdopodobna literówka	Ashardalona	Wykryto prawdopodobny błąd pisowni		Krok Ashardalona
hc28f4dcdgd614gc5b0g7be9g946be11c3809	MORFOLOGIK_RULE_PL_PL	Prawdopodobna literówka	Ashardalona	Wykryto prawdopodobny błąd pisowni		Krok Ashardalona
h87a45194g95b7g00ceg2f9eg6c288ed38884	MORFOLOGIK_RULE_PL_PL	Prawdopodobna literówka	k6	Wykryto prawdopodobny błąd pisowni	km, kg, ks, ku, KC, kW, KP, KK	Magiczna krzepa: k6
hebba7f87g6370g87ceg8319g29430a465253	MORFOLOGIK_RULE_PL_PL	Prawdopodobna literówka	k8	Wykryto prawdopodobny błąd pisowni	km, kg, ks, ku, KC, kW, KP, KK	Magiczna krzepa: k8
h61c3e42cg02b0g7f38gda65gdc3642939a49	MORFOLOGIK_RULE_PL_PL	Prawdopodobna literówka	k10	Wykryto prawdopodobny błąd pisowni	KRO, KKO	Magiczna krzepa: k10
h2c125804g85eegc3ecgdd44g25edc8c0bb5c	MORFOLOGIK_RULE_PL_PL	Prawdopodobna literówka	k12	Wykryto prawdopodobny błąd pisowni	K2, B12, km2	Magiczna krzepa: k12
h68cc0961gb6ceg3e67g1ae5g31162e46016b	MORFOLOGIK_RULE_PL_PL	Prawdopodobna literówka	Gorgorotha	Wykryto prawdopodobny błąd pisowni		Wypaczenie ciała Gorgorotha
h35b9b915g3bf7g0d1dg728fg2be8d9ced715	MORFOLOGIK_RULE_PL_PL	Prawdopodobna literówka	Gorgorotha	Wykryto prawdopodobny błąd pisowni		Wypaczenie ciała Gorgorotha
hfb5ff22bgbb91g4598ga3acg629a9bc0bbf5	MORFOLOGIK_RULE_PL_PL	Prawdopodobna literówka	Gorgorotha	Wykryto prawdopodobny błąd pisowni		Wtajemniczony: Wypaczenie ciała Gorgorotha
h33322b0egd4a5g9e80gdabdg3abd5d4b2ddc	SIE_SENT_END	Błędy w szyku wyrazów	się	Zaimek „się” nie powinien znajdować się na końcu zdania.		Wybierz znajdujący się w zasięgu przedmiot o wadze od około 0,5 do 2,5 kg, którego nikt nie trzyma ani nie nosi. Przedmiot leci po linii prostej na odległość do 18 m w wybranym kierunku, a następnie spada na ziemię. Zatrzymuje się wcześniej, jeśli uderzy w twardą powierzchnię. Jeśli miałby uderzyć w istotę, wykonuje ona rzut obronny na Zręczność. Przy niepowodzeniu przedmiot trafia cel i zatrzymuje się. Gdy przedmiot w coś uderzy, zarówno on, jak i trafiony cel otrzymują obrażenia obuchowe.
he725b302g9ad6g038fg90e3g3b6453195180	MORFOLOGIK_RULE_PL_PL	Prawdopodobna literówka	2k6	Wykryto prawdopodobny błąd pisowni		Cel zyskuje dodatkowe tymczasowe punkty wytrzymałości 2k6 za każdy poziom komórki czaru powyżej 1.
hbda17fc5g7024g467aga87bg388df5baebc3	MORFOLOGIK_RULE_PL_PL	Prawdopodobna literówka	Gorgorotha	Wykryto prawdopodobny błąd pisowni		Wtajemniczony: Wypaczenie ciała Gorgorotha
h115b8b53g622bg479ag9fd7g14390d34dc89	MORFOLOGIK_RULE_PL_PL	Prawdopodobna literówka	faerie	Wykryto prawdopodobny błąd pisowni	ferie, faenie, feerie, feerię	Wtajemniczony: Blask faerie
h9dc30fd4g3582g480bgba3dg482edb0a6f4e	MORFOLOGIK_RULE_PL_PL	Prawdopodobna literówka	Piórkospadanie	Wykryto prawdopodobny błąd pisowni	Piórko spadanie	Wtajemniczony: Piórkospadanie
h5cfc7c46g0600g459cg9131g7a3b7a33eef5	MORFOLOGIK_RULE_PL_PL	Prawdopodobna literówka	Tashy	Wykryto prawdopodobny błąd pisowni	Taśmy, Tahy, Tassy, Hashy, Kashy, Tasy, Taszy, Washy	Wtajemniczony: Ohydny śmiech Tashy
h090fc065geb1dge3e6g22b1g1d5d2fa91c92	MORFOLOGIK_RULE_PL_PL	Prawdopodobna literówka	Laeral	Wykryto prawdopodobny błąd pisowni	Aeral, L aeral	Srebrna lanca Laeral
h73861110g988dg24c3g72e2gfe79f0ecaf49	MORFOLOGIK_RULE_PL_PL	Prawdopodobna literówka	3k6	Wykryto prawdopodobny błąd pisowni		Przy nieudanym rzucie obronnym na Mądrość cel zostaje uwięziony we śnie i nie czerpie żadnych korzyści z odpoczynku. Gdy się budzi, otrzymuje 3k6 obrażeń psychicznych.
hb0fea27dgc56fg62a0ge057g7c9ddc6f463e	MORFOLOGIK_RULE_PL_PL	Prawdopodobna literówka	3k6	Wykryto prawdopodobny błąd pisowni		Cel jest uwięziony we śnie i nie czerpie żadnych korzyści z odpoczynku. Gdy się budzi, otrzymuje 3k6 obrażeń psychicznych.
h947e61d6g7b1fg7654gbc73g3ec51f29fd5a	SUBST_ADJ_UNIFY	Błędy składniowe	woli rzucającego	Przypuszczalnie brak zgodności form przypadków rzeczownika i przymiotnika: woli rzucającego.		"Umysł tej istoty podporządkował się woli rzucającego i bez zastrzeżeń wykonuje jego polecenia. Efekt kończy się, gdy rzucający zakończy <LSTag Tooltip=""LongRest"">długi odpoczynek</LSTag>."
h1baba05fg926fg3fbeg861bg6aa1ecd27bef	MORFOLOGIK_RULE_PL_PL	Prawdopodobna literówka	1k8	Wykryto prawdopodobny błąd pisowni		Obrażenia zwiększają się o 1k8, a przebyty dystans o 3 m za każdy poziom komórki czaru powyżej 1.
h0680f65eg2944g3595ga9d1gc7b9d923668f	MORFOLOGIK_RULE_PL_PL	Prawdopodobna literówka	4k8	Wykryto prawdopodobny błąd pisowni	4K	Wyciągasz ku widocznej istocie w zasięgu mackę atramentowej ciemności, która wysysa z niej życie. Cel musi wykonać rzut obronny na Zręczność. W razie powodzenia otrzymuje [1] obrażeń nekrotycznych, a czar się kończy. W razie niepowodzenia otrzymuje [2] obrażeń nekrotycznych, a do zakończenia czaru w każdej swojej turze możesz użyć akcji, aby automatycznie zadać mu 4k8 obrażeń nekrotycznych. Czar kończy się, jeśli użyjesz akcji do zrobienia czegokolwiek innego, cel znajdzie się poza zasięgiem czaru albo uzyska względem ciebie całkowitą osłonę.\n\nZa każdym razem, gdy czar zadaje celowi obrażenia, odzyskujesz punkty wytrzymałości w liczbie równej połowie otrzymanych przez niego obrażeń nekrotycznych.
h3ef06543gb18dg44b9gb236g44997392d5a6	MORFOLOGIK_RULE_PL_PL	Prawdopodobna literówka	Gorgorotha	Wykryto prawdopodobny błąd pisowni		Zwój wypaczenia ciała Gorgorotha
h29012509g9a1ag4f12gb771g80fea8b18f27	MORFOLOGIK_RULE_PL_PL	Prawdopodobna literówka	Ashardalona	Wykryto prawdopodobny błąd pisowni		Zwój kroku Ashardalona
he909a532gc660g4e69gba70gd205498f491d	MORFOLOGIK_RULE_PL_PL	Prawdopodobna literówka	Laeral	Wykryto prawdopodobny błąd pisowni	Aeral, L aeral	Zwój srebrnej lancy Laeral
h969e79f8ga241g4f3eg904ag8f4858d7c146	MORFOLOGIK_RULE_PL_PL	Prawdopodobna literówka	Shillelagh	Wykryto prawdopodobny błąd pisowni		Zwój Shillelagh
h13714915ge8a8g4f94g810egd8c9ba002446	MORFOLOGIK_RULE_PL_PL	Prawdopodobna literówka	Agathys	Wykryto prawdopodobny błąd pisowni		Zwój zbroi Agathys
h05676470gf169g4cf0g9d65g403316fae14c	MORFOLOGIK_RULE_PL_PL	Prawdopodobna literówka	Hadara	Wykryto prawdopodobny błąd pisowni	Tatara, Gadara, Gadarą, Hadada, Hadała, Hadałą, Hataka, Kadara	Zwój ramion Hadara
h74437106g3801g4e49gb67bge87de1f118c5	MORFOLOGIK_RULE_PL_PL	Prawdopodobna literówka	faerie	Wykryto prawdopodobny błąd pisowni	ferie, faenie, feerie, feerię	Zwój blasku faerie
hf37a3668g5485g462dgb8bfg24f366499655	MORFOLOGIK_RULE_PL_PL	Prawdopodobna literówka	Hadara	Wykryto prawdopodobny błąd pisowni	Tatara, Gadara, Gadarą, Hadada, Hadała, Hadałą, Hataka, Kadara	Zwój głodu Hadara
h2d37feacg6e1dg4330ga540gcd5096a455e8	MORFOLOGIK_RULE_PL_PL	Prawdopodobna literówka	piorunostrzału	Wykryto prawdopodobny błąd pisowni	piorun ostrzału	Zwój piorunostrzału
hf577238eg5e24g45b6gb0a2g141a090436e0	MORFOLOGIK_RULE_PL_PL	Prawdopodobna literówka	sferalnego	Wykryto prawdopodobny błąd pisowni	feralnego, aferalnego, s feralnego	Zwój sferalnego sojusznika
h5844527eg5bc7g6d08gb8bdg836fe861ad65	MORFOLOGIK_RULE_PL_PL	Prawdopodobna literówka	wieloświecie	Wykryto prawdopodobny błąd pisowni		Odmieńcy o wiecznie zmiennym wyglądzie żyją niezauważeni w wielu społecznościach. Każdy odmieniec może w nadprzyrodzony sposób przybrać dowolną twarz. Dla niektórych nowa twarz ujawnia aspekt ich duszy.\n\nPierwsi odmieńcy w wieloświecie pojawili się w Feywild, a cudowna, zmienna esencja tej sfery wciąż jest w nich obecna — nawet w tych, którzy nigdy nie postawili stopy w krainie fey.\n\nW prawdziwej postaci odmieńcy wyglądają blado, a ich rysy są niemal pozbawione szczegółów. Rzadko można ich jednak zobaczyć w tej postaci, ponieważ typowy odmieniec zmienia kształt tak, jak inni zmieniają ubranie. Wielu odmieńców tworzy również głębsze tożsamości, opracowując dla każdej postaci personę z własną historią i przekonaniami. Odmieniec poszukiwacz przygód może mieć persony przeznaczone do różnych sytuacji, takich jak negocjacje, śledztwo czy walka.\n\nKilku odmieńców może dzielić tę samą personę. Persony mogą być nawet przekazywane w rodzinie, dzięki czemu młodszy odmieniec korzysta z kontaktów nawiązanych przez poprzednich użytkowników danej persony.
h5844527eg5bc7g6d08gb8bdg836fe861ad65	MORFOLOGIK_RULE_PL_PL	Prawdopodobna literówka	Feywild	Wykryto prawdopodobny błąd pisowni		Odmieńcy o wiecznie zmiennym wyglądzie żyją niezauważeni w wielu społecznościach. Każdy odmieniec może w nadprzyrodzony sposób przybrać dowolną twarz. Dla niektórych nowa twarz ujawnia aspekt ich duszy.\n\nPierwsi odmieńcy w wieloświecie pojawili się w Feywild, a cudowna, zmienna esencja tej sfery wciąż jest w nich obecna — nawet w tych, którzy nigdy nie postawili stopy w krainie fey.\n\nW prawdziwej postaci odmieńcy wyglądają blado, a ich rysy są niemal pozbawione szczegółów. Rzadko można ich jednak zobaczyć w tej postaci, ponieważ typowy odmieniec zmienia kształt tak, jak inni zmieniają ubranie. Wielu odmieńców tworzy również głębsze tożsamości, opracowując dla każdej postaci personę z własną historią i przekonaniami. Odmieniec poszukiwacz przygód może mieć persony przeznaczone do różnych sytuacji, takich jak negocjacje, śledztwo czy walka.\n\nKilku odmieńców może dzielić tę samą personę. Persony mogą być nawet przekazywane w rodzinie, dzięki czemu młodszy odmieniec korzysta z kontaktów nawiązanych przez poprzednich użytkowników danej persony.
h5844527eg5bc7g6d08gb8bdg836fe861ad65	MORFOLOGIK_RULE_PL_PL	Prawdopodobna literówka	fey	Wykryto prawdopodobny błąd pisowni	fe, fen, key, fes, fez, fee, Fe, Feb	Odmieńcy o wiecznie zmiennym wyglądzie żyją niezauważeni w wielu społecznościach. Każdy odmieniec może w nadprzyrodzony sposób przybrać dowolną twarz. Dla niektórych nowa twarz ujawnia aspekt ich duszy.\n\nPierwsi odmieńcy w wieloświecie pojawili się w Feywild, a cudowna, zmienna esencja tej sfery wciąż jest w nich obecna — nawet w tych, którzy nigdy nie postawili stopy w krainie fey.\n\nW prawdziwej postaci odmieńcy wyglądają blado, a ich rysy są niemal pozbawione szczegółów. Rzadko można ich jednak zobaczyć w tej postaci, ponieważ typowy odmieniec zmienia kształt tak, jak inni zmieniają ubranie. Wielu odmieńców tworzy również głębsze tożsamości, opracowując dla każdej postaci personę z własną historią i przekonaniami. Odmieniec poszukiwacz przygód może mieć persony przeznaczone do różnych sytuacji, takich jak negocjacje, śledztwo czy walka.\n\nKilku odmieńców może dzielić tę samą personę. Persony mogą być nawet przekazywane w rodzinie, dzięki czemu młodszy odmieniec korzysta z kontaktów nawiązanych przez poprzednich użytkowników danej persony.
h00779e8dg1144g5eecg3f98g33292e8dea42	MORFOLOGIK_RULE_PL_PL	Prawdopodobna literówka	wieloświecie	Wykryto prawdopodobny błąd pisowni		Odmieńcy o wiecznie zmiennym wyglądzie żyją niezauważeni w wielu społecznościach. Każdy odmieniec może w nadprzyrodzony sposób przybrać dowolną twarz. Dla niektórych nowa twarz ujawnia aspekt ich duszy.\n\nPierwsi odmieńcy w wieloświecie pojawili się w Feywild, a cudowna, zmienna esencja tej sfery wciąż jest w nich obecna — nawet w tych, którzy nigdy nie postawili stopy w krainie fey.\n\nW prawdziwej postaci odmieńcy wyglądają blado, a ich rysy są niemal pozbawione szczegółów. Rzadko można ich jednak zobaczyć w tej postaci, ponieważ typowy odmieniec zmienia kształt tak, jak inni zmieniają ubranie. Wielu odmieńców tworzy również głębsze tożsamości, opracowując dla każdej postaci personę z własną historią i przekonaniami. Odmieniec poszukiwacz przygód może mieć persony przeznaczone do różnych sytuacji, takich jak negocjacje, śledztwo czy walka.\n\nKilku odmieńców może dzielić tę samą personę. Persony mogą być nawet przekazywane w rodzinie, dzięki czemu młodszy odmieniec korzysta z kontaktów nawiązanych przez poprzednich użytkowników danej persony.
h00779e8dg1144g5eecg3f98g33292e8dea42	MORFOLOGIK_RULE_PL_PL	Prawdopodobna literówka	Feywild	Wykryto prawdopodobny błąd pisowni		Odmieńcy o wiecznie zmiennym wyglądzie żyją niezauważeni w wielu społecznościach. Każdy odmieniec może w nadprzyrodzony sposób przybrać dowolną twarz. Dla niektórych nowa twarz ujawnia aspekt ich duszy.\n\nPierwsi odmieńcy w wieloświecie pojawili się w Feywild, a cudowna, zmienna esencja tej sfery wciąż jest w nich obecna — nawet w tych, którzy nigdy nie postawili stopy w krainie fey.\n\nW prawdziwej postaci odmieńcy wyglądają blado, a ich rysy są niemal pozbawione szczegółów. Rzadko można ich jednak zobaczyć w tej postaci, ponieważ typowy odmieniec zmienia kształt tak, jak inni zmieniają ubranie. Wielu odmieńców tworzy również głębsze tożsamości, opracowując dla każdej postaci personę z własną historią i przekonaniami. Odmieniec poszukiwacz przygód może mieć persony przeznaczone do różnych sytuacji, takich jak negocjacje, śledztwo czy walka.\n\nKilku odmieńców może dzielić tę samą personę. Persony mogą być nawet przekazywane w rodzinie, dzięki czemu młodszy odmieniec korzysta z kontaktów nawiązanych przez poprzednich użytkowników danej persony.
h00779e8dg1144g5eecg3f98g33292e8dea42	MORFOLOGIK_RULE_PL_PL	Prawdopodobna literówka	fey	Wykryto prawdopodobny błąd pisowni	fe, fen, key, fes, fez, fee, Fe, Feb	Odmieńcy o wiecznie zmiennym wyglądzie żyją niezauważeni w wielu społecznościach. Każdy odmieniec może w nadprzyrodzony sposób przybrać dowolną twarz. Dla niektórych nowa twarz ujawnia aspekt ich duszy.\n\nPierwsi odmieńcy w wieloświecie pojawili się w Feywild, a cudowna, zmienna esencja tej sfery wciąż jest w nich obecna — nawet w tych, którzy nigdy nie postawili stopy w krainie fey.\n\nW prawdziwej postaci odmieńcy wyglądają blado, a ich rysy są niemal pozbawione szczegółów. Rzadko można ich jednak zobaczyć w tej postaci, ponieważ typowy odmieniec zmienia kształt tak, jak inni zmieniają ubranie. Wielu odmieńców tworzy również głębsze tożsamości, opracowując dla każdej postaci personę z własną historią i przekonaniami. Odmieniec poszukiwacz przygód może mieć persony przeznaczone do różnych sytuacji, takich jak negocjacje, śledztwo czy walka.\n\nKilku odmieńców może dzielić tę samą personę. Persony mogą być nawet przekazywane w rodzinie, dzięki czemu młodszy odmieniec korzysta z kontaktów nawiązanych przez poprzednich użytkowników danej persony.
h842fd89bg0642gf761gc3e7ga95824e9c738	BEZOKOLICZNIKI	Błędy interpunkcyjne	zmienić postać	"Dwa bezokoliczniki nierozdzielone przecinkiem. Czy chodziło o ""zmienić, postać""?"	zmienić, postać	W ramach akcji możesz zmienić postać, modyfikując swój wygląd i głos. Samodzielnie określasz szczegóły zmian, w tym ubarwienie, długość włosów i płeć. Możesz także dostosować wzrost i wagę oraz zmieniać rozmiar między Średnim a Małym. Możesz upodobnić się do przedstawiciela innego grywalnego gatunku, lecz żadne twoje parametry gry się nie zmieniają. Nie możesz odtworzyć wyglądu osoby, której wyglądu nie znasz, i musisz przyjąć formę o tym samym podstawowym układzie kończyn. Cecha nie zmienia twojego ubioru ani wyposażenia.\n\nPodczas tej przemiany masz ułatwienie w testach Charyzmy.\n\nNowa forma utrzymuje się, dopóki w ramach akcji nie powrócisz do swojej prawdziwej postaci.
he0997113gd8aeg5a32g0cadg6583a1780b19	MORFOLOGIK_RULE_PL_PL	Prawdopodobna literówka	fey	Wykryto prawdopodobny błąd pisowni	fe, fen, key, fes, fez, fee, Fe, Feb	"Dzięki połączeniu z królestwem fey zyskujesz biegłość w dwóch z następujących wybranych umiejętności: <LSTag Type=""Skills"" Tooltip=""Deception"">Oszustwo</LSTag>, <LSTag Type=""Skills"" Tooltip=""Insight"">Intuicja</LSTag>, <LSTag Type=""Skills"" Tooltip=""Intimidation"">Zastraszanie</LSTag>, <LSTag Type=""Skills"" Tooltip=""Performance"">Występy</LSTag> lub <LSTag Type=""Skills"" Tooltip=""Persuasion"">Perswazja</LSTag>."
haddbec72gf9c4g510bg8c8cgba4bcfd87301	BEZOKOLICZNIKI	Błędy interpunkcyjne	zmienić postać	"Dwa bezokoliczniki nierozdzielone przecinkiem. Czy chodziło o ""zmienić, postać""?"	zmienić, postać	W ramach akcji możesz zmienić postać, modyfikując swój wygląd i głos. Samodzielnie określasz szczegóły zmian, w tym ubarwienie, długość włosów i płeć. Możesz także dostosować wzrost i wagę oraz zmieniać rozmiar między Średnim a Małym. Możesz upodobnić się do przedstawiciela innego grywalnego gatunku, lecz żadne twoje parametry gry się nie zmieniają. Nie możesz odtworzyć wyglądu osoby, której wyglądu nie znasz, i musisz przyjąć formę o tym samym podstawowym układzie kończyn. Cecha nie zmienia twojego ubioru ani wyposażenia.\n\nPodczas tej przemiany masz ułatwienie w testach Charyzmy.\n\nNowa forma utrzymuje się, dopóki w ramach akcji nie powrócisz do swojej prawdziwej postaci.
hee9de861gce1eg6f92gb26dg7eabdea5edc3	MORFOLOGIK_RULE_PL_PL	Prawdopodobna literówka	Metamagia	Wykryto prawdopodobny błąd pisowni	Meta magia	Metamagia: Naprowadzany czar
h4350095ege773ga624g7919g62f04bb30b95	MORFOLOGIK_RULE_PL_PL	Prawdopodobna literówka	k20	Wykryto prawdopodobny błąd pisowni	KRO, K2, KKO	Jeśli wykonujesz test ataku czarem i chybiasz, możesz wydać 1 punkt zaklinania, aby przerzucić k20; musisz wykorzystać nowy wynik.\n\nMożesz użyć Naprowadzanego czaru nawet wtedy, gdy podczas rzucania tego czaru wykorzystujesz już inną opcję metamagii.
h4350095ege773ga624g7919g62f04bb30b95	MORFOLOGIK_RULE_PL_PL	Prawdopodobna literówka	metamagii	Wykryto prawdopodobny błąd pisowni	meta magii	Jeśli wykonujesz test ataku czarem i chybiasz, możesz wydać 1 punkt zaklinania, aby przerzucić k20; musisz wykorzystać nowy wynik.\n\nMożesz użyć Naprowadzanego czaru nawet wtedy, gdy podczas rzucania tego czaru wykorzystujesz już inną opcję metamagii.
habd56c76g31abgf710gce13g306dcdaeece5	MORFOLOGIK_RULE_PL_PL	Prawdopodobna literówka	Metamagia	Wykryto prawdopodobny błąd pisowni	Meta magia	Metamagia: Naprowadzany czar
h28f9a741ga446ga31eg8889g3b0e1ddcb286	MORFOLOGIK_RULE_PL_PL	Prawdopodobna literówka	k20	Wykryto prawdopodobny błąd pisowni	KRO, K2, KKO	Jeśli wykonujesz test ataku czarem i chybiasz, możesz wydać 1 punkt zaklinania, aby przerzucić k20; musisz wykorzystać nowy wynik.\n\nMożesz użyć Naprowadzanego czaru nawet wtedy, gdy podczas rzucania tego czaru wykorzystujesz już inną opcję metamagii.
h28f9a741ga446ga31eg8889g3b0e1ddcb286	MORFOLOGIK_RULE_PL_PL	Prawdopodobna literówka	metamagii	Wykryto prawdopodobny błąd pisowni	meta magii	Jeśli wykonujesz test ataku czarem i chybiasz, możesz wydać 1 punkt zaklinania, aby przerzucić k20; musisz wykorzystać nowy wynik.\n\nMożesz użyć Naprowadzanego czaru nawet wtedy, gdy podczas rzucania tego czaru wykorzystujesz już inną opcję metamagii.
h08045ad1gb50dgc96dg8318gd971f112b84f	MORFOLOGIK_RULE_PL_PL	Prawdopodobna literówka	1k10	Wykryto prawdopodobny błąd pisowni		Możesz wezwać swojego czarciego Patrona, aby odmienił los na twoją korzyść. Gdy wykonujesz test cechy lub rzut obronny, możesz użyć tej zdolności, aby dodać 1k10 do swojego rzutu. Możesz to zrobić po zobaczeniu wyniku rzutu, ale zanim nastąpią jakiekolwiek jego efekty.
h6c5d2c6egd7c2gfb23g896eg360dd2c50b66	MORFOLOGIK_RULE_PL_PL	Prawdopodobna literówka	1k10	Wykryto prawdopodobny błąd pisowni		Możesz wezwać swojego czarciego Patrona, aby odmienił los na twoją korzyść. Gdy wykonujesz test cechy lub rzut obronny, możesz użyć tej zdolności, aby dodać 1k10 do swojego rzutu. Możesz to zrobić po zobaczeniu wyniku rzutu, ale zanim nastąpią jakiekolwiek jego efekty.
hb1e1f1ccg8b1fg0c0eg7a39gdbe307c41c2a	MORFOLOGIK_RULE_PL_PL	Prawdopodobna literówka	Yeenoghu	Wykryto prawdopodobny błąd pisowni		Dzikie, przypominające hieny potwory, które dokonują rzezi na masową skalę, próbując stłumić nienasycony głód swego demonicznego stwórcy, Yeenoghu.
hcfaede04g37feg52c1g02a1g79498988da95	MORFOLOGIK_RULE_PL_PL	Prawdopodobna literówka	Flind	Wykryto prawdopodobny błąd pisowni	Flint, Clint, Flirt, Flynt, Flinty, Flinta, Lind, Blind	Flind
h2c4006d3g73ecg08bfg17a3g3faf573592f2	MORFOLOGIK_RULE_PL_PL	Prawdopodobna literówka	Yeenoghu	Wykryto prawdopodobny błąd pisowni		Dzikie, przypominające hieny potwory, które dokonują rzezi na masową skalę, próbując stłumić nienasycony głód swego demonicznego stwórcy, Yeenoghu.
h2fc7ca1ag45b3g3d7fg4bc3g7371ce249b55	MORFOLOGIK_RULE_PL_PL	Prawdopodobna literówka	Strachun	Wykryto prawdopodobny błąd pisowni	Strachu, Strachów, Strachy, Strachań, Strac hun, Strachu n	Strachun
h9d1db6edgfe03gd1b6g95aeg9d83628a6e5e	MORFOLOGIK_RULE_PL_PL	Prawdopodobna literówka	Hobgoblin	Wykryto prawdopodobny błąd pisowni		Hobgoblin
h670b4035g1e83g155bg1b6bgbe2c3ed49f65	PCON_VERB	Błędy składniowe	Sprytne – choć tchórzliwe – gady, które niedostatki krzepy nadrabiają, atakując w grupie.	W tym zdaniu jest imiesłów przysłówkowy które, ale nie ma czasownika w funkcji orzeczenia.		Sprytne – choć tchórzliwe – gady, które niedostatki krzepy nadrabiają, atakując w grupie.
h49f573e0g51d8gab8ag3788g56d525e94705	MORFOLOGIK_RULE_PL_PL	Prawdopodobna literówka	Kuo-toa	Wykryto prawdopodobny błąd pisowni		Kuo-toa
hf0fa09deg1153gff8agc30fgf43e347dc403	MORFOLOGIK_RULE_PL_PL	Prawdopodobna literówka	rybopodobni	Wykryto prawdopodobny błąd pisowni	rybo podobni	Owładnięci obłędem, rybopodobni mieszkańcy Podmroku. Czczą wymyślone bóstwa z szalonym religijnym zapałem.
hf0fa09deg1153gff8agc30fgf43e347dc403	MORFOLOGIK_RULE_PL_PL	Prawdopodobna literówka	Podmroku	Wykryto prawdopodobny błąd pisowni	Półmroku, Podmokł, Podmókł, Pomroku, Pod mroku	Owładnięci obłędem, rybopodobni mieszkańcy Podmroku. Czczą wymyślone bóstwa z szalonym religijnym zapałem.
h3f9f2b2agdef2g4181g854bgea3484c5155b	MORFOLOGIK_RULE_PL_PL	Prawdopodobna literówka	Sahuagin	Wykryto prawdopodobny błąd pisowni		Sahuagin
he5309e85gddddg797fg0081g19accd6ede60	MORFOLOGIK_RULE_PL_PL	Prawdopodobna literówka	Carceri	Wykryto prawdopodobny błąd pisowni		Entropia Otchłani, chaos Pandemonium i rozpacz Carceri przyciągają diabelstwa posiadające otchłanne dziedzictwo. Rogi, futro, kły oraz charakterystyczne zapachy to częste cechy fizyczne takich diabelstw, z których większość ma w żyłach demoniczną krew.
h23814ae4g55bbg25cbg61a4gcf6756b9d02f	MORFOLOGIK_RULE_PL_PL	Prawdopodobna literówka	Carceri	Wykryto prawdopodobny błąd pisowni		Diabelstwa o chtonicznym dziedzictwie odczuwają nie tylko zew Carceri, lecz także chciwość Gehenny i mrok Hadesu. Niektóre z nich mają trupią aparycję. Inne odznaczają się nieziemskim pięknem sukkuba albo cechami fizycznymi nocnej wiedźmy, yugolotha lub innego czarciego przodka o charakterze neutralnym złym.
h23814ae4g55bbg25cbg61a4gcf6756b9d02f	MORFOLOGIK_RULE_PL_PL	Prawdopodobna literówka	yugolotha	Wykryto prawdopodobny błąd pisowni		Diabelstwa o chtonicznym dziedzictwie odczuwają nie tylko zew Carceri, lecz także chciwość Gehenny i mrok Hadesu. Niektóre z nich mają trupią aparycję. Inne odznaczają się nieziemskim pięknem sukkuba albo cechami fizycznymi nocnej wiedźmy, yugolotha lub innego czarciego przodka o charakterze neutralnym złym.
h64172b01gaf40g5fcaga683g03d6646d0c6f	MORFOLOGIK_RULE_PL_PL	Prawdopodobna literówka	Avernus	Wykryto prawdopodobny błąd pisowni		Przysięga Podboju wzywa paladynów, którzy szukają chwały w bitwie i podporządkowaniu sobie wrogów. Paladynom nie wystarczy ustanowienie porządku. Muszą zmiażdżyć siły chaosu. Ci, którzy składają tę przysięgę, czasami nazywani rycerskimi tyranami lub handlarzami żelaza, gromadzą się w ponurych zakonach, które służą bogom lub filozofiom wojny i dobrze zorganizowanej potęgi.\n\nNiektórzy z tych paladynów posuwają się tak daleko, że współpracują z mocami Dziewięciu Piekieł, przedkładając rządy prawa nad balsam miłosierdzia. Arcydiabeł Bel, watażka Avernus, uważa wielu z tych paladynów – zwanych piekielnymi rycerzami – za swoich najzagorzalszych zwolenników. Piekielni rycerze zakrywają swoją zbroję trofeami odebranymi poległym wrogom, co stanowi ponure ostrzeżenie dla każdego, kto ośmieli się przeciwstawić im i dekretom ich władców. Tym rycerzom często zaciekle przeciwstawiają się inni paladyni tej przysięgi, którzy wierzą, że piekielni rycerze zawędrowali zbyt daleko w ciemność.
hbf3f7449g1ed3gab0dgc670g9f81ada8e42a	MORFOLOGIK_RULE_PL_PL	Prawdopodobna literówka	Agathys	Wykryto prawdopodobny błąd pisowni		Paladyni, którzy złożą Przysięgę Podboju, uzyskują dostęp do Zbroi Agathys i Dowództwa na 3. poziomie, Utrzymywania Osoby i Broni Duchowej na 5. poziomie oraz Obdarzania Klątwą i Strachem na 9. poziomie.
hb4cccef8g4f09g6448g556ag2414e437228a	MORFOLOGIK_RULE_PL_PL	Prawdopodobna literówka	Fey	Wykryto prawdopodobny błąd pisowni	Fe, Fen, Key, Fes, Fez, Fee, Feb, Feby	Bardowie z Kolegium Choreografii opowiadają historie i wykonują muzykę bez wydawania dźwięku, zamiast tego wolą poruszać się z wdziękiem i magią podobną do Fey, aby uniknąć krzywdy i inspirować innych. Tańce te wywodzą się z Festerwood, którego promieniste zarodniki i światło sprzyjały cudownym występom i śmiertelnym niebezpieczeństwom. Tych Bardów można spotkać wszędzie, od lokalnej tawerny po najwyższe piętra teatru, wywołując tłumy do łez równie szybko, jak bunt. Na każdym kroku inspirują innych do odwagi, działania i przyłączenia się.
hb4cccef8g4f09g6448g556ag2414e437228a	MORFOLOGIK_RULE_PL_PL	Prawdopodobna literówka	Festerwood	Wykryto prawdopodobny błąd pisowni		Bardowie z Kolegium Choreografii opowiadają historie i wykonują muzykę bez wydawania dźwięku, zamiast tego wolą poruszać się z wdziękiem i magią podobną do Fey, aby uniknąć krzywdy i inspirować innych. Tańce te wywodzą się z Festerwood, którego promieniste zarodniki i światło sprzyjały cudownym występom i śmiertelnym niebezpieczeństwom. Tych Bardów można spotkać wszędzie, od lokalnej tawerny po najwyższe piętra teatru, wywołując tłumy do łez równie szybko, jak bunt. Na każdym kroku inspirują innych do odwagi, działania i przyłączenia się.
hdfb7e043ga3ecgc3afg13c5g96138794e52b	MORFOLOGIK_RULE_PL_PL	Prawdopodobna literówka	bardowskiej	Wykryto prawdopodobny błąd pisowni	Badowskiej, Bartkowskiej, Barzowskiej, Batowskiej, Nartowskiej, artowskiej, bartkowskiej, bałtowskiej	"Poznajesz uniwersalny język tańca. W ramach akcji dodatkowej możesz zużyć jedno użycie <LSTag Type=""ActionResource"" Tooltip=""BardicInspiration"">bardowskiej inspiracji</LSTag>, aby zatańczyć i pokrzepić inną wybraną istotę, która cię widzi.\n\nRzuć kością bardowskiej inspiracji. Istota zyskuje tymczasowe punkty wytrzymałości w liczbie równej sumie wyniku rzutu i twojego modyfikatora Charyzmy (co najmniej 2). Następnie może natychmiast w ramach reakcji przemieścić się na odległość do swojej szybkości bez prowokowania ataków okazyjnych albo wykonać akcję Uniku."
hdfb7e043ga3ecgc3afg13c5g96138794e52b	MORFOLOGIK_RULE_PL_PL	Prawdopodobna literówka	bardowskiej	Wykryto prawdopodobny błąd pisowni	Badowskiej, Bartkowskiej, Barzowskiej, Batowskiej, Nartowskiej, artowskiej, bartkowskiej, bałtowskiej	"Poznajesz uniwersalny język tańca. W ramach akcji dodatkowej możesz zużyć jedno użycie <LSTag Type=""ActionResource"" Tooltip=""BardicInspiration"">bardowskiej inspiracji</LSTag>, aby zatańczyć i pokrzepić inną wybraną istotę, która cię widzi.\n\nRzuć kością bardowskiej inspiracji. Istota zyskuje tymczasowe punkty wytrzymałości w liczbie równej sumie wyniku rzutu i twojego modyfikatora Charyzmy (co najmniej 2). Następnie może natychmiast w ramach reakcji przemieścić się na odległość do swojej szybkości bez prowokowania ataków okazyjnych albo wykonać akcję Uniku."
h391dd984g6a8cge5b0g94c0g187d5c88d2a9	MORFOLOGIK_RULE_PL_PL	Prawdopodobna literówka	bardowskiej	Wykryto prawdopodobny błąd pisowni	Badowskiej, Bartkowskiej, Barzowskiej, Batowskiej, Nartowskiej, artowskiej, bartkowskiej, bałtowskiej	"Rzuć kością <LSTag Type=""ActionResource"" Tooltip=""BardicInspiration"">bardowskiej inspiracji</LSTag>. Istota zyskuje tymczasowe punkty wytrzymałości w liczbie równej sumie wyniku rzutu i twojego modyfikatora Charyzmy (co najmniej 2). Gdy istota zyskuje tymczasowe punkty wytrzymałości w ten sposób, może natychmiast w ramach reakcji przemieścić się na odległość do swojej szybkości bez prowokowania ataków okazyjnych albo wykonać akcję Uniku."
h1b7a04edgc7a6g74bdg9277g31ec3fcfe741	MORFOLOGIK_RULE_PL_PL	Prawdopodobna literówka	Dampir	Wykryto prawdopodobny błąd pisowni	Wampir	Dampir
h0fad6c43g2b7bgc902g398agc53db9cc7bff	MORFOLOGIK_RULE_PL_PL	Prawdopodobna literówka	Dampiry	Wykryto prawdopodobny błąd pisowni	Wampiry	Dampiry to żywi ludzie, którzy mają wampiryczne zdolności, ale są przeklęci makabrycznym głodem. Większość dampirów pragnie krwi, ale niektóre czerpią pożywienie ze snów, energii życiowej lub innych ważnych źródeł. Dampiry muszą wybrać, czy walczyć, aby kontrolować swój głód, czy poddać się drapieżnym pragnieniom.
h0fad6c43g2b7bgc902g398agc53db9cc7bff	MORFOLOGIK_RULE_PL_PL	Prawdopodobna literówka	dampirów	Wykryto prawdopodobny błąd pisowni	wampirów, tapirów	Dampiry to żywi ludzie, którzy mają wampiryczne zdolności, ale są przeklęci makabrycznym głodem. Większość dampirów pragnie krwi, ale niektóre czerpią pożywienie ze snów, energii życiowej lub innych ważnych źródeł. Dampiry muszą wybrać, czy walczyć, aby kontrolować swój głód, czy poddać się drapieżnym pragnieniom.
h0fad6c43g2b7bgc902g398agc53db9cc7bff	MORFOLOGIK_RULE_PL_PL	Prawdopodobna literówka	Dampiry	Wykryto prawdopodobny błąd pisowni	Wampiry	Dampiry to żywi ludzie, którzy mają wampiryczne zdolności, ale są przeklęci makabrycznym głodem. Większość dampirów pragnie krwi, ale niektóre czerpią pożywienie ze snów, energii życiowej lub innych ważnych źródeł. Dampiry muszą wybrać, czy walczyć, aby kontrolować swój głód, czy poddać się drapieżnym pragnieniom.
h322dd281geebcg3395g976fg599528ae15b3	MORFOLOGIK_RULE_PL_PL	Prawdopodobna literówka	Dampiry	Wykryto prawdopodobny błąd pisowni	Wampiry	Dampiry to żywi ludzie, którzy mają wampiryczne zdolności, ale są przeklęci makabrycznym głodem. Większość dampirów pragnie krwi, ale niektóre czerpią pożywienie ze snów, energii życiowej lub innych ważnych źródeł. Dampiry muszą wybrać, czy walczyć, aby kontrolować swój głód, czy poddać się drapieżnym pragnieniom.
h322dd281geebcg3395g976fg599528ae15b3	MORFOLOGIK_RULE_PL_PL	Prawdopodobna literówka	dampirów	Wykryto prawdopodobny błąd pisowni	wampirów, tapirów	Dampiry to żywi ludzie, którzy mają wampiryczne zdolności, ale są przeklęci makabrycznym głodem. Większość dampirów pragnie krwi, ale niektóre czerpią pożywienie ze snów, energii życiowej lub innych ważnych źródeł. Dampiry muszą wybrać, czy walczyć, aby kontrolować swój głód, czy poddać się drapieżnym pragnieniom.
h322dd281geebcg3395g976fg599528ae15b3	MORFOLOGIK_RULE_PL_PL	Prawdopodobna literówka	Dampiry	Wykryto prawdopodobny błąd pisowni	Wampiry	Dampiry to żywi ludzie, którzy mają wampiryczne zdolności, ale są przeklęci makabrycznym głodem. Większość dampirów pragnie krwi, ale niektóre czerpią pożywienie ze snów, energii życiowej lub innych ważnych źródeł. Dampiry muszą wybrać, czy walczyć, aby kontrolować swój głód, czy poddać się drapieżnym pragnieniom.
hd491ceccg138fg0537gb43fg5defc61c0f30	MORFOLOGIK_RULE_PL_PL	Prawdopodobna literówka	Dampir	Wykryto prawdopodobny błąd pisowni	Wampir	Dampir
hf9129957g8bdeg2134g6e2age3382971e6e3	MORFOLOGIK_RULE_PL_PL	Prawdopodobna literówka	Dampir	Wykryto prawdopodobny błąd pisowni	Wampir	Dampir
h29af99d0g2e9ag3d27gcacdgac35a6d11c60	MORFOLOGIK_RULE_PL_PL	Prawdopodobna literówka	Dampiry	Wykryto prawdopodobny błąd pisowni	Wampiry	Dampiry to żywi ludzie, którzy mają wampiryczne zdolności, ale są przeklęci makabrycznym głodem. Większość dampirów pragnie krwi, ale niektóre czerpią pożywienie ze snów, energii życiowej lub innych ważnych źródeł. Dampiry muszą wybrać, czy walczyć, aby kontrolować swój głód, czy poddać się drapieżnym pragnieniom.\n\nDampiry często powstają w wyniku spotkań z wampirami; niektórzy są potomkami potężnego wampira, podczas gdy inni zostają częściowo przemienieni przez ukąszenie wampira. Wszelkiego rodzaju makabryczne targi i wpływy nekromantyczne mogą również dać początek dampirowi. Bez względu na pochodzenie, dampiry wykazują swoją wampirzą naturę na różne sposoby, w tym zwiększoną szybkość i wysysające życie ugryzienie.
h29af99d0g2e9ag3d27gcacdgac35a6d11c60	MORFOLOGIK_RULE_PL_PL	Prawdopodobna literówka	dampirów	Wykryto prawdopodobny błąd pisowni	wampirów, tapirów	Dampiry to żywi ludzie, którzy mają wampiryczne zdolności, ale są przeklęci makabrycznym głodem. Większość dampirów pragnie krwi, ale niektóre czerpią pożywienie ze snów, energii życiowej lub innych ważnych źródeł. Dampiry muszą wybrać, czy walczyć, aby kontrolować swój głód, czy poddać się drapieżnym pragnieniom.\n\nDampiry często powstają w wyniku spotkań z wampirami; niektórzy są potomkami potężnego wampira, podczas gdy inni zostają częściowo przemienieni przez ukąszenie wampira. Wszelkiego rodzaju makabryczne targi i wpływy nekromantyczne mogą również dać początek dampirowi. Bez względu na pochodzenie, dampiry wykazują swoją wampirzą naturę na różne sposoby, w tym zwiększoną szybkość i wysysające życie ugryzienie.
h29af99d0g2e9ag3d27gcacdgac35a6d11c60	MORFOLOGIK_RULE_PL_PL	Prawdopodobna literówka	Dampiry	Wykryto prawdopodobny błąd pisowni	Wampiry	Dampiry to żywi ludzie, którzy mają wampiryczne zdolności, ale są przeklęci makabrycznym głodem. Większość dampirów pragnie krwi, ale niektóre czerpią pożywienie ze snów, energii życiowej lub innych ważnych źródeł. Dampiry muszą wybrać, czy walczyć, aby kontrolować swój głód, czy poddać się drapieżnym pragnieniom.\n\nDampiry często powstają w wyniku spotkań z wampirami; niektórzy są potomkami potężnego wampira, podczas gdy inni zostają częściowo przemienieni przez ukąszenie wampira. Wszelkiego rodzaju makabryczne targi i wpływy nekromantyczne mogą również dać początek dampirowi. Bez względu na pochodzenie, dampiry wykazują swoją wampirzą naturę na różne sposoby, w tym zwiększoną szybkość i wysysające życie ugryzienie.
h29af99d0g2e9ag3d27gcacdgac35a6d11c60	MORFOLOGIK_RULE_PL_PL	Prawdopodobna literówka	Dampiry	Wykryto prawdopodobny błąd pisowni	Wampiry	Dampiry to żywi ludzie, którzy mają wampiryczne zdolności, ale są przeklęci makabrycznym głodem. Większość dampirów pragnie krwi, ale niektóre czerpią pożywienie ze snów, energii życiowej lub innych ważnych źródeł. Dampiry muszą wybrać, czy walczyć, aby kontrolować swój głód, czy poddać się drapieżnym pragnieniom.\n\nDampiry często powstają w wyniku spotkań z wampirami; niektórzy są potomkami potężnego wampira, podczas gdy inni zostają częściowo przemienieni przez ukąszenie wampira. Wszelkiego rodzaju makabryczne targi i wpływy nekromantyczne mogą również dać początek dampirowi. Bez względu na pochodzenie, dampiry wykazują swoją wampirzą naturę na różne sposoby, w tym zwiększoną szybkość i wysysające życie ugryzienie.
h29af99d0g2e9ag3d27gcacdgac35a6d11c60	MORFOLOGIK_RULE_PL_PL	Prawdopodobna literówka	dampirowi	Wykryto prawdopodobny błąd pisowni	tapirowi, wampirowi	Dampiry to żywi ludzie, którzy mają wampiryczne zdolności, ale są przeklęci makabrycznym głodem. Większość dampirów pragnie krwi, ale niektóre czerpią pożywienie ze snów, energii życiowej lub innych ważnych źródeł. Dampiry muszą wybrać, czy walczyć, aby kontrolować swój głód, czy poddać się drapieżnym pragnieniom.\n\nDampiry często powstają w wyniku spotkań z wampirami; niektórzy są potomkami potężnego wampira, podczas gdy inni zostają częściowo przemienieni przez ukąszenie wampira. Wszelkiego rodzaju makabryczne targi i wpływy nekromantyczne mogą również dać początek dampirowi. Bez względu na pochodzenie, dampiry wykazują swoją wampirzą naturę na różne sposoby, w tym zwiększoną szybkość i wysysające życie ugryzienie.
h29af99d0g2e9ag3d27gcacdgac35a6d11c60	MORFOLOGIK_RULE_PL_PL	Prawdopodobna literówka	dampiry	Wykryto prawdopodobny błąd pisowni	wampiry, tapiry	Dampiry to żywi ludzie, którzy mają wampiryczne zdolności, ale są przeklęci makabrycznym głodem. Większość dampirów pragnie krwi, ale niektóre czerpią pożywienie ze snów, energii życiowej lub innych ważnych źródeł. Dampiry muszą wybrać, czy walczyć, aby kontrolować swój głód, czy poddać się drapieżnym pragnieniom.\n\nDampiry często powstają w wyniku spotkań z wampirami; niektórzy są potomkami potężnego wampira, podczas gdy inni zostają częściowo przemienieni przez ukąszenie wampira. Wszelkiego rodzaju makabryczne targi i wpływy nekromantyczne mogą również dać początek dampirowi. Bez względu na pochodzenie, dampiry wykazują swoją wampirzą naturę na różne sposoby, w tym zwiększoną szybkość i wysysające życie ugryzienie.
h7552731cg5e2eg86a4gd7e3ga6729073015a	MORFOLOGIK_RULE_PL_PL	Prawdopodobna literówka	Dampir	Wykryto prawdopodobny błąd pisowni	Wampir	Dampir
hfc668bb4g673dg15b5gb679g36c811cabc30	MORFOLOGIK_RULE_PL_PL	Prawdopodobna literówka	Dampiry	Wykryto prawdopodobny błąd pisowni	Wampiry	Dampiry to żywi ludzie, którzy mają wampiryczne zdolności, ale są przeklęci makabrycznym głodem. Większość dampirów pragnie krwi, ale niektóre czerpią pożywienie ze snów, energii życiowej lub innych ważnych źródeł. Dampiry muszą wybrać, czy walczyć, aby kontrolować swój głód, czy poddać się drapieżnym pragnieniom.\n\nDampiry często powstają w wyniku spotkań z wampirami; niektórzy są potomkami potężnego wampira, podczas gdy inni zostają częściowo przemienieni przez ukąszenie wampira. Wszelkiego rodzaju makabryczne targi i wpływy nekromantyczne mogą również dać początek dampirowi. Bez względu na pochodzenie, dampiry wykazują swoją wampirzą naturę na różne sposoby, w tym zwiększoną szybkość i wysysające życie ugryzienie.
hfc668bb4g673dg15b5gb679g36c811cabc30	MORFOLOGIK_RULE_PL_PL	Prawdopodobna literówka	dampirów	Wykryto prawdopodobny błąd pisowni	wampirów, tapirów	Dampiry to żywi ludzie, którzy mają wampiryczne zdolności, ale są przeklęci makabrycznym głodem. Większość dampirów pragnie krwi, ale niektóre czerpią pożywienie ze snów, energii życiowej lub innych ważnych źródeł. Dampiry muszą wybrać, czy walczyć, aby kontrolować swój głód, czy poddać się drapieżnym pragnieniom.\n\nDampiry często powstają w wyniku spotkań z wampirami; niektórzy są potomkami potężnego wampira, podczas gdy inni zostają częściowo przemienieni przez ukąszenie wampira. Wszelkiego rodzaju makabryczne targi i wpływy nekromantyczne mogą również dać początek dampirowi. Bez względu na pochodzenie, dampiry wykazują swoją wampirzą naturę na różne sposoby, w tym zwiększoną szybkość i wysysające życie ugryzienie.
hfc668bb4g673dg15b5gb679g36c811cabc30	MORFOLOGIK_RULE_PL_PL	Prawdopodobna literówka	Dampiry	Wykryto prawdopodobny błąd pisowni	Wampiry	Dampiry to żywi ludzie, którzy mają wampiryczne zdolności, ale są przeklęci makabrycznym głodem. Większość dampirów pragnie krwi, ale niektóre czerpią pożywienie ze snów, energii życiowej lub innych ważnych źródeł. Dampiry muszą wybrać, czy walczyć, aby kontrolować swój głód, czy poddać się drapieżnym pragnieniom.\n\nDampiry często powstają w wyniku spotkań z wampirami; niektórzy są potomkami potężnego wampira, podczas gdy inni zostają częściowo przemienieni przez ukąszenie wampira. Wszelkiego rodzaju makabryczne targi i wpływy nekromantyczne mogą również dać początek dampirowi. Bez względu na pochodzenie, dampiry wykazują swoją wampirzą naturę na różne sposoby, w tym zwiększoną szybkość i wysysające życie ugryzienie.
hfc668bb4g673dg15b5gb679g36c811cabc30	MORFOLOGIK_RULE_PL_PL	Prawdopodobna literówka	Dampiry	Wykryto prawdopodobny błąd pisowni	Wampiry	Dampiry to żywi ludzie, którzy mają wampiryczne zdolności, ale są przeklęci makabrycznym głodem. Większość dampirów pragnie krwi, ale niektóre czerpią pożywienie ze snów, energii życiowej lub innych ważnych źródeł. Dampiry muszą wybrać, czy walczyć, aby kontrolować swój głód, czy poddać się drapieżnym pragnieniom.\n\nDampiry często powstają w wyniku spotkań z wampirami; niektórzy są potomkami potężnego wampira, podczas gdy inni zostają częściowo przemienieni przez ukąszenie wampira. Wszelkiego rodzaju makabryczne targi i wpływy nekromantyczne mogą również dać początek dampirowi. Bez względu na pochodzenie, dampiry wykazują swoją wampirzą naturę na różne sposoby, w tym zwiększoną szybkość i wysysające życie ugryzienie.
hfc668bb4g673dg15b5gb679g36c811cabc30	MORFOLOGIK_RULE_PL_PL	Prawdopodobna literówka	dampirowi	Wykryto prawdopodobny błąd pisowni	tapirowi, wampirowi	Dampiry to żywi ludzie, którzy mają wampiryczne zdolności, ale są przeklęci makabrycznym głodem. Większość dampirów pragnie krwi, ale niektóre czerpią pożywienie ze snów, energii życiowej lub innych ważnych źródeł. Dampiry muszą wybrać, czy walczyć, aby kontrolować swój głód, czy poddać się drapieżnym pragnieniom.\n\nDampiry często powstają w wyniku spotkań z wampirami; niektórzy są potomkami potężnego wampira, podczas gdy inni zostają częściowo przemienieni przez ukąszenie wampira. Wszelkiego rodzaju makabryczne targi i wpływy nekromantyczne mogą również dać początek dampirowi. Bez względu na pochodzenie, dampiry wykazują swoją wampirzą naturę na różne sposoby, w tym zwiększoną szybkość i wysysające życie ugryzienie.
hfc668bb4g673dg15b5gb679g36c811cabc30	MORFOLOGIK_RULE_PL_PL	Prawdopodobna literówka	dampiry	Wykryto prawdopodobny błąd pisowni	wampiry, tapiry	Dampiry to żywi ludzie, którzy mają wampiryczne zdolności, ale są przeklęci makabrycznym głodem. Większość dampirów pragnie krwi, ale niektóre czerpią pożywienie ze snów, energii życiowej lub innych ważnych źródeł. Dampiry muszą wybrać, czy walczyć, aby kontrolować swój głód, czy poddać się drapieżnym pragnieniom.\n\nDampiry często powstają w wyniku spotkań z wampirami; niektórzy są potomkami potężnego wampira, podczas gdy inni zostają częściowo przemienieni przez ukąszenie wampira. Wszelkiego rodzaju makabryczne targi i wpływy nekromantyczne mogą również dać początek dampirowi. Bez względu na pochodzenie, dampiry wykazują swoją wampirzą naturę na różne sposoby, w tym zwiększoną szybkość i wysysające życie ugryzienie.
hf7a087cfg5af3gc020gfef7ga1492d5433a4	MORFOLOGIK_RULE_PL_PL	Prawdopodobna literówka	Dampir	Wykryto prawdopodobny błąd pisowni	Wampir	Dampir
h6ec4bdc4g4568g4ed2g9fd3ga4f2bce6d18d	MORFOLOGIK_RULE_PL_PL	Prawdopodobna literówka	Dampiry	Wykryto prawdopodobny błąd pisowni	Wampiry	Dampiry to żywi ludzie, którzy mają wampiryczne zdolności, ale są przeklęci makabrycznym głodem. Większość dampirów pragnie krwi, ale niektóre czerpią pożywienie ze snów, energii życiowej lub innych ważnych źródeł. Dampiry muszą wybrać, czy walczyć, aby kontrolować swój głód, czy poddać się drapieżnym pragnieniom.
h6ec4bdc4g4568g4ed2g9fd3ga4f2bce6d18d	MORFOLOGIK_RULE_PL_PL	Prawdopodobna literówka	dampirów	Wykryto prawdopodobny błąd pisowni	wampirów, tapirów	Dampiry to żywi ludzie, którzy mają wampiryczne zdolności, ale są przeklęci makabrycznym głodem. Większość dampirów pragnie krwi, ale niektóre czerpią pożywienie ze snów, energii życiowej lub innych ważnych źródeł. Dampiry muszą wybrać, czy walczyć, aby kontrolować swój głód, czy poddać się drapieżnym pragnieniom.
h6ec4bdc4g4568g4ed2g9fd3ga4f2bce6d18d	MORFOLOGIK_RULE_PL_PL	Prawdopodobna literówka	Dampiry	Wykryto prawdopodobny błąd pisowni	Wampiry	Dampiry to żywi ludzie, którzy mają wampiryczne zdolności, ale są przeklęci makabrycznym głodem. Większość dampirów pragnie krwi, ale niektóre czerpią pożywienie ze snów, energii życiowej lub innych ważnych źródeł. Dampiry muszą wybrać, czy walczyć, aby kontrolować swój głód, czy poddać się drapieżnym pragnieniom.
h5847d1efg7e23g01b4ga35bge1c4afd90b9b	MORFOLOGIK_RULE_PL_PL	Prawdopodobna literówka	Dampir	Wykryto prawdopodobny błąd pisowni	Wampir	Dampir
h6197d4d1g0617gb056g3887geab428485162	MORFOLOGIK_RULE_PL_PL	Prawdopodobna literówka	Dampiry	Wykryto prawdopodobny błąd pisowni	Wampiry	Dampiry to żywi ludzie, którzy mają wampiryczne zdolności, ale są przeklęci makabrycznym głodem. Większość dampirów pragnie krwi, ale niektóre czerpią pożywienie ze snów, energii życiowej lub innych ważnych źródeł. Dampiry muszą wybrać, czy walczyć, aby kontrolować swój głód, czy poddać się drapieżnym pragnieniom.
h6197d4d1g0617gb056g3887geab428485162	MORFOLOGIK_RULE_PL_PL	Prawdopodobna literówka	dampirów	Wykryto prawdopodobny błąd pisowni	wampirów, tapirów	Dampiry to żywi ludzie, którzy mają wampiryczne zdolności, ale są przeklęci makabrycznym głodem. Większość dampirów pragnie krwi, ale niektóre czerpią pożywienie ze snów, energii życiowej lub innych ważnych źródeł. Dampiry muszą wybrać, czy walczyć, aby kontrolować swój głód, czy poddać się drapieżnym pragnieniom.
h6197d4d1g0617gb056g3887geab428485162	MORFOLOGIK_RULE_PL_PL	Prawdopodobna literówka	Dampiry	Wykryto prawdopodobny błąd pisowni	Wampiry	Dampiry to żywi ludzie, którzy mają wampiryczne zdolności, ale są przeklęci makabrycznym głodem. Większość dampirów pragnie krwi, ale niektóre czerpią pożywienie ze snów, energii życiowej lub innych ważnych źródeł. Dampiry muszą wybrać, czy walczyć, aby kontrolować swój głód, czy poddać się drapieżnym pragnieniom.
h7989fcf7g80c8g49bfg77ddgaeac695ed86e	MORFOLOGIK_RULE_PL_PL	Prawdopodobna literówka	Dampir	Wykryto prawdopodobny błąd pisowni	Wampir	Dampir
h978f29d5g39e2g5802g4afcg6a4dffb9929f	MORFOLOGIK_RULE_PL_PL	Prawdopodobna literówka	Dampiry	Wykryto prawdopodobny błąd pisowni	Wampiry	Dampiry to żywi ludzie, którzy mają wampiryczne zdolności, ale są przeklęci makabrycznym głodem. Większość dampirów pragnie krwi, ale niektóre czerpią pożywienie ze snów, energii życiowej lub innych ważnych źródeł. Dampiry muszą wybrać, czy walczyć, aby kontrolować swój głód, czy poddać się drapieżnym pragnieniom.
h978f29d5g39e2g5802g4afcg6a4dffb9929f	MORFOLOGIK_RULE_PL_PL	Prawdopodobna literówka	dampirów	Wykryto prawdopodobny błąd pisowni	wampirów, tapirów	Dampiry to żywi ludzie, którzy mają wampiryczne zdolności, ale są przeklęci makabrycznym głodem. Większość dampirów pragnie krwi, ale niektóre czerpią pożywienie ze snów, energii życiowej lub innych ważnych źródeł. Dampiry muszą wybrać, czy walczyć, aby kontrolować swój głód, czy poddać się drapieżnym pragnieniom.
h978f29d5g39e2g5802g4afcg6a4dffb9929f	MORFOLOGIK_RULE_PL_PL	Prawdopodobna literówka	Dampiry	Wykryto prawdopodobny błąd pisowni	Wampiry	Dampiry to żywi ludzie, którzy mają wampiryczne zdolności, ale są przeklęci makabrycznym głodem. Większość dampirów pragnie krwi, ale niektóre czerpią pożywienie ze snów, energii życiowej lub innych ważnych źródeł. Dampiry muszą wybrać, czy walczyć, aby kontrolować swój głód, czy poddać się drapieżnym pragnieniom.
hd588ecc6gf8ffgac9ag1bffg8633c4557ecc	MORFOLOGIK_RULE_PL_PL	Prawdopodobna literówka	Dampir	Wykryto prawdopodobny błąd pisowni	Wampir	Dampir
h820e0342ga3cdgd6f8g1854g962328eb1e3f	MORFOLOGIK_RULE_PL_PL	Prawdopodobna literówka	Dampiry	Wykryto prawdopodobny błąd pisowni	Wampiry	Dampiry to żywi ludzie, którzy mają wampiryczne zdolności, ale są przeklęci makabrycznym głodem. Większość dampirów pragnie krwi, ale niektóre czerpią pożywienie ze snów, energii życiowej lub innych ważnych źródeł. Dampiry muszą wybrać, czy walczyć, aby kontrolować swój głód, czy poddać się drapieżnym pragnieniom.
h820e0342ga3cdgd6f8g1854g962328eb1e3f	MORFOLOGIK_RULE_PL_PL	Prawdopodobna literówka	dampirów	Wykryto prawdopodobny błąd pisowni	wampirów, tapirów	Dampiry to żywi ludzie, którzy mają wampiryczne zdolności, ale są przeklęci makabrycznym głodem. Większość dampirów pragnie krwi, ale niektóre czerpią pożywienie ze snów, energii życiowej lub innych ważnych źródeł. Dampiry muszą wybrać, czy walczyć, aby kontrolować swój głód, czy poddać się drapieżnym pragnieniom.
h820e0342ga3cdgd6f8g1854g962328eb1e3f	MORFOLOGIK_RULE_PL_PL	Prawdopodobna literówka	Dampiry	Wykryto prawdopodobny błąd pisowni	Wampiry	Dampiry to żywi ludzie, którzy mają wampiryczne zdolności, ale są przeklęci makabrycznym głodem. Większość dampirów pragnie krwi, ale niektóre czerpią pożywienie ze snów, energii życiowej lub innych ważnych źródeł. Dampiry muszą wybrać, czy walczyć, aby kontrolować swój głód, czy poddać się drapieżnym pragnieniom.
h83168c72g2accga9e2g2510g853a339ac638	MORFOLOGIK_RULE_PL_PL	Prawdopodobna literówka	Dampir	Wykryto prawdopodobny błąd pisowni	Wampir	Dampir
hb8bfc8dfge3e4gc02dg4218g6d4b73ab98bf	MORFOLOGIK_RULE_PL_PL	Prawdopodobna literówka	Dampiry	Wykryto prawdopodobny błąd pisowni	Wampiry	Dampiry to żywi ludzie, którzy mają wampiryczne zdolności, ale są przeklęci makabrycznym głodem. Większość dampirów pragnie krwi, ale niektóre czerpią pożywienie ze snów, energii życiowej lub innych ważnych źródeł. Dampiry muszą wybrać, czy walczyć, aby kontrolować swój głód, czy poddać się drapieżnym pragnieniom.
hb8bfc8dfge3e4gc02dg4218g6d4b73ab98bf	MORFOLOGIK_RULE_PL_PL	Prawdopodobna literówka	dampirów	Wykryto prawdopodobny błąd pisowni	wampirów, tapirów	Dampiry to żywi ludzie, którzy mają wampiryczne zdolności, ale są przeklęci makabrycznym głodem. Większość dampirów pragnie krwi, ale niektóre czerpią pożywienie ze snów, energii życiowej lub innych ważnych źródeł. Dampiry muszą wybrać, czy walczyć, aby kontrolować swój głód, czy poddać się drapieżnym pragnieniom.
hb8bfc8dfge3e4gc02dg4218g6d4b73ab98bf	MORFOLOGIK_RULE_PL_PL	Prawdopodobna literówka	Dampiry	Wykryto prawdopodobny błąd pisowni	Wampiry	Dampiry to żywi ludzie, którzy mają wampiryczne zdolności, ale są przeklęci makabrycznym głodem. Większość dampirów pragnie krwi, ale niektóre czerpią pożywienie ze snów, energii życiowej lub innych ważnych źródeł. Dampiry muszą wybrać, czy walczyć, aby kontrolować swój głód, czy poddać się drapieżnym pragnieniom.
hdc9fc083g9759g204fg2b22gc934db302abd	MORFOLOGIK_RULE_PL_PL	Prawdopodobna literówka	Dampir	Wykryto prawdopodobny błąd pisowni	Wampir	Dampir
h1f42603eg6e11g1674gf300g0a8f0f11eb73	MORFOLOGIK_RULE_PL_PL	Prawdopodobna literówka	Dampiry	Wykryto prawdopodobny błąd pisowni	Wampiry	Dampiry to żywi ludzie, którzy mają wampiryczne zdolności, ale są przeklęci makabrycznym głodem. Większość dampirów pragnie krwi, ale niektóre czerpią pożywienie ze snów, energii życiowej lub innych ważnych źródeł. Dampiry muszą wybrać, czy walczyć, aby kontrolować swój głód, czy poddać się drapieżnym pragnieniom.
h1f42603eg6e11g1674gf300g0a8f0f11eb73	MORFOLOGIK_RULE_PL_PL	Prawdopodobna literówka	dampirów	Wykryto prawdopodobny błąd pisowni	wampirów, tapirów	Dampiry to żywi ludzie, którzy mają wampiryczne zdolności, ale są przeklęci makabrycznym głodem. Większość dampirów pragnie krwi, ale niektóre czerpią pożywienie ze snów, energii życiowej lub innych ważnych źródeł. Dampiry muszą wybrać, czy walczyć, aby kontrolować swój głód, czy poddać się drapieżnym pragnieniom.
h1f42603eg6e11g1674gf300g0a8f0f11eb73	MORFOLOGIK_RULE_PL_PL	Prawdopodobna literówka	Dampiry	Wykryto prawdopodobny błąd pisowni	Wampiry	Dampiry to żywi ludzie, którzy mają wampiryczne zdolności, ale są przeklęci makabrycznym głodem. Większość dampirów pragnie krwi, ale niektóre czerpią pożywienie ze snów, energii życiowej lub innych ważnych źródeł. Dampiry muszą wybrać, czy walczyć, aby kontrolować swój głód, czy poddać się drapieżnym pragnieniom.
ha8bd3c45g2bd9g6ed2ga865g2a1729d8e621	MORFOLOGIK_RULE_PL_PL	Prawdopodobna literówka	Dampir	Wykryto prawdopodobny błąd pisowni	Wampir	Dampir
h829a529cgba40gbd9bgd9e8g825169df27eb	MORFOLOGIK_RULE_PL_PL	Prawdopodobna literówka	Dampiry	Wykryto prawdopodobny błąd pisowni	Wampiry	Dampiry to żywi ludzie, którzy mają wampiryczne zdolności, ale są przeklęci makabrycznym głodem. Większość dampirów pragnie krwi, ale niektóre czerpią pożywienie ze snów, energii życiowej lub innych ważnych źródeł. Dampiry muszą wybrać, czy walczyć, aby kontrolować swój głód, czy poddać się drapieżnym pragnieniom.
h829a529cgba40gbd9bgd9e8g825169df27eb	MORFOLOGIK_RULE_PL_PL	Prawdopodobna literówka	dampirów	Wykryto prawdopodobny błąd pisowni	wampirów, tapirów	Dampiry to żywi ludzie, którzy mają wampiryczne zdolności, ale są przeklęci makabrycznym głodem. Większość dampirów pragnie krwi, ale niektóre czerpią pożywienie ze snów, energii życiowej lub innych ważnych źródeł. Dampiry muszą wybrać, czy walczyć, aby kontrolować swój głód, czy poddać się drapieżnym pragnieniom.
h829a529cgba40gbd9bgd9e8g825169df27eb	MORFOLOGIK_RULE_PL_PL	Prawdopodobna literówka	Dampiry	Wykryto prawdopodobny błąd pisowni	Wampiry	Dampiry to żywi ludzie, którzy mają wampiryczne zdolności, ale są przeklęci makabrycznym głodem. Większość dampirów pragnie krwi, ale niektóre czerpią pożywienie ze snów, energii życiowej lub innych ważnych źródeł. Dampiry muszą wybrać, czy walczyć, aby kontrolować swój głód, czy poddać się drapieżnym pragnieniom.
ha6ecc729g769ag468fgb75cg0234cfc91fc6	MORFOLOGIK_RULE_PL_PL	Prawdopodobna literówka	Dampir	Wykryto prawdopodobny błąd pisowni	Wampir	Dampir
hae4bb06dgcfafg1ed6g6340g86782467a12b	MORFOLOGIK_RULE_PL_PL	Prawdopodobna literówka	Dampiry	Wykryto prawdopodobny błąd pisowni	Wampiry	Dampiry to żywi ludzie, którzy mają wampiryczne zdolności, ale są przeklęci makabrycznym głodem. Większość dampirów pragnie krwi, ale niektóre czerpią pożywienie ze snów, energii życiowej lub innych ważnych źródeł. Dampiry muszą wybrać, czy walczyć, aby kontrolować swój głód, czy poddać się drapieżnym pragnieniom.
hae4bb06dgcfafg1ed6g6340g86782467a12b	MORFOLOGIK_RULE_PL_PL	Prawdopodobna literówka	dampirów	Wykryto prawdopodobny błąd pisowni	wampirów, tapirów	Dampiry to żywi ludzie, którzy mają wampiryczne zdolności, ale są przeklęci makabrycznym głodem. Większość dampirów pragnie krwi, ale niektóre czerpią pożywienie ze snów, energii życiowej lub innych ważnych źródeł. Dampiry muszą wybrać, czy walczyć, aby kontrolować swój głód, czy poddać się drapieżnym pragnieniom.
hae4bb06dgcfafg1ed6g6340g86782467a12b	MORFOLOGIK_RULE_PL_PL	Prawdopodobna literówka	Dampiry	Wykryto prawdopodobny błąd pisowni	Wampiry	Dampiry to żywi ludzie, którzy mają wampiryczne zdolności, ale są przeklęci makabrycznym głodem. Większość dampirów pragnie krwi, ale niektóre czerpią pożywienie ze snów, energii życiowej lub innych ważnych źródeł. Dampiry muszą wybrać, czy walczyć, aby kontrolować swój głód, czy poddać się drapieżnym pragnieniom.
h3cee4f0ag8a7ag91bcgf4fbg11f9fdb42932	MORFOLOGIK_RULE_PL_PL	Prawdopodobna literówka	Dampir	Wykryto prawdopodobny błąd pisowni	Wampir	Dampir
h72649632g93f5g1c26gc741g5c6654b34db5	MORFOLOGIK_RULE_PL_PL	Prawdopodobna literówka	Dampiry	Wykryto prawdopodobny błąd pisowni	Wampiry	Dampiry to żywi ludzie, którzy mają wampiryczne zdolności, ale są przeklęci makabrycznym głodem. Większość dampirów pragnie krwi, ale niektóre czerpią pożywienie ze snów, energii życiowej lub innych ważnych źródeł. Dampiry muszą wybrać, czy walczyć, aby kontrolować swój głód, czy poddać się drapieżnym pragnieniom.
h72649632g93f5g1c26gc741g5c6654b34db5	MORFOLOGIK_RULE_PL_PL	Prawdopodobna literówka	dampirów	Wykryto prawdopodobny błąd pisowni	wampirów, tapirów	Dampiry to żywi ludzie, którzy mają wampiryczne zdolności, ale są przeklęci makabrycznym głodem. Większość dampirów pragnie krwi, ale niektóre czerpią pożywienie ze snów, energii życiowej lub innych ważnych źródeł. Dampiry muszą wybrać, czy walczyć, aby kontrolować swój głód, czy poddać się drapieżnym pragnieniom.
h72649632g93f5g1c26gc741g5c6654b34db5	MORFOLOGIK_RULE_PL_PL	Prawdopodobna literówka	Dampiry	Wykryto prawdopodobny błąd pisowni	Wampiry	Dampiry to żywi ludzie, którzy mają wampiryczne zdolności, ale są przeklęci makabrycznym głodem. Większość dampirów pragnie krwi, ale niektóre czerpią pożywienie ze snów, energii życiowej lub innych ważnych źródeł. Dampiry muszą wybrać, czy walczyć, aby kontrolować swój głód, czy poddać się drapieżnym pragnieniom.
h43c6f529g3088g5415g1ccfga6267661c2db	MORFOLOGIK_RULE_PL_PL	Prawdopodobna literówka	Dampir	Wykryto prawdopodobny błąd pisowni	Wampir	Dampir
hf3d5b162g93d1ge05dga715g2fa25b63cdbb	MORFOLOGIK_RULE_PL_PL	Prawdopodobna literówka	Dampiry	Wykryto prawdopodobny błąd pisowni	Wampiry	Dampiry to żywi ludzie, którzy mają wampiryczne zdolności, ale są przeklęci makabrycznym głodem. Większość dampirów pragnie krwi, ale niektóre czerpią pożywienie ze snów, energii życiowej lub innych ważnych źródeł. Dampiry muszą wybrać, czy walczyć, aby kontrolować swój głód, czy poddać się drapieżnym pragnieniom.
hf3d5b162g93d1ge05dga715g2fa25b63cdbb	MORFOLOGIK_RULE_PL_PL	Prawdopodobna literówka	dampirów	Wykryto prawdopodobny błąd pisowni	wampirów, tapirów	Dampiry to żywi ludzie, którzy mają wampiryczne zdolności, ale są przeklęci makabrycznym głodem. Większość dampirów pragnie krwi, ale niektóre czerpią pożywienie ze snów, energii życiowej lub innych ważnych źródeł. Dampiry muszą wybrać, czy walczyć, aby kontrolować swój głód, czy poddać się drapieżnym pragnieniom.
hf3d5b162g93d1ge05dga715g2fa25b63cdbb	MORFOLOGIK_RULE_PL_PL	Prawdopodobna literówka	Dampiry	Wykryto prawdopodobny błąd pisowni	Wampiry	Dampiry to żywi ludzie, którzy mają wampiryczne zdolności, ale są przeklęci makabrycznym głodem. Większość dampirów pragnie krwi, ale niektóre czerpią pożywienie ze snów, energii życiowej lub innych ważnych źródeł. Dampiry muszą wybrać, czy walczyć, aby kontrolować swój głód, czy poddać się drapieżnym pragnieniom.
haab89db8ga65dg07f1g9db9g3edaf3c7bb19	MORFOLOGIK_RULE_PL_PL	Prawdopodobna literówka	Dampir	Wykryto prawdopodobny błąd pisowni	Wampir	Dampir
ha60076e9g9f3ag0cecg4b9cg5b1f5aabf8ba	MORFOLOGIK_RULE_PL_PL	Prawdopodobna literówka	Dampiry	Wykryto prawdopodobny błąd pisowni	Wampiry	Dampiry to żywi ludzie, którzy mają wampiryczne zdolności, ale są przeklęci makabrycznym głodem. Większość dampirów pragnie krwi, ale niektóre czerpią pożywienie ze snów, energii życiowej lub innych ważnych źródeł. Dampiry muszą wybrać, czy walczyć, aby kontrolować swój głód, czy poddać się drapieżnym pragnieniom.
ha60076e9g9f3ag0cecg4b9cg5b1f5aabf8ba	MORFOLOGIK_RULE_PL_PL	Prawdopodobna literówka	dampirów	Wykryto prawdopodobny błąd pisowni	wampirów, tapirów	Dampiry to żywi ludzie, którzy mają wampiryczne zdolności, ale są przeklęci makabrycznym głodem. Większość dampirów pragnie krwi, ale niektóre czerpią pożywienie ze snów, energii życiowej lub innych ważnych źródeł. Dampiry muszą wybrać, czy walczyć, aby kontrolować swój głód, czy poddać się drapieżnym pragnieniom.
ha60076e9g9f3ag0cecg4b9cg5b1f5aabf8ba	MORFOLOGIK_RULE_PL_PL	Prawdopodobna literówka	Dampiry	Wykryto prawdopodobny błąd pisowni	Wampiry	Dampiry to żywi ludzie, którzy mają wampiryczne zdolności, ale są przeklęci makabrycznym głodem. Większość dampirów pragnie krwi, ale niektóre czerpią pożywienie ze snów, energii życiowej lub innych ważnych źródeł. Dampiry muszą wybrać, czy walczyć, aby kontrolować swój głód, czy poddać się drapieżnym pragnieniom.
h39cd34cdg91a6g91c8g1e4fg86320622916e	MORFOLOGIK_RULE_PL_PL	Prawdopodobna literówka	Dampir	Wykryto prawdopodobny błąd pisowni	Wampir	Dampir
hbbfad43ag719dg9143g256fg7ee263730860	MORFOLOGIK_RULE_PL_PL	Prawdopodobna literówka	Dampiry	Wykryto prawdopodobny błąd pisowni	Wampiry	Dampiry to żywi ludzie, którzy mają wampiryczne zdolności, ale są przeklęci makabrycznym głodem. Większość dampirów pragnie krwi, ale niektóre czerpią pożywienie ze snów, energii życiowej lub innych ważnych źródeł. Dampiry muszą wybrać, czy walczyć, aby kontrolować swój głód, czy poddać się drapieżnym pragnieniom.
hbbfad43ag719dg9143g256fg7ee263730860	MORFOLOGIK_RULE_PL_PL	Prawdopodobna literówka	dampirów	Wykryto prawdopodobny błąd pisowni	wampirów, tapirów	Dampiry to żywi ludzie, którzy mają wampiryczne zdolności, ale są przeklęci makabrycznym głodem. Większość dampirów pragnie krwi, ale niektóre czerpią pożywienie ze snów, energii życiowej lub innych ważnych źródeł. Dampiry muszą wybrać, czy walczyć, aby kontrolować swój głód, czy poddać się drapieżnym pragnieniom.
hbbfad43ag719dg9143g256fg7ee263730860	MORFOLOGIK_RULE_PL_PL	Prawdopodobna literówka	Dampiry	Wykryto prawdopodobny błąd pisowni	Wampiry	Dampiry to żywi ludzie, którzy mają wampiryczne zdolności, ale są przeklęci makabrycznym głodem. Większość dampirów pragnie krwi, ale niektóre czerpią pożywienie ze snów, energii życiowej lub innych ważnych źródeł. Dampiry muszą wybrać, czy walczyć, aby kontrolować swój głód, czy poddać się drapieżnym pragnieniom.
h49292b18g2711g74bbgd58dg5ea92c04933b	MORFOLOGIK_RULE_PL_PL	Prawdopodobna literówka	Dampir	Wykryto prawdopodobny błąd pisowni	Wampir	Dampir
he232ba7eg556dgf8bdg30c6g1d6bf774aaed	MORFOLOGIK_RULE_PL_PL	Prawdopodobna literówka	Dampiry	Wykryto prawdopodobny błąd pisowni	Wampiry	Dampiry to żywi ludzie, którzy mają wampiryczne zdolności, ale są przeklęci makabrycznym głodem. Większość dampirów pragnie krwi, ale niektóre czerpią pożywienie ze snów, energii życiowej lub innych ważnych źródeł. Dampiry muszą wybrać, czy walczyć, aby kontrolować swój głód, czy poddać się drapieżnym pragnieniom.
he232ba7eg556dgf8bdg30c6g1d6bf774aaed	MORFOLOGIK_RULE_PL_PL	Prawdopodobna literówka	dampirów	Wykryto prawdopodobny błąd pisowni	wampirów, tapirów	Dampiry to żywi ludzie, którzy mają wampiryczne zdolności, ale są przeklęci makabrycznym głodem. Większość dampirów pragnie krwi, ale niektóre czerpią pożywienie ze snów, energii życiowej lub innych ważnych źródeł. Dampiry muszą wybrać, czy walczyć, aby kontrolować swój głód, czy poddać się drapieżnym pragnieniom.
he232ba7eg556dgf8bdg30c6g1d6bf774aaed	MORFOLOGIK_RULE_PL_PL	Prawdopodobna literówka	Dampiry	Wykryto prawdopodobny błąd pisowni	Wampiry	Dampiry to żywi ludzie, którzy mają wampiryczne zdolności, ale są przeklęci makabrycznym głodem. Większość dampirów pragnie krwi, ale niektóre czerpią pożywienie ze snów, energii życiowej lub innych ważnych źródeł. Dampiry muszą wybrać, czy walczyć, aby kontrolować swój głód, czy poddać się drapieżnym pragnieniom.
h8ee35892g81b9gafcfg9b6eg110c937240b0	MORFOLOGIK_RULE_PL_PL	Prawdopodobna literówka	Dampir	Wykryto prawdopodobny błąd pisowni	Wampir	Dampir
h99355606g5b64geca1g85c9g42267949d41c	MORFOLOGIK_RULE_PL_PL	Prawdopodobna literówka	Dampiry	Wykryto prawdopodobny błąd pisowni	Wampiry	Dampiry to żywi ludzie, którzy mają wampiryczne zdolności, ale są przeklęci makabrycznym głodem. Większość dampirów pragnie krwi, ale niektóre czerpią pożywienie ze snów, energii życiowej lub innych ważnych źródeł. Dampiry muszą wybrać, czy walczyć, aby kontrolować swój głód, czy poddać się drapieżnym pragnieniom.
h99355606g5b64geca1g85c9g42267949d41c	MORFOLOGIK_RULE_PL_PL	Prawdopodobna literówka	dampirów	Wykryto prawdopodobny błąd pisowni	wampirów, tapirów	Dampiry to żywi ludzie, którzy mają wampiryczne zdolności, ale są przeklęci makabrycznym głodem. Większość dampirów pragnie krwi, ale niektóre czerpią pożywienie ze snów, energii życiowej lub innych ważnych źródeł. Dampiry muszą wybrać, czy walczyć, aby kontrolować swój głód, czy poddać się drapieżnym pragnieniom.
h99355606g5b64geca1g85c9g42267949d41c	MORFOLOGIK_RULE_PL_PL	Prawdopodobna literówka	Dampiry	Wykryto prawdopodobny błąd pisowni	Wampiry	Dampiry to żywi ludzie, którzy mają wampiryczne zdolności, ale są przeklęci makabrycznym głodem. Większość dampirów pragnie krwi, ale niektóre czerpią pożywienie ze snów, energii życiowej lub innych ważnych źródeł. Dampiry muszą wybrać, czy walczyć, aby kontrolować swój głód, czy poddać się drapieżnym pragnieniom.
h20f64aa6g795fg9b53g72cbg5d2197b0a4a7	MORFOLOGIK_RULE_PL_PL	Prawdopodobna literówka	Dampir	Wykryto prawdopodobny błąd pisowni	Wampir	Dampir
h1ebdba2fg595cg3dc0g9540ga9d96fa400b8	MORFOLOGIK_RULE_PL_PL	Prawdopodobna literówka	Dampiry	Wykryto prawdopodobny błąd pisowni	Wampiry	Dampiry to żywi ludzie, którzy mają wampiryczne zdolności, ale są przeklęci makabrycznym głodem. Większość dampirów pragnie krwi, ale niektóre czerpią pożywienie ze snów, energii życiowej lub innych ważnych źródeł. Dampiry muszą wybrać, czy walczyć, aby kontrolować swój głód, czy poddać się drapieżnym pragnieniom.
h1ebdba2fg595cg3dc0g9540ga9d96fa400b8	MORFOLOGIK_RULE_PL_PL	Prawdopodobna literówka	dampirów	Wykryto prawdopodobny błąd pisowni	wampirów, tapirów	Dampiry to żywi ludzie, którzy mają wampiryczne zdolności, ale są przeklęci makabrycznym głodem. Większość dampirów pragnie krwi, ale niektóre czerpią pożywienie ze snów, energii życiowej lub innych ważnych źródeł. Dampiry muszą wybrać, czy walczyć, aby kontrolować swój głód, czy poddać się drapieżnym pragnieniom.
h1ebdba2fg595cg3dc0g9540ga9d96fa400b8	MORFOLOGIK_RULE_PL_PL	Prawdopodobna literówka	Dampiry	Wykryto prawdopodobny błąd pisowni	Wampiry	Dampiry to żywi ludzie, którzy mają wampiryczne zdolności, ale są przeklęci makabrycznym głodem. Większość dampirów pragnie krwi, ale niektóre czerpią pożywienie ze snów, energii życiowej lub innych ważnych źródeł. Dampiry muszą wybrać, czy walczyć, aby kontrolować swój głód, czy poddać się drapieżnym pragnieniom.
hfd3e7f7cg81d3g32b1gc592g7b0eafc25b98	MORFOLOGIK_RULE_PL_PL	Prawdopodobna literówka	Dampir	Wykryto prawdopodobny błąd pisowni	Wampir	Dampir
h66794ce7gf729g4f43gdf2cge8ec589e9348	MORFOLOGIK_RULE_PL_PL	Prawdopodobna literówka	Dampiry	Wykryto prawdopodobny błąd pisowni	Wampiry	Dampiry to żywi ludzie, którzy mają wampiryczne zdolności, ale są przeklęci makabrycznym głodem. Większość dampirów pragnie krwi, ale niektóre czerpią pożywienie ze snów, energii życiowej lub innych ważnych źródeł. Dampiry muszą wybrać, czy walczyć, aby kontrolować swój głód, czy poddać się drapieżnym pragnieniom.
h66794ce7gf729g4f43gdf2cge8ec589e9348	MORFOLOGIK_RULE_PL_PL	Prawdopodobna literówka	dampirów	Wykryto prawdopodobny błąd pisowni	wampirów, tapirów	Dampiry to żywi ludzie, którzy mają wampiryczne zdolności, ale są przeklęci makabrycznym głodem. Większość dampirów pragnie krwi, ale niektóre czerpią pożywienie ze snów, energii życiowej lub innych ważnych źródeł. Dampiry muszą wybrać, czy walczyć, aby kontrolować swój głód, czy poddać się drapieżnym pragnieniom.
h66794ce7gf729g4f43gdf2cge8ec589e9348	MORFOLOGIK_RULE_PL_PL	Prawdopodobna literówka	Dampiry	Wykryto prawdopodobny błąd pisowni	Wampiry	Dampiry to żywi ludzie, którzy mają wampiryczne zdolności, ale są przeklęci makabrycznym głodem. Większość dampirów pragnie krwi, ale niektóre czerpią pożywienie ze snów, energii życiowej lub innych ważnych źródeł. Dampiry muszą wybrać, czy walczyć, aby kontrolować swój głód, czy poddać się drapieżnym pragnieniom.
h269da4dcg7dabg981bg4001gfcda57b7c806	MORFOLOGIK_RULE_PL_PL	Prawdopodobna literówka	1k6	Wykryto prawdopodobny błąd pisowni		Bohaterska dusza. Na początku każdej swojej tury możesz wydać 1 punkt zaklinania, aby zyskać tymczasowe punkty wytrzymałości w liczbie równej 1k6 plus twój poziom Zaklinacza (bez użycia akcji).\n\nWrodzone władanie ostrzem. Gdy aktywna jest twoja zdolność Wrodzona magia i atakujesz bronią, w której masz biegłość, do testów ataku i rzutów obrażeń możesz używać modyfikatora Charyzmy zamiast modyfikatora Siły albo Zręczności.\n\nWyszkolenie bojowe. Zyskujesz biegłość w broni bojowej oraz wyszkolenie w lekkich i średnich pancerzach, a także tarczach.
h93fa867eg625fg359eg2832g67fe332a6780	MORFOLOGIK_RULE_PL_PL	Prawdopodobna literówka	1k6	Wykryto prawdopodobny błąd pisowni		Na początku każdej swojej tury możesz wydać 1 punkt zaklinania, aby zdobyć tymczasowe punkty wytrzymałości równe 1k6 plus twój poziom Zaklinacza (nie jest wymagane żadne działanie).
h6aa73d7cg8370gbdf1gf6e2g1f60946189a8	MORFOLOGIK_RULE_PL_PL	Prawdopodobna literówka	1k6	Wykryto prawdopodobny błąd pisowni		Zyskaj tymczasowe punkty wytrzymałości równe 1k6 plus twój poziom Zaklinacza.
h6aac3e2cg8b4fgd5c4g68edg918c3834ca82	MORFOLOGIK_RULE_PL_PL	Prawdopodobna literówka	mithralowe	Wykryto prawdopodobny błąd pisowni		Bogowie kuźni są patronami rzemieślników pracujących z metalem, od skromnego kowala, który utrzymuje wioskę w podkowach i pługach, po potężnego elfiego rzemieślnika, którego mithralowe strzały z diamentowymi grotami powaliły władców demonów. Bogowie kuźni uczą, że dzięki cierpliwości i ciężkiej pracy nawet najtrudniejszy metal można przekształcić z bryły rudy w pięknie kuty przedmiot. Kapłani tych bóstw szukają przedmiotów utraconych przez siły ciemności, wyzwalają kopalnie opanowane przez orki i odkrywają rzadkie i cudowne materiały niezbędne do tworzenia potężnych magicznych przedmiotów. Wyznawcy tych bogów są bardzo dumni ze swojej pracy i są gotowi wytwarzać i używać ciężkich zbroi oraz potężnej broni, aby ich chronić. Bóstwa tej domeny to Gond, Reorx, Onatar, Moradin, Hefajstos i Goibhniu.
h6aac3e2cg8b4fgd5c4g68edg918c3834ca82	MORFOLOGIK_RULE_PL_PL	Prawdopodobna literówka	Gond	Wykryto prawdopodobny błąd pisowni	Gont, Sąd, Kąt, Ląd, Bond, Mont, Kont, Sond	Bogowie kuźni są patronami rzemieślników pracujących z metalem, od skromnego kowala, który utrzymuje wioskę w podkowach i pługach, po potężnego elfiego rzemieślnika, którego mithralowe strzały z diamentowymi grotami powaliły władców demonów. Bogowie kuźni uczą, że dzięki cierpliwości i ciężkiej pracy nawet najtrudniejszy metal można przekształcić z bryły rudy w pięknie kuty przedmiot. Kapłani tych bóstw szukają przedmiotów utraconych przez siły ciemności, wyzwalają kopalnie opanowane przez orki i odkrywają rzadkie i cudowne materiały niezbędne do tworzenia potężnych magicznych przedmiotów. Wyznawcy tych bogów są bardzo dumni ze swojej pracy i są gotowi wytwarzać i używać ciężkich zbroi oraz potężnej broni, aby ich chronić. Bóstwa tej domeny to Gond, Reorx, Onatar, Moradin, Hefajstos i Goibhniu.
h6aac3e2cg8b4fgd5c4g68edg918c3834ca82	MORFOLOGIK_RULE_PL_PL	Prawdopodobna literówka	Reorx	Wykryto prawdopodobny błąd pisowni		Bogowie kuźni są patronami rzemieślników pracujących z metalem, od skromnego kowala, który utrzymuje wioskę w podkowach i pługach, po potężnego elfiego rzemieślnika, którego mithralowe strzały z diamentowymi grotami powaliły władców demonów. Bogowie kuźni uczą, że dzięki cierpliwości i ciężkiej pracy nawet najtrudniejszy metal można przekształcić z bryły rudy w pięknie kuty przedmiot. Kapłani tych bóstw szukają przedmiotów utraconych przez siły ciemności, wyzwalają kopalnie opanowane przez orki i odkrywają rzadkie i cudowne materiały niezbędne do tworzenia potężnych magicznych przedmiotów. Wyznawcy tych bogów są bardzo dumni ze swojej pracy i są gotowi wytwarzać i używać ciężkich zbroi oraz potężnej broni, aby ich chronić. Bóstwa tej domeny to Gond, Reorx, Onatar, Moradin, Hefajstos i Goibhniu.
h6aac3e2cg8b4fgd5c4g68edg918c3834ca82	MORFOLOGIK_RULE_PL_PL	Prawdopodobna literówka	Onatar	Wykryto prawdopodobny błąd pisowni	On atar, Ona tar	Bogowie kuźni są patronami rzemieślników pracujących z metalem, od skromnego kowala, który utrzymuje wioskę w podkowach i pługach, po potężnego elfiego rzemieślnika, którego mithralowe strzały z diamentowymi grotami powaliły władców demonów. Bogowie kuźni uczą, że dzięki cierpliwości i ciężkiej pracy nawet najtrudniejszy metal można przekształcić z bryły rudy w pięknie kuty przedmiot. Kapłani tych bóstw szukają przedmiotów utraconych przez siły ciemności, wyzwalają kopalnie opanowane przez orki i odkrywają rzadkie i cudowne materiały niezbędne do tworzenia potężnych magicznych przedmiotów. Wyznawcy tych bogów są bardzo dumni ze swojej pracy i są gotowi wytwarzać i używać ciężkich zbroi oraz potężnej broni, aby ich chronić. Bóstwa tej domeny to Gond, Reorx, Onatar, Moradin, Hefajstos i Goibhniu.
h6aac3e2cg8b4fgd5c4g68edg918c3834ca82	MORFOLOGIK_RULE_PL_PL	Prawdopodobna literówka	Moradin	Wykryto prawdopodobny błąd pisowni	Morstin, Mora din	Bogowie kuźni są patronami rzemieślników pracujących z metalem, od skromnego kowala, który utrzymuje wioskę w podkowach i pługach, po potężnego elfiego rzemieślnika, którego mithralowe strzały z diamentowymi grotami powaliły władców demonów. Bogowie kuźni uczą, że dzięki cierpliwości i ciężkiej pracy nawet najtrudniejszy metal można przekształcić z bryły rudy w pięknie kuty przedmiot. Kapłani tych bóstw szukają przedmiotów utraconych przez siły ciemności, wyzwalają kopalnie opanowane przez orki i odkrywają rzadkie i cudowne materiały niezbędne do tworzenia potężnych magicznych przedmiotów. Wyznawcy tych bogów są bardzo dumni ze swojej pracy i są gotowi wytwarzać i używać ciężkich zbroi oraz potężnej broni, aby ich chronić. Bóstwa tej domeny to Gond, Reorx, Onatar, Moradin, Hefajstos i Goibhniu.
h6aac3e2cg8b4fgd5c4g68edg918c3834ca82	MORFOLOGIK_RULE_PL_PL	Prawdopodobna literówka	Goibhniu	Wykryto prawdopodobny błąd pisowni		Bogowie kuźni są patronami rzemieślników pracujących z metalem, od skromnego kowala, który utrzymuje wioskę w podkowach i pługach, po potężnego elfiego rzemieślnika, którego mithralowe strzały z diamentowymi grotami powaliły władców demonów. Bogowie kuźni uczą, że dzięki cierpliwości i ciężkiej pracy nawet najtrudniejszy metal można przekształcić z bryły rudy w pięknie kuty przedmiot. Kapłani tych bóstw szukają przedmiotów utraconych przez siły ciemności, wyzwalają kopalnie opanowane przez orki i odkrywają rzadkie i cudowne materiały niezbędne do tworzenia potężnych magicznych przedmiotów. Wyznawcy tych bogów są bardzo dumni ze swojej pracy i są gotowi wytwarzać i używać ciężkich zbroi oraz potężnej broni, aby ich chronić. Bóstwa tej domeny to Gond, Reorx, Onatar, Moradin, Hefajstos i Goibhniu.
h55ff7bfdg1e2bg7f91gd91bge020cba01b4d	MORFOLOGIK_RULE_PL_PL	Prawdopodobna literówka	1k10	Wykryto prawdopodobny błąd pisowni		Zyskaj 1k10 tymczasowych punktów wytrzymałości.
h3f1546c3g603ega888gd0fege4945802fd62	MORFOLOGIK_RULE_PL_PL	Prawdopodobna literówka	2k8	Wykryto prawdopodobny błąd pisowni		Duch dotyka innej istoty. Cel odzyskuje punkty wytrzymałości równe 2k8 + 5.
hba16fabfga4e3g6b7bg7403g2f3b23634fe6	MORFOLOGIK_RULE_PL_PL	Prawdopodobna literówka	1k10	Wykryto prawdopodobny błąd pisowni		Wybrane istota zyskuje tymczasowe punkty wytrzymałości 1k10.
he39926bdgdb3ag2cd8gd6c1g17c647980ce1	MORFOLOGIK_RULE_PL_PL	Prawdopodobna literówka	2k8	Wykryto prawdopodobny błąd pisowni		Nasycasz dotykaną broń świętą mocą. Do końca czaru broń emituje jasne światło w promieniu 9 m oraz słabe światło na kolejnych 9 m. Ponadto trafienia atakami tą bronią zadają dodatkowe 2k8 obrażeń od światłości. Jeśli nie jest jeszcze bronią magiczną, staje się nią na czas trwania czaru.\n\nW swojej turze możesz w ramach akcji dodatkowej zakończyć ten czar, sprawiając, że broń rozbłyśnie światłością. Każda wybrana przez ciebie widoczna istota w promieniu 9 m od broni musi wykonać rzut obronny na Kondycję. Przy niepowodzeniu otrzymuje 4k8 obrażeń od światłości i stan Oślepienia na 1 minutę. Przy powodzeniu otrzymuje połowę tych obrażeń i nie zostaje oślepiona. Oślepiona istota może powtórzyć rzut obronny na koniec każdej swojej tury; powodzenie kończy ten stan.
he39926bdgdb3ag2cd8gd6c1g17c647980ce1	MORFOLOGIK_RULE_PL_PL	Prawdopodobna literówka	4k8	Wykryto prawdopodobny błąd pisowni	4K	Nasycasz dotykaną broń świętą mocą. Do końca czaru broń emituje jasne światło w promieniu 9 m oraz słabe światło na kolejnych 9 m. Ponadto trafienia atakami tą bronią zadają dodatkowe 2k8 obrażeń od światłości. Jeśli nie jest jeszcze bronią magiczną, staje się nią na czas trwania czaru.\n\nW swojej turze możesz w ramach akcji dodatkowej zakończyć ten czar, sprawiając, że broń rozbłyśnie światłością. Każda wybrana przez ciebie widoczna istota w promieniu 9 m od broni musi wykonać rzut obronny na Kondycję. Przy niepowodzeniu otrzymuje 4k8 obrażeń od światłości i stan Oślepienia na 1 minutę. Przy powodzeniu otrzymuje połowę tych obrażeń i nie zostaje oślepiona. Oślepiona istota może powtórzyć rzut obronny na koniec każdej swojej tury; powodzenie kończy ten stan.
h37aea667gb412g84d3gd6f8g8a195d4ea3d0	MORFOLOGIK_RULE_PL_PL	Prawdopodobna literówka	2k8	Wykryto prawdopodobny błąd pisowni		Broń emituje jasne światło w promieniu 9 m oraz słabe światło na kolejnych 9 m. Ponadto jej trafienia zadają dodatkowe 2k8 obrażeń od światłości. Jeśli nie jest jeszcze bronią magiczną, staje się nią na czas trwania czaru.
h0c4b99c4g1ad3gb7f0g11fbgb55e06b4ac67	MORFOLOGIK_RULE_PL_PL	Prawdopodobna literówka	4k8	Wykryto prawdopodobny błąd pisowni	4K	W swojej turze możesz w ramach akcji dodatkowej zakończyć ten czar, sprawiając, że broń rozbłyśnie światłością. Każda wybrana przez ciebie widoczna istota w promieniu 9 m od broni musi wykonać rzut obronny na Kondycję. Przy niepowodzeniu otrzymuje 4k8 obrażeń od światłości i stan Oślepienia na 1 minutę. Przy powodzeniu otrzymuje połowę tych obrażeń i nie zostaje oślepiona. Oślepiona istota może powtórzyć rzut obronny na koniec każdej swojej tury; powodzenie kończy ten stan.
hee4eeb62g90f6g0d54g43a5g6045f299125f	MORFOLOGIK_RULE_PL_PL	Prawdopodobna literówka	4k10	Wykryto prawdopodobny błąd pisowni		Światło świtu pada na wybrany punkt w zasięgu. Do końca czaru lśni tam cylinder jasnego światła o promieniu 9 m i wysokości 12 m. Jest to światło słoneczne.\n\nGdy cylinder się pojawia, każda znajdująca się w nim istota wykonuje rzut obronny na Kondycję. Przy niepowodzeniu otrzymuje 4k10 obrażeń od światłości, a przy powodzeniu połowę tej wartości. Istota wykonuje ten rzut również za każdym razem, gdy kończy turę w cylindrze.\n\nJeśli znajdujesz się w promieniu 18 m od cylindra, w ramach akcji dodatkowej możesz przesunąć go o maksymalnie 18 m.
ha941d1afgce71g4b43gb6cegdff72cc4a2b4	MORFOLOGIK_RULE_PL_PL	Prawdopodobna literówka	Rime	Wykryto prawdopodobny błąd pisowni	Zimę, Ramę, Bimę, Ritę, Romę, Limę, MIME, Rice	Wiążący lód Rime'a
hfba479e0g369bg9b8cg94ffg1e1cd003b6e2	MORFOLOGIK_RULE_PL_PL	Prawdopodobna literówka	Rime	Wykryto prawdopodobny błąd pisowni	Zimę, Ramę, Bimę, Ritę, Romę, Limę, MIME, Rice	Wiążący lód Rime'a
hab14da86g7b16g490fgb2d6gc1562b7be680	MORFOLOGIK_RULE_PL_PL	Prawdopodobna literówka	Rime	Wykryto prawdopodobny błąd pisowni	Zimę, Ramę, Bimę, Ritę, Romę, Limę, MIME, Rice	Zwój wiążącego lodu Rime'a
h5bc272c5gfa88g8410g5e75gdfb68e7e142b	MORFOLOGIK_RULE_PL_PL	Prawdopodobna literówka	pozaplanarnych	Wykryto prawdopodobny błąd pisowni	poza planarnych	Przysięga Obserwatorów zobowiązuje paladynów do ochrony królestw śmiertelników przed drapieżnikami istot pozaplanarnych, z których wiele może siać spustoszenie wśród śmiertelnych żołnierzy. W ten sposób Obserwatorzy doskonalą swoje umysły, dusze i ciała, aby były najlepszą bronią przeciwko takim zagrożeniom.\n\nPaladyni, którzy wypełniają przysięgę Obserwatorów, są zawsze czujni w wykrywaniu wpływu sił pozaplanarnych, często tworząc sieć szpiegów i informatorów w celu zebrania informacji o podejrzanych kultach. Dla Obserwatora utrzymywanie zdrowej podejrzliwości i świadomości otoczenia jest tak naturalne, jak noszenie zbroi podczas bitwy.
h5bc272c5gfa88g8410g5e75gdfb68e7e142b	MORFOLOGIK_RULE_PL_PL	Prawdopodobna literówka	pozaplanarnych	Wykryto prawdopodobny błąd pisowni	poza planarnych	Przysięga Obserwatorów zobowiązuje paladynów do ochrony królestw śmiertelników przed drapieżnikami istot pozaplanarnych, z których wiele może siać spustoszenie wśród śmiertelnych żołnierzy. W ten sposób Obserwatorzy doskonalą swoje umysły, dusze i ciała, aby były najlepszą bronią przeciwko takim zagrożeniom.\n\nPaladyni, którzy wypełniają przysięgę Obserwatorów, są zawsze czujni w wykrywaniu wpływu sił pozaplanarnych, często tworząc sieć szpiegów i informatorów w celu zebrania informacji o podejrzanych kultach. Dla Obserwatora utrzymywanie zdrowej podejrzliwości i świadomości otoczenia jest tak naturalne, jak noszenie zbroi podczas bitwy.
h54a6679dg10f0g981egf460g55ffbc1cfcaf	MORFOLOGIK_RULE_PL_PL	Prawdopodobna literówka	pozaplanarne	Wykryto prawdopodobny błąd pisowni	poza planarne	Porzuć to, co pozaplanarne
h8f70346agdae6g92b8gc487gb1bbc53e7cbd	MORFOLOGIK_RULE_PL_PL	Prawdopodobna literówka	żywiołaki	Wykryto prawdopodobny błąd pisowni	żywiołami	"<LSTag Type=""Status"" Tooltip=""TURNED"">Odpędź</LSTag> pobliskie aberracje, istoty niebiańskie, żywiołaki, wróżki lub potwory. Są zmuszeni do ucieczki i nie mogą się do ciebie zbliżyć."
h1c396853g089ag4cf6gaac4g3a465614eb89	MORFOLOGIK_RULE_PL_PL	Prawdopodobna literówka	pozaplanarne	Wykryto prawdopodobny błąd pisowni	poza planarne	Poziom 3: Porzuć to, co pozaplanarne
h9aa052ddgf617g4344ga11dg4ad49e29159e	MORFOLOGIK_RULE_PL_PL	Prawdopodobna literówka	pozaplanarną	Wykryto prawdopodobny błąd pisowni	poza planarną	"Możesz użyć Mocy przysięgi, aby spróbować <LSTag Type=""Status"" Tooltip=""TURNED"">odpędzić</LSTag> istotę pozaplanarną. Każda aberracja, istota niebiańska, istota fey, żywiołak albo czart w promieniu 9 m od ciebie musi wykonać rzut obronny na Mądrość; w razie niepowodzenia zostaje odpędzona na 1 minutę. Odpędzona istota musi uciekać i nie może się do ciebie zbliżyć."
h9aa052ddgf617g4344ga11dg4ad49e29159e	MORFOLOGIK_RULE_PL_PL	Prawdopodobna literówka	fey	Wykryto prawdopodobny błąd pisowni	fe, fen, key, fes, fez, fee, Fe, Feb	"Możesz użyć Mocy przysięgi, aby spróbować <LSTag Type=""Status"" Tooltip=""TURNED"">odpędzić</LSTag> istotę pozaplanarną. Każda aberracja, istota niebiańska, istota fey, żywiołak albo czart w promieniu 9 m od ciebie musi wykonać rzut obronny na Mądrość; w razie niepowodzenia zostaje odpędzona na 1 minutę. Odpędzona istota musi uciekać i nie może się do ciebie zbliżyć."
h9aa052ddgf617g4344ga11dg4ad49e29159e	MORFOLOGIK_RULE_PL_PL	Prawdopodobna literówka	żywiołak	Wykryto prawdopodobny błąd pisowni		"Możesz użyć Mocy przysięgi, aby spróbować <LSTag Type=""Status"" Tooltip=""TURNED"">odpędzić</LSTag> istotę pozaplanarną. Każda aberracja, istota niebiańska, istota fey, żywiołak albo czart w promieniu 9 m od ciebie musi wykonać rzut obronny na Mądrość; w razie niepowodzenia zostaje odpędzona na 1 minutę. Odpędzona istota musi uciekać i nie może się do ciebie zbliżyć."
h434df1f3gdadag1149g4c36g6bfc2c7a1bec	MORFOLOGIK_RULE_PL_PL	Prawdopodobna literówka	faerie	Wykryto prawdopodobny błąd pisowni	ferie, faenie, feerie, feerię	"Po osiągnięciu określonych poziomów kleryka zawsze masz przygotowane następujące czary: na 3. poziomie — Blask faerie, Uśpienie, Księżycowy promień i Widzenie niewidzialnego; na 5. poziomie — Aura witalności i Uderzenie pustki; na 7. poziomie — Swoboda poruszania się i <LSTag Type=""Spell"" Tooltip=""Target_Invisibility_Greater"">Większa niewidzialność</LSTag>; a na 9. poziomie — Krąg mocy i Świt. Czary te nie wliczają się do liczby czarów, które możesz przygotować."
h434df1f3gdadag1149g4c36g6bfc2c7a1bec	SUBST_ADJ_UNIFY	Błędy składniowe	Widzenie niewidzialnego	Przypuszczalnie brak zgodności form przypadków rzeczownika i przymiotnika: Widzenie niewidzialnego.		"Po osiągnięciu określonych poziomów kleryka zawsze masz przygotowane następujące czary: na 3. poziomie — Blask faerie, Uśpienie, Księżycowy promień i Widzenie niewidzialnego; na 5. poziomie — Aura witalności i Uderzenie pustki; na 7. poziomie — Swoboda poruszania się i <LSTag Type=""Spell"" Tooltip=""Target_Invisibility_Greater"">Większa niewidzialność</LSTag>; a na 9. poziomie — Krąg mocy i Świt. Czary te nie wliczają się do liczby czarów, które możesz przygotować."
h532c41a2g898dg391bgea84g9bed3cd65e57	MORFOLOGIK_RULE_PL_PL	Prawdopodobna literówka	1k6	Wykryto prawdopodobny błąd pisowni		Możesz użyć Aktu wiary, aby pokrzepić sojuszników kojącym zmierzchem.\n\nW ramach akcji unosisz święty symbol, a od ciebie rozchodzi się sfera zmierzchu o promieniu 9 m, wypełniona przyćmionym światłem. Sfera porusza się wraz z tobą i trwa przez minutę albo do chwili, gdy otrzymasz stan Obezwładnienia lub umrzesz. Za każdym razem, gdy istota kończy turę w sferze, zyskuje tymczasowe punkty wytrzymałości w liczbie równej 1k6 plus twój poziom kleryka i kończy działający na nią efekt Zauroczenia albo Przerażenia.
h7e9705fdg8018gea33g08e7g9a5b338d7d6a	MORFOLOGIK_RULE_PL_PL	Prawdopodobna literówka	1k6	Wykryto prawdopodobny błąd pisowni		W ramach akcji unosisz święty symbol, a od ciebie rozchodzi się sfera zmierzchu o promieniu 9 m, wypełniona przyćmionym światłem. Sfera porusza się wraz z tobą i trwa przez minutę albo do chwili, gdy otrzymasz stan Obezwładnienia lub umrzesz. Za każdym razem, gdy istota kończy turę w sferze, zyskuje tymczasowe punkty wytrzymałości w liczbie równej 1k6 plus twój poziom kleryka i kończy działający na nią efekt Zauroczenia albo Przerażenia.
h252a159fg1973g1128g723dgcc172f2c22d4	MORFOLOGIK_RULE_PL_PL	Prawdopodobna literówka	1k6	Wykryto prawdopodobny błąd pisowni		Za każdym razem, gdy istota kończy turę w sferze, zyskuje tymczasowe punkty wytrzymałości w liczbie równej 1k6 plus twój poziom kleryka i kończy działający na nią efekt Zauroczenia albo Przerażenia.
hab6207d6g3b79g94b6g5e02gc2006b0e62b7	MORFOLOGIK_RULE_PL_PL	Prawdopodobna literówka	1k6	Wykryto prawdopodobny błąd pisowni		Zyskaj tymczasowe punkty wytrzymałości równe 1k6 plus poziom kleryka.
h5f942db5g59f8g5849ga9beg2552e5c19da4	MORFOLOGIK_RULE_PL_PL	Prawdopodobna literówka	1k6	Wykryto prawdopodobny błąd pisowni		Za każdym razem, gdy istota kończy turę w sferze, zyskuje tymczasowe punkty wytrzymałości w liczbie równej 1k6 plus twój poziom kleryka i kończy działający na nią efekt Zauroczenia albo Przerażenia.
h8aa1cd7dg73adga855g2255gf663d05ed335	MORFOLOGIK_RULE_PL_PL	Prawdopodobna literówka	2k4	Wykryto prawdopodobny błąd pisowni		Boska moc strzeże twojego przeznaczenia. Jeśli nie powiedzie się rzut obronny lub spudłujesz w teście ataku, możesz rzucić 2k4 i dodać go do sumy, prawdopodobnie zmieniając wynik. Gdy skorzystasz z tej zdolności, nie możesz jej ponownie użyć, dopóki nie zakończysz krótkiego lub długiego odpoczynku.
h28240d6ega416g96b6g8ea0g5f94c978a867	MORFOLOGIK_RULE_PL_PL	Prawdopodobna literówka	2k4	Wykryto prawdopodobny błąd pisowni		Boska moc strzeże twojego przeznaczenia. Jeśli nie powiedzie się rzut obronny lub spudłujesz w teście ataku, możesz rzucić 2k4 i dodać go do sumy, prawdopodobnie zmieniając wynik. Gdy skorzystasz z tej zdolności, nie możesz jej ponownie użyć, dopóki nie zakończysz krótkiego lub długiego odpoczynku.
h1d49c553g212dgaf3ag36b6gd30fa6703063	MORFOLOGIK_RULE_PL_PL	Prawdopodobna literówka	dridera	Wykryto prawdopodobny błąd pisowni	triera, ridera, driftera, drivera, tradera, trierą, writera, d ridera	Wydarzenie zmieniające życie, takie jak przeklęcie przez dridera lub ugryzienie przez niebezpiecznie transmutowanego pajęczaka, obdarzyło cię zdolnościami pająka. Ta transformacja mogła sprawić, że nie zmienisz się fizycznie, możesz rozwinąć kilka oczu, chude i owłosione kończyny lub zestaw nieludzkich żuchw. Niezależnie od skutków ubocznych, możesz teraz wytwarzać śmiercionośną truciznę i liny jedwabnej sieci z dłoni, a nawet wspinać się po ścianach opuszkami palców.
hb012aa29g2700gd0c7g3c87g74a98a1affc6	SKROTY_Z_KROPKA	Błędy ortograficzne	ST	"Ten skrót piszemy z kropką: ""ST."""	ST.	"Potrafisz magicznie wytwarzać z dłoni lepkie, jedwabiste pajęczyny. W ramach akcji dodatkowej możesz użyć ich na jeden z poniższych sposobów.\n\n<LSTag Type=""Spell"" Tooltip=""Target_ArachnoidStalker_Pull"">Pajęczyna przyciągająca</LSTag>. Traf istotę albo obiekt w zasięgu [1] lepką pajęczyną i przyciągnij cel do siebie na odległość do [1]. Przemieścić można tylko cel rozmiaru dużego lub mniejszego, a istota może oprzeć się efektowi, wykonując udany rzut obronny na Zręczność. Sojusznik zawsze zostaje przyciągnięty.\n\n<LSTag Type=""Spell"" Tooltip=""Target_ArachnoidStalker_WebSwing"">Huśtanie na pajęczynie</LSTag>. Wystrzel nić pajęczyny w widoczny punkt w zasięgu [1] i przyciągnij się do niego bez prowokowania ataków okazyjnych.\n\nPajęczyna. W ramach tej samej akcji dodatkowej rzucasz czar Pajęczyna bez zużywania komórki czaru. Pajęczyny wypełniają obszar o promieniu [2] i znikają po 1 minucie. Istota, która się w nich znajdzie, musi wykonać rzut obronny na Zręczność; w razie niepowodzenia zostaje <LSTag Type=""Status"" Tooltip=""WEB"">Usidlona</LSTag>. Za pomocą tej zdolności możesz rzucić ten czar dwukrotnie. Jedno zużyte użycie odzyskujesz po krótkim odpoczynku, a wszystkie po długim odpoczynku.\n\nST rzutu obronnego wynosi 8 plus twój modyfikator Zręczności i premia z biegłości."
hc6f8b2cdg61f9g10e0g8f71g1e3b9ec13c29	MORFOLOGIK_RULE_PL_PL	Prawdopodobna literówka	k6	Wykryto prawdopodobny błąd pisowni	km, kg, ks, ku, KC, kW, KP, KK	Gdy zadajesz istocie obrażenia z ukradkowego ataku, możesz zdecydować, że użyte w nim kości k6 zostaną zastąpione kośćmi k8, a atak zada obrażenia od trucizny zamiast obrażeń typu zadawanego przez broń.
hc6f8b2cdg61f9g10e0g8f71g1e3b9ec13c29	MORFOLOGIK_RULE_PL_PL	Prawdopodobna literówka	k8	Wykryto prawdopodobny błąd pisowni	km, kg, ks, ku, KC, kW, KP, KK	Gdy zadajesz istocie obrażenia z ukradkowego ataku, możesz zdecydować, że użyte w nim kości k6 zostaną zastąpione kośćmi k8, a atak zada obrażenia od trucizny zamiast obrażeń typu zadawanego przez broń.
h7cc9c7a3g7fbcga1fbg2066g70dad117ebee	SKROTY_Z_KROPKA	Błędy ortograficzne	ST	"Ten skrót piszemy z kropką: ""ST."""	ST.	W ramach akcji dodatkowej używanej do aktywowania tej zdolności rzucasz czar Sieć bez zużywania komórki czaru (ST wynosi 8 + twój modyfikator Zręczności + twoja premia z biegłości). Możesz rzucić ten czar za pomocą tej zdolności dwa razy. Jedno zużyte użycie odzyskujesz po krótkim odpoczynku, a wszystkie — po długim odpoczynku.
h287cfbfeg028cgfb00g3888gc26915b76c24	MORFOLOGIK_RULE_PL_PL	Prawdopodobna literówka	Eladrin	Wykryto prawdopodobny błąd pisowni		Eladrin
h6dd099beg03a7ga0aeg02e2gf58c867f0877	MORFOLOGIK_RULE_PL_PL	Prawdopodobna literówka	Eladriny	Wykryto prawdopodobny błąd pisowni		Eladriny to elfy z Feywild — krainy niebezpiecznego piękna i bezkresnej magii. Dzięki tej magii eladrin może w mgnieniu oka przemieścić się z miejsca na miejsce. Każdy eladrin współbrzmi też z emocjami zaklętymi w Feywild pod postacią pór roku; powinowactwo to wpływa na jego nastrój i wygląd. Pora roku eladrina może się zmieniać, choć niektóre eladriny pozostają przy jednej na zawsze. Wybierz swoją porę roku albo wykonaj rzut zgodnie z tabelą Pory roku eladrinów. Cecha Trans pozwala ci zmieniać swoją porę roku.
h6dd099beg03a7ga0aeg02e2gf58c867f0877	MORFOLOGIK_RULE_PL_PL	Prawdopodobna literówka	Feywild	Wykryto prawdopodobny błąd pisowni		Eladriny to elfy z Feywild — krainy niebezpiecznego piękna i bezkresnej magii. Dzięki tej magii eladrin może w mgnieniu oka przemieścić się z miejsca na miejsce. Każdy eladrin współbrzmi też z emocjami zaklętymi w Feywild pod postacią pór roku; powinowactwo to wpływa na jego nastrój i wygląd. Pora roku eladrina może się zmieniać, choć niektóre eladriny pozostają przy jednej na zawsze. Wybierz swoją porę roku albo wykonaj rzut zgodnie z tabelą Pory roku eladrinów. Cecha Trans pozwala ci zmieniać swoją porę roku.
h6dd099beg03a7ga0aeg02e2gf58c867f0877	MORFOLOGIK_RULE_PL_PL	Prawdopodobna literówka	eladrin	Wykryto prawdopodobny błąd pisowni		Eladriny to elfy z Feywild — krainy niebezpiecznego piękna i bezkresnej magii. Dzięki tej magii eladrin może w mgnieniu oka przemieścić się z miejsca na miejsce. Każdy eladrin współbrzmi też z emocjami zaklętymi w Feywild pod postacią pór roku; powinowactwo to wpływa na jego nastrój i wygląd. Pora roku eladrina może się zmieniać, choć niektóre eladriny pozostają przy jednej na zawsze. Wybierz swoją porę roku albo wykonaj rzut zgodnie z tabelą Pory roku eladrinów. Cecha Trans pozwala ci zmieniać swoją porę roku.
h6dd099beg03a7ga0aeg02e2gf58c867f0877	MORFOLOGIK_RULE_PL_PL	Prawdopodobna literówka	eladrin	Wykryto prawdopodobny błąd pisowni		Eladriny to elfy z Feywild — krainy niebezpiecznego piękna i bezkresnej magii. Dzięki tej magii eladrin może w mgnieniu oka przemieścić się z miejsca na miejsce. Każdy eladrin współbrzmi też z emocjami zaklętymi w Feywild pod postacią pór roku; powinowactwo to wpływa na jego nastrój i wygląd. Pora roku eladrina może się zmieniać, choć niektóre eladriny pozostają przy jednej na zawsze. Wybierz swoją porę roku albo wykonaj rzut zgodnie z tabelą Pory roku eladrinów. Cecha Trans pozwala ci zmieniać swoją porę roku.
h6dd099beg03a7ga0aeg02e2gf58c867f0877	MORFOLOGIK_RULE_PL_PL	Prawdopodobna literówka	Feywild	Wykryto prawdopodobny błąd pisowni		Eladriny to elfy z Feywild — krainy niebezpiecznego piękna i bezkresnej magii. Dzięki tej magii eladrin może w mgnieniu oka przemieścić się z miejsca na miejsce. Każdy eladrin współbrzmi też z emocjami zaklętymi w Feywild pod postacią pór roku; powinowactwo to wpływa na jego nastrój i wygląd. Pora roku eladrina może się zmieniać, choć niektóre eladriny pozostają przy jednej na zawsze. Wybierz swoją porę roku albo wykonaj rzut zgodnie z tabelą Pory roku eladrinów. Cecha Trans pozwala ci zmieniać swoją porę roku.
h6dd099beg03a7ga0aeg02e2gf58c867f0877	MORFOLOGIK_RULE_PL_PL	Prawdopodobna literówka	eladrina	Wykryto prawdopodobny błąd pisowni		Eladriny to elfy z Feywild — krainy niebezpiecznego piękna i bezkresnej magii. Dzięki tej magii eladrin może w mgnieniu oka przemieścić się z miejsca na miejsce. Każdy eladrin współbrzmi też z emocjami zaklętymi w Feywild pod postacią pór roku; powinowactwo to wpływa na jego nastrój i wygląd. Pora roku eladrina może się zmieniać, choć niektóre eladriny pozostają przy jednej na zawsze. Wybierz swoją porę roku albo wykonaj rzut zgodnie z tabelą Pory roku eladrinów. Cecha Trans pozwala ci zmieniać swoją porę roku.
h6dd099beg03a7ga0aeg02e2gf58c867f0877	MORFOLOGIK_RULE_PL_PL	Prawdopodobna literówka	eladriny	Wykryto prawdopodobny błąd pisowni		Eladriny to elfy z Feywild — krainy niebezpiecznego piękna i bezkresnej magii. Dzięki tej magii eladrin może w mgnieniu oka przemieścić się z miejsca na miejsce. Każdy eladrin współbrzmi też z emocjami zaklętymi w Feywild pod postacią pór roku; powinowactwo to wpływa na jego nastrój i wygląd. Pora roku eladrina może się zmieniać, choć niektóre eladriny pozostają przy jednej na zawsze. Wybierz swoją porę roku albo wykonaj rzut zgodnie z tabelą Pory roku eladrinów. Cecha Trans pozwala ci zmieniać swoją porę roku.
h6dd099beg03a7ga0aeg02e2gf58c867f0877	MORFOLOGIK_RULE_PL_PL	Prawdopodobna literówka	eladrinów	Wykryto prawdopodobny błąd pisowni		Eladriny to elfy z Feywild — krainy niebezpiecznego piękna i bezkresnej magii. Dzięki tej magii eladrin może w mgnieniu oka przemieścić się z miejsca na miejsce. Każdy eladrin współbrzmi też z emocjami zaklętymi w Feywild pod postacią pór roku; powinowactwo to wpływa na jego nastrój i wygląd. Pora roku eladrina może się zmieniać, choć niektóre eladriny pozostają przy jednej na zawsze. Wybierz swoją porę roku albo wykonaj rzut zgodnie z tabelą Pory roku eladrinów. Cecha Trans pozwala ci zmieniać swoją porę roku.
h58d4c6cbge08eg237fg438cgb11c4ecc42dd	MORFOLOGIK_RULE_PL_PL	Prawdopodobna literówka	Eladrin	Wykryto prawdopodobny błąd pisowni		Eladrin
h776cf198gb898g803bg64d1gcb1e15218f5e	MORFOLOGIK_RULE_PL_PL	Prawdopodobna literówka	Eladriny	Wykryto prawdopodobny błąd pisowni		Eladriny to elfy z Feywild — krainy niebezpiecznego piękna i bezkresnej magii. Dzięki tej magii eladrin może w mgnieniu oka przemieścić się z miejsca na miejsce. Każdy eladrin współbrzmi też z emocjami zaklętymi w Feywild pod postacią pór roku; powinowactwo to wpływa na jego nastrój i wygląd. Pora roku eladrina może się zmieniać, choć niektóre eladriny pozostają przy jednej na zawsze. Wybierz swoją porę roku albo wykonaj rzut zgodnie z tabelą Pory roku eladrinów. Cecha Trans pozwala ci zmieniać swoją porę roku.
h776cf198gb898g803bg64d1gcb1e15218f5e	MORFOLOGIK_RULE_PL_PL	Prawdopodobna literówka	Feywild	Wykryto prawdopodobny błąd pisowni		Eladriny to elfy z Feywild — krainy niebezpiecznego piękna i bezkresnej magii. Dzięki tej magii eladrin może w mgnieniu oka przemieścić się z miejsca na miejsce. Każdy eladrin współbrzmi też z emocjami zaklętymi w Feywild pod postacią pór roku; powinowactwo to wpływa na jego nastrój i wygląd. Pora roku eladrina może się zmieniać, choć niektóre eladriny pozostają przy jednej na zawsze. Wybierz swoją porę roku albo wykonaj rzut zgodnie z tabelą Pory roku eladrinów. Cecha Trans pozwala ci zmieniać swoją porę roku.
h776cf198gb898g803bg64d1gcb1e15218f5e	MORFOLOGIK_RULE_PL_PL	Prawdopodobna literówka	eladrin	Wykryto prawdopodobny błąd pisowni		Eladriny to elfy z Feywild — krainy niebezpiecznego piękna i bezkresnej magii. Dzięki tej magii eladrin może w mgnieniu oka przemieścić się z miejsca na miejsce. Każdy eladrin współbrzmi też z emocjami zaklętymi w Feywild pod postacią pór roku; powinowactwo to wpływa na jego nastrój i wygląd. Pora roku eladrina może się zmieniać, choć niektóre eladriny pozostają przy jednej na zawsze. Wybierz swoją porę roku albo wykonaj rzut zgodnie z tabelą Pory roku eladrinów. Cecha Trans pozwala ci zmieniać swoją porę roku.
h776cf198gb898g803bg64d1gcb1e15218f5e	MORFOLOGIK_RULE_PL_PL	Prawdopodobna literówka	eladrin	Wykryto prawdopodobny błąd pisowni		Eladriny to elfy z Feywild — krainy niebezpiecznego piękna i bezkresnej magii. Dzięki tej magii eladrin może w mgnieniu oka przemieścić się z miejsca na miejsce. Każdy eladrin współbrzmi też z emocjami zaklętymi w Feywild pod postacią pór roku; powinowactwo to wpływa na jego nastrój i wygląd. Pora roku eladrina może się zmieniać, choć niektóre eladriny pozostają przy jednej na zawsze. Wybierz swoją porę roku albo wykonaj rzut zgodnie z tabelą Pory roku eladrinów. Cecha Trans pozwala ci zmieniać swoją porę roku.
h776cf198gb898g803bg64d1gcb1e15218f5e	MORFOLOGIK_RULE_PL_PL	Prawdopodobna literówka	Feywild	Wykryto prawdopodobny błąd pisowni		Eladriny to elfy z Feywild — krainy niebezpiecznego piękna i bezkresnej magii. Dzięki tej magii eladrin może w mgnieniu oka przemieścić się z miejsca na miejsce. Każdy eladrin współbrzmi też z emocjami zaklętymi w Feywild pod postacią pór roku; powinowactwo to wpływa na jego nastrój i wygląd. Pora roku eladrina może się zmieniać, choć niektóre eladriny pozostają przy jednej na zawsze. Wybierz swoją porę roku albo wykonaj rzut zgodnie z tabelą Pory roku eladrinów. Cecha Trans pozwala ci zmieniać swoją porę roku.
h776cf198gb898g803bg64d1gcb1e15218f5e	MORFOLOGIK_RULE_PL_PL	Prawdopodobna literówka	eladrina	Wykryto prawdopodobny błąd pisowni		Eladriny to elfy z Feywild — krainy niebezpiecznego piękna i bezkresnej magii. Dzięki tej magii eladrin może w mgnieniu oka przemieścić się z miejsca na miejsce. Każdy eladrin współbrzmi też z emocjami zaklętymi w Feywild pod postacią pór roku; powinowactwo to wpływa na jego nastrój i wygląd. Pora roku eladrina może się zmieniać, choć niektóre eladriny pozostają przy jednej na zawsze. Wybierz swoją porę roku albo wykonaj rzut zgodnie z tabelą Pory roku eladrinów. Cecha Trans pozwala ci zmieniać swoją porę roku.
h776cf198gb898g803bg64d1gcb1e15218f5e	MORFOLOGIK_RULE_PL_PL	Prawdopodobna literówka	eladriny	Wykryto prawdopodobny błąd pisowni		Eladriny to elfy z Feywild — krainy niebezpiecznego piękna i bezkresnej magii. Dzięki tej magii eladrin może w mgnieniu oka przemieścić się z miejsca na miejsce. Każdy eladrin współbrzmi też z emocjami zaklętymi w Feywild pod postacią pór roku; powinowactwo to wpływa na jego nastrój i wygląd. Pora roku eladrina może się zmieniać, choć niektóre eladriny pozostają przy jednej na zawsze. Wybierz swoją porę roku albo wykonaj rzut zgodnie z tabelą Pory roku eladrinów. Cecha Trans pozwala ci zmieniać swoją porę roku.
h776cf198gb898g803bg64d1gcb1e15218f5e	MORFOLOGIK_RULE_PL_PL	Prawdopodobna literówka	eladrinów	Wykryto prawdopodobny błąd pisowni		Eladriny to elfy z Feywild — krainy niebezpiecznego piękna i bezkresnej magii. Dzięki tej magii eladrin może w mgnieniu oka przemieścić się z miejsca na miejsce. Każdy eladrin współbrzmi też z emocjami zaklętymi w Feywild pod postacią pór roku; powinowactwo to wpływa na jego nastrój i wygląd. Pora roku eladrina może się zmieniać, choć niektóre eladriny pozostają przy jednej na zawsze. Wybierz swoją porę roku albo wykonaj rzut zgodnie z tabelą Pory roku eladrinów. Cecha Trans pozwala ci zmieniać swoją porę roku.
hff4bd039g807cgadb1gbbfdg1775c0eb9c40	MORFOLOGIK_RULE_PL_PL	Prawdopodobna literówka	Eladrin	Wykryto prawdopodobny błąd pisowni		Eladrin
hf21fda8cg4f60g9873gab75g019ed5359331	MORFOLOGIK_RULE_PL_PL	Prawdopodobna literówka	Eladriny	Wykryto prawdopodobny błąd pisowni		Eladriny to elfy z Feywild — krainy niebezpiecznego piękna i bezkresnej magii. Dzięki tej magii eladrin może w mgnieniu oka przemieścić się z miejsca na miejsce. Każdy eladrin współbrzmi też z emocjami zaklętymi w Feywild pod postacią pór roku; powinowactwo to wpływa na jego nastrój i wygląd. Pora roku eladrina może się zmieniać, choć niektóre eladriny pozostają przy jednej na zawsze. Wybierz swoją porę roku albo wykonaj rzut zgodnie z tabelą Pory roku eladrinów. Cecha Trans pozwala ci zmieniać swoją porę roku.\n\nPodobnie jak inne elfy, eladriny mogą żyć ponad 750 lat.
hf21fda8cg4f60g9873gab75g019ed5359331	MORFOLOGIK_RULE_PL_PL	Prawdopodobna literówka	Feywild	Wykryto prawdopodobny błąd pisowni		Eladriny to elfy z Feywild — krainy niebezpiecznego piękna i bezkresnej magii. Dzięki tej magii eladrin może w mgnieniu oka przemieścić się z miejsca na miejsce. Każdy eladrin współbrzmi też z emocjami zaklętymi w Feywild pod postacią pór roku; powinowactwo to wpływa na jego nastrój i wygląd. Pora roku eladrina może się zmieniać, choć niektóre eladriny pozostają przy jednej na zawsze. Wybierz swoją porę roku albo wykonaj rzut zgodnie z tabelą Pory roku eladrinów. Cecha Trans pozwala ci zmieniać swoją porę roku.\n\nPodobnie jak inne elfy, eladriny mogą żyć ponad 750 lat.
hf21fda8cg4f60g9873gab75g019ed5359331	MORFOLOGIK_RULE_PL_PL	Prawdopodobna literówka	eladrin	Wykryto prawdopodobny błąd pisowni		Eladriny to elfy z Feywild — krainy niebezpiecznego piękna i bezkresnej magii. Dzięki tej magii eladrin może w mgnieniu oka przemieścić się z miejsca na miejsce. Każdy eladrin współbrzmi też z emocjami zaklętymi w Feywild pod postacią pór roku; powinowactwo to wpływa na jego nastrój i wygląd. Pora roku eladrina może się zmieniać, choć niektóre eladriny pozostają przy jednej na zawsze. Wybierz swoją porę roku albo wykonaj rzut zgodnie z tabelą Pory roku eladrinów. Cecha Trans pozwala ci zmieniać swoją porę roku.\n\nPodobnie jak inne elfy, eladriny mogą żyć ponad 750 lat.
hf21fda8cg4f60g9873gab75g019ed5359331	MORFOLOGIK_RULE_PL_PL	Prawdopodobna literówka	eladrin	Wykryto prawdopodobny błąd pisowni		Eladriny to elfy z Feywild — krainy niebezpiecznego piękna i bezkresnej magii. Dzięki tej magii eladrin może w mgnieniu oka przemieścić się z miejsca na miejsce. Każdy eladrin współbrzmi też z emocjami zaklętymi w Feywild pod postacią pór roku; powinowactwo to wpływa na jego nastrój i wygląd. Pora roku eladrina może się zmieniać, choć niektóre eladriny pozostają przy jednej na zawsze. Wybierz swoją porę roku albo wykonaj rzut zgodnie z tabelą Pory roku eladrinów. Cecha Trans pozwala ci zmieniać swoją porę roku.\n\nPodobnie jak inne elfy, eladriny mogą żyć ponad 750 lat.
hf21fda8cg4f60g9873gab75g019ed5359331	MORFOLOGIK_RULE_PL_PL	Prawdopodobna literówka	Feywild	Wykryto prawdopodobny błąd pisowni		Eladriny to elfy z Feywild — krainy niebezpiecznego piękna i bezkresnej magii. Dzięki tej magii eladrin może w mgnieniu oka przemieścić się z miejsca na miejsce. Każdy eladrin współbrzmi też z emocjami zaklętymi w Feywild pod postacią pór roku; powinowactwo to wpływa na jego nastrój i wygląd. Pora roku eladrina może się zmieniać, choć niektóre eladriny pozostają przy jednej na zawsze. Wybierz swoją porę roku albo wykonaj rzut zgodnie z tabelą Pory roku eladrinów. Cecha Trans pozwala ci zmieniać swoją porę roku.\n\nPodobnie jak inne elfy, eladriny mogą żyć ponad 750 lat.
hf21fda8cg4f60g9873gab75g019ed5359331	MORFOLOGIK_RULE_PL_PL	Prawdopodobna literówka	eladrina	Wykryto prawdopodobny błąd pisowni		Eladriny to elfy z Feywild — krainy niebezpiecznego piękna i bezkresnej magii. Dzięki tej magii eladrin może w mgnieniu oka przemieścić się z miejsca na miejsce. Każdy eladrin współbrzmi też z emocjami zaklętymi w Feywild pod postacią pór roku; powinowactwo to wpływa na jego nastrój i wygląd. Pora roku eladrina może się zmieniać, choć niektóre eladriny pozostają przy jednej na zawsze. Wybierz swoją porę roku albo wykonaj rzut zgodnie z tabelą Pory roku eladrinów. Cecha Trans pozwala ci zmieniać swoją porę roku.\n\nPodobnie jak inne elfy, eladriny mogą żyć ponad 750 lat.
hf21fda8cg4f60g9873gab75g019ed5359331	MORFOLOGIK_RULE_PL_PL	Prawdopodobna literówka	eladriny	Wykryto prawdopodobny błąd pisowni		Eladriny to elfy z Feywild — krainy niebezpiecznego piękna i bezkresnej magii. Dzięki tej magii eladrin może w mgnieniu oka przemieścić się z miejsca na miejsce. Każdy eladrin współbrzmi też z emocjami zaklętymi w Feywild pod postacią pór roku; powinowactwo to wpływa na jego nastrój i wygląd. Pora roku eladrina może się zmieniać, choć niektóre eladriny pozostają przy jednej na zawsze. Wybierz swoją porę roku albo wykonaj rzut zgodnie z tabelą Pory roku eladrinów. Cecha Trans pozwala ci zmieniać swoją porę roku.\n\nPodobnie jak inne elfy, eladriny mogą żyć ponad 750 lat.
hf21fda8cg4f60g9873gab75g019ed5359331	MORFOLOGIK_RULE_PL_PL	Prawdopodobna literówka	eladrinów	Wykryto prawdopodobny błąd pisowni		Eladriny to elfy z Feywild — krainy niebezpiecznego piękna i bezkresnej magii. Dzięki tej magii eladrin może w mgnieniu oka przemieścić się z miejsca na miejsce. Każdy eladrin współbrzmi też z emocjami zaklętymi w Feywild pod postacią pór roku; powinowactwo to wpływa na jego nastrój i wygląd. Pora roku eladrina może się zmieniać, choć niektóre eladriny pozostają przy jednej na zawsze. Wybierz swoją porę roku albo wykonaj rzut zgodnie z tabelą Pory roku eladrinów. Cecha Trans pozwala ci zmieniać swoją porę roku.\n\nPodobnie jak inne elfy, eladriny mogą żyć ponad 750 lat.
hf21fda8cg4f60g9873gab75g019ed5359331	MORFOLOGIK_RULE_PL_PL	Prawdopodobna literówka	eladriny	Wykryto prawdopodobny błąd pisowni		Eladriny to elfy z Feywild — krainy niebezpiecznego piękna i bezkresnej magii. Dzięki tej magii eladrin może w mgnieniu oka przemieścić się z miejsca na miejsce. Każdy eladrin współbrzmi też z emocjami zaklętymi w Feywild pod postacią pór roku; powinowactwo to wpływa na jego nastrój i wygląd. Pora roku eladrina może się zmieniać, choć niektóre eladriny pozostają przy jednej na zawsze. Wybierz swoją porę roku albo wykonaj rzut zgodnie z tabelą Pory roku eladrinów. Cecha Trans pozwala ci zmieniać swoją porę roku.\n\nPodobnie jak inne elfy, eladriny mogą żyć ponad 750 lat.
h89d1cdf7g6826g2911g126fga606244e1e51	MORFOLOGIK_RULE_PL_PL	Prawdopodobna literówka	fey	Wykryto prawdopodobny błąd pisowni	fe, fen, key, fes, fez, fee, Fe, Feb	Krok fey
ha24097bdgd8ffgd254g21f7gd89a7e5394d9	MORFOLOGIK_RULE_PL_PL	Prawdopodobna literówka	Eladrin	Wykryto prawdopodobny błąd pisowni		Eladrin
h623638f6g1485g2672g2bfcg30f7140b3b47	MORFOLOGIK_RULE_PL_PL	Prawdopodobna literówka	Eladriny	Wykryto prawdopodobny błąd pisowni		Eladriny to elfy z Feywild — krainy niebezpiecznego piękna i bezkresnej magii. Dzięki tej magii eladrin może w mgnieniu oka przemieścić się z miejsca na miejsce. Każdy eladrin współbrzmi też z emocjami zaklętymi w Feywild pod postacią pór roku; powinowactwo to wpływa na jego nastrój i wygląd. Pora roku eladrina może się zmieniać, choć niektóre eladriny pozostają przy jednej na zawsze. Wybierz swoją porę roku albo wykonaj rzut zgodnie z tabelą Pory roku eladrinów. Cecha Trans pozwala ci zmieniać swoją porę roku.\n\nPodobnie jak inne elfy, eladriny mogą żyć ponad 750 lat.
h623638f6g1485g2672g2bfcg30f7140b3b47	MORFOLOGIK_RULE_PL_PL	Prawdopodobna literówka	Feywild	Wykryto prawdopodobny błąd pisowni		Eladriny to elfy z Feywild — krainy niebezpiecznego piękna i bezkresnej magii. Dzięki tej magii eladrin może w mgnieniu oka przemieścić się z miejsca na miejsce. Każdy eladrin współbrzmi też z emocjami zaklętymi w Feywild pod postacią pór roku; powinowactwo to wpływa na jego nastrój i wygląd. Pora roku eladrina może się zmieniać, choć niektóre eladriny pozostają przy jednej na zawsze. Wybierz swoją porę roku albo wykonaj rzut zgodnie z tabelą Pory roku eladrinów. Cecha Trans pozwala ci zmieniać swoją porę roku.\n\nPodobnie jak inne elfy, eladriny mogą żyć ponad 750 lat.
h623638f6g1485g2672g2bfcg30f7140b3b47	MORFOLOGIK_RULE_PL_PL	Prawdopodobna literówka	eladrin	Wykryto prawdopodobny błąd pisowni		Eladriny to elfy z Feywild — krainy niebezpiecznego piękna i bezkresnej magii. Dzięki tej magii eladrin może w mgnieniu oka przemieścić się z miejsca na miejsce. Każdy eladrin współbrzmi też z emocjami zaklętymi w Feywild pod postacią pór roku; powinowactwo to wpływa na jego nastrój i wygląd. Pora roku eladrina może się zmieniać, choć niektóre eladriny pozostają przy jednej na zawsze. Wybierz swoją porę roku albo wykonaj rzut zgodnie z tabelą Pory roku eladrinów. Cecha Trans pozwala ci zmieniać swoją porę roku.\n\nPodobnie jak inne elfy, eladriny mogą żyć ponad 750 lat.
h623638f6g1485g2672g2bfcg30f7140b3b47	MORFOLOGIK_RULE_PL_PL	Prawdopodobna literówka	eladrin	Wykryto prawdopodobny błąd pisowni		Eladriny to elfy z Feywild — krainy niebezpiecznego piękna i bezkresnej magii. Dzięki tej magii eladrin może w mgnieniu oka przemieścić się z miejsca na miejsce. Każdy eladrin współbrzmi też z emocjami zaklętymi w Feywild pod postacią pór roku; powinowactwo to wpływa na jego nastrój i wygląd. Pora roku eladrina może się zmieniać, choć niektóre eladriny pozostają przy jednej na zawsze. Wybierz swoją porę roku albo wykonaj rzut zgodnie z tabelą Pory roku eladrinów. Cecha Trans pozwala ci zmieniać swoją porę roku.\n\nPodobnie jak inne elfy, eladriny mogą żyć ponad 750 lat.
h623638f6g1485g2672g2bfcg30f7140b3b47	MORFOLOGIK_RULE_PL_PL	Prawdopodobna literówka	Feywild	Wykryto prawdopodobny błąd pisowni		Eladriny to elfy z Feywild — krainy niebezpiecznego piękna i bezkresnej magii. Dzięki tej magii eladrin może w mgnieniu oka przemieścić się z miejsca na miejsce. Każdy eladrin współbrzmi też z emocjami zaklętymi w Feywild pod postacią pór roku; powinowactwo to wpływa na jego nastrój i wygląd. Pora roku eladrina może się zmieniać, choć niektóre eladriny pozostają przy jednej na zawsze. Wybierz swoją porę roku albo wykonaj rzut zgodnie z tabelą Pory roku eladrinów. Cecha Trans pozwala ci zmieniać swoją porę roku.\n\nPodobnie jak inne elfy, eladriny mogą żyć ponad 750 lat.
h623638f6g1485g2672g2bfcg30f7140b3b47	MORFOLOGIK_RULE_PL_PL	Prawdopodobna literówka	eladrina	Wykryto prawdopodobny błąd pisowni		Eladriny to elfy z Feywild — krainy niebezpiecznego piękna i bezkresnej magii. Dzięki tej magii eladrin może w mgnieniu oka przemieścić się z miejsca na miejsce. Każdy eladrin współbrzmi też z emocjami zaklętymi w Feywild pod postacią pór roku; powinowactwo to wpływa na jego nastrój i wygląd. Pora roku eladrina może się zmieniać, choć niektóre eladriny pozostają przy jednej na zawsze. Wybierz swoją porę roku albo wykonaj rzut zgodnie z tabelą Pory roku eladrinów. Cecha Trans pozwala ci zmieniać swoją porę roku.\n\nPodobnie jak inne elfy, eladriny mogą żyć ponad 750 lat.
h623638f6g1485g2672g2bfcg30f7140b3b47	MORFOLOGIK_RULE_PL_PL	Prawdopodobna literówka	eladriny	Wykryto prawdopodobny błąd pisowni		Eladriny to elfy z Feywild — krainy niebezpiecznego piękna i bezkresnej magii. Dzięki tej magii eladrin może w mgnieniu oka przemieścić się z miejsca na miejsce. Każdy eladrin współbrzmi też z emocjami zaklętymi w Feywild pod postacią pór roku; powinowactwo to wpływa na jego nastrój i wygląd. Pora roku eladrina może się zmieniać, choć niektóre eladriny pozostają przy jednej na zawsze. Wybierz swoją porę roku albo wykonaj rzut zgodnie z tabelą Pory roku eladrinów. Cecha Trans pozwala ci zmieniać swoją porę roku.\n\nPodobnie jak inne elfy, eladriny mogą żyć ponad 750 lat.
h623638f6g1485g2672g2bfcg30f7140b3b47	MORFOLOGIK_RULE_PL_PL	Prawdopodobna literówka	eladrinów	Wykryto prawdopodobny błąd pisowni		Eladriny to elfy z Feywild — krainy niebezpiecznego piękna i bezkresnej magii. Dzięki tej magii eladrin może w mgnieniu oka przemieścić się z miejsca na miejsce. Każdy eladrin współbrzmi też z emocjami zaklętymi w Feywild pod postacią pór roku; powinowactwo to wpływa na jego nastrój i wygląd. Pora roku eladrina może się zmieniać, choć niektóre eladriny pozostają przy jednej na zawsze. Wybierz swoją porę roku albo wykonaj rzut zgodnie z tabelą Pory roku eladrinów. Cecha Trans pozwala ci zmieniać swoją porę roku.\n\nPodobnie jak inne elfy, eladriny mogą żyć ponad 750 lat.
h623638f6g1485g2672g2bfcg30f7140b3b47	MORFOLOGIK_RULE_PL_PL	Prawdopodobna literówka	eladriny	Wykryto prawdopodobny błąd pisowni		Eladriny to elfy z Feywild — krainy niebezpiecznego piękna i bezkresnej magii. Dzięki tej magii eladrin może w mgnieniu oka przemieścić się z miejsca na miejsce. Każdy eladrin współbrzmi też z emocjami zaklętymi w Feywild pod postacią pór roku; powinowactwo to wpływa na jego nastrój i wygląd. Pora roku eladrina może się zmieniać, choć niektóre eladriny pozostają przy jednej na zawsze. Wybierz swoją porę roku albo wykonaj rzut zgodnie z tabelą Pory roku eladrinów. Cecha Trans pozwala ci zmieniać swoją porę roku.\n\nPodobnie jak inne elfy, eladriny mogą żyć ponad 750 lat.
hee892110g8f20gdbb7g60f8g274ed51075aa	MORFOLOGIK_RULE_PL_PL	Prawdopodobna literówka	fey	Wykryto prawdopodobny błąd pisowni	fe, fen, key, fes, fez, fee, Fe, Feb	Krok fey
hd5282a6cg61c4g9090gb19ag4594d3d35701	MORFOLOGIK_RULE_PL_PL	Prawdopodobna literówka	Fey	Wykryto prawdopodobny błąd pisowni	Fe, Fen, Key, Fes, Fez, Fee, Feb, Feby	Krok Fey: Jesień
hb284f5d4gf341g5049g2ce3g9ea223e41a38	MORFOLOGIK_RULE_PL_PL	Prawdopodobna literówka	Fey	Wykryto prawdopodobny błąd pisowni	Fe, Fen, Key, Fes, Fez, Fee, Feb, Feby	Natychmiast po użyciu Kroku Fey maksymalnie dwie wybrane przez ciebie widoczne istoty w promieniu 3 m od ciebie muszą wykonać udany rzut obronny na Mądrość albo otrzymują stan Zauroczenia na 1 minutę, do chwili, gdy ty lub twoi towarzysze zadacie im jakiekolwiek obrażenia.
h9aebcc08g580fg3628g9378gf3b3f0400749	MORFOLOGIK_RULE_PL_PL	Prawdopodobna literówka	Fey	Wykryto prawdopodobny błąd pisowni	Fe, Fen, Key, Fes, Fez, Fee, Feb, Feby	Krok Fey: Lato
heaea9b90g45ccg4408gc5e5g09ea686c3a9c	MORFOLOGIK_RULE_PL_PL	Prawdopodobna literówka	Fey	Wykryto prawdopodobny błąd pisowni	Fe, Fen, Key, Fes, Fez, Fee, Feb, Feby	Krok Fey: Wiosna
h5e6a75a1ga1edg6dcfge091g620017e990cc	MORFOLOGIK_RULE_PL_PL	Prawdopodobna literówka	Fey	Wykryto prawdopodobny błąd pisowni	Fe, Fen, Key, Fes, Fez, Fee, Feb, Feby	Krok Fey: Zima
hfa86f65dg33d6g9ea6g0948gfbf198214a31	MORFOLOGIK_RULE_PL_PL	Prawdopodobna literówka	fey	Wykryto prawdopodobny błąd pisowni	fe, fen, key, fes, fez, fee, Fe, Feb	Gdy używasz Kroku fey, przed teleportacją wybierz jedną widoczną istotę w promieniu 1,5 m od siebie. Istota wykonuje rzut obronny na Mądrość. Przy niepowodzeniu otrzymuje do końca twojej następnej tury stan Przerażenia, którego źródłem jesteś.
hccff7485gca62gd284gdabagfbef3ee11653	MORFOLOGIK_RULE_PL_PL	Prawdopodobna literówka	Fey	Wykryto prawdopodobny błąd pisowni	Fe, Fen, Key, Fes, Fez, Fee, Feb, Feby	Krok Fey: Zima
h9cda9df5g341bg90cag16e9gfc25dc9df498	MORFOLOGIK_RULE_PL_PL	Prawdopodobna literówka	Fey	Wykryto prawdopodobny błąd pisowni	Fe, Fen, Key, Fes, Fez, Fee, Feb, Feby	Gdy używasz Kroku Fey, możesz dotknąć chętnej istoty w promieniu 1,5 m od siebie. Teleportuje się ona zamiast ciebie i pojawia na wybranym przez ciebie widocznym, niezajętym miejscu w promieniu 9 m od ciebie.
h4a8a3d05ged7ag55e3g1276g814259823391	MORFOLOGIK_RULE_PL_PL	Prawdopodobna literówka	Fey	Wykryto prawdopodobny błąd pisowni	Fe, Fen, Key, Fes, Fez, Fee, Feb, Feby	Natychmiast po użyciu Kroku Fey każda wybrana przez ciebie widoczna istota w promieniu 1,5 m od ciebie otrzymuje obrażenia od ognia równe twojej premii z biegłości.
h9a4f2b81gd37eg46c2gb058ge1d93f7a2c46	SKROTY_Z_KROPKA	Błędy ortograficzne	ST	"Ten skrót piszemy z kropką: ""ST."""	ST.	Wydaj akcję i komórkę czaru, aby skierować swoją magię przez swój duplikat. W swojej turze może rzucić jedno z przygotowanych przez ciebie czarów w tym miejscu, korzystając ze ST obronnego czarów i premii do ataku czarami – pozwalając ci rzucać tak, jakbyś znajdował się w przestrzeni iluzji.
h7b2e4d19gc63fg41a8gb95egf2c8a3d716b0	SKROTY_Z_KROPKA	Błędy ortograficzne	ST	"Ten skrót piszemy z kropką: ""ST."""	ST.	W swojej turze może rzucić jeden z przygotowanych przez kleryka czarów, zużywając jego komórkę czaru oraz korzystając z jego ST obrony przed czarami i premii do ataku czarami.
hb1c6082fg95a4g4e37g8d16gf3ae92c04751	SKROTY_Z_KROPKA	Błędy ortograficzne	ST	"Ten skrót piszemy z kropką: ""ST."""	ST.	Wydaj akcję, aby skierować swoją magię przez swój duplikat. W swojej turze może rzucić jedną z twoich sztuczek, wykorzystując ST obronny czarów i premię do ataku czarów – pozwalając ci rzucać tak, jakbyś znajdował się w przestrzeni iluzji.
h6f81c3a5g47deg4b92g8a03gd15f92c7be48	SKROTY_Z_KROPKA	Błędy ortograficzne	ST	"Ten skrót piszemy z kropką: ""ST."""	ST.	W swojej turze może rzucić jedną ze sztuczek kleryka, korzystając z jego ST obrony przed czarami i premii do ataku czarami.
hdff60bb5g1f26gb017g65bfg79be313aab62	MORFOLOGIK_RULE_PL_PL	Prawdopodobna literówka	1k4	Wykryto prawdopodobny błąd pisowni		Jeśli w tej samej turze poruszysz się nie więcej niż o połowę ze swoją szybkością i trafisz istotę atakiem bronią dystansową, możesz użyć akcji dodatkowej, aby atak zadał 1k4 dodatkowe obrażenia typu broni.
hd51ae331gb1a0gb3bfg9c3bg17441135a4c2	MORFOLOGIK_RULE_PL_PL	Prawdopodobna literówka	1k8	Wykryto prawdopodobny błąd pisowni		Wybierz jedną z poniższych opcji cechy. Po każdym krótkim albo długim odpoczynku możesz zastąpić wybraną opcję drugą.\n\nPogromca kolosów\nTwoja wytrwałość może osłabić nawet najbardziej odpornych wrogów. Gdy trafiasz istotę bronią, zadajesz jej dodatkowe 1k8 obrażeń, jeśli utraciła choć 1 punkt wytrzymałości. Te dodatkowe obrażenia możesz zadać tylko raz na turę.\n\nŁamacz hordy\nRaz w każdej swojej turze, gdy wykonujesz atak bronią, możesz wykonać jeszcze jeden atak tą samą bronią przeciwko innej istocie, która znajduje się w promieniu 1,5 m od pierwotnego celu i w zasięgu broni oraz nie była jeszcze celem twojego ataku w tej turze.
hd51ae331gb1a0gb3bfg9c3bg17441135a4c2	BRAK_PRZECINKA_SPOJNIK_PROSTY	Błędy interpunkcyjne	utraciła choć	"Przed tym spójnikiem zwykle stawiamy przecinek: ""utraciła, choć"" (chyba że ten wyraz jest użyty jako synonim „bodaj”, „przynajmniej”)."	utraciła, choć	Wybierz jedną z poniższych opcji cechy. Po każdym krótkim albo długim odpoczynku możesz zastąpić wybraną opcję drugą.\n\nPogromca kolosów\nTwoja wytrwałość może osłabić nawet najbardziej odpornych wrogów. Gdy trafiasz istotę bronią, zadajesz jej dodatkowe 1k8 obrażeń, jeśli utraciła choć 1 punkt wytrzymałości. Te dodatkowe obrażenia możesz zadać tylko raz na turę.\n\nŁamacz hordy\nRaz w każdej swojej turze, gdy wykonujesz atak bronią, możesz wykonać jeszcze jeden atak tą samą bronią przeciwko innej istocie, która znajduje się w promieniu 1,5 m od pierwotnego celu i w zasięgu broni oraz nie była jeszcze celem twojego ataku w tej turze.
h30d5708dgfa9eg4556ga8b6g4baa0e34f874	BRAK_PRZECINKA_GDY	Błędy interpunkcyjne	atakiem Gdy	"Przed tym spójnikiem stawiamy przecinek: ""atakiem, Gdy""."	atakiem, Gdy	Wybierz jedną z poniższych opcji zdolności. Po każdym krótkim albo długim odpoczynku możesz zastąpić wybraną opcję drugą.\n\nUcieczka przed hordą\nAtaki okazyjne przeciwko tobie są wykonywane z utrudnieniem.\n\nObrona przed wielokrotnym atakiem\nGdy istota trafi cię atakiem, do końca tej tury ma utrudnienie we wszystkich pozostałych testach ataku przeciwko tobie.
he100fd97g8c61g7accgc8ecg6628146a240d	MORFOLOGIK_RULE_PL_PL	Prawdopodobna literówka	1k8	Wykryto prawdopodobny błąd pisowni		Twoja nieustępliwość potrafi wyczerpać nawet najwytrzymalszych wrogów. Gdy trafiasz istotę bronią, a cel nie ma pełnych punktów wytrzymałości, broń zadaje mu dodatkowe 1k8 obrażeń. Możesz zadać te dodatkowe obrażenia tylko raz na turę.
hc69907d4g8c9eg708ag8797ge1e6e4d47653	UPPERCASE_SENTENCE_START	Pisownia małą i wielką literą	poziomu	To zdanie nie zaczyna się wielką literą	Poziomu	"Wydaj [1] punktów zaklinania, aby odblokować <LSTag Tooltip=""SpellSlot"">komórkę czaru</LSTag> [2]. poziomu. Utworzenie kolejnej komórki czaru tego samego poziomu nie przyniesie efektu, dopóki ta nie zostanie użyta."
hba2e93bcg0b57g355dg5803gd6ef0f19efec	MORFOLOGIK_RULE_PL_PL	Prawdopodobna literówka	k20	Wykryto prawdopodobny błąd pisowni	KRO, K2, KKO	Ma utrudnienie w następnym teście k20, który przeprowadza.
h1a0652aag04b6g8cb4gead0g81c1b91c9fb6	MORFOLOGIK_RULE_PL_PL	Prawdopodobna literówka	1k10	Wykryto prawdopodobny błąd pisowni		W ramach akcji dodatkowej stajesz się ucieleśnieniem przerażającej mocy swojego patrona. Poniższe korzyści utrzymują się przez 1 minutę, do chwili otrzymania stanu Obezwładnienia albo do zakończenia przemiany (bez użycia akcji). Możesz przemienić się tyle razy, ile wynosi twój modyfikator Charyzmy (co najmniej raz), a odzyskujesz wszystkie użycia po długim odpoczynku.\n\nPozór życia. Zyskujesz tymczasowe punkty wytrzymałości w liczbie równej 1k10 plus twój poziom Czarownika.\n\nNieustraszona postać. Zyskujesz niewrażliwość na Przerażenie. Jeśli podczas przemiany masz stan Przerażenia, stan ten natychmiast się kończy.\n\nPrzerażający awatar. Raz na turę, gdy trafisz istotę testem ataku, możesz zmusić ją do wykonania rzutu obronnego na Mądrość przeciwko twojemu ST obrony przed czarami. Przy niepowodzeniu cel otrzymuje stan Przerażenia do końca twojej następnej tury.
h1a0652aag04b6g8cb4gead0g81c1b91c9fb6	SKROTY_Z_KROPKA	Błędy ortograficzne	ST	"Ten skrót piszemy z kropką: ""ST."""	ST.	W ramach akcji dodatkowej stajesz się ucieleśnieniem przerażającej mocy swojego patrona. Poniższe korzyści utrzymują się przez 1 minutę, do chwili otrzymania stanu Obezwładnienia albo do zakończenia przemiany (bez użycia akcji). Możesz przemienić się tyle razy, ile wynosi twój modyfikator Charyzmy (co najmniej raz), a odzyskujesz wszystkie użycia po długim odpoczynku.\n\nPozór życia. Zyskujesz tymczasowe punkty wytrzymałości w liczbie równej 1k10 plus twój poziom Czarownika.\n\nNieustraszona postać. Zyskujesz niewrażliwość na Przerażenie. Jeśli podczas przemiany masz stan Przerażenia, stan ten natychmiast się kończy.\n\nPrzerażający awatar. Raz na turę, gdy trafisz istotę testem ataku, możesz zmusić ją do wykonania rzutu obronnego na Mądrość przeciwko twojemu ST obrony przed czarami. Przy niepowodzeniu cel otrzymuje stan Przerażenia do końca twojej następnej tury.
h36874237g25b1g47eag13bdg179ffd6b4ec6	SKROTY_Z_KROPKA	Błędy ortograficzne	ST	"Ten skrót piszemy z kropką: ""ST."""	ST.	Raz na turę, gdy trafisz istotę testem ataku, możesz zmusić ją do wykonania rzutu obronnego na Mądrość przeciwko twojemu ST obrony przed czarami. Przy niepowodzeniu cel otrzymuje stan Przerażenia do końca twojej następnej tury.
ha34e254dg39c8gc52bg7259gaa9e2bf59233	MORFOLOGIK_RULE_PL_PL	Prawdopodobna literówka	1k10	Wykryto prawdopodobny błąd pisowni		W ramach akcji dodatkowej stajesz się ucieleśnieniem przerażającej mocy swojego patrona. Poniższe korzyści utrzymują się przez 1 minutę, do chwili otrzymania stanu Obezwładnienia albo do zakończenia przemiany (bez użycia akcji). Możesz przemienić się tyle razy, ile wynosi twój modyfikator Charyzmy (co najmniej raz), a odzyskujesz wszystkie użycia po długim odpoczynku.\n\nPozór życia. Zyskujesz tymczasowe punkty wytrzymałości w liczbie równej 1k10 plus twój poziom Czarownika.\n\nNieustraszona postać. Zyskujesz niewrażliwość na Przerażenie. Jeśli podczas przemiany masz stan Przerażenia, stan ten natychmiast się kończy.\n\nPrzerażający awatar. Raz na turę, gdy trafisz istotę testem ataku, możesz zmusić ją do wykonania rzutu obronnego na Mądrość przeciwko twojemu ST obrony przed czarami. Przy niepowodzeniu cel otrzymuje stan Przerażenia do końca twojej następnej tury.
ha34e254dg39c8gc52bg7259gaa9e2bf59233	SKROTY_Z_KROPKA	Błędy ortograficzne	ST	"Ten skrót piszemy z kropką: ""ST."""	ST.	W ramach akcji dodatkowej stajesz się ucieleśnieniem przerażającej mocy swojego patrona. Poniższe korzyści utrzymują się przez 1 minutę, do chwili otrzymania stanu Obezwładnienia albo do zakończenia przemiany (bez użycia akcji). Możesz przemienić się tyle razy, ile wynosi twój modyfikator Charyzmy (co najmniej raz), a odzyskujesz wszystkie użycia po długim odpoczynku.\n\nPozór życia. Zyskujesz tymczasowe punkty wytrzymałości w liczbie równej 1k10 plus twój poziom Czarownika.\n\nNieustraszona postać. Zyskujesz niewrażliwość na Przerażenie. Jeśli podczas przemiany masz stan Przerażenia, stan ten natychmiast się kończy.\n\nPrzerażający awatar. Raz na turę, gdy trafisz istotę testem ataku, możesz zmusić ją do wykonania rzutu obronnego na Mądrość przeciwko twojemu ST obrony przed czarami. Przy niepowodzeniu cel otrzymuje stan Przerażenia do końca twojej następnej tury.
h77baae07gb508ga5a7g250fg1e4e4b4a196c	SKROTY_Z_KROPKA	Błędy ortograficzne	ST	"Ten skrót piszemy z kropką: ""ST."""	ST.	Gdy twoje punkty wytrzymałości spadną do 0, ale nie zginiesz od razu, możesz sprawić, że twoje ciało wybuchnie śmiercionośną energią. Każda wybrana przez ciebie istota w emanacji o promieniu 9 m, której źródłem jesteś, wykonuje rzut obronny na Kondycję przeciwko twojemu ST obrony przed czarami. Przy niepowodzeniu otrzymuje obrażenia nekrotyczne równe sumie 2k10 i twojego modyfikatora Charyzmy, a przy powodzeniu — połowę tych obrażeń. Następnie twoje punkty wytrzymałości wynoszą dwukrotność twojego poziomu czarownika, a ty zyskujesz 1 poziom Wyczerpania.
h77baae07gb508ga5a7g250fg1e4e4b4a196c	MORFOLOGIK_RULE_PL_PL	Prawdopodobna literówka	2k10	Wykryto prawdopodobny błąd pisowni		Gdy twoje punkty wytrzymałości spadną do 0, ale nie zginiesz od razu, możesz sprawić, że twoje ciało wybuchnie śmiercionośną energią. Każda wybrana przez ciebie istota w emanacji o promieniu 9 m, której źródłem jesteś, wykonuje rzut obronny na Kondycję przeciwko twojemu ST obrony przed czarami. Przy niepowodzeniu otrzymuje obrażenia nekrotyczne równe sumie 2k10 i twojego modyfikatora Charyzmy, a przy powodzeniu — połowę tych obrażeń. Następnie twoje punkty wytrzymałości wynoszą dwukrotność twojego poziomu czarownika, a ty zyskujesz 1 poziom Wyczerpania.
h0fab1115gf226ge8beg030ag68b6e3209ba0	MORFOLOGIK_RULE_PL_PL	Prawdopodobna literówka	żywiołaków	Wykryto prawdopodobny błąd pisowni		Wyczarowanie mniejszych żywiołaków: Kwas
hd306880fga010ga0ccgee6agf2546072d84f	MORFOLOGIK_RULE_PL_PL	Prawdopodobna literówka	żywiołaków	Wykryto prawdopodobny błąd pisowni		Wyczarowanie mniejszych żywiołaków: Zimno
h4873e0cdg3743g9b38gd242g3b9762fc3916	MORFOLOGIK_RULE_PL_PL	Prawdopodobna literówka	żywiołaków	Wykryto prawdopodobny błąd pisowni		Wyczarowanie mniejszych żywiołaków: Ogień
hdc99cc75g8f81g0397g1018gfde4fcc5be57	MORFOLOGIK_RULE_PL_PL	Prawdopodobna literówka	żywiołaków	Wykryto prawdopodobny błąd pisowni		Wyczarowanie mniejszych żywiołaków: Elektryczność
h94c82192gf055gfc18gd5bfgfcedb51b258c	MORFOLOGIK_RULE_PL_PL	Prawdopodobna literówka	żywiołaków	Wykryto prawdopodobny błąd pisowni		Przywołaj cel mniejszych żywiołaków
h20a9acf5g3464g7749g7665g0da6684092ca	MORFOLOGIK_RULE_PL_PL	Prawdopodobna literówka	żywiołaka	Wykryto prawdopodobny błąd pisowni	żywioł aka	"Objęta emanacją czaru <LSTag Type=""Spell"" Tooltip=""Target_ConjureElementals_Minor_Container"">Przywołanie mniejszego żywiołaka</LSTag>: podłoże pod tą istotą jest trudnym terenem, a ataki rzucającego zadają jej dodatkowe obrażenia."
h2062d507ga208geb5bg6efbgb6d4495bc37f	MORFOLOGIK_RULE_PL_PL	Prawdopodobna literówka	Dampir	Wykryto prawdopodobny błąd pisowni	Wampir	Dampir
hdabd9808g7c04g0dd6g69e1g9203e3e1b10f	MORFOLOGIK_RULE_PL_PL	Prawdopodobna literówka	Dampiry	Wykryto prawdopodobny błąd pisowni	Wampiry	Dampiry to żywi ludzie, którzy mają wampiryczne zdolności, ale są przeklęci makabrycznym głodem. Większość dampirów pragnie krwi, ale niektóre czerpią pożywienie ze snów, energii życiowej lub innych ważnych źródeł. Dampiry muszą wybrać, czy walczyć, aby kontrolować swój głód, czy poddać się drapieżnym pragnieniom.
hdabd9808g7c04g0dd6g69e1g9203e3e1b10f	MORFOLOGIK_RULE_PL_PL	Prawdopodobna literówka	dampirów	Wykryto prawdopodobny błąd pisowni	wampirów, tapirów	Dampiry to żywi ludzie, którzy mają wampiryczne zdolności, ale są przeklęci makabrycznym głodem. Większość dampirów pragnie krwi, ale niektóre czerpią pożywienie ze snów, energii życiowej lub innych ważnych źródeł. Dampiry muszą wybrać, czy walczyć, aby kontrolować swój głód, czy poddać się drapieżnym pragnieniom.
hdabd9808g7c04g0dd6g69e1g9203e3e1b10f	MORFOLOGIK_RULE_PL_PL	Prawdopodobna literówka	Dampiry	Wykryto prawdopodobny błąd pisowni	Wampiry	Dampiry to żywi ludzie, którzy mają wampiryczne zdolności, ale są przeklęci makabrycznym głodem. Większość dampirów pragnie krwi, ale niektóre czerpią pożywienie ze snów, energii życiowej lub innych ważnych źródeł. Dampiry muszą wybrać, czy walczyć, aby kontrolować swój głód, czy poddać się drapieżnym pragnieniom.
h9bbb65acg9a53g5e2fg3d2bg72c88bd8aa4c	MORFOLOGIK_RULE_PL_PL	Prawdopodobna literówka	Dampir	Wykryto prawdopodobny błąd pisowni	Wampir	Dampir
he3f7387fg90edg9ee5ga8a0g4c1f567b531b	MORFOLOGIK_RULE_PL_PL	Prawdopodobna literówka	Dampiry	Wykryto prawdopodobny błąd pisowni	Wampiry	Dampiry to żywi ludzie, którzy mają wampiryczne zdolności, ale są przeklęci makabrycznym głodem. Większość dampirów pragnie krwi, ale niektóre czerpią pożywienie ze snów, energii życiowej lub innych ważnych źródeł. Dampiry muszą wybrać, czy walczyć, aby kontrolować swój głód, czy poddać się drapieżnym pragnieniom.
he3f7387fg90edg9ee5ga8a0g4c1f567b531b	MORFOLOGIK_RULE_PL_PL	Prawdopodobna literówka	dampirów	Wykryto prawdopodobny błąd pisowni	wampirów, tapirów	Dampiry to żywi ludzie, którzy mają wampiryczne zdolności, ale są przeklęci makabrycznym głodem. Większość dampirów pragnie krwi, ale niektóre czerpią pożywienie ze snów, energii życiowej lub innych ważnych źródeł. Dampiry muszą wybrać, czy walczyć, aby kontrolować swój głód, czy poddać się drapieżnym pragnieniom.
he3f7387fg90edg9ee5ga8a0g4c1f567b531b	MORFOLOGIK_RULE_PL_PL	Prawdopodobna literówka	Dampiry	Wykryto prawdopodobny błąd pisowni	Wampiry	Dampiry to żywi ludzie, którzy mają wampiryczne zdolności, ale są przeklęci makabrycznym głodem. Większość dampirów pragnie krwi, ale niektóre czerpią pożywienie ze snów, energii życiowej lub innych ważnych źródeł. Dampiry muszą wybrać, czy walczyć, aby kontrolować swój głód, czy poddać się drapieżnym pragnieniom.
hbd07df0ag30b5g6e8eg97fcg0d3596e797e9	MORFOLOGIK_RULE_PL_PL	Prawdopodobna literówka	Dampir	Wykryto prawdopodobny błąd pisowni	Wampir	Dampir
hb903494eg4f8egb72cgce52gb886ab263759	MORFOLOGIK_RULE_PL_PL	Prawdopodobna literówka	Dampiry	Wykryto prawdopodobny błąd pisowni	Wampiry	Dampiry to żywi ludzie, którzy mają wampiryczne zdolności, ale są przeklęci makabrycznym głodem. Większość dampirów pragnie krwi, ale niektóre czerpią pożywienie ze snów, energii życiowej lub innych ważnych źródeł. Dampiry muszą wybrać, czy walczyć, aby kontrolować swój głód, czy poddać się drapieżnym pragnieniom.
hb903494eg4f8egb72cgce52gb886ab263759	MORFOLOGIK_RULE_PL_PL	Prawdopodobna literówka	dampirów	Wykryto prawdopodobny błąd pisowni	wampirów, tapirów	Dampiry to żywi ludzie, którzy mają wampiryczne zdolności, ale są przeklęci makabrycznym głodem. Większość dampirów pragnie krwi, ale niektóre czerpią pożywienie ze snów, energii życiowej lub innych ważnych źródeł. Dampiry muszą wybrać, czy walczyć, aby kontrolować swój głód, czy poddać się drapieżnym pragnieniom.
hb903494eg4f8egb72cgce52gb886ab263759	MORFOLOGIK_RULE_PL_PL	Prawdopodobna literówka	Dampiry	Wykryto prawdopodobny błąd pisowni	Wampiry	Dampiry to żywi ludzie, którzy mają wampiryczne zdolności, ale są przeklęci makabrycznym głodem. Większość dampirów pragnie krwi, ale niektóre czerpią pożywienie ze snów, energii życiowej lub innych ważnych źródeł. Dampiry muszą wybrać, czy walczyć, aby kontrolować swój głód, czy poddać się drapieżnym pragnieniom.
h94129971gc83fgd6adgd6e8g3b455c734e19	MORFOLOGIK_RULE_PL_PL	Prawdopodobna literówka	Dampir	Wykryto prawdopodobny błąd pisowni	Wampir	Dampir
h3279c950ge636gc867g40ffg899c6928c2a3	MORFOLOGIK_RULE_PL_PL	Prawdopodobna literówka	Dampiry	Wykryto prawdopodobny błąd pisowni	Wampiry	Dampiry to żywi ludzie, którzy mają wampiryczne zdolności, ale są przeklęci makabrycznym głodem. Większość dampirów pragnie krwi, ale niektóre czerpią pożywienie ze snów, energii życiowej lub innych ważnych źródeł. Dampiry muszą wybrać, czy walczyć, aby kontrolować swój głód, czy poddać się drapieżnym pragnieniom.
h3279c950ge636gc867g40ffg899c6928c2a3	MORFOLOGIK_RULE_PL_PL	Prawdopodobna literówka	dampirów	Wykryto prawdopodobny błąd pisowni	wampirów, tapirów	Dampiry to żywi ludzie, którzy mają wampiryczne zdolności, ale są przeklęci makabrycznym głodem. Większość dampirów pragnie krwi, ale niektóre czerpią pożywienie ze snów, energii życiowej lub innych ważnych źródeł. Dampiry muszą wybrać, czy walczyć, aby kontrolować swój głód, czy poddać się drapieżnym pragnieniom.
h3279c950ge636gc867g40ffg899c6928c2a3	MORFOLOGIK_RULE_PL_PL	Prawdopodobna literówka	Dampiry	Wykryto prawdopodobny błąd pisowni	Wampiry	Dampiry to żywi ludzie, którzy mają wampiryczne zdolności, ale są przeklęci makabrycznym głodem. Większość dampirów pragnie krwi, ale niektóre czerpią pożywienie ze snów, energii życiowej lub innych ważnych źródeł. Dampiry muszą wybrać, czy walczyć, aby kontrolować swój głód, czy poddać się drapieżnym pragnieniom.
h1536d1d3ge2e9ge28dg516eg94798f8d7ebe	MORFOLOGIK_RULE_PL_PL	Prawdopodobna literówka	Gruumsha	Wykryto prawdopodobny błąd pisowni		Orkowie wywodzą swoje stworzenie od Gruumsha, potężnego boga, który przemierzał rozległe przestrzenie Sfery materialnej. Gruumsh obdarzył swoje dzieci darami, które miały im pomóc w wędrówkach po rozległych równinach, głębokich jaskiniach i wzburzonych morzach oraz w starciach z czyhającymi tam potworami. Nawet gdy poświęcają się innym bogom, orkowie zachowują dary Gruumsha: wytrzymałość, determinację i zdolność widzenia w ciemności.\n\nOrkowie są na ogół wysocy i dobrze zbudowani. Mają szarą skórę, ostro zakończone uszy i wystające dolne kły przypominające małe kły dzików. W niektórych światach młodzi orkowie słyszą opowieści o wielkich wędrówkach i trudach swoich przodków. Zainspirowani tymi historiami, wielu z nich zastanawia się, kiedy Gruumsh wezwie ich do dorównania bohaterskim czynom przeszłości i czy okażą się godni jego łaski. Inni orkowie chętnie pozostawiają stare opowieści w przeszłości i szukają własnej drogi.
h1536d1d3ge2e9ge28dg516eg94798f8d7ebe	MORFOLOGIK_RULE_PL_PL	Prawdopodobna literówka	Gruumsh	Wykryto prawdopodobny błąd pisowni		Orkowie wywodzą swoje stworzenie od Gruumsha, potężnego boga, który przemierzał rozległe przestrzenie Sfery materialnej. Gruumsh obdarzył swoje dzieci darami, które miały im pomóc w wędrówkach po rozległych równinach, głębokich jaskiniach i wzburzonych morzach oraz w starciach z czyhającymi tam potworami. Nawet gdy poświęcają się innym bogom, orkowie zachowują dary Gruumsha: wytrzymałość, determinację i zdolność widzenia w ciemności.\n\nOrkowie są na ogół wysocy i dobrze zbudowani. Mają szarą skórę, ostro zakończone uszy i wystające dolne kły przypominające małe kły dzików. W niektórych światach młodzi orkowie słyszą opowieści o wielkich wędrówkach i trudach swoich przodków. Zainspirowani tymi historiami, wielu z nich zastanawia się, kiedy Gruumsh wezwie ich do dorównania bohaterskim czynom przeszłości i czy okażą się godni jego łaski. Inni orkowie chętnie pozostawiają stare opowieści w przeszłości i szukają własnej drogi.
h1536d1d3ge2e9ge28dg516eg94798f8d7ebe	MORFOLOGIK_RULE_PL_PL	Prawdopodobna literówka	Gruumsha	Wykryto prawdopodobny błąd pisowni		Orkowie wywodzą swoje stworzenie od Gruumsha, potężnego boga, który przemierzał rozległe przestrzenie Sfery materialnej. Gruumsh obdarzył swoje dzieci darami, które miały im pomóc w wędrówkach po rozległych równinach, głębokich jaskiniach i wzburzonych morzach oraz w starciach z czyhającymi tam potworami. Nawet gdy poświęcają się innym bogom, orkowie zachowują dary Gruumsha: wytrzymałość, determinację i zdolność widzenia w ciemności.\n\nOrkowie są na ogół wysocy i dobrze zbudowani. Mają szarą skórę, ostro zakończone uszy i wystające dolne kły przypominające małe kły dzików. W niektórych światach młodzi orkowie słyszą opowieści o wielkich wędrówkach i trudach swoich przodków. Zainspirowani tymi historiami, wielu z nich zastanawia się, kiedy Gruumsh wezwie ich do dorównania bohaterskim czynom przeszłości i czy okażą się godni jego łaski. Inni orkowie chętnie pozostawiają stare opowieści w przeszłości i szukają własnej drogi.
h1536d1d3ge2e9ge28dg516eg94798f8d7ebe	MORFOLOGIK_RULE_PL_PL	Prawdopodobna literówka	Gruumsh	Wykryto prawdopodobny błąd pisowni		Orkowie wywodzą swoje stworzenie od Gruumsha, potężnego boga, który przemierzał rozległe przestrzenie Sfery materialnej. Gruumsh obdarzył swoje dzieci darami, które miały im pomóc w wędrówkach po rozległych równinach, głębokich jaskiniach i wzburzonych morzach oraz w starciach z czyhającymi tam potworami. Nawet gdy poświęcają się innym bogom, orkowie zachowują dary Gruumsha: wytrzymałość, determinację i zdolność widzenia w ciemności.\n\nOrkowie są na ogół wysocy i dobrze zbudowani. Mają szarą skórę, ostro zakończone uszy i wystające dolne kły przypominające małe kły dzików. W niektórych światach młodzi orkowie słyszą opowieści o wielkich wędrówkach i trudach swoich przodków. Zainspirowani tymi historiami, wielu z nich zastanawia się, kiedy Gruumsh wezwie ich do dorównania bohaterskim czynom przeszłości i czy okażą się godni jego łaski. Inni orkowie chętnie pozostawiają stare opowieści w przeszłości i szukają własnej drogi.
h449084fbgb69ag0519ge52dg161d6d97eae4	MORFOLOGIK_RULE_PL_PL	Prawdopodobna literówka	Gruumsha	Wykryto prawdopodobny błąd pisowni		Orkowie wywodzą swoje stworzenie od Gruumsha, potężnego boga, który przemierzał rozległe przestrzenie Sfery materialnej. Gruumsh obdarzył swoje dzieci darami, które miały im pomóc w wędrówkach po rozległych równinach, głębokich jaskiniach i wzburzonych morzach oraz w starciach z czyhającymi tam potworami. Nawet gdy poświęcają się innym bogom, orkowie zachowują dary Gruumsha: wytrzymałość, determinację i zdolność widzenia w ciemności.
h449084fbgb69ag0519ge52dg161d6d97eae4	MORFOLOGIK_RULE_PL_PL	Prawdopodobna literówka	Gruumsh	Wykryto prawdopodobny błąd pisowni		Orkowie wywodzą swoje stworzenie od Gruumsha, potężnego boga, który przemierzał rozległe przestrzenie Sfery materialnej. Gruumsh obdarzył swoje dzieci darami, które miały im pomóc w wędrówkach po rozległych równinach, głębokich jaskiniach i wzburzonych morzach oraz w starciach z czyhającymi tam potworami. Nawet gdy poświęcają się innym bogom, orkowie zachowują dary Gruumsha: wytrzymałość, determinację i zdolność widzenia w ciemności.
h449084fbgb69ag0519ge52dg161d6d97eae4	MORFOLOGIK_RULE_PL_PL	Prawdopodobna literówka	Gruumsha	Wykryto prawdopodobny błąd pisowni		Orkowie wywodzą swoje stworzenie od Gruumsha, potężnego boga, który przemierzał rozległe przestrzenie Sfery materialnej. Gruumsh obdarzył swoje dzieci darami, które miały im pomóc w wędrówkach po rozległych równinach, głębokich jaskiniach i wzburzonych morzach oraz w starciach z czyhającymi tam potworami. Nawet gdy poświęcają się innym bogom, orkowie zachowują dary Gruumsha: wytrzymałość, determinację i zdolność widzenia w ciemności.
h498af51ag51c8geb62g0208g43489e7a4c7c	MORFOLOGIK_RULE_PL_PL	Prawdopodobna literówka	Gruumsha	Wykryto prawdopodobny błąd pisowni		Orkowie wywodzą swoje stworzenie od Gruumsha, potężnego boga, który przemierzał rozległe przestrzenie Sfery materialnej. Gruumsh obdarzył swoje dzieci darami, które miały im pomóc w wędrówkach po rozległych równinach, głębokich jaskiniach i wzburzonych morzach oraz w starciach z czyhającymi tam potworami. Nawet gdy poświęcają się innym bogom, orkowie zachowują dary Gruumsha: wytrzymałość, determinację i zdolność widzenia w ciemności.\n\nOrkowie są na ogół wysocy i dobrze zbudowani. Mają szarą skórę, ostro zakończone uszy i wystające dolne kły przypominające małe kły dzików. W niektórych światach młodzi orkowie słyszą opowieści o wielkich wędrówkach i trudach swoich przodków. Zainspirowani tymi historiami, wielu z nich zastanawia się, kiedy Gruumsh wezwie ich do dorównania bohaterskim czynom przeszłości i czy okażą się godni jego łaski. Inni orkowie chętnie pozostawiają stare opowieści w przeszłości i szukają własnej drogi.
h498af51ag51c8geb62g0208g43489e7a4c7c	MORFOLOGIK_RULE_PL_PL	Prawdopodobna literówka	Gruumsh	Wykryto prawdopodobny błąd pisowni		Orkowie wywodzą swoje stworzenie od Gruumsha, potężnego boga, który przemierzał rozległe przestrzenie Sfery materialnej. Gruumsh obdarzył swoje dzieci darami, które miały im pomóc w wędrówkach po rozległych równinach, głębokich jaskiniach i wzburzonych morzach oraz w starciach z czyhającymi tam potworami. Nawet gdy poświęcają się innym bogom, orkowie zachowują dary Gruumsha: wytrzymałość, determinację i zdolność widzenia w ciemności.\n\nOrkowie są na ogół wysocy i dobrze zbudowani. Mają szarą skórę, ostro zakończone uszy i wystające dolne kły przypominające małe kły dzików. W niektórych światach młodzi orkowie słyszą opowieści o wielkich wędrówkach i trudach swoich przodków. Zainspirowani tymi historiami, wielu z nich zastanawia się, kiedy Gruumsh wezwie ich do dorównania bohaterskim czynom przeszłości i czy okażą się godni jego łaski. Inni orkowie chętnie pozostawiają stare opowieści w przeszłości i szukają własnej drogi.
h498af51ag51c8geb62g0208g43489e7a4c7c	MORFOLOGIK_RULE_PL_PL	Prawdopodobna literówka	Gruumsha	Wykryto prawdopodobny błąd pisowni		Orkowie wywodzą swoje stworzenie od Gruumsha, potężnego boga, który przemierzał rozległe przestrzenie Sfery materialnej. Gruumsh obdarzył swoje dzieci darami, które miały im pomóc w wędrówkach po rozległych równinach, głębokich jaskiniach i wzburzonych morzach oraz w starciach z czyhającymi tam potworami. Nawet gdy poświęcają się innym bogom, orkowie zachowują dary Gruumsha: wytrzymałość, determinację i zdolność widzenia w ciemności.\n\nOrkowie są na ogół wysocy i dobrze zbudowani. Mają szarą skórę, ostro zakończone uszy i wystające dolne kły przypominające małe kły dzików. W niektórych światach młodzi orkowie słyszą opowieści o wielkich wędrówkach i trudach swoich przodków. Zainspirowani tymi historiami, wielu z nich zastanawia się, kiedy Gruumsh wezwie ich do dorównania bohaterskim czynom przeszłości i czy okażą się godni jego łaski. Inni orkowie chętnie pozostawiają stare opowieści w przeszłości i szukają własnej drogi.
h498af51ag51c8geb62g0208g43489e7a4c7c	MORFOLOGIK_RULE_PL_PL	Prawdopodobna literówka	Gruumsh	Wykryto prawdopodobny błąd pisowni		Orkowie wywodzą swoje stworzenie od Gruumsha, potężnego boga, który przemierzał rozległe przestrzenie Sfery materialnej. Gruumsh obdarzył swoje dzieci darami, które miały im pomóc w wędrówkach po rozległych równinach, głębokich jaskiniach i wzburzonych morzach oraz w starciach z czyhającymi tam potworami. Nawet gdy poświęcają się innym bogom, orkowie zachowują dary Gruumsha: wytrzymałość, determinację i zdolność widzenia w ciemności.\n\nOrkowie są na ogół wysocy i dobrze zbudowani. Mają szarą skórę, ostro zakończone uszy i wystające dolne kły przypominające małe kły dzików. W niektórych światach młodzi orkowie słyszą opowieści o wielkich wędrówkach i trudach swoich przodków. Zainspirowani tymi historiami, wielu z nich zastanawia się, kiedy Gruumsh wezwie ich do dorównania bohaterskim czynom przeszłości i czy okażą się godni jego łaski. Inni orkowie chętnie pozostawiają stare opowieści w przeszłości i szukają własnej drogi.
hefd844a2gf6d5g1299g89e1ge8acaed81bb9	MORFOLOGIK_RULE_PL_PL	Prawdopodobna literówka	Gruumsha	Wykryto prawdopodobny błąd pisowni		Orkowie wywodzą swe pochodzenie od Gruumsha, potężnego boga, który przemierzał rozległe przestrzenie Sfery Materialnej. Gruumsh obdarzył swoje dzieci darami pozwalającymi im wędrować po wielkich równinach, rozległych jaskiniach i wzburzonych morzach oraz stawiać czoła czającym się tam potworom. Nawet jeśli zaczynają czcić innych bogów, orkowie zachowują dary Gruumsha: wytrzymałość, determinację i zdolność widzenia w ciemności.
hefd844a2gf6d5g1299g89e1ge8acaed81bb9	MORFOLOGIK_RULE_PL_PL	Prawdopodobna literówka	Gruumsh	Wykryto prawdopodobny błąd pisowni		Orkowie wywodzą swe pochodzenie od Gruumsha, potężnego boga, który przemierzał rozległe przestrzenie Sfery Materialnej. Gruumsh obdarzył swoje dzieci darami pozwalającymi im wędrować po wielkich równinach, rozległych jaskiniach i wzburzonych morzach oraz stawiać czoła czającym się tam potworom. Nawet jeśli zaczynają czcić innych bogów, orkowie zachowują dary Gruumsha: wytrzymałość, determinację i zdolność widzenia w ciemności.
hefd844a2gf6d5g1299g89e1ge8acaed81bb9	MORFOLOGIK_RULE_PL_PL	Prawdopodobna literówka	Gruumsha	Wykryto prawdopodobny błąd pisowni		Orkowie wywodzą swe pochodzenie od Gruumsha, potężnego boga, który przemierzał rozległe przestrzenie Sfery Materialnej. Gruumsh obdarzył swoje dzieci darami pozwalającymi im wędrować po wielkich równinach, rozległych jaskiniach i wzburzonych morzach oraz stawiać czoła czającym się tam potworom. Nawet jeśli zaczynają czcić innych bogów, orkowie zachowują dary Gruumsha: wytrzymałość, determinację i zdolność widzenia w ciemności.
he31c01dfg72adg4db2g94c1gbc12a3a0e8c6	MORFOLOGIK_RULE_PL_PL	Prawdopodobna literówka	Dampir	Wykryto prawdopodobny błąd pisowni	Wampir	Dampir
h35285b67g36d4g40a2gb3cdg7f02716f722d	MORFOLOGIK_RULE_PL_PL	Prawdopodobna literówka	Dampiry	Wykryto prawdopodobny błąd pisowni	Wampiry	Dampiry to żywi ludzie, którzy mają wampiryczne zdolności, ale są przeklęci makabrycznym głodem. Większość dampirów pragnie krwi, ale niektóre czerpią pożywienie ze snów, energii życiowej lub innych ważnych źródeł. Dampiry muszą wybrać, czy walczyć, aby kontrolować swój głód, czy poddać się drapieżnym pragnieniom.
h35285b67g36d4g40a2gb3cdg7f02716f722d	MORFOLOGIK_RULE_PL_PL	Prawdopodobna literówka	dampirów	Wykryto prawdopodobny błąd pisowni	wampirów, tapirów	Dampiry to żywi ludzie, którzy mają wampiryczne zdolności, ale są przeklęci makabrycznym głodem. Większość dampirów pragnie krwi, ale niektóre czerpią pożywienie ze snów, energii życiowej lub innych ważnych źródeł. Dampiry muszą wybrać, czy walczyć, aby kontrolować swój głód, czy poddać się drapieżnym pragnieniom.
h35285b67g36d4g40a2gb3cdg7f02716f722d	MORFOLOGIK_RULE_PL_PL	Prawdopodobna literówka	Dampiry	Wykryto prawdopodobny błąd pisowni	Wampiry	Dampiry to żywi ludzie, którzy mają wampiryczne zdolności, ale są przeklęci makabrycznym głodem. Większość dampirów pragnie krwi, ale niektóre czerpią pożywienie ze snów, energii życiowej lub innych ważnych źródeł. Dampiry muszą wybrać, czy walczyć, aby kontrolować swój głód, czy poddać się drapieżnym pragnieniom.
h79606373g3860g4fcag9d5cg6a9759d91e00	MORFOLOGIK_RULE_PL_PL	Prawdopodobna literówka	Dampir	Wykryto prawdopodobny błąd pisowni	Wampir	Dampir
h0c09ad89g401cg4189g99c8g8286f4e0483a	MORFOLOGIK_RULE_PL_PL	Prawdopodobna literówka	Dampiry	Wykryto prawdopodobny błąd pisowni	Wampiry	Dampiry to żywi ludzie, którzy mają wampiryczne zdolności, ale są przeklęci makabrycznym głodem. Większość dampirów pragnie krwi, ale niektóre czerpią pożywienie ze snów, energii życiowej lub innych ważnych źródeł. Dampiry muszą wybrać, czy walczyć, aby kontrolować swój głód, czy poddać się drapieżnym pragnieniom.
h0c09ad89g401cg4189g99c8g8286f4e0483a	MORFOLOGIK_RULE_PL_PL	Prawdopodobna literówka	dampirów	Wykryto prawdopodobny błąd pisowni	wampirów, tapirów	Dampiry to żywi ludzie, którzy mają wampiryczne zdolności, ale są przeklęci makabrycznym głodem. Większość dampirów pragnie krwi, ale niektóre czerpią pożywienie ze snów, energii życiowej lub innych ważnych źródeł. Dampiry muszą wybrać, czy walczyć, aby kontrolować swój głód, czy poddać się drapieżnym pragnieniom.
h0c09ad89g401cg4189g99c8g8286f4e0483a	MORFOLOGIK_RULE_PL_PL	Prawdopodobna literówka	Dampiry	Wykryto prawdopodobny błąd pisowni	Wampiry	Dampiry to żywi ludzie, którzy mają wampiryczne zdolności, ale są przeklęci makabrycznym głodem. Większość dampirów pragnie krwi, ale niektóre czerpią pożywienie ze snów, energii życiowej lub innych ważnych źródeł. Dampiry muszą wybrać, czy walczyć, aby kontrolować swój głód, czy poddać się drapieżnym pragnieniom.
hcbcb6f63g49c5g4888gbb49g9e267fd66112	MORFOLOGIK_RULE_PL_PL	Prawdopodobna literówka	Dampir	Wykryto prawdopodobny błąd pisowni	Wampir	Dampir
h43b28878g821bg49faga46cgacaaa21bdd48	MORFOLOGIK_RULE_PL_PL	Prawdopodobna literówka	Dampiry	Wykryto prawdopodobny błąd pisowni	Wampiry	Dampiry to żywi ludzie, którzy mają wampiryczne zdolności, ale są przeklęci makabrycznym głodem. Większość dampirów pragnie krwi, ale niektóre czerpią pożywienie ze snów, energii życiowej lub innych ważnych źródeł. Dampiry muszą wybrać, czy walczyć, aby kontrolować swój głód, czy poddać się drapieżnym pragnieniom.
h43b28878g821bg49faga46cgacaaa21bdd48	MORFOLOGIK_RULE_PL_PL	Prawdopodobna literówka	dampirów	Wykryto prawdopodobny błąd pisowni	wampirów, tapirów	Dampiry to żywi ludzie, którzy mają wampiryczne zdolności, ale są przeklęci makabrycznym głodem. Większość dampirów pragnie krwi, ale niektóre czerpią pożywienie ze snów, energii życiowej lub innych ważnych źródeł. Dampiry muszą wybrać, czy walczyć, aby kontrolować swój głód, czy poddać się drapieżnym pragnieniom.
h43b28878g821bg49faga46cgacaaa21bdd48	MORFOLOGIK_RULE_PL_PL	Prawdopodobna literówka	Dampiry	Wykryto prawdopodobny błąd pisowni	Wampiry	Dampiry to żywi ludzie, którzy mają wampiryczne zdolności, ale są przeklęci makabrycznym głodem. Większość dampirów pragnie krwi, ale niektóre czerpią pożywienie ze snów, energii życiowej lub innych ważnych źródeł. Dampiry muszą wybrać, czy walczyć, aby kontrolować swój głód, czy poddać się drapieżnym pragnieniom.
hc27be60bgb35eg487dga123gd0fbacd7784b	MORFOLOGIK_RULE_PL_PL	Prawdopodobna literówka	Dampir	Wykryto prawdopodobny błąd pisowni	Wampir	Dampir
he55303e9g532dg411eg855ag9d677ac4ded9	MORFOLOGIK_RULE_PL_PL	Prawdopodobna literówka	Dampiry	Wykryto prawdopodobny błąd pisowni	Wampiry	Dampiry to żywi ludzie, którzy mają wampiryczne zdolności, ale są przeklęci makabrycznym głodem. Większość dampirów pragnie krwi, ale niektóre czerpią pożywienie ze snów, energii życiowej lub innych ważnych źródeł. Dampiry muszą wybrać, czy walczyć, aby kontrolować swój głód, czy poddać się drapieżnym pragnieniom.
he55303e9g532dg411eg855ag9d677ac4ded9	MORFOLOGIK_RULE_PL_PL	Prawdopodobna literówka	dampirów	Wykryto prawdopodobny błąd pisowni	wampirów, tapirów	Dampiry to żywi ludzie, którzy mają wampiryczne zdolności, ale są przeklęci makabrycznym głodem. Większość dampirów pragnie krwi, ale niektóre czerpią pożywienie ze snów, energii życiowej lub innych ważnych źródeł. Dampiry muszą wybrać, czy walczyć, aby kontrolować swój głód, czy poddać się drapieżnym pragnieniom.
he55303e9g532dg411eg855ag9d677ac4ded9	MORFOLOGIK_RULE_PL_PL	Prawdopodobna literówka	Dampiry	Wykryto prawdopodobny błąd pisowni	Wampiry	Dampiry to żywi ludzie, którzy mają wampiryczne zdolności, ale są przeklęci makabrycznym głodem. Większość dampirów pragnie krwi, ale niektóre czerpią pożywienie ze snów, energii życiowej lub innych ważnych źródeł. Dampiry muszą wybrać, czy walczyć, aby kontrolować swój głód, czy poddać się drapieżnym pragnieniom.
hd6166cf1gbef5ga79eg976cg003cafe77c08	MORFOLOGIK_RULE_PL_PL	Prawdopodobna literówka	1k6	Wykryto prawdopodobny błąd pisowni		Istota odejmuje 1k6 od swoich testów ataku i cech oraz od rzutów obronnych na Kondycję wykonywanych w celu podtrzymania koncentracji. Na końcu każdej swojej tury wykonuje rzut obronny na Inteligencję; przy powodzeniu efekt się kończy.
he9d03706g649dg72b5g3adeg7dd6358e9597	MORFOLOGIK_RULE_PL_PL	Prawdopodobna literówka	k6	Wykryto prawdopodobny błąd pisowni	km, kg, ks, ku, KC, kW, KP, KK	Możesz ciskać żarzącymi się pociskami magicznej światłości.\n\nZyskujesz nową opcję ataku, której możesz użyć w ramach akcji Ataku. Ten specjalny atak jest dystansowym atakiem czarem o zasięgu 9 m. Masz w nim biegłość i dodajesz swój modyfikator Zręczności do testów ataku oraz rzutów na obrażenia. Atak zadaje obrażenia od światłości, a jego kością obrażeń jest k6. Kość ta zmienia się wraz z twoimi poziomami mnicha zgodnie z kolumną Sztuki walki w tabeli Mnicha.\n\nGdy w swojej turze wykonujesz akcję Ataku i używasz w jej ramach tego specjalnego ataku, możesz zużyć 1 punkt ki, aby w ramach akcji dodatkowej wykonać go dwukrotnie.\n\nPo zyskaniu zdolności Dodatkowy atak możesz użyć tego specjalnego ataku zamiast dowolnego ataku wykonywanego w ramach akcji Ataku.
hb2e332fcgcd11g8a05g95d2g1993d892d032	ADJ_SUBST_ADJ_UNIFY	Błędy składniowe	dodatkowe punkty ki	Przypuszczalnie brak zgodności form przypadków przymiotników i rzeczownika: dodatkowe punkty ki.		Zyskujesz zdolność kierowania swojego ki w palące fale energii. Natychmiast po wykonaniu akcji Ataku w swojej turze możesz wydać 2 punkty Ki, aby rzucić czar płonących rąk jako akcję dodatkową.\n\nMożesz wydać dodatkowe punkty ki, aby rzucić płonące ręce jako czar wyższego poziomu. Każdy dodatkowy punkt ki, który wydasz, zwiększa poziom czaru o 1. Maksymalna liczba punktów ki (2 plus dodatkowe punkty), które możesz wydać na czar, wynosi połowę twojego poziomu mnicha.
h1fe50343g3067g0a7cg5c9egd0f5250b5e84	MORFOLOGIK_RULE_PL_PL	Prawdopodobna literówka	2k6	Wykryto prawdopodobny błąd pisowni		Zyskujesz zdolność tworzenia kuli światła, która wybucha z niszczycielską siłą. W ramach akcji magicznie tworzysz kulę i rzucasz ją w wybrany punkt w promieniu 45 m. Tam przez krótką, lecz zabójczą chwilę eksploduje ona jako sfera światłości.\n\nKażda istota w kuli o promieniu 6 m musi wykonać rzut obronny na Kondycję; w razie niepowodzenia otrzymuje 2k6 obrażeń od światłości. Istota znajdująca się za nieprzezroczystą pełną osłoną nie musi wykonywać tego rzutu.\n\nMożesz zwiększyć obrażenia, wydając punkty ki. Każdy wydany punkt, maksymalnie 3, zwiększa obrażenia o 2k6.
h1fe50343g3067g0a7cg5c9egd0f5250b5e84	SUBST_ADJ_UNIFY	Błędy składniowe	punkty ki	Przypuszczalnie brak zgodności form przypadków rzeczownika i przymiotnika: punkty ki.		Zyskujesz zdolność tworzenia kuli światła, która wybucha z niszczycielską siłą. W ramach akcji magicznie tworzysz kulę i rzucasz ją w wybrany punkt w promieniu 45 m. Tam przez krótką, lecz zabójczą chwilę eksploduje ona jako sfera światłości.\n\nKażda istota w kuli o promieniu 6 m musi wykonać rzut obronny na Kondycję; w razie niepowodzenia otrzymuje 2k6 obrażeń od światłości. Istota znajdująca się za nieprzezroczystą pełną osłoną nie musi wykonywać tego rzutu.\n\nMożesz zwiększyć obrażenia, wydając punkty ki. Każdy wydany punkt, maksymalnie 3, zwiększa obrażenia o 2k6.
h1fe50343g3067g0a7cg5c9egd0f5250b5e84	MORFOLOGIK_RULE_PL_PL	Prawdopodobna literówka	2k6	Wykryto prawdopodobny błąd pisowni		Zyskujesz zdolność tworzenia kuli światła, która wybucha z niszczycielską siłą. W ramach akcji magicznie tworzysz kulę i rzucasz ją w wybrany punkt w promieniu 45 m. Tam przez krótką, lecz zabójczą chwilę eksploduje ona jako sfera światłości.\n\nKażda istota w kuli o promieniu 6 m musi wykonać rzut obronny na Kondycję; w razie niepowodzenia otrzymuje 2k6 obrażeń od światłości. Istota znajdująca się za nieprzezroczystą pełną osłoną nie musi wykonywać tego rzutu.\n\nMożesz zwiększyć obrażenia, wydając punkty ki. Każdy wydany punkt, maksymalnie 3, zwiększa obrażenia o 2k6.
he2204be6g0a15geff5g35a0g192affa407ee	MORFOLOGIK_RULE_PL_PL	Prawdopodobna literówka	1k10	Wykryto prawdopodobny błąd pisowni		Cel otrzymuje dodatkowe 1k10 obrażeń od ognia.
h0e59eedfg13a0g2433g31c1g969915edce8d	MORFOLOGIK_RULE_PL_PL	Prawdopodobna literówka	1k6	Wykryto prawdopodobny błąd pisowni		Cel otrzymuje dodatkowe 1k6 obrażeń od zimna. Jeśli cel jest istotą, musi wykonać udany rzut obronny na Kondycję; w przeciwnym razie jego szybkość spada do 0 do początku twojej następnej tury.
h05ec7064ga697gdc69g5003g66e24f5cb04b	MORFOLOGIK_RULE_PL_PL	Prawdopodobna literówka	1k6	Wykryto prawdopodobny błąd pisowni		Cel otrzymuje dodatkowe 1k6 obrażeń od mocy. Jeśli cel jest istotą, musi wykonać udany rzut obronny na Siłę; w przeciwnym razie otrzymuje stan Powalenia.
hc3df7c24g824ag06f4ge664geda5e80d2018	MORFOLOGIK_RULE_PL_PL	Prawdopodobna literówka	1k6	Wykryto prawdopodobny błąd pisowni		Cel otrzymuje dodatkowe 1k6 obrażeń od mocy. Jeśli cel jest istotą, musi wykonać udany rzut obronny na Siłę; w przeciwnym razie zostaje odepchnięty od ciebie o 3 m w linii prostej.
hf81d0d50g810egc762gf156g017583f5ab0c	MORFOLOGIK_RULE_PL_PL	Prawdopodobna literówka	1k6	Wykryto prawdopodobny błąd pisowni		Cel otrzymuje dodatkowe 1k6 obrażeń od elektryczności. Jeśli cel jest istotą, musi wykonać udany rzut obronny na Kondycję; w przeciwnym razie ma utrudnienie w testach ataku do początku twojej następnej tury.
h897e40eeg7135g851fg8143gc3ccb162516c	MORFOLOGIK_RULE_PL_PL	Prawdopodobna literówka	1k4	Wykryto prawdopodobny błąd pisowni		Cel otrzymuje dodatkowe 1k4 obrażeń od dźwięku. Stajesz się dla niego niewidzialny do początku twojej następnej tury albo do chwili bezpośrednio po wykonaniu testu ataku lub rzuceniu czaru.
h5c65e74bgcca7gff2agc4abg0700018dda54	SKROTY_Z_KROPKA	Błędy ortograficzne	ST	"Ten skrót piszemy z kropką: ""ST."""	ST.	Zrodzony z płomieni. Masz odporność na obrażenia od ognia.\n\nPalący zapłon. Gdy w swojej turze wykonujesz akcję Ataku, możesz zastąpić jeden atak magicznym wybuchem płomieni. Każda wybrana przez ciebie istota w sferze o promieniu 4,5 m, której środkiem jesteś, wykonuje rzut obronny na Zręczność (ST wynosi 8 + twoja premia z biegłości + wyższy z twoich modyfikatorów: Siły albo Mądrości). Przy niepowodzeniu otrzymuje obrażenia od ognia równe sumie 1k8 i twojej premii z biegłości oraz stan Oślepienia do początku twojej następnej tury. Przy powodzeniu otrzymuje tylko połowę obrażeń. Możesz użyć Palącego zapłonu tyle razy, ile wynosi twoja premia z biegłości, ale nie częściej niż raz na turę. Odzyskujesz wszystkie użycia po długim odpoczynku.
h5c65e74bgcca7gff2agc4abg0700018dda54	MORFOLOGIK_RULE_PL_PL	Prawdopodobna literówka	1k8	Wykryto prawdopodobny błąd pisowni		Zrodzony z płomieni. Masz odporność na obrażenia od ognia.\n\nPalący zapłon. Gdy w swojej turze wykonujesz akcję Ataku, możesz zastąpić jeden atak magicznym wybuchem płomieni. Każda wybrana przez ciebie istota w sferze o promieniu 4,5 m, której środkiem jesteś, wykonuje rzut obronny na Zręczność (ST wynosi 8 + twoja premia z biegłości + wyższy z twoich modyfikatorów: Siły albo Mądrości). Przy niepowodzeniu otrzymuje obrażenia od ognia równe sumie 1k8 i twojej premii z biegłości oraz stan Oślepienia do początku twojej następnej tury. Przy powodzeniu otrzymuje tylko połowę obrażeń. Możesz użyć Palącego zapłonu tyle razy, ile wynosi twoja premia z biegłości, ale nie częściej niż raz na turę. Odzyskujesz wszystkie użycia po długim odpoczynku.
hed9510fdg4a6dge76dgaa9bg643066cb6cf5	SKROTY_Z_KROPKA	Błędy ortograficzne	ST	"Ten skrót piszemy z kropką: ""ST."""	ST.	Każda wybrana przez ciebie istota w sferze o promieniu 4,5 m, której środkiem jesteś, wykonuje rzut obronny na Zręczność (ST wynosi 8 + twoja premia z biegłości + wyższy z twoich modyfikatorów: Siły albo Mądrości). Przy niepowodzeniu otrzymuje obrażenia od ognia równe sumie 1k8 i twojej premii z biegłości oraz stan Oślepienia do początku twojej następnej tury. Przy powodzeniu otrzymuje tylko połowę obrażeń.
hed9510fdg4a6dge76dgaa9bg643066cb6cf5	MORFOLOGIK_RULE_PL_PL	Prawdopodobna literówka	1k8	Wykryto prawdopodobny błąd pisowni		Każda wybrana przez ciebie istota w sferze o promieniu 4,5 m, której środkiem jesteś, wykonuje rzut obronny na Zręczność (ST wynosi 8 + twoja premia z biegłości + wyższy z twoich modyfikatorów: Siły albo Mądrości). Przy niepowodzeniu otrzymuje obrażenia od ognia równe sumie 1k8 i twojej premii z biegłości oraz stan Oślepienia do początku twojej następnej tury. Przy powodzeniu otrzymuje tylko połowę obrażeń.
h34aa43d4geb01g6558gc027g96c6c82fe37d	SKROTY_Z_KROPKA	Błędy ortograficzne	ST	"Ten skrót piszemy z kropką: ""ST."""	ST.	Przejawiasz bojową moc właściwą olbrzymom ognia, co zapewnia ci następujące korzyści:\n\nZrodzony z płomieni. Masz odporność na obrażenia od ognia.\n\nPalący zapłon. Gdy w swojej turze wykonujesz akcję Ataku, możesz zastąpić jeden atak magicznym wybuchem płomieni. Każda wybrana przez ciebie istota w sferze o promieniu 4,5 m, której środkiem jesteś, wykonuje rzut obronny na Zręczność (ST wynosi 8 + twoja premia z biegłości + wyższy z twoich modyfikatorów: Siły albo Mądrości). Przy niepowodzeniu otrzymuje obrażenia od ognia równe sumie 1k8 i twojej premii z biegłości oraz stan Oślepienia do początku twojej następnej tury. Przy powodzeniu otrzymuje tylko połowę obrażeń. Możesz użyć Palącego zapłonu tyle razy, ile wynosi twoja premia z biegłości, ale nie częściej niż raz na turę. Odzyskujesz wszystkie użycia po długim odpoczynku.
h34aa43d4geb01g6558gc027g96c6c82fe37d	MORFOLOGIK_RULE_PL_PL	Prawdopodobna literówka	1k8	Wykryto prawdopodobny błąd pisowni		Przejawiasz bojową moc właściwą olbrzymom ognia, co zapewnia ci następujące korzyści:\n\nZrodzony z płomieni. Masz odporność na obrażenia od ognia.\n\nPalący zapłon. Gdy w swojej turze wykonujesz akcję Ataku, możesz zastąpić jeden atak magicznym wybuchem płomieni. Każda wybrana przez ciebie istota w sferze o promieniu 4,5 m, której środkiem jesteś, wykonuje rzut obronny na Zręczność (ST wynosi 8 + twoja premia z biegłości + wyższy z twoich modyfikatorów: Siły albo Mądrości). Przy niepowodzeniu otrzymuje obrażenia od ognia równe sumie 1k8 i twojej premii z biegłości oraz stan Oślepienia do początku twojej następnej tury. Przy powodzeniu otrzymuje tylko połowę obrażeń. Możesz użyć Palącego zapłonu tyle razy, ile wynosi twoja premia z biegłości, ale nie częściej niż raz na turę. Odzyskujesz wszystkie użycia po długim odpoczynku.
h5e33a0bdg4748gf679g1d0fg141a368e3366	SKROTY_Z_KROPKA	Błędy ortograficzne	ST	"Ten skrót piszemy z kropką: ""ST."""	ST.	Zrodzony z lodu. Masz odporność na obrażenia od zimna.\n\nLodowy odwet. Natychmiast po tym, jak widoczna istota w promieniu 9 m od ciebie trafi cię testem ataku i zada ci obrażenia, możesz w ramach reakcji odpowiedzieć wyczarowanym podmuchem lodu. Istota musi wykonać rzut obronny na Kondycję (ST wynosi 8 + twoja premia z biegłości + wyższy z twoich modyfikatorów: Siły albo Mądrości). Przy niepowodzeniu otrzymuje obrażenia od zimna równe sumie 1k8 i twojej premii z biegłości, a jej szybkość zmniejsza się do 0 do końca jej następnej tury. Możesz użyć tej reakcji tyle razy, ile wynosi twoja premia z biegłości, a odzyskujesz wszystkie użycia po długim odpoczynku.
h5e33a0bdg4748gf679g1d0fg141a368e3366	MORFOLOGIK_RULE_PL_PL	Prawdopodobna literówka	1k8	Wykryto prawdopodobny błąd pisowni		Zrodzony z lodu. Masz odporność na obrażenia od zimna.\n\nLodowy odwet. Natychmiast po tym, jak widoczna istota w promieniu 9 m od ciebie trafi cię testem ataku i zada ci obrażenia, możesz w ramach reakcji odpowiedzieć wyczarowanym podmuchem lodu. Istota musi wykonać rzut obronny na Kondycję (ST wynosi 8 + twoja premia z biegłości + wyższy z twoich modyfikatorów: Siły albo Mądrości). Przy niepowodzeniu otrzymuje obrażenia od zimna równe sumie 1k8 i twojej premii z biegłości, a jej szybkość zmniejsza się do 0 do końca jej następnej tury. Możesz użyć tej reakcji tyle razy, ile wynosi twoja premia z biegłości, a odzyskujesz wszystkie użycia po długim odpoczynku.
h4384b84egd766gbe0ag574age428758d17bf	SKROTY_Z_KROPKA	Błędy ortograficzne	ST	"Ten skrót piszemy z kropką: ""ST."""	ST.	Natychmiast po tym, jak widoczna istota w promieniu 9 m od ciebie trafi cię testem ataku i zada ci obrażenia, możesz w ramach reakcji odpowiedzieć wyczarowanym podmuchem lodu. Istota musi wykonać rzut obronny na Kondycję (ST wynosi 8 + twoja premia z biegłości + wyższy z twoich modyfikatorów: Siły albo Mądrości). Przy niepowodzeniu otrzymuje obrażenia od zimna równe sumie 1k8 i twojej premii z biegłości, a jej szybkość zmniejsza się do 0 do końca jej następnej tury.
h4384b84egd766gbe0ag574age428758d17bf	MORFOLOGIK_RULE_PL_PL	Prawdopodobna literówka	1k8	Wykryto prawdopodobny błąd pisowni		Natychmiast po tym, jak widoczna istota w promieniu 9 m od ciebie trafi cię testem ataku i zada ci obrażenia, możesz w ramach reakcji odpowiedzieć wyczarowanym podmuchem lodu. Istota musi wykonać rzut obronny na Kondycję (ST wynosi 8 + twoja premia z biegłości + wyższy z twoich modyfikatorów: Siły albo Mądrości). Przy niepowodzeniu otrzymuje obrażenia od zimna równe sumie 1k8 i twojej premii z biegłości, a jej szybkość zmniejsza się do 0 do końca jej następnej tury.
h6f92df19gb6e4g35bcga428gb96710c1d8ac	SKROTY_Z_KROPKA	Błędy ortograficzne	ST	"Ten skrót piszemy z kropką: ""ST."""	ST.	Przejawiasz lodową moc właściwą olbrzymom lodowym, co zapewnia ci następujące korzyści:\n\nZrodzony z lodu. Masz odporność na obrażenia od zimna.\n\nLodowy odwet. Natychmiast po tym, jak widoczna istota w promieniu 9 m od ciebie trafi cię testem ataku i zada ci obrażenia, możesz w ramach reakcji odpowiedzieć wyczarowanym podmuchem lodu. Istota musi wykonać rzut obronny na Kondycję (ST wynosi 8 + twoja premia z biegłości + wyższy z twoich modyfikatorów: Siły albo Mądrości). Przy niepowodzeniu otrzymuje obrażenia od zimna równe sumie 1k8 i twojej premii z biegłości, a jej szybkość zmniejsza się do 0 do końca jej następnej tury. Możesz użyć tej reakcji tyle razy, ile wynosi twoja premia z biegłości, a odzyskujesz wszystkie użycia po długim odpoczynku.
h6f92df19gb6e4g35bcga428gb96710c1d8ac	MORFOLOGIK_RULE_PL_PL	Prawdopodobna literówka	1k8	Wykryto prawdopodobny błąd pisowni		Przejawiasz lodową moc właściwą olbrzymom lodowym, co zapewnia ci następujące korzyści:\n\nZrodzony z lodu. Masz odporność na obrażenia od zimna.\n\nLodowy odwet. Natychmiast po tym, jak widoczna istota w promieniu 9 m od ciebie trafi cię testem ataku i zada ci obrażenia, możesz w ramach reakcji odpowiedzieć wyczarowanym podmuchem lodu. Istota musi wykonać rzut obronny na Kondycję (ST wynosi 8 + twoja premia z biegłości + wyższy z twoich modyfikatorów: Siły albo Mądrości). Przy niepowodzeniu otrzymuje obrażenia od zimna równe sumie 1k8 i twojej premii z biegłości, a jej szybkość zmniejsza się do 0 do końca jej następnej tury. Możesz użyć tej reakcji tyle razy, ile wynosi twoja premia z biegłości, a odzyskujesz wszystkie użycia po długim odpoczynku.
h20d64b0eg7b2agba83g768eg034f36f19ad9	MORFOLOGIK_RULE_PL_PL	Prawdopodobna literówka	Shadar-kai	Wykryto prawdopodobny błąd pisowni		Shadar-kai
h446ae020gdccdg2b5bgde5ag55622edba1a8	MORFOLOGIK_RULE_PL_PL	Prawdopodobna literówka	Shadar-kai	Wykryto prawdopodobny błąd pisowni		Shadar-kai to elfy ze Sfery Cieni, pierwotnie przyciągnięte do tej budzącej grozę krainy przez Królową Kruków. Przez stulecia część z nich nadal jej służyła, inni zaś wyruszyli do Sfery Materialnej, aby wykuć własny los.\n\nNiegdyś shadar-kai byli istotami fey, podobnie jak pozostali elfi pobratymcy. Dziś, odmienieni przez ponurą energię Sfery Cieni, trwają na pograniczu życia i śmierci.\n\nShadar-kai mają skórę w odcieniach popiołu, a podczas pobytu w Sferze Cieni stają się wysuszeni i pomarszczeni, odzwierciedlając posępny charakter tej mrocznej sfery.\n\nPodobnie jak inne elfy, shadar-kai mogą żyć ponad 750 lat.
h446ae020gdccdg2b5bgde5ag55622edba1a8	MORFOLOGIK_RULE_PL_PL	Prawdopodobna literówka	shadar-kai	Wykryto prawdopodobny błąd pisowni		Shadar-kai to elfy ze Sfery Cieni, pierwotnie przyciągnięte do tej budzącej grozę krainy przez Królową Kruków. Przez stulecia część z nich nadal jej służyła, inni zaś wyruszyli do Sfery Materialnej, aby wykuć własny los.\n\nNiegdyś shadar-kai byli istotami fey, podobnie jak pozostali elfi pobratymcy. Dziś, odmienieni przez ponurą energię Sfery Cieni, trwają na pograniczu życia i śmierci.\n\nShadar-kai mają skórę w odcieniach popiołu, a podczas pobytu w Sferze Cieni stają się wysuszeni i pomarszczeni, odzwierciedlając posępny charakter tej mrocznej sfery.\n\nPodobnie jak inne elfy, shadar-kai mogą żyć ponad 750 lat.
h446ae020gdccdg2b5bgde5ag55622edba1a8	MORFOLOGIK_RULE_PL_PL	Prawdopodobna literówka	fey	Wykryto prawdopodobny błąd pisowni	fe, fen, key, fes, fez, fee, Fe, Feb	Shadar-kai to elfy ze Sfery Cieni, pierwotnie przyciągnięte do tej budzącej grozę krainy przez Królową Kruków. Przez stulecia część z nich nadal jej służyła, inni zaś wyruszyli do Sfery Materialnej, aby wykuć własny los.\n\nNiegdyś shadar-kai byli istotami fey, podobnie jak pozostali elfi pobratymcy. Dziś, odmienieni przez ponurą energię Sfery Cieni, trwają na pograniczu życia i śmierci.\n\nShadar-kai mają skórę w odcieniach popiołu, a podczas pobytu w Sferze Cieni stają się wysuszeni i pomarszczeni, odzwierciedlając posępny charakter tej mrocznej sfery.\n\nPodobnie jak inne elfy, shadar-kai mogą żyć ponad 750 lat.
h446ae020gdccdg2b5bgde5ag55622edba1a8	MORFOLOGIK_RULE_PL_PL	Prawdopodobna literówka	Shadar-kai	Wykryto prawdopodobny błąd pisowni		Shadar-kai to elfy ze Sfery Cieni, pierwotnie przyciągnięte do tej budzącej grozę krainy przez Królową Kruków. Przez stulecia część z nich nadal jej służyła, inni zaś wyruszyli do Sfery Materialnej, aby wykuć własny los.\n\nNiegdyś shadar-kai byli istotami fey, podobnie jak pozostali elfi pobratymcy. Dziś, odmienieni przez ponurą energię Sfery Cieni, trwają na pograniczu życia i śmierci.\n\nShadar-kai mają skórę w odcieniach popiołu, a podczas pobytu w Sferze Cieni stają się wysuszeni i pomarszczeni, odzwierciedlając posępny charakter tej mrocznej sfery.\n\nPodobnie jak inne elfy, shadar-kai mogą żyć ponad 750 lat.
h446ae020gdccdg2b5bgde5ag55622edba1a8	MORFOLOGIK_RULE_PL_PL	Prawdopodobna literówka	shadar-kai	Wykryto prawdopodobny błąd pisowni		Shadar-kai to elfy ze Sfery Cieni, pierwotnie przyciągnięte do tej budzącej grozę krainy przez Królową Kruków. Przez stulecia część z nich nadal jej służyła, inni zaś wyruszyli do Sfery Materialnej, aby wykuć własny los.\n\nNiegdyś shadar-kai byli istotami fey, podobnie jak pozostali elfi pobratymcy. Dziś, odmienieni przez ponurą energię Sfery Cieni, trwają na pograniczu życia i śmierci.\n\nShadar-kai mają skórę w odcieniach popiołu, a podczas pobytu w Sferze Cieni stają się wysuszeni i pomarszczeni, odzwierciedlając posępny charakter tej mrocznej sfery.\n\nPodobnie jak inne elfy, shadar-kai mogą żyć ponad 750 lat.
h84ef52e7gf3a5gf5e8g24a0g6b3f04519e4b	MORFOLOGIK_RULE_PL_PL	Prawdopodobna literówka	Shadar-kai	Wykryto prawdopodobny błąd pisowni		Shadar-kai
hae52b795gd7a8gaf4fg82deg89900f2668fe	MORFOLOGIK_RULE_PL_PL	Prawdopodobna literówka	Shadar-kai	Wykryto prawdopodobny błąd pisowni		Shadar-kai to elfy ze Sfery Cieni, pierwotnie przyciągnięte do tej budzącej grozę krainy przez Królową Kruków. Przez stulecia część z nich nadal jej służyła, inni zaś wyruszyli do Sfery Materialnej, aby wykuć własny los.
hf18a93cfg2936gc7bagafbcg0a4234767285	MORFOLOGIK_RULE_PL_PL	Prawdopodobna literówka	Shadar-kai	Wykryto prawdopodobny błąd pisowni		Shadar-kai
h08121305g3bafgf931g892bga7643105c0e6	MORFOLOGIK_RULE_PL_PL	Prawdopodobna literówka	Shadar-kai	Wykryto prawdopodobny błąd pisowni		Shadar-kai to elfy ze Sfery Cieni, pierwotnie przyciągnięte do tej budzącej grozę krainy przez Królową Kruków. Przez stulecia część z nich nadal jej służyła, inni zaś wyruszyli do Sfery Materialnej, aby wykuć własny los.
hbd729210g3700g0c6dgfe28g7b0dc91aaae7	MORFOLOGIK_RULE_PL_PL	Prawdopodobna literówka	1k10	Wykryto prawdopodobny błąd pisowni		Przepastny wzrok. Zyskujesz widzenie w ciemności o zasięgu 18 m. Jeśli już masz widzenie w ciemności z innego źródła, jego zasięg zwiększa się o 18 m.\n\nRzut kamieniem. W ramach akcji dodatkowej możesz chwycić kamień i wykonać nim magiczny atak w jednym z dwóch wariantów: dystansowy atak bez broni oparty na Sile albo dystansowy atak czarem oparty na cesze bazowej dla twoich czarów. Oba warianty mają zasięg 18 m. Po trafieniu kamień zadaje 1k10 obrażeń od mocy, a cel musi wykonać rzut obronny na Siłę; w razie niepowodzenia otrzymuje stan Powalenia. Możesz wykonać tę akcję dodatkową tyle razy, ile wynosi twoja premia z biegłości, a odzyskujesz wszystkie użycia po długim odpoczynku.
h173f2271g9da2gd017g9775gb5ad0a0ac5b8	MORFOLOGIK_RULE_PL_PL	Prawdopodobna literówka	1k10	Wykryto prawdopodobny błąd pisowni		W ramach akcji dodatkowej możesz podnieść kamień i wykonać nim magiczny dystansowy atak bez broni o zasięgu 18 m, wykorzystujący Siłę. Przy trafieniu kamień zadaje 1k10 obrażeń od mocy, a cel musi wykonać rzut obronny na Siłę (ST wynosi 8 + twoja premia z biegłości + wyższy z twoich modyfikatorów: Siły albo Zręczności); w razie niepowodzenia otrzymuje stan Powalenia.
h173f2271g9da2gd017g9775gb5ad0a0ac5b8	SKROTY_Z_KROPKA	Błędy ortograficzne	ST	"Ten skrót piszemy z kropką: ""ST."""	ST.	W ramach akcji dodatkowej możesz podnieść kamień i wykonać nim magiczny dystansowy atak bez broni o zasięgu 18 m, wykorzystujący Siłę. Przy trafieniu kamień zadaje 1k10 obrażeń od mocy, a cel musi wykonać rzut obronny na Siłę (ST wynosi 8 + twoja premia z biegłości + wyższy z twoich modyfikatorów: Siły albo Zręczności); w razie niepowodzenia otrzymuje stan Powalenia.
ha9fe2937g7f92g0c7bg387bge95b2c6fd446	MORFOLOGIK_RULE_PL_PL	Prawdopodobna literówka	1k10	Wykryto prawdopodobny błąd pisowni		W ramach akcji dodatkowej możesz podnieść kamień i wykonać nim magiczny atak. Jest to dystansowy atak czarem o zasięgu 18 m, wykorzystujący twoją cechę bazową rzucania czarów. Przy trafieniu kamień zadaje 1k10 obrażeń od mocy, a cel musi wykonać rzut obronny na Siłę (ST wynosi 8 + twoja premia z biegłości + twój modyfikator cechy bazowej rzucania czarów); w razie niepowodzenia otrzymuje stan Powalenia.
ha9fe2937g7f92g0c7bg387bge95b2c6fd446	SKROTY_Z_KROPKA	Błędy ortograficzne	ST	"Ten skrót piszemy z kropką: ""ST."""	ST.	W ramach akcji dodatkowej możesz podnieść kamień i wykonać nim magiczny atak. Jest to dystansowy atak czarem o zasięgu 18 m, wykorzystujący twoją cechę bazową rzucania czarów. Przy trafieniu kamień zadaje 1k10 obrażeń od mocy, a cel musi wykonać rzut obronny na Siłę (ST wynosi 8 + twoja premia z biegłości + twój modyfikator cechy bazowej rzucania czarów); w razie niepowodzenia otrzymuje stan Powalenia.
h0a69a08cgd46bg610cg36d9g3f28fabc55f5	MORFOLOGIK_RULE_PL_PL	Prawdopodobna literówka	1k10	Wykryto prawdopodobny błąd pisowni		Przejawiasz fizyczne talenty właściwe olbrzymom kamiennym, dzięki czemu zyskujesz następujące korzyści:\n\nPrzepastny wzrok. Zyskujesz widzenie w ciemności o zasięgu 18 m. Jeśli masz już widzenie w ciemności z innego źródła, jego zasięg zwiększa się o 18 m.\n\nRzut kamieniem. W ramach akcji dodatkowej możesz podnieść kamień i wykonać nim jeden z dwóch magicznych ataków: dystansowy atak bez broni wykorzystujący Siłę albo dystansowy atak czarem wykorzystujący twoją cechę bazową rzucania czarów. Oba mają zasięg 18 m. Przy trafieniu kamień zadaje 1k10 obrażeń od mocy, a cel musi wykonać rzut obronny na Siłę; w razie niepowodzenia otrzymuje stan Powalenia. Możesz użyć tej akcji dodatkowej tyle razy, ile wynosi twoja premia z biegłości, a odzyskujesz wszystkie użycia po długim odpoczynku.
hca055ee6g46b2g0e20gb49ag38f4471f10d5	SKROTY_Z_KROPKA	Błędy ortograficzne	ST	"Ten skrót piszemy z kropką: ""ST."""	ST.	Aura wiru. W ramach akcji dodatkowej otaczasz się aurą magicznego wichru i błyskawic, która sięga na 3 m od ciebie w każdym kierunku, lecz nie przenika przez pełną osłonę. Aura trwa do początku twojej następnej tury albo do chwili Obezwładnienia. Podczas jej działania masz odporność na obrażenia od elektryczności i dźwięku, a testy ataku przeciwko tobie mają utrudnienie. Ponadto za każdym razem, gdy inna istota rozpoczyna turę w aurze, możesz zmusić ją do wykonania rzutu obronnego na Siłę o ST równym 8 plus twoja premia z biegłości i wyższy z twoich modyfikatorów: Mądrości albo Charyzmy. Przy niepowodzeniu szybkość istoty zmniejsza się o połowę do początku jej następnej tury. Możesz wykonać tę akcję dodatkową tyle razy, ile wynosi twoja premia z biegłości, a odzyskujesz wszystkie użycia po długim odpoczynku.
h7fd38532g43ebgdddagfdb3gcddfd6e82835	SKROTY_Z_KROPKA	Błędy ortograficzne	ST	"Ten skrót piszemy z kropką: ""ST."""	ST.	Przejawiasz magię burzy właściwą olbrzymom burzowym, co zapewnia ci następujące korzyści:\n\nAura wiru. W ramach akcji dodatkowej otaczasz się aurą magicznego wichru i błyskawic, która sięga na 3 m od ciebie w każdym kierunku, lecz nie przenika przez pełną osłonę. Aura trwa do początku twojej następnej tury albo do chwili Obezwładnienia. Podczas jej działania masz odporność na obrażenia od elektryczności i dźwięku, a testy ataku przeciwko tobie mają utrudnienie. Ponadto za każdym razem, gdy inna istota rozpoczyna turę w aurze, możesz zmusić ją do wykonania rzutu obronnego na Siłę o ST równym 8 plus twoja premia z biegłości i wyższy z twoich modyfikatorów: Mądrości albo Charyzmy. Przy niepowodzeniu szybkość istoty zmniejsza się o połowę do początku jej następnej tury. Możesz wykonać tę akcję dodatkową tyle razy, ile wynosi twoja premia z biegłości, a odzyskujesz wszystkie użycia po długim odpoczynku.
h2b241e12gfd0agfaa6g72ddgad9ce029a10e	SKROTY_Z_KROPKA	Błędy ortograficzne	ST	"Ten skrót piszemy z kropką: ""ST."""	ST.	W ramach akcji dodatkowej otaczasz się aurą magicznego wichru i błyskawic, która sięga na 3 m od ciebie w każdym kierunku, lecz nie przenika przez pełną osłonę. Aura trwa do początku twojej następnej tury albo do chwili Obezwładnienia. Podczas jej działania masz odporność na obrażenia od elektryczności i dźwięku, a testy ataku przeciwko tobie mają utrudnienie. Ponadto za każdym razem, gdy inna istota rozpoczyna turę w aurze, możesz zmusić ją do wykonania rzutu obronnego na Siłę o ST równym 8 plus twoja premia z biegłości i wyższy z twoich modyfikatorów: Mądrości albo Charyzmy. Przy niepowodzeniu szybkość istoty zmniejsza się o połowę do początku jej następnej tury.
h846f6dc8g12d1g0e7ag1408g6768106740df	SKROTY_Z_KROPKA	Błędy ortograficzne	ST	"Ten skrót piszemy z kropką: ""ST."""	ST.	Podczas działania aury masz odporność na obrażenia od elektryczności i dźwięku, a testy ataku przeciwko tobie mają utrudnienie. Ponadto za każdym razem, gdy inna istota rozpoczyna turę w aurze, możesz zmusić ją do wykonania rzutu obronnego na Siłę o ST równym 8 plus twoja premia z biegłości i wyższy z twoich modyfikatorów: Mądrości albo Charyzmy. Przy niepowodzeniu szybkość istoty zmniejsza się o połowę do początku jej następnej tury.
