contentuid	rule_id	category	offending	message	suggestions	translation
ha395ebeag3995g70fage1d7g718229b74f9b	MORFOLOGIK_RULE_UK_UA	Можлива механічна помилка	Підсічка	Знайдено потенційну орфографічну помилку.	Відсічка, Підпічка, Підсічна, Під січка	Підсічка
hfdefde84gd74bg13d6g3599g34e7bc9cbafe	MORFOLOGIK_RULE_UK_UA	Можлива механічна помилка	Глефа	Знайдено потенційну орфографічну помилку.	Глеба, Глена, Грефа, Глека, Гліфа	Глефа, дворучний меч
h860b399bg558cg749fgb64bg707d53758400	COMMA_PARENTHESIS_WHITESPACE	Оформлення	 ,	Поставте пробіл після коми, а не перед комою.	,	"Ви отримуєте володіння ще однією навичкою на свій вибір зі списку навичок, доступних варварам на 1-му рівні.\n\nКрім того, поки діє ваша <LSTag Type=""Status"" Tooltip=""RAGE"">Лють</LSTag>, ви можете спрямовувати первісну силу на виконання певних завдань. Здійснюючи перевірку однієї з наведених навичок, ви можете виконати її як перевірку сили, навіть якщо зазвичай вона використовує іншу характеристику: <LSTag Type=""Skills"" Tooltip=""Acrobatics"">Акробатика</LSTag>, <LSTag Type=""Skills"" Tooltip=""Intimidation"">Залякування</LSTag>, <LSTag Type=""Skills"" Tooltip=""Perception"">Відчуття</LSTag>, <LSTag Type=""Skills"" Tooltip=""Stealth"">Непомітність</LSTag> або <LSTag Type=""Skills"" Tooltip=""Survival"">Виживання</LSTag>. У такому разі ваша сила уособлює первісну міць, що струменить крізь вас і загострює спритність, поставу та чуття."
h860b399bg558cg749fgb64bg707d53758400	COMMA_PARENTHESIS_WHITESPACE	Оформлення	 ,	Поставте пробіл після коми, а не перед комою.	,	"Ви отримуєте володіння ще однією навичкою на свій вибір зі списку навичок, доступних варварам на 1-му рівні.\n\nКрім того, поки діє ваша <LSTag Type=""Status"" Tooltip=""RAGE"">Лють</LSTag>, ви можете спрямовувати первісну силу на виконання певних завдань. Здійснюючи перевірку однієї з наведених навичок, ви можете виконати її як перевірку сили, навіть якщо зазвичай вона використовує іншу характеристику: <LSTag Type=""Skills"" Tooltip=""Acrobatics"">Акробатика</LSTag>, <LSTag Type=""Skills"" Tooltip=""Intimidation"">Залякування</LSTag>, <LSTag Type=""Skills"" Tooltip=""Perception"">Відчуття</LSTag>, <LSTag Type=""Skills"" Tooltip=""Stealth"">Непомітність</LSTag> або <LSTag Type=""Skills"" Tooltip=""Survival"">Виживання</LSTag>. У такому разі ваша сила уособлює первісну міць, що струменить крізь вас і загострює спритність, поставу та чуття."
h860b399bg558cg749fgb64bg707d53758400	COMMA_PARENTHESIS_WHITESPACE	Оформлення	 ,	Поставте пробіл після коми, а не перед комою.	,	"Ви отримуєте володіння ще однією навичкою на свій вибір зі списку навичок, доступних варварам на 1-му рівні.\n\nКрім того, поки діє ваша <LSTag Type=""Status"" Tooltip=""RAGE"">Лють</LSTag>, ви можете спрямовувати первісну силу на виконання певних завдань. Здійснюючи перевірку однієї з наведених навичок, ви можете виконати її як перевірку сили, навіть якщо зазвичай вона використовує іншу характеристику: <LSTag Type=""Skills"" Tooltip=""Acrobatics"">Акробатика</LSTag>, <LSTag Type=""Skills"" Tooltip=""Intimidation"">Залякування</LSTag>, <LSTag Type=""Skills"" Tooltip=""Perception"">Відчуття</LSTag>, <LSTag Type=""Skills"" Tooltip=""Stealth"">Непомітність</LSTag> або <LSTag Type=""Skills"" Tooltip=""Survival"">Виживання</LSTag>. У такому разі ваша сила уособлює первісну міць, що струменить крізь вас і загострює спритність, поставу та чуття."
h860b399bg558cg749fgb64bg707d53758400	COMMA_PARENTHESIS_WHITESPACE	Оформлення	 ,	Поставте пробіл після коми, а не перед комою.	,	"Ви отримуєте володіння ще однією навичкою на свій вибір зі списку навичок, доступних варварам на 1-му рівні.\n\nКрім того, поки діє ваша <LSTag Type=""Status"" Tooltip=""RAGE"">Лють</LSTag>, ви можете спрямовувати первісну силу на виконання певних завдань. Здійснюючи перевірку однієї з наведених навичок, ви можете виконати її як перевірку сили, навіть якщо зазвичай вона використовує іншу характеристику: <LSTag Type=""Skills"" Tooltip=""Acrobatics"">Акробатика</LSTag>, <LSTag Type=""Skills"" Tooltip=""Intimidation"">Залякування</LSTag>, <LSTag Type=""Skills"" Tooltip=""Perception"">Відчуття</LSTag>, <LSTag Type=""Skills"" Tooltip=""Stealth"">Непомітність</LSTag> або <LSTag Type=""Skills"" Tooltip=""Survival"">Виживання</LSTag>. У такому разі ваша сила уособлює первісну міць, що струменить крізь вас і загострює спритність, поставу та чуття."
h860b399bg558cg749fgb64bg707d53758400	COMMA_PARENTHESIS_WHITESPACE	Оформлення	 .	Не ставте пробіл перед крапкою.	.	"Ви отримуєте володіння ще однією навичкою на свій вибір зі списку навичок, доступних варварам на 1-му рівні.\n\nКрім того, поки діє ваша <LSTag Type=""Status"" Tooltip=""RAGE"">Лють</LSTag>, ви можете спрямовувати первісну силу на виконання певних завдань. Здійснюючи перевірку однієї з наведених навичок, ви можете виконати її як перевірку сили, навіть якщо зазвичай вона використовує іншу характеристику: <LSTag Type=""Skills"" Tooltip=""Acrobatics"">Акробатика</LSTag>, <LSTag Type=""Skills"" Tooltip=""Intimidation"">Залякування</LSTag>, <LSTag Type=""Skills"" Tooltip=""Perception"">Відчуття</LSTag>, <LSTag Type=""Skills"" Tooltip=""Stealth"">Непомітність</LSTag> або <LSTag Type=""Skills"" Tooltip=""Survival"">Виживання</LSTag>. У такому разі ваша сила уособлює первісну міць, що струменить крізь вас і загострює спритність, поставу та чуття."
hdb025275gf26dg03dfg7370g4dddf3f0ffb9	COMMA_PARENTHESIS_WHITESPACE	Оформлення	 ,	Поставте пробіл після коми, а не перед комою.	,	"У межах вторинної дії, якою ви входите в <LSTag Type=""Status"" Tooltip=""RAGE"">Лють</LSTag>, ви можете переміститися на відстань до половини своєї швидкості."
hfd45d1c1g9dd3g206agfb7eg456c6af02ac0	COMMA_PARENTHESIS_WHITESPACE	Оформлення	 ,	Поставте пробіл після коми, а не перед комою.	,	"Один раз за <LSTag Tooltip=""ShortRest"">короткий відпочинок</LSTag>, коли під час <LSTag Type=""Status"" Tooltip=""RAGE"">Люті</LSTag> ваші <LSTag Tooltip=""HitPoints"">очки здоров’я</LSTag> мали б знизитися до [1], ви натомість відновлюєте їх у кількості, що вдвічі перевищує ваш рівень варвара, і уникаєте стану <LSTag Type=""Status"" Tooltip=""DOWNED"">падіння</LSTag>."
hfd45d1c1g9dd3g206agfb7eg456c6af02ac0	COMMA_PARENTHESIS_WHITESPACE	Оформлення	 .	Не ставте пробіл перед крапкою.	.	"Один раз за <LSTag Tooltip=""ShortRest"">короткий відпочинок</LSTag>, коли під час <LSTag Type=""Status"" Tooltip=""RAGE"">Люті</LSTag> ваші <LSTag Tooltip=""HitPoints"">очки здоров’я</LSTag> мали б знизитися до [1], ви натомість відновлюєте їх у кількості, що вдвічі перевищує ваш рівень варвара, і уникаєте стану <LSTag Type=""Status"" Tooltip=""DOWNED"">падіння</LSTag>."
hd21b5d53gc033g82abgfcdag21730bb83c68	COMMA_PARENTHESIS_WHITESPACE	Оформлення	 ,	Поставте пробіл після коми, а не перед комою.	,	"Якщо ви застосовуєте «Зухвалу атаку», поки триває ваша <LSTag Type=""Status"" Tooltip=""RAGE"">Лють</LSTag>, то завдаєте додаткової шкоди першій цілі, у яку влучаєте у свій хід атакою на основі сили. Щоб визначити додаткову шкоду, киньте стільки d6, скільки становить ваш бонус шкоди <LSTag Type=""Status"" Tooltip=""RAGE"">Люті</LSTag>, і додайте результати. Тип шкоди збігається з типом шкоди зброї або Удару голіруч, використаного для атаки."
hd21b5d53gc033g82abgfcdag21730bb83c68	COMMA_PARENTHESIS_WHITESPACE	Оформлення	 ,	Поставте пробіл після коми, а не перед комою.	,	"Якщо ви застосовуєте «Зухвалу атаку», поки триває ваша <LSTag Type=""Status"" Tooltip=""RAGE"">Лють</LSTag>, то завдаєте додаткової шкоди першій цілі, у яку влучаєте у свій хід атакою на основі сили. Щоб визначити додаткову шкоду, киньте стільки d6, скільки становить ваш бонус шкоди <LSTag Type=""Status"" Tooltip=""RAGE"">Люті</LSTag>, і додайте результати. Тип шкоди збігається з типом шкоди зброї або Удару голіруч, використаного для атаки."
h5acf268bg7a2dgd7c7g4d2dg20caffe2e8a4	COMMA_PARENTHESIS_WHITESPACE	Оформлення	 .	Не ставте пробіл перед крапкою.	.	"Ви можете копнути ціль, що важить удвічі більше за найбільшу вагу, яку ви здатні <LSTag Type=""Spell"" Tooltip=""Target_Shove"">штовхнути</LSTag>."
h0e7ef600g82aegeba0g077eg2ddad69731f8	COMMA_PARENTHESIS_WHITESPACE	Оформлення	 .	Не ставте пробіл перед крапкою.	.	"Вас оточує дика магія варвара. Ваш <LSTag Tooltip=""ArmourClass"">Рівень захисту</LSTag> збільшується на значення вашого бонусу до шкоди від Люті, доки не завершиться ваша <LSTag Type=""Status"" Tooltip=""RAGE"">Лють</LSTag>."
he36b3403gbab9gf77fg17fbg32e95953478c	MORFOLOGIK_RULE_UK_UA	Можлива механічна помилка	Непричарування	Знайдено потенційну орфографічну помилку.	Не причарування	Рівень 7: Непричарування
hf8844bacg4eb3geecdg5fbagf17d5ba9d6b0	MORFOLOGIK_RULE_UK_UA	Можлива механічна помилка	Непричарування	Знайдено потенційну орфографічну помилку.	Не причарування	Непричарування
hd68a192ag408cg0b94ge1bcgb6efd87c7b6a	MORFOLOGIK_RULE_UK_UA	Можлива механічна помилка	фейську	Знайдено потенційну орфографічну помилку.	Феську, бейську, гейську, зейську, рейську	Ви можете вплітати фейську магію в пісню чи танець, наповнюючи інших снагою. Вторинною дією ви можете витратити одне застосування Бардівського натхнення й кинути його кістку. Виберіть інших істот у межах [1] від вас у кількості, що не перевищує вашого модифікатора харизми (щонайменше одну істоту).\n\nКожна з цих істот отримує тимчасові очки здоров’я в кількості, що вдвічі перевищує результат кидка, і може переміщуватися, не провокуючи принагідних атак, до кінця свого наступного ходу.
hd91012edgb1a6g4aabg14d4g0d685464de55	COMMA_PARENTHESIS_WHITESPACE	Оформлення	( 	Не ставте пробіл після лівої дужки	(	"Чудотворець. Ви знаєте одне додаткове замовляння зі списку заклять клірика. Крім того, містичний зв’язок із божественним дає вам бонус до перевірок інтелекту (<LSTag Type=""Skills"" Tooltip=""Arcana"">Таїнства</LSTag> або <LSTag Type=""Skills"" Tooltip=""Religion"">Релігія</LSTag>). Бонус дорівнює вашому модифікатору мудрості (щонайменше +1)."
hd91012edgb1a6g4aabg14d4g0d685464de55	COMMA_PARENTHESIS_WHITESPACE	Оформлення	 )	Не ставте пробіл перед правою дужкою	)	"Чудотворець. Ви знаєте одне додаткове замовляння зі списку заклять клірика. Крім того, містичний зв’язок із божественним дає вам бонус до перевірок інтелекту (<LSTag Type=""Skills"" Tooltip=""Arcana"">Таїнства</LSTag> або <LSTag Type=""Skills"" Tooltip=""Religion"">Релігія</LSTag>). Бонус дорівнює вашому модифікатору мудрості (щонайменше +1)."
h37124d24g1b0dg1b86g632dg14623f5d21b6	UK_SIMPLE_REPLACE	Інше	Пощада	«Пощада» - помилкове слово, виправлення: милість, милосердя, помилування.	Милість, Милосердя, Помилування	Пощада
hf2f5e5c4g141ag2b8egb90cg9ff6727b6910	UK_SIMPLE_REPLACE	Інше	Пощада	«Пощада» - помилкове слово, виправлення: милість, милосердя, помилування.	Милість, Милосердя, Помилування	Рівень 1: Божественний порядок: Пощада
h619804afg28a4g6f48g9db2gb39ec7c1d073	MORFOLOGIK_RULE_UK_UA	Можлива механічна помилка	невмерлих	Знайдено потенційну орфографічну помилку.	не вмерлих	"Ви можете спрямовувати божественну енергію для створення особливих ефектів, як-от <LSTag Type=""Spell"" Tooltip=""Target_DivineSpark"">«Божественна іскра»</LSTag> та «Вигнання невмерлих», вибираючи один із них щоразу, коли застосовуєте Боже наснаження. На вищих рівнях клірика ви отримуєте додаткові ефекти й застосування. Одне застосування відновлюється після короткого відпочинку, а всі — після довгого. Для кидків протидії використовується ваша МС кидків протидії закляттям."
hd9e8561fg5920g7f26g9d66g15b2d44e24f3	UK_SIMPLE_REPLACE	Інше	Пощада	«Пощада» - помилкове слово, виправлення: милість, милосердя, помилування.	Милість, Милосердя, Помилування	Пощада
h05f1c3ebg02fcg677cga473g464cac2d584f	MORFOLOGIK_RULE_UK_UA	Можлива механічна помилка	псіонічної	Знайдено потенційну орфографічну помилку.	північної, Піоніїної, біонічної, кріонічної, пікнічної, іонічної, псі-онічної	"Ви встромляєте шип псіонічної енергії у свідомість однієї видимої істоти в межах досяжності. Ціль виконує кидок протидії мудрістю. У разі невдачі вона зазнає психічної шкоди, а в разі успіху — вдвічі менше. Після невдачі ви також знаєте місцеперебування цілі до завершення закляття. Доки ви це знаєте, ціль не може сховатися від вас, а стан <LSTag Type=""Status"" Tooltip=""INVISIBLE"">Невидимість</LSTag> не надає їй переваг проти вас."
hdd98d6aage020gf00bgcd6fg4be2ad2fd956	COMMA_PARENTHESIS_WHITESPACE	Оформлення	 ,	Поставте пробіл після коми, а не перед комою.	,	"Ви отримуєте спеціалізацію в кидках протидії інтелектом.\n\nДодавайте половину свого модифікатора мудрості до <LSTag Tooltip=""AbilityCheck"">перевірок характеристик</LSTag>, у яких ви не маєте <LSTag Tooltip=""Proficiency"">спеціалізації</LSTag>."
hdd98d6aage020gf00bgcd6fg4be2ad2fd956	COMMA_PARENTHESIS_WHITESPACE	Оформлення	 .	Не ставте пробіл перед крапкою.	.	"Ви отримуєте спеціалізацію в кидках протидії інтелектом.\n\nДодавайте половину свого модифікатора мудрості до <LSTag Tooltip=""AbilityCheck"">перевірок характеристик</LSTag>, у яких ви не маєте <LSTag Tooltip=""Proficiency"">спеціалізації</LSTag>."
h9cbc738dgd21bg77f4g2687gd1ac412ca2b4	COMMA_PARENTHESIS_WHITESPACE	Оформлення	 .	Не ставте пробіл перед крапкою.	.	"Ви запускаєте іскру світла в одну істоту чи предмет у межах досяжності. Виконайте дальню атаку закляттям проти цілі. У разі влучання ціль зазнає променевої шкоди, а до кінця вашого наступного ходу випромінює тьмяне світло в радіусі [1] і не може скористатися станом <LSTag Type=""Status"" Tooltip=""INVISIBLE"">Невидимості</LSTag>."
he44a89e4gd251g9a1dg6abagca1e9807a226	COMMA_PARENTHESIS_WHITESPACE	Оформлення	 .	Не ставте пробіл перед крапкою.	.	"Істота випромінює тьмяне світло в радіусі [1] і не може скористатися станом <LSTag Type=""Status"" Tooltip=""INVISIBLE"">Невидимість</LSTag>."
h8d4a4bb1g65b7g5025g4514gdfa80f1282ba	UK_SIMPLE_REPLACE	Інше	Рокіт	«Рокіт» - помилкове слово, виправлення: гуркіт, гуркотіння, буркіт, буркотіння, бренькіт; вуркіт; воркотіння.	Гуркіт, Гуркотіння, Буркіт, Буркотіння, Бренькіт; вуркіт; воркотіння	Рокіт грому
h261201bdgf3e1gc0a9g001bg9f21c4b6eb0b	COMMA_PARENTHESIS_WHITESPACE	Оформлення	( 	Не ставте пробіл після лівої дужки	(	"Маг. Ви знаєте одне додаткове замовляння зі списку заклять друїда. Крім того, містичний зв’язок із природою дає вам бонус до перевірок інтелекту (<LSTag Type=""Skills"" Tooltip=""Arcana"">Таїнства</LSTag> або <LSTag Type=""Skills"" Tooltip=""Nature"">Природа</LSTag>) у кількості, що дорівнює вашому модифікатору мудрості (щонайменше +1)."
h261201bdgf3e1gc0a9g001bg9f21c4b6eb0b	COMMA_PARENTHESIS_WHITESPACE	Оформлення	 )	Не ставте пробіл перед правою дужкою	)	"Маг. Ви знаєте одне додаткове замовляння зі списку заклять друїда. Крім того, містичний зв’язок із природою дає вам бонус до перевірок інтелекту (<LSTag Type=""Skills"" Tooltip=""Arcana"">Таїнства</LSTag> або <LSTag Type=""Skills"" Tooltip=""Nature"">Природа</LSTag>) у кількості, що дорівнює вашому модифікатору мудрості (щонайменше +1)."
hab8ea7d9g7419g79d4ge012g86380a295a02	UK_SIMPLE_REPLACE	Інше	Пощада	«Пощада» - помилкове слово, виправлення: милість, милосердя, помилування.	Милість, Милосердя, Помилування	Рівень 1: Первісний порядок: Пощада
hf5a7c07dg5d75g8b41g3ce4g8e350dae85b9	UK_SIMPLE_REPLACE	Інше	Пощада	«Пощада» - помилкове слово, виправлення: милість, милосердя, помилування.	Милість, Милосердя, Помилування	Пощада
h566f5dd1g1db3g0d0age62cg0ff1909892ef	UK_SIMPLE_REPLACE	Інше	Рокіт	«Рокіт» - помилкове слово, виправлення: гуркіт, гуркотіння, буркіт, буркотіння, бренькіт; вуркіт; воркотіння.	Гуркіт, Гуркотіння, Буркіт, Буркотіння, Бренькіт; вуркіт; воркотіння	Рівень 1: Первісний порядок: Рокіт грому
hf81ea6f0gb2bcg2e34g72c5gfeb99fd56826	UK_SIMPLE_REPLACE	Інше	Рокіт	«Рокіт» - помилкове слово, виправлення: гуркіт, гуркотіння, буркіт, буркотіння, бренькіт; вуркіт; воркотіння.	Гуркіт, Гуркотіння, Буркіт, Буркотіння, Бренькіт; вуркіт; воркотіння	Рокіт грому
h4bd8abf4gf0adgc66cgc5bag97c641b5e998	MORFOLOGIK_RULE_UK_UA	Можлива механічна помилка	ротей	Знайдено потенційну орфографічну помилку.	ролей, роти, Ротай, протей, ратей, ромей, роте, ротки	Дика подоба: глибинний ротей
hb0d5b816gde08g18fag0b3dg87d87c0c5144	MORFOLOGIK_RULE_UK_UA	Можлива механічна помилка	лютоворон	Знайдено потенційну орфографічну помилку.	люто ворон	Дика подоба: лютоворон
h78df260fgc265gf45fg5e7eg3a5e3f320112	MORFOLOGIK_RULE_UK_UA	Можлива механічна помилка	лютововк	Знайдено потенційну орфографічну помилку.	люто вовк	Дика подоба: лютововк
h5ea20feag7ba3g2debga31dg2a7068efca9a	MORFOLOGIK_RULE_UK_UA	Можлива механічна помилка	ротей	Знайдено потенційну орфографічну помилку.	ролей, роти, Ротай, протей, ратей, ромей, роте, ротки	Дика подоба: глибинний ротей
h2478c66ag72fbg9200g36ecga9a3f81bd052	MORFOLOGIK_RULE_UK_UA	Можлива механічна помилка	лютоворон	Знайдено потенційну орфографічну помилку.	люто ворон	Дика подоба: лютоворон
h356d9ca7gde59g20cdg3b43g5d69b5e91166	MORFOLOGIK_RULE_UK_UA	Можлива механічна помилка	лютововк	Знайдено потенційну орфографічну помилку.	люто вовк	Дика подоба: лютововк
h4a06421fg399bge851g94a3gc50cf5ac4685	MORFOLOGIK_RULE_UK_UA	Можлива механічна помилка	дилофозавр	Знайдено потенційну орфографічну помилку.	динозавр	Дика подоба: дилофозавр
h98a60dc7g4df3g01fbg8fd5g832b47cc24aa	MORFOLOGIK_RULE_UK_UA	Можлива механічна помилка	ведмесич	Знайдено потенційну орфографічну помилку.	ведмедик, ведмежий, Ведмежим, ведмедих, ведмедищ, ведмежим, ведмежих	Дика подоба: ведмесич
h4171bc8fg8509g75b1g344ag4875cb305165	MORFOLOGIK_RULE_UK_UA	Можлива механічна помилка	мірмідон	Знайдено потенційну орфографічну помилку.	пірамідон	Дика подоба: повітряний мірмідон
hd2efd2eag8f2ag8c20g6458g2d2ee404e737	MORFOLOGIK_RULE_UK_UA	Можлива механічна помилка	мірмідон	Знайдено потенційну орфографічну помилку.	пірамідон	Дика подоба: земляний мірмідон
ha20f8cafgc437g2e56ga015ge90f46a9fa2e	MORFOLOGIK_RULE_UK_UA	Можлива механічна помилка	мірмідон	Знайдено потенційну орфографічну помилку.	пірамідон	Дика подоба: вогняний мірмідон
hd1247016g50d4g5313gc5d9g817268c918e1	MORFOLOGIK_RULE_UK_UA	Можлива механічна помилка	мірмідон	Знайдено потенційну орфографічну помилку.	пірамідон	Дика подоба: водяний мірмідон
hdcc80e1bg50d8g4d7egf3c5gd88613415b9a	MORFOLOGIK_RULE_UK_UA	Можлива механічна помилка	лютововк	Знайдено потенційну орфографічну помилку.	люто вовк	Дика подоба: лютововк
h4838ee09g3746g4dc0g2baeg7a9ddd9bf1d4	MORFOLOGIK_RULE_UK_UA	Можлива механічна помилка	лютоворон	Знайдено потенційну орфографічну помилку.	люто ворон	Дика подоба: лютоворон
he834ae45gcae8gf3bag6df2ga3f6b92b7407	MORFOLOGIK_RULE_UK_UA	Можлива механічна помилка	ротей	Знайдено потенційну орфографічну помилку.	ролей, роти, Ротай, протей, ратей, ромей, роте, ротки	Дика подоба: глибинний ротей
h69bf3828g083cg1e10g408egf0f2ee4c7fe8	MORFOLOGIK_RULE_UK_UA	Можлива механічна помилка	РЗ	Знайдено потенційну орфографічну помилку.	З, ІЗ, РАЗ, РФ, ВЗ, РБ, ПЗ, РП	Коли ви набуваєте Дикої подоби, то можете спрямувати місячну магію й отримати такі переваги.\n\nРівень захисту. Доки ви не залишите подобу, ваш РЗ дорівнює 13 + ваш модифікатор мудрості, якщо ця сума перевищує РЗ звіра.\n\nТимчасові очки здоров’я. Ви отримуєте тимчасові очки здоров’я в кількості, що втричі перевищує ваш рівень друїда.
h69bf3828g083cg1e10g408egf0f2ee4c7fe8	MORFOLOGIK_RULE_UK_UA	Можлива механічна помилка	РЗ	Знайдено потенційну орфографічну помилку.	З, ІЗ, РАЗ, РФ, ВЗ, РБ, ПЗ, РП	Коли ви набуваєте Дикої подоби, то можете спрямувати місячну магію й отримати такі переваги.\n\nРівень захисту. Доки ви не залишите подобу, ваш РЗ дорівнює 13 + ваш модифікатор мудрості, якщо ця сума перевищує РЗ звіра.\n\nТимчасові очки здоров’я. Ви отримуєте тимчасові очки здоров’я в кількості, що втричі перевищує ваш рівень друїда.
h412ee86dgfedcga2beg54adgbd1f6bc466f9	MORFOLOGIK_RULE_UK_UA	Можлива механічна помилка	шинова	Знайдено потенційну орфографічну помилку.	Линова, Тинова, Шилова, Широва, Шишова, винова, синова, шинкова	Правило: вимоги до сили (шинова броня)
h8a4c8a20gcc89g49e5g2025g934de8342619	COMMA_PARENTHESIS_WHITESPACE	Оформлення	( 	Не ставте пробіл після лівої дужки	(	"Завдяки своїй атлетичності ви маєте перевагу в кидках ініціативи та перевірках сили (<LSTag Type=""Skills"" Tooltip=""Athletics"">Атлетизм</LSTag>).\n\nКрім того, одразу після критичного влучання ви можете переміститися на відстань до половини своєї швидкості, не провокуючи принагідних атак."
h8a4c8a20gcc89g49e5g2025g934de8342619	COMMA_PARENTHESIS_WHITESPACE	Оформлення	 )	Не ставте пробіл перед правою дужкою	)	"Завдяки своїй атлетичності ви маєте перевагу в кидках ініціативи та перевірках сили (<LSTag Type=""Skills"" Tooltip=""Athletics"">Атлетизм</LSTag>).\n\nКрім того, одразу після критичного влучання ви можете переміститися на відстань до половини своєї швидкості, не провокуючи принагідних атак."
h7e67754bg739bg3c96gcd25g72c30f60a4d8	COMMA_PARENTHESIS_WHITESPACE	Оформлення	 .	Не ставте пробіл перед крапкою.	.	"Змусити істоту перекинути свій <LSTag Tooltip=""AttackRoll"">Кидок атаки</LSTag>."
h4dfef820g9b72g3d0egde23ga602945eec3c	COMMA_PARENTHESIS_WHITESPACE	Оформлення	 .	Не ставте пробіл перед крапкою.	.	"Отримайте <LSTag Tooltip=""Advantage"">перевагу</LSTag> на свій <LSTag Tooltip=""AttackRoll"">кидок атаки</LSTag> або <LSTag Tooltip=""SavingThrow"">кидок протидії</LSTag>."
h83374bedgf40agd759g1784gd9c5f24545a3	COMMA_PARENTHESIS_WHITESPACE	Оформлення	 .	Не ставте пробіл перед крапкою.	.	"Ви можете витратити 1 очко зосередження, щоб вторинною дією виконати одночасно Відступ і <LSTag Type=""Spell"" Tooltip=""Shout_Dash"">Ривок</LSTag>. До кінця ходу дальність ваших стрибків подвоюється."
h5248daffg03b1g4eeeg4498gaafc4796eece	COMMA_PARENTHESIS_WHITESPACE	Оформлення	 .	Не ставте пробіл перед крапкою.	.	"Безпечний відхід: переміщення не провокує <LSTag Tooltip=""OpportunityAttack"">принагідних атак</LSTag>."
h363f8861g503bg174cgc576g28e60841fa32	MORFOLOGIK_RULE_UK_UA	Можлива механічна помилка	колольної	Знайдено потенційну орфографічну помилку.	колосальної, колоїдної, Колодної, Окольної, голільної, золильної, золільної, кокільної	Коли атака влучає у вас і завдає забійної, колольної або рубальної шкоди, ви можете застосувати реагування, щоб зменшити загальну зазнану шкоду на 1d10 + ваш модифікатор спритності + ваш рівень монаха.\n\nЯкщо це зменшує шкоду до 0, ви можете витратити 1 очко кі, щоб застосувати «Перенаправлення атаки».
h363f8861g503bg174cgc576g28e60841fa32	MORFOLOGIK_RULE_UK_UA	Можлива механічна помилка	кі	Знайдено потенційну орфографічну помилку.	Кі, і, які, її, зі, ні, ці, ті	Коли атака влучає у вас і завдає забійної, колольної або рубальної шкоди, ви можете застосувати реагування, щоб зменшити загальну зазнану шкоду на 1d10 + ваш модифікатор спритності + ваш рівень монаха.\n\nЯкщо це зменшує шкоду до 0, ви можете витратити 1 очко кі, щоб застосувати «Перенаправлення атаки».
h96997b05g813bg4cedge308g8b97a39ea6cc	MORFOLOGIK_RULE_UK_UA	Можлива механічна помилка	колольну	Знайдено потенційну орфографічну помилку.	колону, колосальну, Колліну, Колодну, Коломну, Колону, Королину, Корольчу	"Зменште зазнану забійну, колольну або рубальну шкоду на 1d10 + ваш <LSTag Tooltip=""AbilityModifier"">модифікатор</LSTag> спритності + ваш рівень монаха.\n\nЯкщо це зменшує шкоду до 0, ви можете витратити 1 очко кі, щоб застосувати «Перенаправлення атаки»."
h96997b05g813bg4cedge308g8b97a39ea6cc	MORFOLOGIK_RULE_UK_UA	Можлива механічна помилка	кі	Знайдено потенційну орфографічну помилку.	Кі, і, які, її, зі, ні, ці, ті	"Зменште зазнану забійну, колольну або рубальну шкоду на 1d10 + ваш <LSTag Tooltip=""AbilityModifier"">модифікатор</LSTag> спритності + ваш рівень монаха.\n\nЯкщо це зменшує шкоду до 0, ви можете витратити 1 очко кі, щоб застосувати «Перенаправлення атаки»."
h62e16743gcb72g9068gb2d0gb1a62ea9d321	MORFOLOGIK_RULE_UK_UA	Можлива механічна помилка	Тінепаду	Знайдено потенційну орфографічну помилку.	Тіне паду	"Ви навчилися черпати силу з Тінепаду й отримуєте такі переваги.\n\nПітьма. Ви можете витратити 1 очко зосередження, щоб проказати «Пітьму» без складників. Проказавши закляття за допомогою цієї особливості, ви можете бачити в зоні його дії. Поки закляття триває, на початку кожного свого ходу ви можете перемістити зону Пітьми в простір у межах [1] від себе.\nТемнозір. Ви отримуєте темнозір із дальністю [1]. Якщо ви вже маєте темнозір, його дальність збільшується на 60 футів.\n\nТіньові образи. Ви знаєте закляття <LSTag Type=""Spell"" Tooltip=""Target_ImprovedMinorIllusion"">Мала ілюзія</LSTag>. Його базова характеристика проказування для вас — мудрість."
h62e16743gcb72g9068gb2d0gb1a62ea9d321	MORFOLOGIK_RULE_UK_UA	Можлива механічна помилка	Темнозір	Знайдено потенційну орфографічну помилку.	Темно зір	"Ви навчилися черпати силу з Тінепаду й отримуєте такі переваги.\n\nПітьма. Ви можете витратити 1 очко зосередження, щоб проказати «Пітьму» без складників. Проказавши закляття за допомогою цієї особливості, ви можете бачити в зоні його дії. Поки закляття триває, на початку кожного свого ходу ви можете перемістити зону Пітьми в простір у межах [1] від себе.\nТемнозір. Ви отримуєте темнозір із дальністю [1]. Якщо ви вже маєте темнозір, його дальність збільшується на 60 футів.\n\nТіньові образи. Ви знаєте закляття <LSTag Type=""Spell"" Tooltip=""Target_ImprovedMinorIllusion"">Мала ілюзія</LSTag>. Його базова характеристика проказування для вас — мудрість."
h62e16743gcb72g9068gb2d0gb1a62ea9d321	MORFOLOGIK_RULE_UK_UA	Можлива механічна помилка	темнозір	Знайдено потенційну орфографічну помилку.	темно зір	"Ви навчилися черпати силу з Тінепаду й отримуєте такі переваги.\n\nПітьма. Ви можете витратити 1 очко зосередження, щоб проказати «Пітьму» без складників. Проказавши закляття за допомогою цієї особливості, ви можете бачити в зоні його дії. Поки закляття триває, на початку кожного свого ходу ви можете перемістити зону Пітьми в простір у межах [1] від себе.\nТемнозір. Ви отримуєте темнозір із дальністю [1]. Якщо ви вже маєте темнозір, його дальність збільшується на 60 футів.\n\nТіньові образи. Ви знаєте закляття <LSTag Type=""Spell"" Tooltip=""Target_ImprovedMinorIllusion"">Мала ілюзія</LSTag>. Його базова характеристика проказування для вас — мудрість."
h62e16743gcb72g9068gb2d0gb1a62ea9d321	MORFOLOGIK_RULE_UK_UA	Можлива механічна помилка	темнозір	Знайдено потенційну орфографічну помилку.	темно зір	"Ви навчилися черпати силу з Тінепаду й отримуєте такі переваги.\n\nПітьма. Ви можете витратити 1 очко зосередження, щоб проказати «Пітьму» без складників. Проказавши закляття за допомогою цієї особливості, ви можете бачити в зоні його дії. Поки закляття триває, на початку кожного свого ходу ви можете перемістити зону Пітьми в простір у межах [1] від себе.\nТемнозір. Ви отримуєте темнозір із дальністю [1]. Якщо ви вже маєте темнозір, його дальність збільшується на 60 футів.\n\nТіньові образи. Ви знаєте закляття <LSTag Type=""Spell"" Tooltip=""Target_ImprovedMinorIllusion"">Мала ілюзія</LSTag>. Його базова характеристика проказування для вас — мудрість."
h62e16743gcb72g9068gb2d0gb1a62ea9d321	COMMA_PARENTHESIS_WHITESPACE	Оформлення	 .	Не ставте пробіл перед крапкою.	.	"Ви навчилися черпати силу з Тінепаду й отримуєте такі переваги.\n\nПітьма. Ви можете витратити 1 очко зосередження, щоб проказати «Пітьму» без складників. Проказавши закляття за допомогою цієї особливості, ви можете бачити в зоні його дії. Поки закляття триває, на початку кожного свого ходу ви можете перемістити зону Пітьми в простір у межах [1] від себе.\nТемнозір. Ви отримуєте темнозір із дальністю [1]. Якщо ви вже маєте темнозір, його дальність збільшується на 60 футів.\n\nТіньові образи. Ви знаєте закляття <LSTag Type=""Spell"" Tooltip=""Target_ImprovedMinorIllusion"">Мала ілюзія</LSTag>. Його базова характеристика проказування для вас — мудрість."
h90c565bfgdc8eg1fc2gde60ga457cc60135b	COMMA_PARENTHESIS_WHITESPACE	Оформлення	 ,	Поставте пробіл після коми, а не перед комою.	,	"Поки діє ваше <LSTag Type=""Spell"" Tooltip=""Shout_HarmonyOfFireAndWater"">Стихійне налаштування</LSTag>, ваша швидкість польоту та плавання дорівнює звичайній швидкості."
hca271062g4f0eg4316gc46ag52e3d54b2851	COMMA_PARENTHESIS_WHITESPACE	Оформлення	 ,	Поставте пробіл після коми, а не перед комою.	,	"Ви прикликаєте потойбічного скакуна й одразу сідаєте на нього верхи.\n\nУ кожен свій хід скакун може виконати одну з вибраних вами дій: <LSTag Type=""Spell"" Tooltip=""Shout_Dash"">Ривок</LSTag>, Відступ, Ухилення або Атаку.\n\nПеребуваючи верхи, щоразу, коли ви зазнаєте 4 або більше шкоди, мусите виконати кидок протидії спритністю з МС 8. У разі невдачі ви падаєте зі скакуна й перебуваєте в стані повалення протягом 1 ходу.\n\n\nСкакуна може побачити лише гравець із чистим серцем."
h2e3d13a5gdd90g80a4g970dg3282a7a7bfa9	COMMA_PARENTHESIS_WHITESPACE	Оформлення	 ,	Поставте пробіл після коми, а не перед комою.	,	"Ви прикликаєте потойбічного скакуна й одразу сідаєте на нього.\n\nУ кожен свій хід скакун може виконати одну з таких дій на ваш вибір: <LSTag Type=""Spell"" Tooltip=""Shout_Dash"">Ривок</LSTag>, Відступ, Ухилення або Атака.\n\nПеребуваючи в сідлі, коли ви зазнаєте щонайменше 4 шкоди, ви повинні виконати кидок протидії спритністю з МС 8. У разі невдачі ви падаєте зі скакуна й на 1 хід набуваєте стану повалення."
he8975525g4266g8430g813bg4d65176a35f5	MORFOLOGIK_RULE_UK_UA	Можлива механічна помилка	Гепак	Знайдено потенційну орфографічну помилку.	Гопак, Гевак, Гепа, Чепак, Щепак, Гепав, Гепай, Гепаю	Гепак
h5c0401b6g3fc4gaadagf4bbg097715066c52	COMMA_PARENTHESIS_WHITESPACE	Оформлення	 ,	Поставте пробіл після коми, а не перед комою.	,	"Зосередження на уникненні атак.\n\n<LSTag Tooltip=""AttackRoll"">Кидки атаки</LSTag> проти ураженої істоти мають <LSTag Tooltip=""Disadvantage"">заваду</LSTag>, а сама вона має <LSTag Tooltip=""Advantage"">перевагу</LSTag> на <LSTag Tooltip=""SavingThrow"">кидки протидії</LSTag> спритністю."
hdd546b3bg87ddg0b0eg91d9g7dd5bb69d0d5	UK_SIMPLE_REPLACE	Інше	Сяючі	«Сяючі» - помилкове слово, виправлення: що сяє, опромінений, осяяний, сяйнистий, блискучий; сяйливий; сяйний; пишно блискучий; променистий.	Що сяє, Опромінений, Осяяний, Сяйнистий, Блискучий; сяйливий; сяйний; пишно блискучий; променистий	Рівень 11: Сяючі удари
hae6c4966g7a68ga1edg4bc6gae39ac7aeb6b	COMMA_PARENTHESIS_WHITESPACE	Оформлення	 .	Не ставте пробіл перед крапкою.	.	"Ви й союзники поблизу маєте опір до некротичної, психічної та променевої шкоди. Аура зникає, якщо ви <LSTag Type=""Status"" Tooltip=""DOWNED"">знепритомнієте</LSTag>."
h2c05bd1dg9548g9d0ag66dbgd31ce3af6dab	COMMA_PARENTHESIS_WHITESPACE	Оформлення	 ,	Поставте пробіл після коми, а не перед комою.	,	"Якщо ви влучите у ворога <LSTag Tooltip=""OpportunityAttack"">принагідною атакою</LSTag>, то можете зменшити його швидкість до 0 до кінця поточного ходу. У свій наступний хід ваша <LSTag Tooltip=""MovementSpeed"">швидкість руху</LSTag> збільшується на [1]."
hcd8000b2gdb8aga27dg0c5agb3cd6b125346	MORFOLOGIK_RULE_UK_UA	Можлива механічна помилка	проказувань	Знайдено потенційну орфографічну помилку.	показувань, проказувано, прокачувань, промазувань	Ви завжди маєте підготовленою «Мисливську мітку». Ви можете двічі проказати її, не витрачаючи чарунки, і відновлюєте всі витрачені застосування цієї змоги після довгого відпочинку.\n\nКількість проказувань без витрати чарунки збільшується на певних рівнях слідопита, як указано у стовпці «Улюблений ворог» таблиці особливостей слідопита.
h306c6ef1gb334gc9d9g3199g2f6fed258ca6	MORFOLOGIK_RULE_UK_UA	Можлива механічна помилка	проказувань	Знайдено потенційну орфографічну помилку.	показувань, проказувано, прокачувань, промазувань	Ви завжди маєте підготовленою «Мисливську мітку». Ви можете двічі проказати її, не витрачаючи чарунки, і відновлюєте всі витрачені застосування цієї змоги після довгого відпочинку.\n\nКількість проказувань без витрати чарунки збільшується на певних рівнях слідопита, як указано у стовпці «Улюблений ворог» таблиці особливостей слідопита.
hf7441cebg5087gb813g35d8g6732e3fae8e6	MORFOLOGIK_RULE_UK_UA	Можлива механічна помилка	Очко(и)	Знайдено потенційну орфографічну помилку.	Очковий, Очкових, Очковим	Очко(и) чародійства
he1bd3e3eg338fg58d5g3de3g9be05e9302e7	MORFOLOGIK_RULE_UK_UA	Можлива механічна помилка	Заковна	Знайдено потенційну орфографічну помилку.	Законна, Закована, Замовна	Рівень 1: Заковна угода
h87d4e985gc3a3g6b66g2385g07e2b48896df	COMMA_PARENTHESIS_WHITESPACE	Оформлення	 ,	Поставте пробіл після коми, а не перед комою.	,	"Ви можете проказати <LSTag Type=""Spell"" Tooltip=""Target_DeathWard"">«Оберіг від смерті»</LSTag>, не витрачаючи <LSTag Tooltip=""SpellSlot"">чарунку заклять</LSTag>."
h87d4e985gc3a3g6b66g2385g07e2b48896df	COMMA_PARENTHESIS_WHITESPACE	Оформлення	 .	Не ставте пробіл перед крапкою.	.	"Ви можете проказати <LSTag Type=""Spell"" Tooltip=""Target_DeathWard"">«Оберіг від смерті»</LSTag>, не витрачаючи <LSTag Tooltip=""SpellSlot"">чарунку заклять</LSTag>."
hb8aec518g6d45g1454g58cbgbac23fec6617	MORFOLOGIK_RULE_UK_UA	Можлива механічна помилка	Життєпивця	Знайдено потенційну орфографічну помилку.	Життєдавця	Рівень 9: Життєпивця
hd69af339g9d2bg91b6gba38g8dbeb8503f7b	MORFOLOGIK_RULE_UK_UA	Можлива механічна помилка	Пожиральний	Знайдено потенційну орфографічну помилку.	Поминальний, Повивальний, Позичальний, Поливальний, Поринальний, Посилальний, Посипальний, Починальний	Рівень 12: Пожиральний клинок
h3098d03bg9b76gd04eg7ef8g689022ec62ad	MORFOLOGIK_RULE_UK_UA	Можлива механічна помилка	Інвокація	Знайдено потенційну орфографічну помилку.	Інновація, Інтонація, Адвокація, Конвокація, Ревокація, Інволюція, Індикація, Індосація	Інвокація: дар захисників
h17b4c239g8209gd0fbg57b8gadfb6d1e2826	MORFOLOGIK_RULE_UK_UA	Можлива механічна помилка	джурозвір	Знайдено потенційну орфографічну помилку.	джуро звір	"Ваш <LSTag Type=""Spell"" Tooltip=""Target_FindFamiliar"">джурозвір</LSTag> отримує особливість «Додаткова атака»."
h170d4635g2a45gd51dg6f7cg0cc6d58ae805	COMMA_PARENTHESIS_WHITESPACE	Оформлення	 ,	Поставте пробіл після коми, а не перед комою.	,	"Ви можете по одному разу за довгий відпочинок проказати <LSTag Type=""Spell"" Tooltip=""Target_AnimateDead"">«Пробудження мерця»</LSTag>, <LSTag Type=""Spell"" Tooltip=""Target_Haste"">«Поспіх»</LSTag> і <LSTag Type=""Spell"" Tooltip=""Target_CallLightning"">«Заклик блискавки»</LSTag>."
h170d4635g2a45gd51dg6f7cg0cc6d58ae805	COMMA_PARENTHESIS_WHITESPACE	Оформлення	 .	Не ставте пробіл перед крапкою.	.	"Ви можете по одному разу за довгий відпочинок проказати <LSTag Type=""Spell"" Tooltip=""Target_AnimateDead"">«Пробудження мерця»</LSTag>, <LSTag Type=""Spell"" Tooltip=""Target_Haste"">«Поспіх»</LSTag> і <LSTag Type=""Spell"" Tooltip=""Target_CallLightning"">«Заклик блискавки»</LSTag>."
h32ed567egee36g91e1g2accgb992c0f4d730	COMMA_PARENTHESIS_WHITESPACE	Оформлення	 ,	Поставте пробіл після коми, а не перед комою.	,	"Вивчаючи магію, ви також спеціалізувалися на іншій галузі досліджень. Виберіть одну з наведених нижче навичок, якою ви володієте: <LSTag Type=""Skills"" Tooltip=""Arcana"">Таїнства</LSTag>, <LSTag Type=""Skills"" Tooltip=""History"">Історія</LSTag>, Розслідування, <LSTag Type=""Skills"" Tooltip=""Medicine"">Медицина</LSTag>, <LSTag Type=""Skills"" Tooltip=""Nature"">Природа</LSTag> або <LSTag Type=""Skills"" Tooltip=""Religion"">Релігія</LSTag>. Ви набуваєте вправності у вибраній навичці."
h32ed567egee36g91e1g2accgb992c0f4d730	COMMA_PARENTHESIS_WHITESPACE	Оформлення	 ,	Поставте пробіл після коми, а не перед комою.	,	"Вивчаючи магію, ви також спеціалізувалися на іншій галузі досліджень. Виберіть одну з наведених нижче навичок, якою ви володієте: <LSTag Type=""Skills"" Tooltip=""Arcana"">Таїнства</LSTag>, <LSTag Type=""Skills"" Tooltip=""History"">Історія</LSTag>, Розслідування, <LSTag Type=""Skills"" Tooltip=""Medicine"">Медицина</LSTag>, <LSTag Type=""Skills"" Tooltip=""Nature"">Природа</LSTag> або <LSTag Type=""Skills"" Tooltip=""Religion"">Релігія</LSTag>. Ви набуваєте вправності у вибраній навичці."
h32ed567egee36g91e1g2accgb992c0f4d730	COMMA_PARENTHESIS_WHITESPACE	Оформлення	 ,	Поставте пробіл після коми, а не перед комою.	,	"Вивчаючи магію, ви також спеціалізувалися на іншій галузі досліджень. Виберіть одну з наведених нижче навичок, якою ви володієте: <LSTag Type=""Skills"" Tooltip=""Arcana"">Таїнства</LSTag>, <LSTag Type=""Skills"" Tooltip=""History"">Історія</LSTag>, Розслідування, <LSTag Type=""Skills"" Tooltip=""Medicine"">Медицина</LSTag>, <LSTag Type=""Skills"" Tooltip=""Nature"">Природа</LSTag> або <LSTag Type=""Skills"" Tooltip=""Religion"">Релігія</LSTag>. Ви набуваєте вправності у вибраній навичці."
h32ed567egee36g91e1g2accgb992c0f4d730	COMMA_PARENTHESIS_WHITESPACE	Оформлення	 .	Не ставте пробіл перед крапкою.	.	"Вивчаючи магію, ви також спеціалізувалися на іншій галузі досліджень. Виберіть одну з наведених нижче навичок, якою ви володієте: <LSTag Type=""Skills"" Tooltip=""Arcana"">Таїнства</LSTag>, <LSTag Type=""Skills"" Tooltip=""History"">Історія</LSTag>, Розслідування, <LSTag Type=""Skills"" Tooltip=""Medicine"">Медицина</LSTag>, <LSTag Type=""Skills"" Tooltip=""Nature"">Природа</LSTag> або <LSTag Type=""Skills"" Tooltip=""Religion"">Релігія</LSTag>. Ви набуваєте вправності у вибраній навичці."
h9e315a90g0705gb2c6g1a8eg13de362924de	COMMA_PARENTHESIS_WHITESPACE	Оформлення	 .	Не ставте пробіл перед крапкою.	.	"Ви набуваєте вправності (див. глосарій правил) у двох навичках, якими володієте, на свій вибір. Якщо ви ними володієте, рекомендовано вибрати <LSTag Type=""Skills"" Tooltip=""Performance"">Артистичність</LSTag> і <LSTag Type=""Skills"" Tooltip=""Persuasion"">Переконання</LSTag>.\n\nНа 9-му рівні барда ви набуваєте вправності в іще двох навичках, якими володієте, на свій вибір."
hc9341211ge6c1g1fd9gddbeg13315817fedb	COMMA_PARENTHESIS_WHITESPACE	Оформлення	 ,	Поставте пробіл після коми, а не перед комою.	,	"Ви набуваєте володіння двома навичками на свій вибір: <LSTag Type=""Skills"" Tooltip=""Arcana"">Таїнства</LSTag>, <LSTag Type=""Skills"" Tooltip=""History"">Історія</LSTag>, <LSTag Type=""Skills"" Tooltip=""Nature"">Природа</LSTag> або <LSTag Type=""Skills"" Tooltip=""Religion"">Релігія</LSTag>. Ви також набуваєте вправності в цих двох навичках."
hc9341211ge6c1g1fd9gddbeg13315817fedb	COMMA_PARENTHESIS_WHITESPACE	Оформлення	 ,	Поставте пробіл після коми, а не перед комою.	,	"Ви набуваєте володіння двома навичками на свій вибір: <LSTag Type=""Skills"" Tooltip=""Arcana"">Таїнства</LSTag>, <LSTag Type=""Skills"" Tooltip=""History"">Історія</LSTag>, <LSTag Type=""Skills"" Tooltip=""Nature"">Природа</LSTag> або <LSTag Type=""Skills"" Tooltip=""Religion"">Релігія</LSTag>. Ви також набуваєте вправності в цих двох навичках."
hc9341211ge6c1g1fd9gddbeg13315817fedb	COMMA_PARENTHESIS_WHITESPACE	Оформлення	 .	Не ставте пробіл перед крапкою.	.	"Ви набуваєте володіння двома навичками на свій вибір: <LSTag Type=""Skills"" Tooltip=""Arcana"">Таїнства</LSTag>, <LSTag Type=""Skills"" Tooltip=""History"">Історія</LSTag>, <LSTag Type=""Skills"" Tooltip=""Nature"">Природа</LSTag> або <LSTag Type=""Skills"" Tooltip=""Religion"">Релігія</LSTag>. Ви також набуваєте вправності в цих двох навичках."
h75d54fe5g6285g141fgd2b8gca722e196ecc	COMMA_PARENTHESIS_WHITESPACE	Оформлення	 .	Не ставте пробіл перед крапкою.	.	"Ви набуваєте вправності у двох навичках, якими володієте, на свій вибір. Якщо ви ними володієте, рекомендовано вибрати <LSTag Type=""Skills"" Tooltip=""SleightOfHand"">Спритність рук</LSTag> і <LSTag Type=""Skills"" Tooltip=""Stealth"">Непомітність</LSTag>.\n\nНа 6-му рівні пройдисвіта ви набуваєте вправності в іще двох навичках, якими володієте, на свій вибір."
h14896c14gd1f3gead8g4a00g37ead89aa9ae	MORFOLOGIK_RULE_UK_UA	Можлива механічна помилка	підсічка	Знайдено потенційну орфографічну помилку.	відсічка, підпічка, підсічна, під січка	Хитрий удар: підсічка
h29d6991cg8d76g4e4bga787g7f988a72fe15	UK_SIMPLE_REPLACE	Інше	Пощада	«Пощада» - помилкове слово, виправлення: милість, милосердя, помилування.	Милість, Милосердя, Помилування	Магічний хист: Пощада
h663fe553g789ag4344gba16g9856c5fe1f6c	UK_SIMPLE_REPLACE	Інше	Рокіт	«Рокіт» - помилкове слово, виправлення: гуркіт, гуркотіння, буркіт, буркотіння, бренькіт; вуркіт; воркотіння.	Гуркіт, Гуркотіння, Буркіт, Буркотіння, Бренькіт; вуркіт; воркотіння	Магічний хист: Рокіт грому
hffc26135gf1a3g4a40ga837gc93edb478e30	archaism	Стиль	посвіт	Це слово або форма є застарілою, архаїчною або діалектною.		Магічний хист: Чарівний посвіт
h38f40cc0g5620g4711g8d56gdd9c138dc7bf	MORFOLOGIK_RULE_UK_UA	Можлива механічна помилка	джурозвіра	Знайдено потенційну орфографічну помилку.	джуро звіра	Магічний хист: Пошук джурозвіра
h7fe00d2bgea8ag4b0fgbbacgdbf44e74157c	MORFOLOGIK_RULE_UK_UA	Можлива механічна помилка	Добряниця	Знайдено потенційну орфографічну помилку.	Добряни ця	Магічний хист: Добряниця
h931b6d31gbc0cg42a0ga0fdg6bf79513d2f8	MORFOLOGIK_RULE_UK_UA	Можлива механічна помилка	Скороходець	Знайдено потенційну орфографічну помилку.	Скороходе, Скороходці	Магічний хист: Скороходець
h5aa03de7gf337g42a1gb453ge89a6f671278	MORFOLOGIK_RULE_UK_UA	Можлива механічна помилка	Громохвиля	Знайдено потенційну орфографічну помилку.	Громовиця	Магічний хист: Громохвиля
hecaca218g03ebge2e3g1541g30dab1f4df21	UK_ADJ_NOUN_INFLECTION_AGREEMENT	Інше	Обдарований Майстерність	"Потенційна помилка: прикметник не узгоджений з іменником: ""Обдарований"": [ч.р.: називний, знахідний (неіст.), кличний] і ""Майстерність"": [ж.р.: називний, знахідний]"	обдарована Майстерність, обдаровану Майстерність	Риса: Обдарований\n\nМайстерність у певному ремеслі принесла вам членство в купецькій гільдії, а разом із ним — привілеї та захист під час роботи. Відновлюйте рідкісні вироби й відкривайте забуті ремесла, щоб черпати нове натхнення.
h4e972de5g72bbgc7d9gfda3g1c89f2af41d0	COMMA_PARENTHESIS_WHITESPACE	Оформлення	 .	Не ставте пробіл перед крапкою.	.	"Покращений <LSTag Type=""Spell"" Tooltip=""Shout_Dash"">Ривок</LSTag>. Коли ви виконуєте дію «Ривок», ваша швидкість для цієї дії збільшується на 10 футів.\n\nАтака з розгону. Якщо безпосередньо перед влучанням атакою ближнього бою в межах дії «Атака» ви перемістилися щонайменше на 10 футів по прямій до цілі, виберіть один ефект: отримати бонус 1d8 до кидка шкоди атаки або відштовхнути ціль на відстань до 10 футів, якщо вона більша за вас не більш ніж на одну категорію розміру. Цю перевагу можна застосувати лише раз за кожен свій хід."
hc7b891e9gd9c0g1617g0233ga492c5e47dc7	MORFOLOGIK_RULE_UK_UA	Можлива механічна помилка	Ранливий	Знайдено потенційну орфографічну помилку.	Манливий, Разливий	"Стрільба в ближньому бою. Перебування в межах 5 футів від ворога не накладає завади на ваші кидки атаки з арбалета.\n\nРанливий болт. Коли ви влучаєте в істоту дальньою атакою, вона може набути стану <LSTag Type=""Status"" Tooltip=""GAPING_WOUND"">Глибокі рани</LSTag>."
hc7b891e9gd9c0g1617g0233ga492c5e47dc7	COMMA_PARENTHESIS_WHITESPACE	Оформлення	 .	Не ставте пробіл перед крапкою.	.	"Стрільба в ближньому бою. Перебування в межах 5 футів від ворога не накладає завади на ваші кидки атаки з арбалета.\n\nРанливий болт. Коли ви влучаєте в істоту дальньою атакою, вона може набути стану <LSTag Type=""Status"" Tooltip=""GAPING_WOUND"">Глибокі рани</LSTag>."
h48bb1d7fga4e5g9f8fga414g0fe42c7616ac	COMMA_PARENTHESIS_WHITESPACE	Оформлення	 .	Не ставте пробіл перед крапкою.	.	"Коли ви влучаєте в істоту дальньою атакою, вона може набути стану <LSTag Type=""Status"" Tooltip=""GAPING_WOUND"">глибоких ран</LSTag>."
hd032f660g8a39g73eagc4bdgd4038c7dc8de	MORFOLOGIK_RULE_UK_UA	Можлива механічна помилка	РЗ	Знайдено потенційну орфографічну помилку.	З, ІЗ, РАЗ, РФ, ВЗ, РБ, ПЗ, РП	Парирування. Якщо ви тримаєте фехтувальну зброю й інша істота влучає у вас атакою ближнього бою, ви можете застосувати реагування та додати свій бонус спеціалізації до РЗ, що може перетворити влучання на промах. Цей бонус до РЗ проти атак ближнього бою діє до початку вашого наступного ходу.
hd032f660g8a39g73eagc4bdgd4038c7dc8de	MORFOLOGIK_RULE_UK_UA	Можлива механічна помилка	РЗ	Знайдено потенційну орфографічну помилку.	З, ІЗ, РАЗ, РФ, ВЗ, РБ, ПЗ, РП	Парирування. Якщо ви тримаєте фехтувальну зброю й інша істота влучає у вас атакою ближнього бою, ви можете застосувати реагування та додати свій бонус спеціалізації до РЗ, що може перетворити влучання на промах. Цей бонус до РЗ проти атак ближнього бою діє до початку вашого наступного ходу.
hfd0b3091g52f6g2cd7ga7cbg9c61332d3252	MORFOLOGIK_RULE_UK_UA	Можлива механічна помилка	РЗ	Знайдено потенційну орфографічну помилку.	З, ІЗ, РАЗ, РФ, ВЗ, РБ, ПЗ, РП	Коли ви тримаєте фехтувальну зброю й інша істота влучає у вас атакою ближнього бою, ви можете реагуванням додати свій бонус спеціалізації до РЗ, потенційно перетворивши влучання на промах. Цей бонус до РЗ проти атак ближнього бою діє до початку вашого наступного ходу.
hfd0b3091g52f6g2cd7ga7cbg9c61332d3252	MORFOLOGIK_RULE_UK_UA	Можлива механічна помилка	РЗ	Знайдено потенційну орфографічну помилку.	З, ІЗ, РАЗ, РФ, ВЗ, РБ, ПЗ, РП	Коли ви тримаєте фехтувальну зброю й інша істота влучає у вас атакою ближнього бою, ви можете реагуванням додати свій бонус спеціалізації до РЗ, потенційно перетворивши влучання на промах. Цей бонус до РЗ проти атак ближнього бою діє до початку вашого наступного ходу.
hfa2c5254ge5fag62b7gffb6g392787c61974	MORFOLOGIK_RULE_UK_UA	Можлива механічна помилка	Двозбройне	Знайдено потенційну орфографічну помилку.	Двобромне, Доозбройте, Доозброєне	Двозбройне фехтування
h2d809685g28ffge26ag3e6ag5fa20f63c9e3	COMMA_PARENTHESIS_WHITESPACE	Оформлення	 .	Не ставте пробіл перед крапкою.	.	"Ви можете битися двома одиницями зброї, навіть якщо вони не <LSTag Tooltip=""Light"">легкі</LSTag>. Водночас не можна битися двома одиницями <LSTag Tooltip=""TwoHanded"">дворучної</LSTag> зброї.<br><br>Коли у свій хід ви виконуєте дію «Атака» й атакуєте зброєю ближнього бою, пізніше цього самого ходу можете вторинною дією здійснити одну атаку другою рукою. Якщо ви опанували властивість «Надріз» і тримаєте в другій руці зброю з нею, можете здійснювати до двох атак другою рукою за хід."
h720a62a8g5de9g9909gb1cagf61131cf2df9	MORFOLOGIK_RULE_UK_UA	Можлива механічна помилка	Двозбройне	Знайдено потенційну орфографічну помилку.	Двобромне, Доозбройте, Доозброєне	Риса: Двозбройне фехтування (додаткова атака)
h7ed3574cg898aga3cage4bcg72bfa5e60a5c	MORFOLOGIK_RULE_UK_UA	Можлива механічна помилка	Двозбройне	Знайдено потенційну орфографічну помилку.	Двобромне, Доозбройте, Доозброєне	Риса: Двозбройне фехтування
hb2bf6fc5g6c41geefag4186g751dda5c0a20	MORFOLOGIK_RULE_UK_UA	Можлива механічна помилка	Двозбройне	Знайдено потенційну орфографічну помилку.	Двобромне, Доозбройте, Доозброєне	Атака другою рукою («Двозбройне фехтування»)
h6299a92eg8049g117bga5b7g17d26b0619d6	COMMA_PARENTHESIS_WHITESPACE	Оформлення	 .	Не ставте пробіл перед крапкою.	.	"Кинути виклик смерті. Ви маєте перевагу в кидках протидії смерті.\n\nШвидке відновлення. Під час зцілення ви відновлюєте найбільшу можливу кількість <LSTag Tooltip=""HitPoints"">очок здоров’я</LSTag>."
h0266d9b6g2d5egdfa6g1bfag6db68cf5e3ff	MORFOLOGIK_RULE_UK_UA	Можлива механічна помилка	колольна	Знайдено потенційну орфографічну помилку.	колона, колосальна, Колліна, Колодна, Коломна, Колона, Королина, Корольча	Зменшення шкоди. Коли атака влучає у вас, поки ви носите важкі обладунки, завдана нею забійна, колольна й рубальна шкода зменшується на ваш бонус спеціалізації.
h321dea39gd6d7g8505g1460ga4f1c96684b4	MORFOLOGIK_RULE_UK_UA	Можлива механічна помилка	колольна	Знайдено потенційну орфографічну помилку.	колона, колосальна, Колліна, Колодна, Коломна, Колона, Королина, Корольча	Зменшення шкоди. Коли атака влучає у вас, поки ви носите важкі обладунки, завдана нею забійна, колольна й рубальна шкода зменшується на ваш бонус спеціалізації.
h9aba9e0ag4af1g9f8fg922ag7e65e5b8a86b	COMMA_PARENTHESIS_WHITESPACE	Оформлення	 .	Не ставте пробіл перед крапкою.	.	"Збільшення швидкості. Ваша швидкість збільшується на 10 футів.\n\nРивок крізь <LSTag Type=""Status"" Tooltip=""DIFFICULT_TERRAIN"">важкопрохідну місцевість</LSTag>. Коли у свій хід ви виконуєте дію «Ривок», до кінця цього ходу переміщення важкопрохідною місцевістю не потребує додаткових витрат руху.\n\nСпритне переміщення. Принагідні атаки проти вас мають заваду."
h1ea9a52fg1499gbdd8g9ab4g8e8ff63c7f3f	COMMA_PARENTHESIS_WHITESPACE	Оформлення	 .	Не ставте пробіл перед крапкою.	.	"Збільшення швидкості. Ваша швидкість збільшується на 10 футів.\n\n<LSTag Type=""Spell"" Tooltip=""Shout_Dash"">Ривок</LSTag> <LSTag Type=""Status"" Tooltip=""DIFFICULT_TERRAIN"">важкопрохідною місцевістю</LSTag>. Коли у свій хід ви виконуєте дію «Ривок», до кінця ходу важкопрохідна місцевість не потребує від вас додаткових витрат руху.\n\nСпритний рух. Принагідні атаки проти вас мають заваду."
h8708a627g8357g1f81g5bfdgc87a5b00b9fe	COMMA_PARENTHESIS_WHITESPACE	Оформлення	 ,	Поставте пробіл після коми, а не перед комою.	,	"Ви отримуєте <LSTag Type=""ActionResource"" Tooltip=""LuckPoint"">очки удачі</LSTag> в кількості, що дорівнює вашому бонусу спеціалізації. Їх можна витрачати, щоб отримувати <LSTag Tooltip=""Advantage"">перевагу</LSTag> в <LSTag Tooltip=""AttackRoll"">кидках атаки</LSTag>, <LSTag Tooltip=""AbilityCheck"">перевірки характеристик</LSTag> чи <LSTag Tooltip=""SavingThrow"">кидки протидії</LSTag> або змушувати ворога перекинути <LSTag Tooltip=""AttackRoll"">кидок атаки</LSTag>."
h8708a627g8357g1f81g5bfdgc87a5b00b9fe	COMMA_PARENTHESIS_WHITESPACE	Оформлення	 .	Не ставте пробіл перед крапкою.	.	"Ви отримуєте <LSTag Type=""ActionResource"" Tooltip=""LuckPoint"">очки удачі</LSTag> в кількості, що дорівнює вашому бонусу спеціалізації. Їх можна витрачати, щоб отримувати <LSTag Tooltip=""Advantage"">перевагу</LSTag> в <LSTag Tooltip=""AttackRoll"">кидках атаки</LSTag>, <LSTag Tooltip=""AbilityCheck"">перевірки характеристик</LSTag> чи <LSTag Tooltip=""SavingThrow"">кидки протидії</LSTag> або змушувати ворога перекинути <LSTag Tooltip=""AttackRoll"">кидок атаки</LSTag>."
h531047f9gd6d4g5415g3f87gada7b4be2fa4	COMMA_PARENTHESIS_WHITESPACE	Оформлення	 .	Не ставте пробіл перед крапкою.	.	"Коли ворог у межах ближнього бою атакує союзника, ви можете застосувати <LSTag Type=""ActionResource"" Tooltip=""ReactionActionPoint"">реагування</LSTag> й атакувати цього ворога зброєю. Союзник не повинен мати рису «Вартовий».\n\nВи отримуєте <LSTag Tooltip=""Advantage"">перевагу</LSTag> в <LSTag Tooltip=""OpportunityAttack"">принагідних атаках</LSTag>. Коли ви влучаєте принагідною атакою, істота більше не може переміщуватися до кінця свого ходу."
h5b4e785ag06afgf727gca99g7e0aa28facda	COMMA_PARENTHESIS_WHITESPACE	Оформлення	 .	Не ставте пробіл перед крапкою.	.	"Обхід укриття. Ваші <LSTag Tooltip=""RangedWeaponAttack"">атаки далекобійною зброєю</LSTag> не зазнають штрафів від <LSTag Tooltip=""HighGroundRules"">правил височини</LSTag>.\n\nСтрільба в ближньому бою. Перебування в межах 5 футів від ворога не накладає завади на кидки атаки далекобійною зброєю.\n\nДалекі постріли. Звичайна дальність атак дворучною далекобійною зброєю збільшується до 90 футів."
hb219036fg4365gffedg71d5g938331069179	COMMA_PARENTHESIS_WHITESPACE	Оформлення	 .	Не ставте пробіл перед крапкою.	.	"Обхід укриття. Ваші <LSTag Tooltip=""RangedWeaponAttack"">атаки далекобійною зброєю</LSTag> не зазнають штрафів від <LSTag Tooltip=""HighGroundRules"">правил височини</LSTag>.\n\nСтрільба в ближньому бою. Перебування в межах 5 футів від ворога не накладає завади на кидки атаки далекобійною зброєю.\n\nДалекі постріли. Звичайна дальність атак дворучною далекобійною зброєю збільшується до 90 футів."
hd2aeaec7g64f4g180fg4fc9g91918a557c3c	COMMA_PARENTHESIS_WHITESPACE	Оформлення	 .	Не ставте пробіл перед крапкою.	.	"Обхід укриття. Ваші дальні атаки закляттями не зазнають штрафів від <LSTag Tooltip=""HighGroundRules"">правил висоти</LSTag>.\n\nПроказування в ближньому бою. Перебування в межах 5 футів від ворога не спричиняє завади для ваших кидків атаки закляттями.\n\nЗбільшена дальність. Збільшити дальність заклять на 50%."
h14ab49cfg831ag83b9g1ddcgbadda155b2c0	COMMA_PARENTHESIS_WHITESPACE	Оформлення	 .	Не ставте пробіл перед крапкою.	.	"Обхід укриття. Ваші дальні атаки закляттями не зазнають штрафів від <LSTag Tooltip=""HighGroundRules"">правил височини</LSTag>.\n\nЗбільшена дальність. Дальність заклять збільшується на 50%."
haea51e98gfb73g894eg965bg2978e243f5e4	COMMA_PARENTHESIS_WHITESPACE	Оформлення	 ,	Поставте пробіл після коми, а не перед комою.	,	"Ви отримуєте <LSTag Tooltip=""Advantage"">перевагу</LSTag> в <LSTag Tooltip=""SavingThrow"">кидках протидії</LSTag> для підтримання <LSTag Tooltip=""Concentration"">концентрації</LSTag> на заклятті.\n\nКрім того, ви можете застосувати <LSTag Type=""ActionResource"" Tooltip=""ReactionActionPoint"">реагування</LSTag>, щоб проказати <LSTag Type=""Spell"" Tooltip=""Target_ShockingGrasp"">Шоковий хват</LSTag> на ціль, яка виходить із меж ближнього бою."
h2d86c838g5e8cg8763gdf9bgaeb1290ded87	COMMA_PARENTHESIS_WHITESPACE	Оформлення	 ,	Поставте пробіл після коми, а не перед комою.	,	"Ви маєте <LSTag Tooltip=""Advantage"">перевагу</LSTag> в <LSTag Tooltip=""SavingThrow"">кидках протидії</LSTag> для підтримання <LSTag Tooltip=""Concentration"">концентрації</LSTag> на заклятті.\n\nВи можете застосувати <LSTag Type=""ActionResource"" Tooltip=""ReactionActionPoint"">реагування</LSTag>, щоб проказати <LSTag Type=""Spell"" Tooltip=""Target_ShockingGrasp"">«Шоковий хват»</LSTag> на ціль, що виходить з вашої зони досяжності."
h07ac58a7gdc95gd7d3g0b48g2015e769d0d0	MORFOLOGIK_RULE_UK_UA	Можлива механічна помилка	Іґґдрасілем	Знайдено потенційну орфографічну помилку.		"Варвари Шляху Світового Дерева через свою <LSTag Type=""Status"" Tooltip=""RAGE"">Лють</LSTag> єднаються з космічним деревом Іґґдрасілем. Воно росте поміж Зовнішніми планами й пов’язує їх між собою та з Матеріальним планом. Варвари черпають із його магії життєву силу й використовують її для подорожей між вимірами."
h17806188g48eag72daga9fag423961387d39	COMMA_PARENTHESIS_WHITESPACE	Оформлення	 ,	Поставте пробіл після коми, а не перед комою.	,	"Ваша <LSTag Type=""Status"" Tooltip=""RAGE"">Лють</LSTag> черпає життєву силу Світового Дерева. Ви отримуєте такі переваги.\n\nПриплив життєвої сили. Коли ви входите в Лють, то отримуєте тимчасові очки здоров’я в кількості, що дорівнює вашому рівню варвара.\n\nЖиттєдайна сила. На початку кожного свого ходу, поки триває Лють, ви можете вибрати іншу істоту в межах 10 футів, щоб надати їй тимчасові очки здоров’я. Киньте стільки d6, скільки становить ваш бонус шкоди <LSTag Type=""Status"" Tooltip=""RAGE"">Люті</LSTag>, і додайте результати. Надані таким чином тимчасові очки зникають, коли ваша Лють завершується."
hc973bce4g12d2g5a53g43a8g98cefe571124	COMMA_PARENTHESIS_WHITESPACE	Оформлення	 ,	Поставте пробіл після коми, а не перед комою.	,	"Поки триває ваша <LSTag Type=""Status"" Tooltip=""RAGE"">Лють</LSTag>, ви можете реагуванням простягнути примарні гілки Світового Дерева й потягнути видиму істоту в межах 30 футів. Ціль повинна успішно виконати кидок протидії силою (МС 8 + ваш модифікатор сили + бонус спеціалізації), інакше її притягне до вас по прямій на відстань до 20 футів. Після притягування ви можете зменшити її швидкість до 0 до початку свого наступного ходу."
hcc3ad546g16bcgfa68g23a7g1b2b0bcd4801	COMMA_PARENTHESIS_WHITESPACE	Оформлення	 ,	Поставте пробіл після коми, а не перед комою.	,	"Коли ви входите в <LSTag Type=""Status"" Tooltip=""RAGE"">Лють</LSTag>, то отримуєте тимчасові очки здоров’я в кількості, що дорівнює вашому рівню варвара."
hde63b209g1d1dg2fb9gf3abg0f84f42a69f8	COMMA_PARENTHESIS_WHITESPACE	Оформлення	 ,	Поставте пробіл після коми, а не перед комою.	,	"Коли ви входите в <LSTag Type=""Status"" Tooltip=""RAGE"">Лють</LSTag>, то отримуєте тимчасові очки здоров’я в кількості, що дорівнює вашому рівню варвара."
h21000e09gdda6g7a5fg404eg1458b9ccd985	COMMA_PARENTHESIS_WHITESPACE	Оформлення	 ,	Поставте пробіл після коми, а не перед комою.	,	"На початку кожного свого ходу, поки триває ваша <LSTag Type=""Status"" Tooltip=""RAGE"">Лють</LSTag>, ви можете надати іншій істоті в межах 10 футів тимчасові очки здоров’я. Киньте стільки кісток d6, скільки становить ваш бонус шкоди <LSTag Type=""Status"" Tooltip=""RAGE"">Люті</LSTag>, і додайте результати. Ціль отримує стільки тимчасових очок здоров’я; їхній залишок зникає після завершення Люті."
h21000e09gdda6g7a5fg404eg1458b9ccd985	COMMA_PARENTHESIS_WHITESPACE	Оформлення	 ,	Поставте пробіл після коми, а не перед комою.	,	"На початку кожного свого ходу, поки триває ваша <LSTag Type=""Status"" Tooltip=""RAGE"">Лють</LSTag>, ви можете надати іншій істоті в межах 10 футів тимчасові очки здоров’я. Киньте стільки кісток d6, скільки становить ваш бонус шкоди <LSTag Type=""Status"" Tooltip=""RAGE"">Люті</LSTag>, і додайте результати. Ціль отримує стільки тимчасових очок здоров’я; їхній залишок зникає після завершення Люті."
h1d68851cgda5ag5482g75f2gc0f7b6817b16	COMMA_PARENTHESIS_WHITESPACE	Оформлення	 ,	Поставте пробіл після коми, а не перед комою.	,	"Поки триває ваша <LSTag Type=""Status"" Tooltip=""RAGE"">Лють</LSTag>, ви можете реагуванням простягнути примарні гілки Світового Дерева й потягнути видиму істоту в межах 30 футів. Ціль повинна успішно виконати кидок протидії силою (МС 8 + ваш модифікатор сили + бонус спеціалізації), інакше її притягне до вас по прямій на відстань до 20 футів. Після притягування ви можете зменшити її швидкість до 0 до початку свого наступного ходу."
h15b91354gf2d6ga550g86cag97a1796054d7	COMMA_PARENTHESIS_WHITESPACE	Оформлення	 ,	Поставте пробіл після коми, а не перед комою.	,	"Ви можете спрямовувати божественну силу у свої удари. Під час кожного вашого ходу, поки діє ваша <LSTag Type=""Status"" Tooltip=""RAGE"">Лють</LSTag>, перша істота, у яку ви влучите зброєю або ударом голіруч, зазнає додаткової шкоди в кількості 1d6 + половина вашого рівня варвара (з округленням донизу). Тип цієї шкоди — некротичний або променевий; ви вибираєте його щоразу, коли завдаєте шкоди."
h9416ea15g9b17g07abg6c06gd6905fe706ed	COMMA_PARENTHESIS_WHITESPACE	Оформлення	 ,	Поставте пробіл після коми, а не перед комою.	,	"Поки діє ваша <LSTag Type=""Status"" Tooltip=""RAGE"">Лють</LSTag>, ви додаєте <LSTag Type=""Status"" Tooltip=""RAGE"">бонус шкоди від Люті</LSTag> до своїх кидків протидії."
hd421ade2g497bg2094g6654geebf64ed20f1	COMMA_PARENTHESIS_WHITESPACE	Оформлення	 .	Не ставте пробіл перед крапкою.	.	"Один раз за короткий відпочинок ви можете вторинною дією здійняти сповнений божественної енергії <LSTag Type=""Spell"" Tooltip=""Shout_ZealousPresence"">бойовий клич</LSTag>. Вибрані вами істоти в межах 60 футів отримують перевагу в кидках атаки й протидії до початку вашого наступного ходу."
hd5d65420g6479g285bg4c8ag03e208bc40e5	COMMA_PARENTHESIS_WHITESPACE	Оформлення	 ,	Поставте пробіл після коми, а не перед комою.	,	"Поки діє ваша <LSTag Type=""Status"" Tooltip=""RAGE"">Лють</LSTag>, перша істота, у яку ви влучаєте зброєю чи ударом голіруч протягом кожного свого ходу, додатково зазнає 1d6 + половина вашого рівня варвара (з округленням униз) променевої шкоди."
h47b388afge0d2g2240g7d34g00c0f0fbd7f3	COMMA_PARENTHESIS_WHITESPACE	Оформлення	 ,	Поставте пробіл після коми, а не перед комою.	,	"Поки діє ваша <LSTag Type=""Status"" Tooltip=""RAGE"">Лють</LSTag>, перша істота, у яку ви влучаєте зброєю чи ударом голіруч протягом кожного свого ходу, додатково зазнає 1d6 + половина вашого рівня варвара (з округленням униз) некротичної шкоди."
he4612c48gfd84gd95cg77b9g94667cfad8a4	COMMA_PARENTHESIS_WHITESPACE	Оформлення	 ,	Поставте пробіл після коми, а не перед комою.	,	"Поки діє ваша <LSTag Type=""Status"" Tooltip=""RAGE"">Лють</LSTag>, ви додаєте <LSTag Type=""Status"" Tooltip=""RAGE"">бонус шкоди від Люті</LSTag> до своїх кидків протидії."
h7d579a81g52d6g1a4cg3fe1ge97bcb251943	COMMA_PARENTHESIS_WHITESPACE	Оформлення	( 	Не ставте пробіл після лівої дужки	(	"Поки ви не носите обладунків і не тримаєте щита, ви отримуєте такі переваги.\n\nВіртуоз танцю. Ви маєте перевагу в будь-якій перевірці харизми (<LSTag Type=""Skills"" Tooltip=""Performance"">Артистичність</LSTag>), пов’язану з танцем.\n\nЗахист без обладунків. Ваш базовий РЗ дорівнює 10 + ваші модифікатори спритності та харизми.\n\nСпритні удари. Коли ви витрачаєте одне застосування Бардівського натхнення як частину дії, вторинної дії чи реагування, ви можете виконати один удар голіруч як частину тієї самої дії, вторинної дії чи реагування.\n\nБардівська шкода. Для кидків атаки ударом голіруч ви можете використовувати спритність замість сили. Завдаючи шкоди ударом голіруч, ви можете замінити звичайну шкоду удару на забійну шкоду, що дорівнює результату кидка вашої кістки Бардівського натхнення + ваш модифікатор спритності. Цей кидок не витрачає кістку."
h7d579a81g52d6g1a4cg3fe1ge97bcb251943	COMMA_PARENTHESIS_WHITESPACE	Оформлення	 )	Не ставте пробіл перед правою дужкою	)	"Поки ви не носите обладунків і не тримаєте щита, ви отримуєте такі переваги.\n\nВіртуоз танцю. Ви маєте перевагу в будь-якій перевірці харизми (<LSTag Type=""Skills"" Tooltip=""Performance"">Артистичність</LSTag>), пов’язану з танцем.\n\nЗахист без обладунків. Ваш базовий РЗ дорівнює 10 + ваші модифікатори спритності та харизми.\n\nСпритні удари. Коли ви витрачаєте одне застосування Бардівського натхнення як частину дії, вторинної дії чи реагування, ви можете виконати один удар голіруч як частину тієї самої дії, вторинної дії чи реагування.\n\nБардівська шкода. Для кидків атаки ударом голіруч ви можете використовувати спритність замість сили. Завдаючи шкоди ударом голіруч, ви можете замінити звичайну шкоду удару на забійну шкоду, що дорівнює результату кидка вашої кістки Бардівського натхнення + ваш модифікатор спритності. Цей кидок не витрачає кістку."
h7d579a81g52d6g1a4cg3fe1ge97bcb251943	MORFOLOGIK_RULE_UK_UA	Можлива механічна помилка	РЗ	Знайдено потенційну орфографічну помилку.	З, ІЗ, РАЗ, РФ, ВЗ, РБ, ПЗ, РП	"Поки ви не носите обладунків і не тримаєте щита, ви отримуєте такі переваги.\n\nВіртуоз танцю. Ви маєте перевагу в будь-якій перевірці харизми (<LSTag Type=""Skills"" Tooltip=""Performance"">Артистичність</LSTag>), пов’язану з танцем.\n\nЗахист без обладунків. Ваш базовий РЗ дорівнює 10 + ваші модифікатори спритності та харизми.\n\nСпритні удари. Коли ви витрачаєте одне застосування Бардівського натхнення як частину дії, вторинної дії чи реагування, ви можете виконати один удар голіруч як частину тієї самої дії, вторинної дії чи реагування.\n\nБардівська шкода. Для кидків атаки ударом голіруч ви можете використовувати спритність замість сили. Завдаючи шкоди ударом голіруч, ви можете замінити звичайну шкоду удару на забійну шкоду, що дорівнює результату кидка вашої кістки Бардівського натхнення + ваш модифікатор спритності. Цей кидок не витрачає кістку."
hf0b95e32g4ebbg93cdgf26eg83a31fd8654e	MORFOLOGIK_RULE_UK_UA	Можлива механічна помилка	вирливим	Знайдено потенційну орфографічну помилку.	важливим, битливим, бурливим, вабливим, вадливим, вертливим, виливам, виливи	Барди Колегії Танцю знають, що Слів Творіння не вмістити ані в мову, ані в пісню: їх промовляє рух небесних тіл, і вони струменять у порухах найменших створінь. Ці барди живуть у гармонії з вирливим космосом, плекуючи спритність, швидкість і грацію.
hf0b95e32g4ebbg93cdgf26eg83a31fd8654e	MORFOLOGIK_RULE_UK_UA	Можлива механічна помилка	плекуючи	Знайдено потенційну орфографічну помилку.	плекаючи, плакуючи	Барди Колегії Танцю знають, що Слів Творіння не вмістити ані в мову, ані в пісню: їх промовляє рух небесних тіл, і вони струменять у порухах найменших створінь. Ці барди живуть у гармонії з вирливим космосом, плекуючи спритність, швидкість і грацію.
h928f834egd673g4226g8299gfefdeb81958c	MORFOLOGIK_RULE_UK_UA	Можлива механічна помилка	Чарокрад	Знайдено потенційну орфографічну помилку.	Чарок рад	Чарокрад
hf347385ag4b90g0bccg6810g6a4336d13205	COMMA_PARENTHESIS_WHITESPACE	Оформлення	 .	Не ставте пробіл перед крапкою.	.	"Ціль отримує <LSTag Tooltip=""Disadvantage"">заваду</LSTag> для <LSTag Tooltip=""AbilityCheck"">перевірок</LSTag> <LSTag Tooltip=""Wisdom"">мудрості</LSTag> й <LSTag Tooltip=""SavingThrow"">кидків протидії</LSTag> нею, а також стає <LSTag Type=""Status"" Tooltip=""BLINDED"">сліпою</LSTag>."
h1f54b341g6e6eg9e51gbbb2g3ae56c83c6b0	COMMA_PARENTHESIS_WHITESPACE	Оформлення	 .	Не ставте пробіл перед крапкою.	.	"Пекучий біль пронизує очі істоти, погіршуючи її <LSTag Tooltip=""Wisdom"">мудрість</LSTag>."
hdf0b87a9gd828gc1e6g2550gefd2e87d2187	COMMA_PARENTHESIS_WHITESPACE	Оформлення	 ,	Поставте пробіл після коми, а не перед комою.	,	"Ціль отримує <LSTag Tooltip=""Disadvantage"">заваду</LSTag> для <LSTag Tooltip=""AttackRoll"">кидків атаки</LSTag>, які використовують силу, а також для <LSTag Tooltip=""AbilityCheck"">перевірок</LSTag> <LSTag Tooltip=""Strength"">сили</LSTag> й <LSTag Tooltip=""SavingThrow"">кидків протидії</LSTag> нею."
h90e25986gc508g3040g78f2g37b619d56eff	COMMA_PARENTHESIS_WHITESPACE	Оформлення	 .	Не ставте пробіл перед крапкою.	.	"Лихоманка вичавлює з пор істоти густий липкий піт, знижуючи її <LSTag Tooltip=""Strength"">силу</LSTag>."
ha7172be5g9a1dg6b7eg869eg3e1be7a02761	COMMA_PARENTHESIS_WHITESPACE	Оформлення	 .	Не ставте пробіл перед крапкою.	.	"Істота починає мертвіти, перетворюючись на хворобливий мішок плоті й кісток, що погіршує її <LSTag Tooltip=""Charisma"">харизму</LSTag>."
h583c93b5gb72dg99a7g150fgbea09cdefdb0	COMMA_PARENTHESIS_WHITESPACE	Оформлення	 .	Не ставте пробіл перед крапкою.	.	"Ціль отримує <LSTag Tooltip=""Disadvantage"">заваду</LSTag> для <LSTag Tooltip=""AbilityCheck"">перевірок</LSTag> <LSTag Tooltip=""Intelligence"">інтелекту</LSTag> й <LSTag Tooltip=""SavingThrow"">кидків протидії</LSTag> ним і стає <LSTag Type=""Status"" Tooltip=""TIMMASK_SPORES"">задурманеною</LSTag>."
h7180ffffg94e0g62ecgc9d2geb17dda556b4	COMMA_PARENTHESIS_WHITESPACE	Оформлення	 .	Не ставте пробіл перед крапкою.	.	"Мозок істоти починає варитися в гарячому супі з гіркої крові, що погіршує її <LSTag Tooltip=""Intelligence"">інтелект</LSTag>."
h8183d3a3gf76eg41c0g6a3dgc647116e8fb4	COMMA_PARENTHESIS_WHITESPACE	Оформлення	 ,	Поставте пробіл після коми, а не перед комою.	,	"Ціль отримує <LSTag Tooltip=""Disadvantage"">заваду</LSTag> для <LSTag Tooltip=""AttackRoll"">кидків атаки</LSTag>, <LSTag Tooltip=""AbilityCheck"">перевірок</LSTag> <LSTag Tooltip=""Dexterity"">спритності</LSTag> й <LSTag Tooltip=""SavingThrow"">кидків протидії</LSTag> нею."
h01c25572gbd5aga134gedfdg8370f246017a	COMMA_PARENTHESIS_WHITESPACE	Оформлення	 .	Не ставте пробіл перед крапкою.	.	"Істоту хапають спазми, що погіршує її <LSTag Tooltip=""Dexterity"">спритність</LSTag>."
h823faaa9gdffegae75g4029g9f85e40f34e7	MORFOLOGIK_RULE_UK_UA	Можлива механічна помилка	содуха	Знайдено потенційну орфографічну помилку.	сидуха, сопуха, соду ха	Зараза: слизька содуха
h7713650dge307gc350g9718gee92e99c79f7	COMMA_PARENTHESIS_WHITESPACE	Оформлення	 .	Не ставте пробіл перед крапкою.	.	"Ціль отримує <LSTag Tooltip=""Disadvantage"">заваду</LSTag> для <LSTag Tooltip=""AbilityCheck"">перевірок</LSTag> <LSTag Tooltip=""Constitution"">статури</LSTag> й <LSTag Tooltip=""SavingThrow"">кидків протидії</LSTag> нею. Зазнавши удару, ціль стає <LSTag Type=""Status"" Tooltip=""STUNNED"">приголомшеною</LSTag>."
h4fbb8bf1g63cfg6668ge8b1gd539b92f4cf7	COMMA_PARENTHESIS_WHITESPACE	Оформлення	 .	Не ставте пробіл перед крапкою.	.	"Лихоманка вичавлює з пор істоти густий липкий піт, знижуючи її <LSTag Tooltip=""Constitution"">статуру</LSTag>."
h86b1bb49g6dbbg2cc6g68dega542e8893eb2	COMMA_PARENTHESIS_WHITESPACE	Оформлення	 ,	Поставте пробіл після коми, а не перед комою.	,	"Проклясти істоту власним дотиком. Прокляття створює на вибір <LSTag Tooltip=""Disadvantage"">заваду</LSTag> для <LSTag Tooltip=""AbilityCheck"">перевірок</LSTag>, <LSTag Tooltip=""SavingThrow"">кидків протидії</LSTag> або <LSTag Tooltip=""AttackRoll"">атак</LSTag>, дає змогу завдати додаткової шкоди цілі чи обмежити її дії."
h86b1bb49g6dbbg2cc6g68dega542e8893eb2	COMMA_PARENTHESIS_WHITESPACE	Оформлення	 ,	Поставте пробіл після коми, а не перед комою.	,	"Проклясти істоту власним дотиком. Прокляття створює на вибір <LSTag Tooltip=""Disadvantage"">заваду</LSTag> для <LSTag Tooltip=""AbilityCheck"">перевірок</LSTag>, <LSTag Tooltip=""SavingThrow"">кидків протидії</LSTag> або <LSTag Tooltip=""AttackRoll"">атак</LSTag>, дає змогу завдати додаткової шкоди цілі чи обмежити її дії."
h92b0717fg3876gf392gd6bege29b23736c7c	COMMA_PARENTHESIS_WHITESPACE	Оформлення	 ,	Поставте пробіл після коми, а не перед комою.	,	"Проклясти істоту власним дотиком. Прокляття створює на вибір <LSTag Tooltip=""Disadvantage"">заваду</LSTag> для <LSTag Tooltip=""AbilityCheck"">перевірок</LSTag>, <LSTag Tooltip=""SavingThrow"">кидків протидії</LSTag> або <LSTag Tooltip=""AttackRoll"">атак</LSTag>, дає змогу завдати додаткової шкоди цілі чи обмежити її дії."
h92b0717fg3876gf392gd6bege29b23736c7c	COMMA_PARENTHESIS_WHITESPACE	Оформлення	 ,	Поставте пробіл після коми, а не перед комою.	,	"Проклясти істоту власним дотиком. Прокляття створює на вибір <LSTag Tooltip=""Disadvantage"">заваду</LSTag> для <LSTag Tooltip=""AbilityCheck"">перевірок</LSTag>, <LSTag Tooltip=""SavingThrow"">кидків протидії</LSTag> або <LSTag Tooltip=""AttackRoll"">атак</LSTag>, дає змогу завдати додаткової шкоди цілі чи обмежити її дії."
h15d4347egf4adg1955g7c5agb0611504409c	COMMA_PARENTHESIS_WHITESPACE	Оформлення	 .	Не ставте пробіл перед крапкою.	.	"Ваші атаки додатково завдають цілі [1] шкоди та накладають на неї <LSTag Tooltip=""Disadvantage"">заваду</LSTag> для перевірок вибраної вами <LSTag Tooltip=""Abilities"">характеристики</LSTag>."
h1468dc42g4e8bg6f7fg3c71g087f5298ce17	COMMA_PARENTHESIS_WHITESPACE	Оформлення	 .	Не ставте пробіл перед крапкою.	.	"Якщо ціль вмирає до припинення дії закляття, можна накласти прокльон на іншу істоту без витрати <LSTag Tooltip=""SpellSlot"">чарунки</LSTag>."
h996f221agacbcg6efeg993agc53fc989fb21	COMMA_PARENTHESIS_WHITESPACE	Оформлення	 .	Не ставте пробіл перед крапкою.	.	"Ваші атаки додатково завдають цілі [1] шкоди та накладають на неї <LSTag Tooltip=""Disadvantage"">заваду</LSTag> для перевірок вибраної вами <LSTag Tooltip=""Abilities"">характеристики</LSTag>."
hfea5f311gcf97g56f0g0870g033aad6ff8c4	COMMA_PARENTHESIS_WHITESPACE	Оформлення	 .	Не ставте пробіл перед крапкою.	.	"Якщо ціль вмирає до припинення дії закляття, можна накласти прокльон на іншу істоту без витрати <LSTag Tooltip=""SpellSlot"">чарунки</LSTag>."
h986ef392g7cedg2e71g03a9gf9c1687d9521	COMMA_PARENTHESIS_WHITESPACE	Оформлення	 .	Не ставте пробіл перед крапкою.	.	"Ваші атаки додатково завдають цілі [1] шкоди та накладають на неї <LSTag Tooltip=""Disadvantage"">заваду</LSTag> для перевірок вибраної вами <LSTag Tooltip=""Abilities"">характеристики</LSTag>."
hf92ba4c0g7544g31a6gfd25g199230d6f70e	COMMA_PARENTHESIS_WHITESPACE	Оформлення	 .	Не ставте пробіл перед крапкою.	.	"Якщо ціль вмирає до припинення дії закляття, можна накласти прокльон на іншу істоту без витрати <LSTag Tooltip=""SpellSlot"">чарунки</LSTag>."
h31ca6f3dgf10dg95f5g40e3g89de00c36156	COMMA_PARENTHESIS_WHITESPACE	Оформлення	 .	Не ставте пробіл перед крапкою.	.	"Проклясти нову істоту без витрати <LSTag Tooltip=""SpellSlot"">чарунки</LSTag>."
ha5a58153g6cc6g4715g75c2ge276ca741c83	COMMA_PARENTHESIS_WHITESPACE	Оформлення	 .	Не ставте пробіл перед крапкою.	.	"Проклята істота зазнає додаткової шкоди від ваших атак і має <LSTag Tooltip=""Disadvantage"">заваду</LSTag> для <LSTag Tooltip=""AbilityCheck"">перевірок</LSTag> вибраної вами <LSTag Tooltip=""Ability"">характеристики</LSTag>."
h23e856a5g4d0ag528cgd0fag36230f54235f	COMMA_PARENTHESIS_WHITESPACE	Оформлення	 .	Не ставте пробіл перед крапкою.	.	"Проклясти нову істоту без витрати <LSTag Tooltip=""SpellSlot"">чарунки</LSTag>."
hfda85d46g3626g88f8gecffg03e1abc1eb12	COMMA_PARENTHESIS_WHITESPACE	Оформлення	 .	Не ставте пробіл перед крапкою.	.	"Проклята істота зазнає додаткової шкоди від ваших атак і має <LSTag Tooltip=""Disadvantage"">заваду</LSTag> для <LSTag Tooltip=""AbilityCheck"">перевірок</LSTag> вибраної вами <LSTag Tooltip=""Ability"">характеристики</LSTag>."
hfd42c4cdg4002g1993ge98ag453cbbdf7684	COMMA_PARENTHESIS_WHITESPACE	Оформлення	 .	Не ставте пробіл перед крапкою.	.	"Ваші атаки додатково завдають цілі [1] шкоди та накладають на неї <LSTag Tooltip=""Disadvantage"">заваду</LSTag> для перевірок вибраної вами <LSTag Tooltip=""Abilities"">характеристики</LSTag>."
hd4782a03g4747ga790g93f8gb5ba22e3ba1a	COMMA_PARENTHESIS_WHITESPACE	Оформлення	 .	Не ставте пробіл перед крапкою.	.	"Якщо ціль вмирає до припинення дії закляття, можна накласти прокльон на іншу істоту без витрати <LSTag Tooltip=""SpellSlot"">чарунки</LSTag>."
h4eb29c67ga49agd6e4g8d5ag46d694f80e9e	COMMA_PARENTHESIS_WHITESPACE	Оформлення	 .	Не ставте пробіл перед крапкою.	.	"Ваші атаки додатково завдають цілі [1] шкоди та накладають на неї <LSTag Tooltip=""Disadvantage"">заваду</LSTag> для перевірок вибраної вами <LSTag Tooltip=""Abilities"">характеристики</LSTag>."
h5fb3e9b6gc371g5c19g6943gfa3f460b2856	COMMA_PARENTHESIS_WHITESPACE	Оформлення	 .	Не ставте пробіл перед крапкою.	.	"Якщо ціль вмирає до припинення дії закляття, можна накласти прокльон на іншу істоту без витрати <LSTag Tooltip=""SpellSlot"">чарунки</LSTag>."
h65f3ea14g5c79g6cdag91a8g8747542a090c	COMMA_PARENTHESIS_WHITESPACE	Оформлення	 .	Не ставте пробіл перед крапкою.	.	"Ваші атаки додатково завдають цілі [1] шкоди та накладають на неї <LSTag Tooltip=""Disadvantage"">заваду</LSTag> для перевірок вибраної вами <LSTag Tooltip=""Abilities"">характеристики</LSTag>."
hce562dddgafdeg09c2gfcbfgfbdf120f983f	COMMA_PARENTHESIS_WHITESPACE	Оформлення	 .	Не ставте пробіл перед крапкою.	.	"Якщо ціль вмирає до припинення дії закляття, можна накласти прокльон на іншу істоту без витрати <LSTag Tooltip=""SpellSlot"">чарунки</LSTag>."
hf3454d49ga887g5e0fg8d2agc0bbd2b7d8f1	MORFOLOGIK_RULE_UK_UA	Можлива механічна помилка	немагічної	Знайдено потенційну орфографічну помилку.	не магічної	Ви торкаєтеся немагічної зброї. До завершення закляття вона стає магічною й отримує бонус +[1] до кидків атаки та шкоди. Закляття достроково завершується, якщо ви прокажете його знову.
h3de4daa5g270dgd865g3b17g917d23d9331c	MORFOLOGIK_RULE_UK_UA	Можлива механічна помилка	немагічної	Знайдено потенційну орфографічну помилку.	не магічної	Ви торкаєтеся немагічної зброї. До завершення закляття вона стає магічною й отримує бонус +[1] до кидків атаки та шкоди. Закляття достроково завершується, якщо ви прокажете його знову.
h50bff1e7g1854g3605g542bg6e07ef5207cb	MORFOLOGIK_RULE_UK_UA	Можлива механічна помилка	немагічної	Знайдено потенційну орфографічну помилку.	не магічної	Ви торкаєтеся немагічної зброї. До завершення закляття вона стає магічною й отримує бонус +[1] до кидків атаки та шкоди. Закляття достроково завершується, якщо ви прокажете його знову.
hfa97514cg1b62ge708ge36dg6b7323d4da3e	MORFOLOGIK_RULE_UK_UA	Можлива механічна помилка	немагічної	Знайдено потенційну орфографічну помилку.	не магічної	Ви торкаєтеся немагічної зброї. До завершення закляття вона стає магічною й отримує бонус +[1] до кидків атаки та шкоди. Закляття достроково завершується, якщо ви прокажете його знову.
h85706f21g3bf8g589fgb2e1gb85b9c796d1c	MORFOLOGIK_RULE_UK_UA	Можлива механічна помилка	немагічної	Знайдено потенційну орфографічну помилку.	не магічної	Ви торкаєтеся немагічної зброї. До завершення закляття вона стає магічною й отримує бонус +[1] до кидків атаки та шкоди. Закляття достроково завершується, якщо ви прокажете його знову.
h09849cf3g915cg6336g4661g24f50ca9686e	MORFOLOGIK_RULE_UK_UA	Можлива механічна помилка	Пеклолаз	Знайдено потенційну орфографічну помилку.	Пекло лаз	Пеклолаз
h368ae20bg55efg0b36gcd78g6397f4a5e421	MORFOLOGIK_RULE_UK_UA	Можлива механічна помилка	гарота	Знайдено потенційну орфографічну помилку.	Гарета, Гаркота, Гарта, гамота, гаркота, гарова, грота, жарота	"Телепортуватися до затіненого місця. Істота, на яку накинута <LSTag Type=""Status"" Tooltip=""GARROTE_TARGET"">гарота</LSTag>, телепортуєтеся разом із вами."
h368ae20bg55efg0b36gcd78g6397f4a5e421	COMMA_PARENTHESIS_WHITESPACE	Оформлення	 ,	Поставте пробіл після коми, а не перед комою.	,	"Телепортуватися до затіненого місця. Істота, на яку накинута <LSTag Type=""Status"" Tooltip=""GARROTE_TARGET"">гарота</LSTag>, телепортуєтеся разом із вами."
hbe999f21g0f08ge96cg6594g8835d9d3fdc5	MORFOLOGIK_RULE_UK_UA	Можлива механічна помилка	гарота	Знайдено потенційну орфографічну помилку.	Гарета, Гаркота, Гарта, гамота, гаркота, гарова, грота, жарота	"Телепортуватися до затіненого місця. Істота, на яку накинута <LSTag Type=""Status"" Tooltip=""GARROTE_TARGET"">гарота</LSTag>, телепортуєтеся разом із вами."
hbe999f21g0f08ge96cg6594g8835d9d3fdc5	COMMA_PARENTHESIS_WHITESPACE	Оформлення	 ,	Поставте пробіл після коми, а не перед комою.	,	"Телепортуватися до затіненого місця. Істота, на яку накинута <LSTag Type=""Status"" Tooltip=""GARROTE_TARGET"">гарота</LSTag>, телепортуєтеся разом із вами."
h31098a1egf55bg9a74gf0f4ga0bac9f7d37a	MORFOLOGIK_RULE_UK_UA	Можлива механічна помилка	Пеклолаз	Знайдено потенційну орфографічну помилку.	Пекло лаз	Пеклолаз
h1fc6d592gcc27gfae8g9211ge723a0f1c0e7	MORFOLOGIK_RULE_UK_UA	Можлива механічна помилка	Щохід	Знайдено потенційну орфографічну помилку.	Дохід, Похід, Що хід	"Переслідуйте істоту її найгіршими кошмарами. Щохід вона зазнає [1] і має <LSTag Tooltip=""Disadvantage"">заваду</LSTag> для <LSTag Tooltip=""AbilityCheck"">перевірок характеристик</LSTag> та <LSTag Tooltip=""AttackRoll"">кидків атаки</LSTag>."
h1fc6d592gcc27gfae8g9211ge723a0f1c0e7	COMMA_PARENTHESIS_WHITESPACE	Оформлення	 .	Не ставте пробіл перед крапкою.	.	"Переслідуйте істоту її найгіршими кошмарами. Щохід вона зазнає [1] і має <LSTag Tooltip=""Disadvantage"">заваду</LSTag> для <LSTag Tooltip=""AbilityCheck"">перевірок характеристик</LSTag> та <LSTag Tooltip=""AttackRoll"">кидків атаки</LSTag>."
h28a36b4cg27b2gab96g42b0gbade6f8162f6	MORFOLOGIK_RULE_UK_UA	Можлива механічна помилка	Щохід	Знайдено потенційну орфографічну помилку.	Дохід, Похід, Що хід	"Переслідуйте істоту її найгіршими кошмарами. Щохід вона зазнає [1] і має <LSTag Tooltip=""Disadvantage"">заваду</LSTag> для <LSTag Tooltip=""AbilityCheck"">перевірок характеристик</LSTag> та <LSTag Tooltip=""AttackRoll"">кидків атаки</LSTag>."
h28a36b4cg27b2gab96g42b0gbade6f8162f6	COMMA_PARENTHESIS_WHITESPACE	Оформлення	 .	Не ставте пробіл перед крапкою.	.	"Переслідуйте істоту її найгіршими кошмарами. Щохід вона зазнає [1] і має <LSTag Tooltip=""Disadvantage"">заваду</LSTag> для <LSTag Tooltip=""AbilityCheck"">перевірок характеристик</LSTag> та <LSTag Tooltip=""AttackRoll"">кидків атаки</LSTag>."
h32d2aff6ga0b0g13a1g550dgd7e4309b96fb	MORFOLOGIK_RULE_UK_UA	Можлива механічна помилка	Щохід	Знайдено потенційну орфографічну помилку.	Дохід, Похід, Що хід	"Переслідуйте істоту її найгіршими кошмарами. Щохід вона зазнає [1] і має <LSTag Tooltip=""Disadvantage"">заваду</LSTag> для <LSTag Tooltip=""AbilityCheck"">перевірок характеристик</LSTag> та <LSTag Tooltip=""AttackRoll"">кидків атаки</LSTag>."
h32d2aff6ga0b0g13a1g550dgd7e4309b96fb	COMMA_PARENTHESIS_WHITESPACE	Оформлення	 .	Не ставте пробіл перед крапкою.	.	"Переслідуйте істоту її найгіршими кошмарами. Щохід вона зазнає [1] і має <LSTag Tooltip=""Disadvantage"">заваду</LSTag> для <LSTag Tooltip=""AbilityCheck"">перевірок характеристик</LSTag> та <LSTag Tooltip=""AttackRoll"">кидків атаки</LSTag>."
h7d1b5755g3943g8854gdc14g83c3921a9c89	COMMA_PARENTHESIS_WHITESPACE	Оформлення	 ,	Поставте пробіл після коми, а не перед комою.	,	"Ви прикликаєте примарного скакуна у вільному просторі біля цілі, і ціль одразу сідає на нього верхи.\n\nУ кожен свій хід скакун може виконати одну з вибраних вами дій: <LSTag Type=""Spell"" Tooltip=""Shout_Dash"">Ривок</LSTag>, Відступ або Ухилення.\n\nПеребуваючи верхи, щоразу, коли ви зазнаєте 4 або більше шкоди, мусите виконати кидок протидії спритністю з МС 8. У разі невдачі ви падаєте зі скакуна й перебуваєте в стані повалення протягом 1 ходу.\n\n\nСкакуна може побачити лише гравець із чистим серцем."
he5f0f47cg9e31g78f9g3de0gbcdc5fe67dd8	COMMA_PARENTHESIS_WHITESPACE	Оформлення	 ,	Поставте пробіл після коми, а не перед комою.	,	"Ви прикликаєте примарного скакуна у вільному просторі біля цілі, і ціль одразу сідає на нього верхи.\n\nУ кожен свій хід скакун може виконати одну з вибраних вами дій: <LSTag Type=""Spell"" Tooltip=""Shout_Dash"">Ривок</LSTag>, Відступ або Ухилення.\n\nПеребуваючи верхи, щоразу, коли ви зазнаєте 4 або більше шкоди, мусите виконати кидок протидії спритністю з МС 8. У разі невдачі ви падаєте зі скакуна й перебуваєте в стані повалення протягом 1 ходу.\n\n\nСкакуна може побачити лише гравець із чистим серцем."
h36a49c70g93aeg56fag31d6g861694b3eca0	MORFOLOGIK_RULE_UK_UA	Можлива механічна помилка	колольної	Знайдено потенційну орфографічну помилку.	колосальної, колоїдної, Колодної, Окольної, голільної, золильної, золільної, кокільної	"Зробіть плоть істоти твердою, мов камінь. Вона зазнає лише <LSTag Tooltip=""Resistant"">половини шкоди</LSTag> від усіх джерел забійної, колольної та рубальної шкоди."
hbd15ec06ga1begd062g730ega5c6e100ec6f	MORFOLOGIK_RULE_UK_UA	Можлива механічна помилка	колольної	Знайдено потенційну орфографічну помилку.	колосальної, колоїдної, Колодної, Окольної, голільної, золильної, золільної, кокільної	"Зробіть плоть істоти твердою, мов камінь. Вона зазнає лише <LSTag Tooltip=""Resistant"">половини шкоди</LSTag> від усіх джерел забійної, колольної та рубальної шкоди."
h901059e2g5cefg4bbbg2e95g491ea1dbb812	MORFOLOGIK_RULE_UK_UA	Можлива механічна помилка	колольної	Знайдено потенційну орфографічну помилку.	колосальної, колоїдної, Колодної, Окольної, голільної, золильної, золільної, кокільної	"Зробіть плоть істоти твердою, мов камінь. Вона зазнає лише <LSTag Tooltip=""Resistant"">половини шкоди</LSTag> від усіх джерел забійної, колольної та рубальної шкоди."
h138ad957g4e4cgf396gebd4g8ad15a605ba6	MORFOLOGIK_RULE_UK_UA	Можлива механічна помилка	колольної	Знайдено потенційну орфографічну помилку.	колосальної, колоїдної, Колодної, Окольної, голільної, золильної, золільної, кокільної	"Зробіть плоть істоти твердою, мов камінь. Вона зазнає лише <LSTag Tooltip=""Resistant"">половини шкоди</LSTag> від усіх джерел забійної, колольної та рубальної шкоди."
h9bcb3486gd911g3c9fgace0g779c9bda1aa7	MORFOLOGIK_RULE_UK_UA	Можлива механічна помилка	колольної	Знайдено потенційну орфографічну помилку.	колосальної, колоїдної, Колодної, Окольної, голільної, золильної, золільної, кокільної	"Має <LSTag Tooltip=""Resistant"">Опір</LSTag> до забійної, колольної та рубальної шкоди."
h017b9fabgf86fg784ag16d2g0ce3617ead28	MORFOLOGIK_RULE_UK_UA	Можлива механічна помилка	Сніжковий	Знайдено потенційну орфографічну помилку.	Сніжковим, Сніжковій, Стіжковий, Сніжко вий	Сніжковий рій Снілока
h017b9fabgf86fg784ag16d2g0ce3617ead28	MORFOLOGIK_RULE_UK_UA	Можлива механічна помилка	Снілока	Знайдено потенційну орфографічну помилку.	Спілка, Спілок, Снігова, Сніжок, Смілка, Сніжка, Снітка, Сволока	Сніжковий рій Снілока
hd9de5da7g002ag9970g205agdaf99dc1ddd9	MORFOLOGIK_RULE_UK_UA	Можлива механічна помилка	Сніжковий	Знайдено потенційну орфографічну помилку.	Сніжковим, Сніжковій, Стіжковий, Сніжко вий	Сніжковий рій Снілока
hd9de5da7g002ag9970g205agdaf99dc1ddd9	MORFOLOGIK_RULE_UK_UA	Можлива механічна помилка	Снілока	Знайдено потенційну орфографічну помилку.	Спілка, Спілок, Снігова, Сніжок, Смілка, Сніжка, Снітка, Сволока	Сніжковий рій Снілока
hf12dc8a9g3079g890agb1ffgdf7b91f3c03d	COMMA_PARENTHESIS_WHITESPACE	Оформлення	 .	Не ставте пробіл перед крапкою.	.	"Кинути виклик смерті. Ви маєте перевагу в кидках протидії смерті.\n\nШвидке відновлення. Під час зцілення ви відновлюєте найбільшу можливу кількість <LSTag Tooltip=""HitPoints"">очок здоров’я</LSTag>."
h83c327a7g73d2g3cd4g5cd3g80e43c101d1d	MORFOLOGIK_RULE_UK_UA	Можлива механічна помилка	зброями	Знайдено потенційну орфографічну помилку.	збоями, Збруями, збруями, зброя ми	Стиль бою: Бій двома зброями
h55c4eaaag12b5gf38cg05acg5df6c318f96c	COMMA_PARENTHESIS_WHITESPACE	Оформлення	 .	Не ставте пробіл перед крапкою.	.	"Ви не можете бути <LSTag Type=""Status"" Tooltip=""BLINDED"">засліплені</LSTag>."
h5f23ece1gd28eg37b5gb2f7g57554d7c8da9	MORFOLOGIK_RULE_UK_UA	Можлива механічна помилка	колольної	Знайдено потенційну орфографічну помилку.	колосальної, колоїдної, Колодної, Окольної, голільної, золильної, золільної, кокільної	Прокол. Коли ви влучаєте в істоту атакою, що завдає колольної шкоди, ви можете перекинути одну з кісток шкоди цієї атаки й мусите використати новий результат.\n\nПосилене критичне влучання. Коли ви завдаєте істоті критичного влучання з колольною шкодою, ви можете кинути додаткову кістку шкоди, визначаючи додаткову колольну шкоду цілі.
h5f23ece1gd28eg37b5gb2f7g57554d7c8da9	MORFOLOGIK_RULE_UK_UA	Можлива механічна помилка	колольною	Знайдено потенційну орфографічну помилку.	колоною, колосальною, Колліною, Колодною, Коломною, Колоною, Окольною, голільною	Прокол. Коли ви влучаєте в істоту атакою, що завдає колольної шкоди, ви можете перекинути одну з кісток шкоди цієї атаки й мусите використати новий результат.\n\nПосилене критичне влучання. Коли ви завдаєте істоті критичного влучання з колольною шкодою, ви можете кинути додаткову кістку шкоди, визначаючи додаткову колольну шкоду цілі.
h5f23ece1gd28eg37b5gb2f7g57554d7c8da9	MORFOLOGIK_RULE_UK_UA	Можлива механічна помилка	колольну	Знайдено потенційну орфографічну помилку.	колону, колосальну, Колліну, Колодну, Коломну, Колону, Королину, Корольчу	Прокол. Коли ви влучаєте в істоту атакою, що завдає колольної шкоди, ви можете перекинути одну з кісток шкоди цієї атаки й мусите використати новий результат.\n\nПосилене критичне влучання. Коли ви завдаєте істоті критичного влучання з колольною шкодою, ви можете кинути додаткову кістку шкоди, визначаючи додаткову колольну шкоду цілі.
hf202d0a0gaaf3ge15bgc2f1g94f60d8193aa	MORFOLOGIK_RULE_UK_UA	Можлива механічна помилка	колольною	Знайдено потенційну орфографічну помилку.	колоною, колосальною, Колліною, Колодною, Коломною, Колоною, Окольною, голільною	Прокол. Один раз за хід, коли ви влучаєте в істоту атакою з колольною шкодою, можете перекинути одну кістку шкоди цієї атаки й мусите використати новий результат.\n\nПосилене критичне влучання. Коли ви завдаєте істоті критичного влучання з колольною шкодою, можете кинути ще одну кістку, визначаючи додаткову колольну шкоду цілі.
hf202d0a0gaaf3ge15bgc2f1g94f60d8193aa	MORFOLOGIK_RULE_UK_UA	Можлива механічна помилка	колольною	Знайдено потенційну орфографічну помилку.	колоною, колосальною, Колліною, Колодною, Коломною, Колоною, Окольною, голільною	Прокол. Один раз за хід, коли ви влучаєте в істоту атакою з колольною шкодою, можете перекинути одну кістку шкоди цієї атаки й мусите використати новий результат.\n\nПосилене критичне влучання. Коли ви завдаєте істоті критичного влучання з колольною шкодою, можете кинути ще одну кістку, визначаючи додаткову колольну шкоду цілі.
hf202d0a0gaaf3ge15bgc2f1g94f60d8193aa	MORFOLOGIK_RULE_UK_UA	Можлива механічна помилка	колольну	Знайдено потенційну орфографічну помилку.	колону, колосальну, Колліну, Колодну, Коломну, Колону, Королину, Корольчу	Прокол. Один раз за хід, коли ви влучаєте в істоту атакою з колольною шкодою, можете перекинути одну кістку шкоди цієї атаки й мусите використати новий результат.\n\nПосилене критичне влучання. Коли ви завдаєте істоті критичного влучання з колольною шкодою, можете кинути ще одну кістку, визначаючи додаткову колольну шкоду цілі.
h9e96b030g4a5fgfbd9g8d73g10831d134be3	COMMA_PARENTHESIS_WHITESPACE	Оформлення	 .	Не ставте пробіл перед крапкою.	.	"Могутня отрута. Ваші закляття й атаки ігнорують <LSTag Tooltip=""Resistant"">опір</LSTag> до шкоди отрутою. Крім того, кістки шкоди отрутою від ваших заклять не можуть дати результат 1.\n\nВаріння отрути. Ви отримуєте Набір отруйника та володіння ним. Коли ви завдаєте істоті шкоди отрутою, вона повинна успішно виконати кидок протидії статурою, інакше набуде стану <LSTag Type=""Status"" Tooltip=""POISONED"">отруєння</LSTag>."
h620c69f6g5443g20cdg6ba6g742691ee6c08	MORFOLOGIK_RULE_UK_UA	Можлива механічна помилка	спаплюжує	Знайдено потенційну орфографічну помилку.	спаплюжу, спаплюжу є, спа-плюжує	Друїди Кола моря черпають із бурхливої сили океанів і штормів. Дехто вважає себе втіленням гніву природи й мститься тим, хто її спаплюжує. Інші прагнуть містичної єдності з природою: налаштовуються на ритм припливів і відпливів, ідуть за течіями та хвилями й дослухаються до незбагненних шепоту та ревіння вітрів.
h7f73ecccg72adgef93gb362g40f93abb7b1c	MORFOLOGIK_RULE_UK_UA	Можлива механічна помилка	Пси-воїн	Знайдено потенційну орфографічну помилку.	Присвоїв, Сивої, Пайової, Посивої, Пришвін, Присвоїш, Псиної, Психові	Пси-воїн
h59454ac0g0de7g8defg7a22g0fd1397b1f85	MORFOLOGIK_RULE_UK_UA	Можлива механічна помилка	псіонічну	Знайдено потенційну орфографічну помилку.	північну, Піоніїну, біонічну, кріонічну, пікнічну, іонічну, псі-онічну	Пси-воїни пробуджують силу розуму, щоб зміцнити тіло. Вони спрямовують псіонічну міць в удари зброєю, атакують телекінетичною енергією та створюють заслони ментальної сили.
h25af72e1gf482g34a9g529cg6374b4fb3326	archaism	Стиль	Обіт	Це слово або форма є застарілою, архаїчною або діалектною.		Обіт Слави
haa96615cga522gdeb1ga810g8bef49c9c9e6	archaism	Стиль	Обіту	Це слово або форма є застарілою, архаїчною або діалектною.		Паладини Обіту Слави вірять, що їм і їхнім супутникам судилося здобути славу героїчними діяннями. Вони невтомно тренуються й підбадьорюють товаришів, щоб усі були готові, коли покличе доля.
h7448ea4fg8ab9g8b26gf04dg6a7767cae2dd	MORFOLOGIK_RULE_UK_UA	Можлива механічна помилка	Фейський	Знайдено потенційну орфографічну помилку.	Бейський, Гейський, Зейський, Рейський	Фейський мандрівник
h60b4a6b6g2c59g4b4cgb657g5872fb1a68d4	MORFOLOGIK_RULE_UK_UA	Можлива механічна помилка	фейська	Знайдено потенційну орфографічну помилку.	Феська, бейська, гейська, зейська, рейська	Вас огортає фейська загадковість — дар архіфеї або наслідок перебування в куточку Феєлону, що змінив вас. Хоч би як ви здобули цю магію, тепер ви — Фейський мандрівник. Ваш веселий сміх зігріває серця пригноблених, а бойова майстерність жахає ворогів, бо безмежні веселощі фей і страшна їхня лють.
h60b4a6b6g2c59g4b4cgb657g5872fb1a68d4	MORFOLOGIK_RULE_UK_UA	Можлива механічна помилка	архіфеї	Знайдено потенційну орфографічну помилку.	архіреї	Вас огортає фейська загадковість — дар архіфеї або наслідок перебування в куточку Феєлону, що змінив вас. Хоч би як ви здобули цю магію, тепер ви — Фейський мандрівник. Ваш веселий сміх зігріває серця пригноблених, а бойова майстерність жахає ворогів, бо безмежні веселощі фей і страшна їхня лють.
h60b4a6b6g2c59g4b4cgb657g5872fb1a68d4	MORFOLOGIK_RULE_UK_UA	Можлива механічна помилка	Феєлону	Знайдено потенційну орфографічну помилку.	Феллону, Фелону, Феє лону	Вас огортає фейська загадковість — дар архіфеї або наслідок перебування в куточку Феєлону, що змінив вас. Хоч би як ви здобули цю магію, тепер ви — Фейський мандрівник. Ваш веселий сміх зігріває серця пригноблених, а бойова майстерність жахає ворогів, бо безмежні веселощі фей і страшна їхня лють.
h60b4a6b6g2c59g4b4cgb657g5872fb1a68d4	MORFOLOGIK_RULE_UK_UA	Можлива механічна помилка	Фейський	Знайдено потенційну орфографічну помилку.	Бейський, Гейський, Зейський, Рейський	Вас огортає фейська загадковість — дар архіфеї або наслідок перебування в куточку Феєлону, що змінив вас. Хоч би як ви здобули цю магію, тепер ви — Фейський мандрівник. Ваш веселий сміх зігріває серця пригноблених, а бойова майстерність жахає ворогів, бо безмежні веселощі фей і страшна їхня лють.
h9d72f0d7g2c0egb1bbgde11g3864f11ceed2	MORFOLOGIK_RULE_UK_UA	Можлива механічна помилка	псіонічну	Знайдено потенційну орфографічну помилку.	північну, Піоніїну, біонічну, кріонічну, пікнічну, іонічну, псі-онічну	Клинок Душі вражає силою розуму й прорізає як фізичні, так і психічні перешкоди. Ці пройдисвіти відкривають у собі псіонічну міць і спрямовують її на своє ремесло. Можливо, здібності переслідували вас із дитинства, але повністю розкрилися лише під тиском пригод. А може, ви розшукали орден психічних адептів і роками вчилися втілювати свою силу.
hba0867adg6296gbd1cg160cg13de0e01f398	MORFOLOGIK_RULE_UK_UA	Можлива механічна помилка	Псіоніка	Знайдено потенційну орфографічну помилку.	Пікніка, Авіоніка, Біоніка, Еліоніка, Кріоніка, псі-оніка	Рівень 3: Псіоніка
ha4121401g58f8gaedagc70dg1c134e1ef50a	MORFOLOGIK_RULE_UK_UA	Можлива механічна помилка	псіонічної	Знайдено потенційну орфографічну помилку.	північної, Піоніїної, біонічної, кріонічної, пікнічної, іонічної, псі-онічної	У вас міститься джерело псіонічної енергії, уособлене кістками псіонічної енергії, які живлять сили цього підкласу. Зі здобуттям рівнів бійця кількість і розмір цих кісток зростають: на 3-му рівні ви маєте чотири d6, на 5-му — шість d8, на 9-му — вісім d8, а на 11-му — вісім d10.\n\nУсі особливості цього підкласу, що використовують кістку псіонічної енергії, використовують лише кістки, отримані від цього підкласу. Деякі сили витрачають таку кістку, як зазначено в їхніх описах. Якщо сила потребує кістки, а ви витратили їх усі, застосувати цю силу неможливо.\n\nЗавершивши короткий відпочинок, ви відновлюєте одну витрачену кістку псіонічної енергії, а завершивши довгий — усі.\n\nЗахисне поле. Коли ви або інша видима вам істота в межах 30 футів зазнаєте шкоди, ви можете застосувати реагування й витратити одну кістку псіонічної енергії. Киньте її та зменште отриману шкоду на результат + ваш модифікатор інтелекту (щонайменше на 1), створивши миттєвий щит телекінетичної сили.\n\nПсіонічний удар. Ви можете сповнювати зброю псіонічною силою. Один раз за кожен свій хід, одразу після того, як ваша атака влучає в ціль у межах 30 футів і завдає їй шкоди зброєю, ви можете витратити одну кістку псіонічної енергії. Киньте її та завдайте цілі силової шкоди в кількості, що дорівнює результату + ваш модифікатор інтелекту.\n\nТелекінетичне переміщення. Ви можете рухати предмети й істот силою думки. Магічною дією виберіть одну видиму ціль у межах 30 футів: незакріплений предмет великого або меншого розміру чи одну згодну істоту, крім себе. Перемістіть ціль на відстань до 30 футів у видимий вільний простір. Якщо ціль — крихітний предмет, натомість можете перемістити його до своєї руки або з неї.
ha4121401g58f8gaedagc70dg1c134e1ef50a	MORFOLOGIK_RULE_UK_UA	Можлива механічна помилка	псіонічної	Знайдено потенційну орфографічну помилку.	північної, Піоніїної, біонічної, кріонічної, пікнічної, іонічної, псі-онічної	У вас міститься джерело псіонічної енергії, уособлене кістками псіонічної енергії, які живлять сили цього підкласу. Зі здобуттям рівнів бійця кількість і розмір цих кісток зростають: на 3-му рівні ви маєте чотири d6, на 5-му — шість d8, на 9-му — вісім d8, а на 11-му — вісім d10.\n\nУсі особливості цього підкласу, що використовують кістку псіонічної енергії, використовують лише кістки, отримані від цього підкласу. Деякі сили витрачають таку кістку, як зазначено в їхніх описах. Якщо сила потребує кістки, а ви витратили їх усі, застосувати цю силу неможливо.\n\nЗавершивши короткий відпочинок, ви відновлюєте одну витрачену кістку псіонічної енергії, а завершивши довгий — усі.\n\nЗахисне поле. Коли ви або інша видима вам істота в межах 30 футів зазнаєте шкоди, ви можете застосувати реагування й витратити одну кістку псіонічної енергії. Киньте її та зменште отриману шкоду на результат + ваш модифікатор інтелекту (щонайменше на 1), створивши миттєвий щит телекінетичної сили.\n\nПсіонічний удар. Ви можете сповнювати зброю псіонічною силою. Один раз за кожен свій хід, одразу після того, як ваша атака влучає в ціль у межах 30 футів і завдає їй шкоди зброєю, ви можете витратити одну кістку псіонічної енергії. Киньте її та завдайте цілі силової шкоди в кількості, що дорівнює результату + ваш модифікатор інтелекту.\n\nТелекінетичне переміщення. Ви можете рухати предмети й істот силою думки. Магічною дією виберіть одну видиму ціль у межах 30 футів: незакріплений предмет великого або меншого розміру чи одну згодну істоту, крім себе. Перемістіть ціль на відстань до 30 футів у видимий вільний простір. Якщо ціль — крихітний предмет, натомість можете перемістити його до своєї руки або з неї.
ha4121401g58f8gaedagc70dg1c134e1ef50a	MORFOLOGIK_RULE_UK_UA	Можлива механічна помилка	псіонічної	Знайдено потенційну орфографічну помилку.	північної, Піоніїної, біонічної, кріонічної, пікнічної, іонічної, псі-онічної	У вас міститься джерело псіонічної енергії, уособлене кістками псіонічної енергії, які живлять сили цього підкласу. Зі здобуттям рівнів бійця кількість і розмір цих кісток зростають: на 3-му рівні ви маєте чотири d6, на 5-му — шість d8, на 9-му — вісім d8, а на 11-му — вісім d10.\n\nУсі особливості цього підкласу, що використовують кістку псіонічної енергії, використовують лише кістки, отримані від цього підкласу. Деякі сили витрачають таку кістку, як зазначено в їхніх описах. Якщо сила потребує кістки, а ви витратили їх усі, застосувати цю силу неможливо.\n\nЗавершивши короткий відпочинок, ви відновлюєте одну витрачену кістку псіонічної енергії, а завершивши довгий — усі.\n\nЗахисне поле. Коли ви або інша видима вам істота в межах 30 футів зазнаєте шкоди, ви можете застосувати реагування й витратити одну кістку псіонічної енергії. Киньте її та зменште отриману шкоду на результат + ваш модифікатор інтелекту (щонайменше на 1), створивши миттєвий щит телекінетичної сили.\n\nПсіонічний удар. Ви можете сповнювати зброю псіонічною силою. Один раз за кожен свій хід, одразу після того, як ваша атака влучає в ціль у межах 30 футів і завдає їй шкоди зброєю, ви можете витратити одну кістку псіонічної енергії. Киньте її та завдайте цілі силової шкоди в кількості, що дорівнює результату + ваш модифікатор інтелекту.\n\nТелекінетичне переміщення. Ви можете рухати предмети й істот силою думки. Магічною дією виберіть одну видиму ціль у межах 30 футів: незакріплений предмет великого або меншого розміру чи одну згодну істоту, крім себе. Перемістіть ціль на відстань до 30 футів у видимий вільний простір. Якщо ціль — крихітний предмет, натомість можете перемістити його до своєї руки або з неї.
ha4121401g58f8gaedagc70dg1c134e1ef50a	MORFOLOGIK_RULE_UK_UA	Можлива механічна помилка	псіонічної	Знайдено потенційну орфографічну помилку.	північної, Піоніїної, біонічної, кріонічної, пікнічної, іонічної, псі-онічної	У вас міститься джерело псіонічної енергії, уособлене кістками псіонічної енергії, які живлять сили цього підкласу. Зі здобуттям рівнів бійця кількість і розмір цих кісток зростають: на 3-му рівні ви маєте чотири d6, на 5-му — шість d8, на 9-му — вісім d8, а на 11-му — вісім d10.\n\nУсі особливості цього підкласу, що використовують кістку псіонічної енергії, використовують лише кістки, отримані від цього підкласу. Деякі сили витрачають таку кістку, як зазначено в їхніх описах. Якщо сила потребує кістки, а ви витратили їх усі, застосувати цю силу неможливо.\n\nЗавершивши короткий відпочинок, ви відновлюєте одну витрачену кістку псіонічної енергії, а завершивши довгий — усі.\n\nЗахисне поле. Коли ви або інша видима вам істота в межах 30 футів зазнаєте шкоди, ви можете застосувати реагування й витратити одну кістку псіонічної енергії. Киньте її та зменште отриману шкоду на результат + ваш модифікатор інтелекту (щонайменше на 1), створивши миттєвий щит телекінетичної сили.\n\nПсіонічний удар. Ви можете сповнювати зброю псіонічною силою. Один раз за кожен свій хід, одразу після того, як ваша атака влучає в ціль у межах 30 футів і завдає їй шкоди зброєю, ви можете витратити одну кістку псіонічної енергії. Киньте її та завдайте цілі силової шкоди в кількості, що дорівнює результату + ваш модифікатор інтелекту.\n\nТелекінетичне переміщення. Ви можете рухати предмети й істот силою думки. Магічною дією виберіть одну видиму ціль у межах 30 футів: незакріплений предмет великого або меншого розміру чи одну згодну істоту, крім себе. Перемістіть ціль на відстань до 30 футів у видимий вільний простір. Якщо ціль — крихітний предмет, натомість можете перемістити його до своєї руки або з неї.
ha4121401g58f8gaedagc70dg1c134e1ef50a	MORFOLOGIK_RULE_UK_UA	Можлива механічна помилка	псіонічної	Знайдено потенційну орфографічну помилку.	північної, Піоніїної, біонічної, кріонічної, пікнічної, іонічної, псі-онічної	У вас міститься джерело псіонічної енергії, уособлене кістками псіонічної енергії, які живлять сили цього підкласу. Зі здобуттям рівнів бійця кількість і розмір цих кісток зростають: на 3-му рівні ви маєте чотири d6, на 5-му — шість d8, на 9-му — вісім d8, а на 11-му — вісім d10.\n\nУсі особливості цього підкласу, що використовують кістку псіонічної енергії, використовують лише кістки, отримані від цього підкласу. Деякі сили витрачають таку кістку, як зазначено в їхніх описах. Якщо сила потребує кістки, а ви витратили їх усі, застосувати цю силу неможливо.\n\nЗавершивши короткий відпочинок, ви відновлюєте одну витрачену кістку псіонічної енергії, а завершивши довгий — усі.\n\nЗахисне поле. Коли ви або інша видима вам істота в межах 30 футів зазнаєте шкоди, ви можете застосувати реагування й витратити одну кістку псіонічної енергії. Киньте її та зменште отриману шкоду на результат + ваш модифікатор інтелекту (щонайменше на 1), створивши миттєвий щит телекінетичної сили.\n\nПсіонічний удар. Ви можете сповнювати зброю псіонічною силою. Один раз за кожен свій хід, одразу після того, як ваша атака влучає в ціль у межах 30 футів і завдає їй шкоди зброєю, ви можете витратити одну кістку псіонічної енергії. Киньте її та завдайте цілі силової шкоди в кількості, що дорівнює результату + ваш модифікатор інтелекту.\n\nТелекінетичне переміщення. Ви можете рухати предмети й істот силою думки. Магічною дією виберіть одну видиму ціль у межах 30 футів: незакріплений предмет великого або меншого розміру чи одну згодну істоту, крім себе. Перемістіть ціль на відстань до 30 футів у видимий вільний простір. Якщо ціль — крихітний предмет, натомість можете перемістити його до своєї руки або з неї.
ha4121401g58f8gaedagc70dg1c134e1ef50a	MORFOLOGIK_RULE_UK_UA	Можлива механічна помилка	Псіонічний	Знайдено потенційну орфографічну помилку.	Північний, Біонічний, Кріонічний, Пікнічний, Іонічний, Псі-онічний	У вас міститься джерело псіонічної енергії, уособлене кістками псіонічної енергії, які живлять сили цього підкласу. Зі здобуттям рівнів бійця кількість і розмір цих кісток зростають: на 3-му рівні ви маєте чотири d6, на 5-му — шість d8, на 9-му — вісім d8, а на 11-му — вісім d10.\n\nУсі особливості цього підкласу, що використовують кістку псіонічної енергії, використовують лише кістки, отримані від цього підкласу. Деякі сили витрачають таку кістку, як зазначено в їхніх описах. Якщо сила потребує кістки, а ви витратили їх усі, застосувати цю силу неможливо.\n\nЗавершивши короткий відпочинок, ви відновлюєте одну витрачену кістку псіонічної енергії, а завершивши довгий — усі.\n\nЗахисне поле. Коли ви або інша видима вам істота в межах 30 футів зазнаєте шкоди, ви можете застосувати реагування й витратити одну кістку псіонічної енергії. Киньте її та зменште отриману шкоду на результат + ваш модифікатор інтелекту (щонайменше на 1), створивши миттєвий щит телекінетичної сили.\n\nПсіонічний удар. Ви можете сповнювати зброю псіонічною силою. Один раз за кожен свій хід, одразу після того, як ваша атака влучає в ціль у межах 30 футів і завдає їй шкоди зброєю, ви можете витратити одну кістку псіонічної енергії. Киньте її та завдайте цілі силової шкоди в кількості, що дорівнює результату + ваш модифікатор інтелекту.\n\nТелекінетичне переміщення. Ви можете рухати предмети й істот силою думки. Магічною дією виберіть одну видиму ціль у межах 30 футів: незакріплений предмет великого або меншого розміру чи одну згодну істоту, крім себе. Перемістіть ціль на відстань до 30 футів у видимий вільний простір. Якщо ціль — крихітний предмет, натомість можете перемістити його до своєї руки або з неї.
ha4121401g58f8gaedagc70dg1c134e1ef50a	MORFOLOGIK_RULE_UK_UA	Можлива механічна помилка	псіонічною	Знайдено потенційну орфографічну помилку.	північною, Піоніїною, біонічною, кріонічною, пікнічною, іонічною, псі-онічною	У вас міститься джерело псіонічної енергії, уособлене кістками псіонічної енергії, які живлять сили цього підкласу. Зі здобуттям рівнів бійця кількість і розмір цих кісток зростають: на 3-му рівні ви маєте чотири d6, на 5-му — шість d8, на 9-му — вісім d8, а на 11-му — вісім d10.\n\nУсі особливості цього підкласу, що використовують кістку псіонічної енергії, використовують лише кістки, отримані від цього підкласу. Деякі сили витрачають таку кістку, як зазначено в їхніх описах. Якщо сила потребує кістки, а ви витратили їх усі, застосувати цю силу неможливо.\n\nЗавершивши короткий відпочинок, ви відновлюєте одну витрачену кістку псіонічної енергії, а завершивши довгий — усі.\n\nЗахисне поле. Коли ви або інша видима вам істота в межах 30 футів зазнаєте шкоди, ви можете застосувати реагування й витратити одну кістку псіонічної енергії. Киньте її та зменште отриману шкоду на результат + ваш модифікатор інтелекту (щонайменше на 1), створивши миттєвий щит телекінетичної сили.\n\nПсіонічний удар. Ви можете сповнювати зброю псіонічною силою. Один раз за кожен свій хід, одразу після того, як ваша атака влучає в ціль у межах 30 футів і завдає їй шкоди зброєю, ви можете витратити одну кістку псіонічної енергії. Киньте її та завдайте цілі силової шкоди в кількості, що дорівнює результату + ваш модифікатор інтелекту.\n\nТелекінетичне переміщення. Ви можете рухати предмети й істот силою думки. Магічною дією виберіть одну видиму ціль у межах 30 футів: незакріплений предмет великого або меншого розміру чи одну згодну істоту, крім себе. Перемістіть ціль на відстань до 30 футів у видимий вільний простір. Якщо ціль — крихітний предмет, натомість можете перемістити його до своєї руки або з неї.
ha4121401g58f8gaedagc70dg1c134e1ef50a	MORFOLOGIK_RULE_UK_UA	Можлива механічна помилка	псіонічної	Знайдено потенційну орфографічну помилку.	північної, Піоніїної, біонічної, кріонічної, пікнічної, іонічної, псі-онічної	У вас міститься джерело псіонічної енергії, уособлене кістками псіонічної енергії, які живлять сили цього підкласу. Зі здобуттям рівнів бійця кількість і розмір цих кісток зростають: на 3-му рівні ви маєте чотири d6, на 5-му — шість d8, на 9-му — вісім d8, а на 11-му — вісім d10.\n\nУсі особливості цього підкласу, що використовують кістку псіонічної енергії, використовують лише кістки, отримані від цього підкласу. Деякі сили витрачають таку кістку, як зазначено в їхніх описах. Якщо сила потребує кістки, а ви витратили їх усі, застосувати цю силу неможливо.\n\nЗавершивши короткий відпочинок, ви відновлюєте одну витрачену кістку псіонічної енергії, а завершивши довгий — усі.\n\nЗахисне поле. Коли ви або інша видима вам істота в межах 30 футів зазнаєте шкоди, ви можете застосувати реагування й витратити одну кістку псіонічної енергії. Киньте її та зменште отриману шкоду на результат + ваш модифікатор інтелекту (щонайменше на 1), створивши миттєвий щит телекінетичної сили.\n\nПсіонічний удар. Ви можете сповнювати зброю псіонічною силою. Один раз за кожен свій хід, одразу після того, як ваша атака влучає в ціль у межах 30 футів і завдає їй шкоди зброєю, ви можете витратити одну кістку псіонічної енергії. Киньте її та завдайте цілі силової шкоди в кількості, що дорівнює результату + ваш модифікатор інтелекту.\n\nТелекінетичне переміщення. Ви можете рухати предмети й істот силою думки. Магічною дією виберіть одну видиму ціль у межах 30 футів: незакріплений предмет великого або меншого розміру чи одну згодну істоту, крім себе. Перемістіть ціль на відстань до 30 футів у видимий вільний простір. Якщо ціль — крихітний предмет, натомість можете перемістити його до своєї руки або з неї.
h11246ce1g1053g5998g5c40ga6494d732ee0	MORFOLOGIK_RULE_UK_UA	Можлива механічна помилка	псіонічної	Знайдено потенційну орфографічну помилку.	північної, Піоніїної, біонічної, кріонічної, пікнічної, іонічної, псі-онічної	Коли ви або інша видима вам істота в межах 30 футів зазнаєте шкоди, ви можете застосувати реагування й витратити одну кістку псіонічної енергії. Киньте її та зменште отриману шкоду на результат + ваш модифікатор інтелекту (щонайменше на 1), створивши миттєвий щит телекінетичної сили.
h50cf5378ga381gc18fg0f16g6bba3d2edf30	MORFOLOGIK_RULE_UK_UA	Можлива механічна помилка	Псіоніка	Знайдено потенційну орфографічну помилку.	Пікніка, Авіоніка, Біоніка, Еліоніка, Кріоніка, псі-оніка	Псіоніка
h7e07ba43g48ccgb3bag0de0g3c6c93d8eabb	MORFOLOGIK_RULE_UK_UA	Можлива механічна помилка	Псіонічний	Знайдено потенційну орфографічну помилку.	Північний, Біонічний, Кріонічний, Пікнічний, Іонічний, Псі-онічний	Псіонічний удар
h26010d04g5728g38d0g7666g1a3a63e82e9a	MORFOLOGIK_RULE_UK_UA	Можлива механічна помилка	псіонічною	Знайдено потенційну орфографічну помилку.	північною, Піоніїною, біонічною, кріонічною, пікнічною, іонічною, псі-онічною	Ви можете сповнювати зброю псіонічною силою. Один раз за кожен свій хід, одразу після того, як ваша атака влучає в ціль у межах 30 футів і завдає їй шкоди зброєю, ви можете витратити одну кістку псіонічної енергії. Киньте її та завдайте цілі силової шкоди в кількості, що дорівнює результату + ваш модифікатор інтелекту.
h26010d04g5728g38d0g7666g1a3a63e82e9a	MORFOLOGIK_RULE_UK_UA	Можлива механічна помилка	псіонічної	Знайдено потенційну орфографічну помилку.	північної, Піоніїної, біонічної, кріонічної, пікнічної, іонічної, псі-онічної	Ви можете сповнювати зброю псіонічною силою. Один раз за кожен свій хід, одразу після того, як ваша атака влучає в ціль у межах 30 футів і завдає їй шкоди зброєю, ви можете витратити одну кістку псіонічної енергії. Киньте її та завдайте цілі силової шкоди в кількості, що дорівнює результату + ваш модифікатор інтелекту.
h87667666gffa0g8813gb1a6gcf359a467b69	MORFOLOGIK_RULE_UK_UA	Можлива механічна помилка	Псіонічний	Знайдено потенційну орфографічну помилку.	Північний, Біонічний, Кріонічний, Пікнічний, Іонічний, Псі-онічний	Псіонічний удар при критичному влучанні
hb9f6e95bg1ecbg4d70g2b47g004a19f989d8	MORFOLOGIK_RULE_UK_UA	Можлива механічна помилка	Псіонічний	Знайдено потенційну орфографічну помилку.	Північний, Біонічний, Кріонічний, Пікнічний, Іонічний, псі-онічний	Рівень 7: Псіонічний стрибок
h53a46d69g6181g8c48g7c48g569803d1df00	MORFOLOGIK_RULE_UK_UA	Можлива механічна помилка	псіонічної	Знайдено потенційну орфографічну помилку.	північної, Піоніїної, біонічної, кріонічної, пікнічної, іонічної, псі-онічної	Вторинною дією ви можете перелетіти у вибране місце, витративши лише 10 футів переміщення. Після цього ви не зможете скористатися цією вторинною дією знову до завершення короткого або довгого відпочинку, якщо не витратите кістку псіонічної енергії (дія не потрібна), щоб відновити її застосування.
h82e5f786g25beg91b9g6a62g3f5142f4ec41	MORFOLOGIK_RULE_UK_UA	Можлива механічна помилка	Псіонічний	Знайдено потенційну орфографічну помилку.	Північний, Біонічний, Кріонічний, Пікнічний, Іонічний, Псі-онічний	Псіонічний стрибок
ha42816f3g2b46g7a69gebb9g476dfa5e4f31	MORFOLOGIK_RULE_UK_UA	Можлива механічна помилка	псіонічної	Знайдено потенційну орфографічну помилку.	північної, Піоніїної, біонічної, кріонічної, пікнічної, іонічної, псі-онічної	Вторинною дією ви можете перелетіти у вибране місце, витративши лише 10 футів переміщення. Після цього ви не зможете скористатися цією вторинною дією знову до завершення короткого або довгого відпочинку, якщо не витратите кістку псіонічної енергії (дія не потрібна), щоб відновити її застосування.
h9fa30afdgf4e2g7e74ga57fgdbedd4b1e363	MORFOLOGIK_RULE_UK_UA	Можлива механічна помилка	Псіонічним	Знайдено потенційну орфографічну помилку.	Північним, Піоніїним, Біонічним, Кріонічним, Пікнічним, Іонічним, псі-онічним	Коли ви завдаєте цілі шкоди «Псіонічним ударом», то можете змусити її виконати кидок протидії силою з МС 8 + ваш модифікатор інтелекту + ваш бонус спеціалізації. У разі невдачі ви можете повалити ціль або перемістити її по горизонталі на відстань до 10 футів.
h0e2f0dfaga02cg9ad3g9586ga7ad2ece81cf	COMMA_PARENTHESIS_WHITESPACE	Оформлення	 .	Не ставте пробіл перед крапкою.	.	"Ви набуваєте володіння навичками <LSTag Type=""Skills"" Tooltip=""Insight"">Проникливість</LSTag> і <LSTag Type=""Skills"" Tooltip=""Medicine"">Медицина</LSTag>. Поєднуючи екстракти, ви можете зварити два алхімічні розчини замість одного, якщо успішно виконаєте <LSTag Tooltip=""AbilityCheck"">перевірку</LSTag> Медицини з <LSTag Tooltip=""DifficultyClass"">МС</LSTag> 15."
h02367640g69e6gdb06g9a72g6354c8a4ccb6	COMMA_PARENTHESIS_WHITESPACE	Оформлення	 .	Не ставте пробіл перед крапкою.	.	"Згубна долоня. Коли ви застосовуєте «Згубну долоню» до істоти, то також можете надати їй стан отруєння до кінця свого наступного ходу.\n\n<LSTag Type=""Spell"" Tooltip=""Target_HandOfHealing"">Цілюща долоня</LSTag>. Коли ви застосовуєте «Цілющу долоню», то також можете припинити такі стани істоти, яку зцілюєте: <LSTag Type=""Status"" Tooltip=""BLINDED"">засліплення</LSTag>, хвороба, параліч та отруєння."
h02367640g69e6gdb06g9a72g6354c8a4ccb6	COMMA_PARENTHESIS_WHITESPACE	Оформлення	 ,	Поставте пробіл після коми, а не перед комою.	,	"Згубна долоня. Коли ви застосовуєте «Згубну долоню» до істоти, то також можете надати їй стан отруєння до кінця свого наступного ходу.\n\n<LSTag Type=""Spell"" Tooltip=""Target_HandOfHealing"">Цілюща долоня</LSTag>. Коли ви застосовуєте «Цілющу долоню», то також можете припинити такі стани істоти, яку зцілюєте: <LSTag Type=""Status"" Tooltip=""BLINDED"">засліплення</LSTag>, хвороба, параліч та отруєння."
hfb72e3c9g9b45g5b84g8517gffe9d7e74d19	COMMA_PARENTHESIS_WHITESPACE	Оформлення	 .	Не ставте пробіл перед крапкою.	.	"Ви можете застосовувати <LSTag Type=""Spell"" Tooltip=""Target_FlurryOfHealing"">«Шквал зцілення»</LSTag> і <LSTag Type=""Spell"" Tooltip=""Target_FlurryOfHarm"">«Шквал шкоди»</LSTag>.\n\nЗагальна кількість застосувань обох переваг дорівнює вашому модифікатору мудрості (щонайменше одне), а всі витрачені застосування відновлюються після довгого відпочинку."
h23e44250ge3f6g6cdfg67abgd60e473e7182	archaism	Стиль	Обіту	Це слово або форма є застарілою, архаїчною або діалектною.		Засади Обіту Слави
h7b9c5b5dg52ddg7d07gf72dgc579b62da603	COMMA_PARENTHESIS_WHITESPACE	Оформлення	( 	Не ставте пробіл після лівої дужки	(	"Ви маєте перевагу в перевірках сили (<LSTag Type=""Skills"" Tooltip=""Athletics"">Атлетизм</LSTag>) і спритності (<LSTag Type=""Skills"" Tooltip=""Acrobatics"">Акробатика</LSTag>), а відстань ваших стрибків у довжину та висоту збільшується на 10 футів (ця додаткова відстань як завжди витрачає переміщення)."
h7b9c5b5dg52ddg7d07gf72dgc579b62da603	COMMA_PARENTHESIS_WHITESPACE	Оформлення	 )	Не ставте пробіл перед правою дужкою	)	"Ви маєте перевагу в перевірках сили (<LSTag Type=""Skills"" Tooltip=""Athletics"">Атлетизм</LSTag>) і спритності (<LSTag Type=""Skills"" Tooltip=""Acrobatics"">Акробатика</LSTag>), а відстань ваших стрибків у довжину та висоту збільшується на 10 футів (ця додаткова відстань як завжди витрачає переміщення)."
h7b9c5b5dg52ddg7d07gf72dgc579b62da603	COMMA_PARENTHESIS_WHITESPACE	Оформлення	( 	Не ставте пробіл після лівої дужки	(	"Ви маєте перевагу в перевірках сили (<LSTag Type=""Skills"" Tooltip=""Athletics"">Атлетизм</LSTag>) і спритності (<LSTag Type=""Skills"" Tooltip=""Acrobatics"">Акробатика</LSTag>), а відстань ваших стрибків у довжину та висоту збільшується на 10 футів (ця додаткова відстань як завжди витрачає переміщення)."
h7b9c5b5dg52ddg7d07gf72dgc579b62da603	COMMA_PARENTHESIS_WHITESPACE	Оформлення	 )	Не ставте пробіл перед правою дужкою	)	"Ви маєте перевагу в перевірках сили (<LSTag Type=""Skills"" Tooltip=""Athletics"">Атлетизм</LSTag>) і спритності (<LSTag Type=""Skills"" Tooltip=""Acrobatics"">Акробатика</LSTag>), а відстань ваших стрибків у довжину та висоту збільшується на 10 футів (ця додаткова відстань як завжди витрачає переміщення)."
h39f392e7g879agff67g5eafg1fbe11db0e2a	archaism	Стиль	Обіту	Це слово або форма є застарілою, архаїчною або діалектною.		Рівень 3: Закляття Обіту Слави
hc41356d2g2208g0d0fg0023g8a9c6958aaac	archaism	Стиль	обіту	Це слово або форма є застарілою, архаїчною або діалектною.		"Магія вашого обіту гарантує, що ви завжди маєте напоготові певні закляття. На рівнях паладина, указаних у таблиці «Закляття Обіту слави», ви надалі завжди маєте підготовленими такі закляття: на 3-му рівні — «Вказівний заряд» і «Героїзм»; на 5-му — «Поліпшення здібності» й «Магічна зброя»; на 9-му — <LSTag Type=""Spell"" Tooltip=""Target_Haste"">«Поспіх»</LSTag> і «Захист від енергії»."
hc41356d2g2208g0d0fg0023g8a9c6958aaac	archaism	Стиль	Обіту	Це слово або форма є застарілою, архаїчною або діалектною.		"Магія вашого обіту гарантує, що ви завжди маєте напоготові певні закляття. На рівнях паладина, указаних у таблиці «Закляття Обіту слави», ви надалі завжди маєте підготовленими такі закляття: на 3-му рівні — «Вказівний заряд» і «Героїзм»; на 5-му — «Поліпшення здібності» й «Магічна зброя»; на 9-му — <LSTag Type=""Spell"" Tooltip=""Target_Haste"">«Поспіх»</LSTag> і «Захист від енергії»."
h9d7e1bf3g8ce5g97cdg6455g9d50ab2376ba	MORFOLOGIK_RULE_UK_UA	Можлива механічна помилка	Феєлону	Знайдено потенційну орфографічну помилку.	Феллону, Фелону, Феє лону	Ви можете посилювати удари зброєю магією з похмурих глибин Феєлону, що лишає шрами на розумі. Коли ви влучаєте в істоту зброєю, можете завдати цілі додаткової психічної шкоди 1d4. Одна ціль може зазнати цієї додаткової шкоди лише раз за хід. На 11-му рівні слідопита додаткова шкода збільшується до 1d6.
h4b83ca6ag67bbga7f4gb3acgd0dc994c7828	MORFOLOGIK_RULE_UK_UA	Можлива механічна помилка	фейського	Знайдено потенційну орфографічну помилку.	бейського, гейського, зейського, рейського	Рівень 3: Закляття фейського мандрівника
h4ae962aag1f80gf20eg9ad2g481c0cb2a1fe	MORFOLOGIK_RULE_UK_UA	Можлива механічна помилка	фейського	Знайдено потенційну орфографічну помилку.	бейського, гейського, зейського, рейського	Досягнувши рівня слідопита, указаного в таблиці «Закляття фейського мандрівника», ви завжди маєте підготовленими відповідні закляття: на 3-му рівні — «Причарування особи», на 5-му — «Маревний крок», а на 9-му — «Прикликання феї».
h7eb96189g76dfg2301gb96dg3136060e0f85	MORFOLOGIK_RULE_UK_UA	Можлива механічна помилка	Феєлону	Знайдено потенційну орфографічну помилку.	Феллону, Фелону, Феє лону	Магія Феєлону оберігає ваш розум. Ви маєте імунітет до станів причарування та переляку.
h2c45092ag40cag1de6gb0cag6f5b529f8501	MORFOLOGIK_RULE_UK_UA	Можлива механічна помилка	скімітар	Знайдено потенційну орфографічну помилку.	Дімітар	"Ви можете матеріалізувати мерехтливі клинки з психічної енергії.\n\nТримаючи кинджал, короткий меч або скімітар, ви можете змінити тип шкоди зброї на психічний і надати їй властивість <LSTag Tooltip=""Thrown"">Метальне</LSTag>."
h2c45092ag40cag1de6gb0cag6f5b529f8501	COMMA_PARENTHESIS_WHITESPACE	Оформлення	 .	Не ставте пробіл перед крапкою.	.	"Ви можете матеріалізувати мерехтливі клинки з психічної енергії.\n\nТримаючи кинджал, короткий меч або скімітар, ви можете змінити тип шкоди зброї на психічний і надати їй властивість <LSTag Tooltip=""Thrown"">Метальне</LSTag>."
h47241e4bg6824g8819g634eg085cabe63335	MORFOLOGIK_RULE_UK_UA	Можлива механічна помилка	Псіоніка	Знайдено потенційну орфографічну помилку.	Пікніка, Авіоніка, Біоніка, Еліоніка, Кріоніка, псі-оніка	Рівень 3: Псіоніка
hcbc2740fgebc3g29dbg5465ge353fe6de2d6	MORFOLOGIK_RULE_UK_UA	Можлива механічна помилка	псіонічної	Знайдено потенційну орфографічну помилку.	північної, Піоніїної, біонічної, кріонічної, пікнічної, іонічної, псі-онічної	У вас вирує джерело псіонічної енергії, представлене кістками псіонічної енергії, які живлять сили цього підкласу. Зі зростанням рівня пройдисвіта змінюються кількість і розмір кісток: на 3-му рівні ви маєте чотири d6, на 5-му — шість d8, на 9-му — вісім d8, а на 11-му — вісім d10.\n\nОдну витрачену кістку псіонічної енергії ви відновлюєте після короткого відпочинку, а всі — після довгого.
hcbc2740fgebc3g29dbg5465ge353fe6de2d6	MORFOLOGIK_RULE_UK_UA	Можлива механічна помилка	псіонічної	Знайдено потенційну орфографічну помилку.	північної, Піоніїної, біонічної, кріонічної, пікнічної, іонічної, псі-онічної	У вас вирує джерело псіонічної енергії, представлене кістками псіонічної енергії, які живлять сили цього підкласу. Зі зростанням рівня пройдисвіта змінюються кількість і розмір кісток: на 3-му рівні ви маєте чотири d6, на 5-му — шість d8, на 9-му — вісім d8, а на 11-му — вісім d10.\n\nОдну витрачену кістку псіонічної енергії ви відновлюєте після короткого відпочинку, а всі — після довгого.
hcbc2740fgebc3g29dbg5465ge353fe6de2d6	MORFOLOGIK_RULE_UK_UA	Можлива механічна помилка	псіонічної	Знайдено потенційну орфографічну помилку.	північної, Піоніїної, біонічної, кріонічної, пікнічної, іонічної, псі-онічної	У вас вирує джерело псіонічної енергії, представлене кістками псіонічної енергії, які живлять сили цього підкласу. Зі зростанням рівня пройдисвіта змінюються кількість і розмір кісток: на 3-му рівні ви маєте чотири d6, на 5-му — шість d8, на 9-му — вісім d8, а на 11-му — вісім d10.\n\nОдну витрачену кістку псіонічної енергії ви відновлюєте після короткого відпочинку, а всі — після довгого.
hbbc444d1gb077g0152ga3a4gb6e3870b0ab6	MORFOLOGIK_RULE_UK_UA	Можлива механічна помилка	псіонікою	Знайдено потенційну орфографічну помилку.	авіонікою, біонікою, еліонікою, кріонікою, псі-онікою	Рівень 3: Підсилений псіонікою хист
h2c90402dgbf9bg9e7eg0564g9741710af3b2	MORFOLOGIK_RULE_UK_UA	Можлива механічна помилка	псіонічної	Знайдено потенційну орфографічну помилку.	північної, Піоніїної, біонічної, кріонічної, пікнічної, іонічної, псі-онічної	Проваливши перевірку характеристики з навичкою чи інструментом, якими володієте, ви можете кинути одну кістку псіонічної енергії та додати результат до перевірки, потенційно перетворивши невдачу на успіх. Кістка витрачається лише тоді, коли перевірка після цього стає успішною.
hd91b7847g79e2gdae7g83f9g933470184630	MORFOLOGIK_RULE_UK_UA	Можлива механічна помилка	псіонічної	Знайдено потенційну орфографічну помилку.	північної, Піоніїної, біонічної, кріонічної, пікнічної, іонічної, псі-онічної	Вторинною дією ви створюєте психічний клинок, витрачаєте й кидаєте одну кістку псіонічної енергії, а потім метаєте клинок у вільне місце, яке бачите в межах 30 футів. Ви телепортуєтеся в це місце, після чого клинок зникає.
h9469e0a4gb203g618fg7964ge5af1758af45	MORFOLOGIK_RULE_UK_UA	Можлива механічна помилка	псіонічної	Знайдено потенційну орфографічну помилку.	північної, Піоніїної, біонічної, кріонічної, пікнічної, іонічної, псі-онічної	Якщо ваша атака «Психічним клинком» не влучає в ціль, ви можете кинути одну кістку псіонічної енергії та додати результат до кидка атаки.
h601e5866g9f98g634egeeacg4867d033d389	MORFOLOGIK_RULE_UK_UA	Можлива механічна помилка	псіонічної	Знайдено потенційну орфографічну помилку.	північної, Піоніїної, біонічної, кріонічної, пікнічної, іонічної, псі-онічної	Якщо ваша атака «Психічним клинком» не влучає в ціль, ви можете кинути одну кістку псіонічної енергії та додати результат до кидка атаки.
h6075d06fg73e3g4deag566fg55d336f1350b	MORFOLOGIK_RULE_UK_UA	Можлива механічна помилка	псіонічної	Знайдено потенційну орфографічну помилку.	північної, Піоніїної, біонічної, кріонічної, пікнічної, іонічної, псі-онічної	Вторинною дією ви створюєте психічний клинок, витрачаєте й кидаєте одну кістку псіонічної енергії, а потім метаєте клинок у вільне місце, яке бачите в межах 30 футів. Ви телепортуєтеся в це місце, після чого клинок зникає.
h35a0000fg8dc5g3af7ge6b5g3ad5700dd6e6	MORFOLOGIK_RULE_UK_UA	Можлива механічна помилка	скімітар	Знайдено потенційну орфографічну помилку.	Дімітар	"Ви можете матеріалізувати мерехтливі клинки з психічної енергії.\n\nТримаючи кинджал, короткий меч або скімітар, ви можете змінити тип шкоди зброї на психічний і надати їй властивість <LSTag Tooltip=""Thrown"">Метальне</LSTag>."
h35a0000fg8dc5g3af7ge6b5g3ad5700dd6e6	COMMA_PARENTHESIS_WHITESPACE	Оформлення	 .	Не ставте пробіл перед крапкою.	.	"Ви можете матеріалізувати мерехтливі клинки з психічної енергії.\n\nТримаючи кинджал, короткий меч або скімітар, ви можете змінити тип шкоди зброї на психічний і надати їй властивість <LSTag Tooltip=""Thrown"">Метальне</LSTag>."
h47c75c00gad45gcc7agd1fbg3816f09eaa53	COMMA_PARENTHESIS_WHITESPACE	Оформлення	 .	Не ставте пробіл перед крапкою.	.	"Завдає психічної шкоди й має властивість <LSTag Tooltip=""Thrown"">«Метальна»</LSTag>.\n\nЗброю неможливо вибити з руки власника; після <LSTag Type=""Spell"" Tooltip=""Throw_Throw"">метання</LSTag> вона автоматично повертається до нього."
h00d90ea3g3a77g156ege571g7795f88dc0b3	MORFOLOGIK_RULE_UK_UA	Можлива механічна помилка	Псіоніка	Знайдено потенційну орфографічну помилку.	Пікніка, Авіоніка, Біоніка, Еліоніка, Кріоніка, псі-оніка	Псіоніка
h12ea65c7g08eega4d5gb643g2f478032d14d	MORFOLOGIK_RULE_UK_UA	Можлива механічна помилка	Аберрантне	Знайдено потенційну орфографічну помилку.	Аберантне	Аберрантне чародійство
hdcc3a388gb292gacb2gf7d4gedf14ac8aeed	MORFOLOGIK_RULE_UK_UA	Можлива механічна помилка	псіонічною	Знайдено потенційну орфографічну помилку.	північною, Піоніїною, біонічною, кріонічною, пікнічною, іонічною, псі-онічною	Чужинний вплив обплів ваш розум і наділив вас псіонічною силою. Тепер нею ви можете торкатися чужих думок і змінювати світ довкола. Чи засяє ця сила маяком надії для інших? Або ви станете жахом для кожного, хто відчує укол вашої свідомості?\n\nМожливо, псіонічну енергію приніс вам ментальний вітер з Астрального плану або вас спотворив вплив Далекої царини. А може, у вас підселили пуголовка мізкожера, але перетворення так і не сталося — і тепер псіонічна сила паразита належить вам. Хоч би як ви здобули цей дар, ваш розум палає ним.
hdcc3a388gb292gacb2gf7d4gedf14ac8aeed	MORFOLOGIK_RULE_UK_UA	Можлива механічна помилка	псіонічну	Знайдено потенційну орфографічну помилку.	північну, Піоніїну, біонічну, кріонічну, пікнічну, іонічну, псі-онічну	Чужинний вплив обплів ваш розум і наділив вас псіонічною силою. Тепер нею ви можете торкатися чужих думок і змінювати світ довкола. Чи засяє ця сила маяком надії для інших? Або ви станете жахом для кожного, хто відчує укол вашої свідомості?\n\nМожливо, псіонічну енергію приніс вам ментальний вітер з Астрального плану або вас спотворив вплив Далекої царини. А може, у вас підселили пуголовка мізкожера, але перетворення так і не сталося — і тепер псіонічна сила паразита належить вам. Хоч би як ви здобули цей дар, ваш розум палає ним.
hdcc3a388gb292gacb2gf7d4gedf14ac8aeed	MORFOLOGIK_RULE_UK_UA	Можлива механічна помилка	мізкожера	Знайдено потенційну орфографічну помилку.	міксера, місіонера, візіонера, мізера, мікшера, мішкотара, різнопера, ізотера	Чужинний вплив обплів ваш розум і наділив вас псіонічною силою. Тепер нею ви можете торкатися чужих думок і змінювати світ довкола. Чи засяє ця сила маяком надії для інших? Або ви станете жахом для кожного, хто відчує укол вашої свідомості?\n\nМожливо, псіонічну енергію приніс вам ментальний вітер з Астрального плану або вас спотворив вплив Далекої царини. А може, у вас підселили пуголовка мізкожера, але перетворення так і не сталося — і тепер псіонічна сила паразита належить вам. Хоч би як ви здобули цей дар, ваш розум палає ним.
hdcc3a388gb292gacb2gf7d4gedf14ac8aeed	MORFOLOGIK_RULE_UK_UA	Можлива механічна помилка	псіонічна	Знайдено потенційну орфографічну помилку.	північна, Піоніїна, біонічна, кріонічна, пікнічна, іонічна, псі-онічна	Чужинний вплив обплів ваш розум і наділив вас псіонічною силою. Тепер нею ви можете торкатися чужих думок і змінювати світ довкола. Чи засяє ця сила маяком надії для інших? Або ви станете жахом для кожного, хто відчує укол вашої свідомості?\n\nМожливо, псіонічну енергію приніс вам ментальний вітер з Астрального плану або вас спотворив вплив Далекої царини. А може, у вас підселили пуголовка мізкожера, але перетворення так і не сталося — і тепер псіонічна сила паразита належить вам. Хоч би як ви здобули цей дар, ваш розум палає ним.
h65ae228fgd955g4d7fg5f83g914fe7e83123	MORFOLOGIK_RULE_UK_UA	Можлива механічна помилка	Псіонічні	Знайдено потенційну орфографічну помилку.	Північні, Піоніїні, Біонічні, Кріонічні, Пікнічні, Іонічні, псі-онічні	Рівень 3: Псіонічні закляття
hd2d76fb0g487cg3ab3g3908g9f58ed8e7217	MORFOLOGIK_RULE_UK_UA	Можлива механічна помилка	Псіонічні	Знайдено потенційну орфографічну помилку.	Північні, Піоніїні, Біонічні, Кріонічні, Пікнічні, Іонічні, псі-онічні	На рівнях чародія, указаних у таблиці «Псіонічні закляття», ви отримуєте закляття, які надалі завжди вважаються підготовленими.\n\nНа 3-му рівні — «Руки Гадара», «Гамування емоцій», «Виявлення думок», «Нерозбірливий шепіт» і «Уламок розуму»; на 5-му — «Голод Гадара»; на 7-му — «Чорні мацаки Еварда»; на 9-му — «Телекінез».
hd2d76fb0g487cg3ab3g3908g9f58ed8e7217	MORFOLOGIK_RULE_UK_UA	Можлива механічна помилка	Гадара	Знайдено потенційну орфографічну помилку.	Гадала, Радара, Гайдара, Годара, Кадара, Гагара, Гадана, Гадюра	На рівнях чародія, указаних у таблиці «Псіонічні закляття», ви отримуєте закляття, які надалі завжди вважаються підготовленими.\n\nНа 3-му рівні — «Руки Гадара», «Гамування емоцій», «Виявлення думок», «Нерозбірливий шепіт» і «Уламок розуму»; на 5-му — «Голод Гадара»; на 7-му — «Чорні мацаки Еварда»; на 9-му — «Телекінез».
hd2d76fb0g487cg3ab3g3908g9f58ed8e7217	MORFOLOGIK_RULE_UK_UA	Можлива механічна помилка	Гадара	Знайдено потенційну орфографічну помилку.	Гадала, Радара, Гайдара, Годара, Кадара, Гагара, Гадана, Гадюра	На рівнях чародія, указаних у таблиці «Псіонічні закляття», ви отримуєте закляття, які надалі завжди вважаються підготовленими.\n\nНа 3-му рівні — «Руки Гадара», «Гамування емоцій», «Виявлення думок», «Нерозбірливий шепіт» і «Уламок розуму»; на 5-му — «Голод Гадара»; на 7-му — «Чорні мацаки Еварда»; на 9-му — «Телекінез».
hd2d76fb0g487cg3ab3g3908g9f58ed8e7217	MORFOLOGIK_RULE_UK_UA	Можлива механічна помилка	Еварда	Знайдено потенційну орфографічну помилку.	Едварда, Варда	На рівнях чародія, указаних у таблиці «Псіонічні закляття», ви отримуєте закляття, які надалі завжди вважаються підготовленими.\n\nНа 3-му рівні — «Руки Гадара», «Гамування емоцій», «Виявлення думок», «Нерозбірливий шепіт» і «Уламок розуму»; на 5-му — «Голод Гадара»; на 7-му — «Чорні мацаки Еварда»; на 9-му — «Телекінез».
hc47eeb0bg59b3g6c84g97bbg6e37b0afac07	MORFOLOGIK_RULE_UK_UA	Можлива механічна помилка	Псіонічне	Знайдено потенційну орфографічну помилку.	Північне, Піоніїне, Біонічне, Кріонічне, Пікнічне, Іонічне, псі-онічне	Рівень 6: Псіонічне чародійство
h4aa07c08gb93egab88g61e1g0ced3d3207e0	MORFOLOGIK_RULE_UK_UA	Можлива механічна помилка	Псіонічні	Знайдено потенційну орфографічну помилку.	Північні, Піоніїні, Біонічні, Кріонічні, Пікнічні, Іонічні, псі-онічні	Коли ви проказуєте закляття рівня 1+ зі своєї особливості «Псіонічні закляття», то можете як зазвичай витратити чарунку або натомість витратити кількість очок чародійства, що дорівнює рівню закляття. Якщо ви проказуєте його за очки чародійства, воно не потребує словесного чи тілесного складника, а також матеріального складника, якщо тільки закляття не поглинає його або не вказує його вартість.
h955ef661gc670g5024g8289g7b1595fc740c	MORFOLOGIK_RULE_UK_UA	Можлива механічна помилка	Механуса	Знайдено потенційну орфографічну помилку.	Мех ануса	Космічна сила порядку наситила вас магією. Вона походить із Механуса або подібного царства — плану буття, цілком підпорядкованого бездоганній роботі механізмів. Ви чи хтось із вашого роду могли опинитися втягнутими в задуми модронів, упорядкованих мешканців Механуса. Можливо, ваш предок навіть брав участь у Великому марші модронів. Хоч би яким було джерело, сила порядку може здаватися іншим дивною, але для вас вона — частина величної та всеосяжної системи.
h955ef661gc670g5024g8289g7b1595fc740c	MORFOLOGIK_RULE_UK_UA	Можлива механічна помилка	модронів	Знайдено потенційну орфографічну помилку.	кордонів, дронів, морозів, мормонів, гудронів, Андронів, Воронів, Гордонів	Космічна сила порядку наситила вас магією. Вона походить із Механуса або подібного царства — плану буття, цілком підпорядкованого бездоганній роботі механізмів. Ви чи хтось із вашого роду могли опинитися втягнутими в задуми модронів, упорядкованих мешканців Механуса. Можливо, ваш предок навіть брав участь у Великому марші модронів. Хоч би яким було джерело, сила порядку може здаватися іншим дивною, але для вас вона — частина величної та всеосяжної системи.
h955ef661gc670g5024g8289g7b1595fc740c	MORFOLOGIK_RULE_UK_UA	Можлива механічна помилка	Механуса	Знайдено потенційну орфографічну помилку.	Мех ануса	Космічна сила порядку наситила вас магією. Вона походить із Механуса або подібного царства — плану буття, цілком підпорядкованого бездоганній роботі механізмів. Ви чи хтось із вашого роду могли опинитися втягнутими в задуми модронів, упорядкованих мешканців Механуса. Можливо, ваш предок навіть брав участь у Великому марші модронів. Хоч би яким було джерело, сила порядку може здаватися іншим дивною, але для вас вона — частина величної та всеосяжної системи.
h955ef661gc670g5024g8289g7b1595fc740c	MORFOLOGIK_RULE_UK_UA	Можлива механічна помилка	модронів	Знайдено потенційну орфографічну помилку.	кордонів, дронів, морозів, мормонів, гудронів, Андронів, Воронів, Гордонів	Космічна сила порядку наситила вас магією. Вона походить із Механуса або подібного царства — плану буття, цілком підпорядкованого бездоганній роботі механізмів. Ви чи хтось із вашого роду могли опинитися втягнутими в задуми модронів, упорядкованих мешканців Механуса. Можливо, ваш предок навіть брав участь у Великому марші модронів. Хоч би яким було джерело, сила порядку може здаватися іншим дивною, але для вас вона — частина величної та всеосяжної системи.
hb352a2d9g2b29g035bgcae6ge065a7ef8fe8	MORFOLOGIK_RULE_UK_UA	Можлива механічна помилка	Архіфея	Знайдено потенційну орфографічну помилку.	Архірея	Рівень 3: Закляття Архіфея
hd7701b33g6b2fg2417gbd20g2eb61af61f00	MORFOLOGIK_RULE_UK_UA	Можлива механічна помилка	Архіфеї	Знайдено потенційну орфографічну помилку.	Архіреї	"Магія покровителя гарантує, що ви завжди маєте напоготові певні закляття. На відповідних рівнях чаклуна ви отримуєте додаткові закляття з таблиці «Закляття Архіфеї», які завжди вважаються підготовленими.\n\nНа 3-му рівні ви отримуєте «Гамування емоцій», «Чарівний посвіт», «Маревний крок», «Примарну силу» й «Сон»; на 5-му — «Миготіння» та «Приріст рослин»; на 7-му — «Підкорення звіра» й <LSTag Type=""Spell"" Tooltip=""Target_Invisibility_Greater"">«Велику невидимість»</LSTag>; на 9-му — «Підкорення особи» та «Підміну»."
hd7701b33g6b2fg2417gbd20g2eb61af61f00	archaism	Стиль	посвіт	Це слово або форма є застарілою, архаїчною або діалектною.		"Магія покровителя гарантує, що ви завжди маєте напоготові певні закляття. На відповідних рівнях чаклуна ви отримуєте додаткові закляття з таблиці «Закляття Архіфеї», які завжди вважаються підготовленими.\n\nНа 3-му рівні ви отримуєте «Гамування емоцій», «Чарівний посвіт», «Маревний крок», «Примарну силу» й «Сон»; на 5-му — «Миготіння» та «Приріст рослин»; на 7-му — «Підкорення звіра» й <LSTag Type=""Spell"" Tooltip=""Target_Invisibility_Greater"">«Велику невидимість»</LSTag>; на 9-му — «Підкорення особи» та «Підміну»."
h6dbe3baeg32b7g2be3gc059gc25854510170	MORFOLOGIK_RULE_UK_UA	Можлива механічна помилка	Зникливий	Знайдено потенційну орфографічну помилку.	Уникливий, Зникли вий	"Зазнавши шкоди, ви можете проказати «Маревний крок» реагуванням.\n\nКрім того, до варіантів вашого «Кроку фей» додаються такі ефекти.\n\nЗникливий крок. Ви набуваєте стану <LSTag Type=""Status"" Tooltip=""INVISIBLE"">невидимості</LSTag> до початку свого наступного ходу або до миті одразу після того, як виконаєте кидок атаки, завдасте шкоди чи прокажете закляття.\n\nЖахливий крок. Істоти в межах 10 футів від покинутого вами простору або простору, у якому ви з’явилися (на ваш вибір), повинні успішно виконати кидок протидії мудрістю проти вашої МС кидків протидії закляттям, інакше зазнають 2d10 психічної шкоди."
h81e4c4fcge764ge0d3g745cgea094c73c3cc	MORFOLOGIK_RULE_UK_UA	Можлива механічна помилка	Зникальний	Знайдено потенційну орфографічну помилку.	Змикальний	Зникальний крок
hc3053d70g9f50g8beeg6377g17705d962791	MORFOLOGIK_RULE_UK_UA	Можлива механічна помилка	Небесник	Знайдено потенційну орфографічну помилку.	Небесний, Небесних, Небесним, Небес ник	Покровитель: Небесник
h3662fdcag8fe4g979eg5288g490b31f1f882	MORFOLOGIK_RULE_UK_UA	Можлива механічна помилка	емпіреєм	Знайдено потенційну орфографічну помилку.	емпіреям	Сила вашого договору походить із Верхніх планів — царств вічного блаженства. Ви могли укласти угоду з емпіреєм, куатлем, сфінксом, єдинорогом чи іншим небесником або звернутися одразу до багатьох таких істот заради спільної мети. Завдяки договору ви відчуваєте частку святого світла, що осяває мультивсесвіт.
h3662fdcag8fe4g979eg5288g490b31f1f882	MORFOLOGIK_RULE_UK_UA	Можлива механічна помилка	куатлем	Знайдено потенційну орфографічну помилку.	кашлем, кухлем, Кужелем, Купелем, бутлем, каталем, кахлем, клатчем	Сила вашого договору походить із Верхніх планів — царств вічного блаженства. Ви могли укласти угоду з емпіреєм, куатлем, сфінксом, єдинорогом чи іншим небесником або звернутися одразу до багатьох таких істот заради спільної мети. Завдяки договору ви відчуваєте частку святого світла, що осяває мультивсесвіт.
h3662fdcag8fe4g979eg5288g490b31f1f882	MORFOLOGIK_RULE_UK_UA	Можлива механічна помилка	небесником	Знайдено потенційну орфографічну помилку.	небесним, нещасником	Сила вашого договору походить із Верхніх планів — царств вічного блаженства. Ви могли укласти угоду з емпіреєм, куатлем, сфінксом, єдинорогом чи іншим небесником або звернутися одразу до багатьох таких істот заради спільної мети. Завдяки договору ви відчуваєте частку святого світла, що осяває мультивсесвіт.
hd06d9d97g3639gb022g0e2eg25f5ab8ca49e	COMMA_PARENTHESIS_WHITESPACE	Оформлення	 .	Не ставте пробіл перед крапкою.	.	"Завершивши довгий відпочинок, ви отримуєте <LSTag Type=""Status"" Tooltip=""HEROIC_INSPIRATION_TEMP"">Героїчне натхнення</LSTag>. Маючи Героїчне натхнення, ви можете витратити його, щоб негайно перекинути будь-яку щойно кинуту кістку."
hac21fc5bg9d5cg705egede3g663945541420	COMMA_PARENTHESIS_WHITESPACE	Оформлення	 .	Не ставте пробіл перед крапкою.	.	"Отримайте <LSTag Tooltip=""Advantage"">перевагу</LSTag> у своєму <LSTag Tooltip=""AttackRoll"">кидку атаки</LSTag>."
h9adf7805gb424g309ag6e71g53eca41cd8d5	COMMA_PARENTHESIS_WHITESPACE	Оформлення	 ,	Поставте пробіл після коми, а не перед комою.	,	"Ви можете замінити це замовляння, вибравши інше з наведеного нижче списку заклять чарівника. Це замовляння не витрачає <LSTag Tooltip=""SpellSlot"">чарунок заклять</LSTag>, і його можна проказувати за бажанням."
h665b0831g0a27gcf47g1dafg16ce9df4ed5c	COMMA_PARENTHESIS_WHITESPACE	Оформлення	 .	Не ставте пробіл перед крапкою.	.	"Отримайте <LSTag Tooltip=""Advantage"">перевагу</LSTag> у своєму <LSTag Tooltip=""SavingThrow"">кидку протидії</LSTag>."
h425e3ae9ge949g55bbg3aecg26401432f816	COMMA_PARENTHESIS_WHITESPACE	Оформлення	 ,	Поставте пробіл після коми, а не перед комою.	,	"Коли ви надихаєте союзника за допомогою <LSTag Type=""Spell"" Tooltip=""Target_BardicInspiration"">Бардівського натхнення</LSTag>, ви отримуєте [1] відповідно до свого рівня барда."
h4b3bbd82gcfdegf0b2g8843g1b27f8c2a5b8	COMMA_PARENTHESIS_WHITESPACE	Оформлення	 ,	Поставте пробіл після коми, а не перед комою.	,	"Коли ви надихаєте союзника за допомогою <LSTag Type=""Spell"" Tooltip=""Target_BardicInspiration"">Бардівського натхнення</LSTag>, він також відновлює [1] відповідно до результату кидка вашої кістки <LSTag Type=""ActionResource"" Tooltip=""BardicInspiration"">Бардівського натхнення</LSTag>."
h4b3bbd82gcfdegf0b2g8843g1b27f8c2a5b8	COMMA_PARENTHESIS_WHITESPACE	Оформлення	 .	Не ставте пробіл перед крапкою.	.	"Коли ви надихаєте союзника за допомогою <LSTag Type=""Spell"" Tooltip=""Target_BardicInspiration"">Бардівського натхнення</LSTag>, він також відновлює [1] відповідно до результату кидка вашої кістки <LSTag Type=""ActionResource"" Tooltip=""BardicInspiration"">Бардівського натхнення</LSTag>."
h67022386g828fg30bag1c0cg215dae9c4f39	MORFOLOGIK_RULE_UK_UA	Можлива механічна помилка	Невмерлі	Знайдено потенційну орфографічну помилку.	Не вмерлі	"Невмерлі істоти, які влучають у власника, зазнають [1]. Звірі, які влучають у власника, набувають стану <LSTag Type=""Status"" Tooltip=""CHARMED"">причарування</LSTag>."
h67022386g828fg30bag1c0cg215dae9c4f39	COMMA_PARENTHESIS_WHITESPACE	Оформлення	 .	Не ставте пробіл перед крапкою.	.	"Невмерлі істоти, які влучають у власника, зазнають [1]. Звірі, які влучають у власника, набувають стану <LSTag Type=""Status"" Tooltip=""CHARMED"">причарування</LSTag>."
h0c8f8629gcdb5g21d2g6ba3g68301d16a9ea	MORFOLOGIK_RULE_UK_UA	Можлива механічна помилка	некромантії	Знайдено потенційну орфографічну помилку.	некромантці, некроманті, некромантів, некроманії	"Виберіть одне закляття 1-го рівня зі школи ілюзій або некромантії. Це закляття та <LSTag Type=""Spell"" Tooltip=""Target_Invisibility"">Невидимість</LSTag> завжди підготовлені. Ви також отримуєте одну чарунку заклять 1-го рівня й одну чарунку 2-го рівня."
hbd7f0193ge427g3d75gc0adgfdba8212fb8b	MORFOLOGIK_RULE_UK_UA	Можлива механічна помилка	некромантії	Знайдено потенційну орфографічну помилку.	некромантці, некроманті, некромантів, некроманії	"Виберіть одне закляття 1-го рівня зі школи ілюзій або некромантії. Це закляття та <LSTag Type=""Spell"" Tooltip=""Target_Invisibility"">Невидимість</LSTag> завжди підготовлені. Ви також отримуєте одну чарунку заклять 1-го рівня й одну чарунку 2-го рівня."
hdc7ba426ge98dg4316g94c9g943ef2f71ef1	MORFOLOGIK_RULE_UK_UA	Можлива механічна помилка	Фейська	Знайдено потенційну орфографічну помилку.	Феська, Бейська, Гейська, Зейська, Рейська	Фейська магія: Дружба тварин
hf80f1d43g98c1g4673gb72fgdffcfee338d2	MORFOLOGIK_RULE_UK_UA	Можлива механічна помилка	Фейська	Знайдено потенційну орфографічну помилку.	Феська, Бейська, Гейська, Зейська, Рейська	"Фейська магія: <LSTag Type=""Spell"" Tooltip=""Target_Bane"">Згуба</LSTag>"
h87ead348ga862g462agbdd2g7079cbc25ffe	MORFOLOGIK_RULE_UK_UA	Можлива механічна помилка	Фейська	Знайдено потенційну орфографічну помилку.	Феська, Бейська, Гейська, Зейська, Рейська	Фейська магія: Благословення
hd754a089gcc84g46b1gb5d1gf25f7a821bb1	MORFOLOGIK_RULE_UK_UA	Можлива механічна помилка	Фейська	Знайдено потенційну орфографічну помилку.	Феська, Бейська, Гейська, Зейська, Рейська	Фейська магія: Причарування особи
h5702aa7bgc62dg498dgb2feg449b551cc59f	MORFOLOGIK_RULE_UK_UA	Можлива механічна помилка	Фейська	Знайдено потенційну орфографічну помилку.	Феська, Бейська, Гейська, Зейська, Рейська	Фейська магія: Наказ
hb21ce401g18b9g45c9g80cdg70f83e883cb9	MORFOLOGIK_RULE_UK_UA	Можлива механічна помилка	Фейська	Знайдено потенційну орфографічну помилку.	Феська, Бейська, Гейська, Зейська, Рейська	Фейська магія: Насильний двобій
h2713c54cga6ddg44bfgbd2fg22ad3a219a9e	MORFOLOGIK_RULE_UK_UA	Можлива механічна помилка	Фейська	Знайдено потенційну орфографічну помилку.	Феська, Бейська, Гейська, Зейська, Рейська	Фейська магія: Нерозбірливий шепіт
h1f496538gbf09g4d50gaffdg135542e5928e	MORFOLOGIK_RULE_UK_UA	Можлива механічна помилка	Фейська	Знайдено потенційну орфографічну помилку.	Феська, Бейська, Гейська, Зейська, Рейська	Фейська магія: Героїзм
h4fbc6dd5g38b2g47f9g9735g678004c05e74	MORFOLOGIK_RULE_UK_UA	Можлива механічна помилка	Фейська	Знайдено потенційну орфографічну помилку.	Феська, Бейська, Гейська, Зейська, Рейська	Фейська магія: Прокльон
h23321941gc35bg4651g9eb6gf98a34d2777f	MORFOLOGIK_RULE_UK_UA	Можлива механічна помилка	Фейська	Знайдено потенційну орфографічну помилку.	Феська, Бейська, Гейська, Зейська, Рейська	Фейська магія: Невтримний регіт Таші
h57d8ec12g3ceeg4061gaf4eg0e05c40d93ef	MORFOLOGIK_RULE_UK_UA	Можлива механічна помилка	Фейська	Знайдено потенційну орфографічну помилку.	Феська, Бейська, Гейська, Зейська, Рейська	Фейська магія: Мисливська мітка
h3db64f18g5e4dg4e28g992ag1e784239f0a8	MORFOLOGIK_RULE_UK_UA	Можлива механічна помилка	Фейська	Знайдено потенційну орфографічну помилку.	Феська, Бейська, Гейська, Зейська, Рейська	Фейська магія: Сон
hced8ae2egc19bg42fbg92dbg72edc975847f	MORFOLOGIK_RULE_UK_UA	Можлива механічна помилка	Фейська	Знайдено потенційну орфографічну помилку.	Феська, Бейська, Гейська, Зейська, Рейська	Фейська магія: Розмова з тваринами
h0c144373g63c1g842bg99b7g472028280932	MORFOLOGIK_RULE_UK_UA	Можлива механічна помилка	Скрадник	Знайдено потенційну орфографічну помилку.	Складник, Страдник	Риса: Скрадник
h355c781dg7ea0g31c3g7904g5e09dcd7d24d	MORFOLOGIK_RULE_UK_UA	Можлива механічна помилка	Сліпозір	Знайдено потенційну орфографічну помилку.	Сліпо зір	Сліпозір. Ви отримуєте сліпозір на 10 футів.\n\nТуман війни. МС для набуття невидимості під час дії «Сховатися» дорівнює 15 замість 20.
h355c781dg7ea0g31c3g7904g5e09dcd7d24d	MORFOLOGIK_RULE_UK_UA	Можлива механічна помилка	сліпозір	Знайдено потенційну орфографічну помилку.	сліпо зір	Сліпозір. Ви отримуєте сліпозір на 10 футів.\n\nТуман війни. МС для набуття невидимості під час дії «Сховатися» дорівнює 15 замість 20.
h3590e174g151cg1c92gb9f4gb875191a6261	MORFOLOGIK_RULE_UK_UA	Можлива механічна помилка	Скрадник	Знайдено потенційну орфографічну помилку.	Складник, Страдник	Скрадник
h0df1df8cg4144g5ee4g0641gab98d991d8dc	MORFOLOGIK_RULE_UK_UA	Можлива механічна помилка	Сліпозір	Знайдено потенційну орфографічну помилку.	Сліпо зір	Сліпозір. Ви отримуєте сліпозір на 10 футів.\n\nТуман війни. МС для набуття невидимості під час дії «Сховатися» дорівнює 15 замість 20.
h0df1df8cg4144g5ee4g0641gab98d991d8dc	MORFOLOGIK_RULE_UK_UA	Можлива механічна помилка	сліпозір	Знайдено потенційну орфографічну помилку.	сліпо зір	Сліпозір. Ви отримуєте сліпозір на 10 футів.\n\nТуман війни. МС для набуття невидимості під час дії «Сховатися» дорівнює 15 замість 20.
h1db10ba1g91aagc5a2g2acbg5853ba104450	MORFOLOGIK_RULE_UK_UA	Можлива механічна помилка	драконич	Знайдено потенційну орфографічну помилку.	дракони, драконив, драконих, дракониш, дракон ич	Необхідна умова: драконич\n\nУ гніві ви випромінюєте загрозу.\n\nВи отримуєте одне додаткове застосування Дихальної зброї.\n\nВи можете витратити застосування Дихальної зброї, щоб заревіти. Кожна вибрана вами істота в межах 30 футів повинна виконати кидок протидії мудрістю. У разі невдачі ціль боїться вас протягом 1 хвилини.
h5029006cg1d84g898agfbf2g6cbc772fdf9b	MORFOLOGIK_RULE_UK_UA	Можлива механічна помилка	Ксанатара	Знайдено потенційну орфографічну помилку.	Санітара, Кантара, Санатора	Довідник Ксанатара про все
ha022bdf2g8459g8f09g9f3eg1fb7dd37302a	MORFOLOGIK_RULE_UK_UA	Можлива механічна помилка	Ксанатара	Знайдено потенційну орфографічну помилку.	Санітара, Кантара, Санатора	Довідник Ксанатара про все
h9034c86agb8d7g13ffge863g1561ec6ea096	MORFOLOGIK_RULE_UK_UA	Можлива механічна помилка	драконич	Знайдено потенційну орфографічну помилку.	дракони, драконив, драконих, дракониш, дракон ич	Необхідна умова: драконич\n\nУ вас виростають луска й кігті, подібні до ознак драконячих предків.\n\nВаша луска твердішає. Коли ви не носите обладунків, ваш РЗ дорівнює 13 + модифікатор спритності. Щит не позбавляє вас цієї переваги.\n\nНа кінчиках пальців виростають висувні кігті. Випустити або сховати їх можна без дії. Кігті є природною зброєю для ударів голіруч. Влучивши таким ударом, ви завдаєте додатково 1d4 рубальної шкоди.
h9034c86agb8d7g13ffge863g1561ec6ea096	MORFOLOGIK_RULE_UK_UA	Можлива механічна помилка	РЗ	Знайдено потенційну орфографічну помилку.	З, ІЗ, РАЗ, РФ, ВЗ, РБ, ПЗ, РП	Необхідна умова: драконич\n\nУ вас виростають луска й кігті, подібні до ознак драконячих предків.\n\nВаша луска твердішає. Коли ви не носите обладунків, ваш РЗ дорівнює 13 + модифікатор спритності. Щит не позбавляє вас цієї переваги.\n\nНа кінчиках пальців виростають висувні кігті. Випустити або сховати їх можна без дії. Кігті є природною зброєю для ударів голіруч. Влучивши таким ударом, ви завдаєте додатково 1d4 рубальної шкоди.
hb434eaecg1425g3722gfd51g5065b8b2a915	MORFOLOGIK_RULE_UK_UA	Можлива механічна помилка	РЗ	Знайдено потенційну орфографічну помилку.	З, ІЗ, РАЗ, РФ, ВЗ, РБ, ПЗ, РП	Ваша луска твердне. Поки ви не носите обладунків, ваш РЗ дорівнює 13 + ваш модифікатор спритності. Щит не позбавляє вас цієї переваги.\n\nНа кінчиках ваших пальців виростають висувні кігті. Випускати чи ховати їх можна без дії. Кігті є природною зброєю, якою ви можете виконувати удари голіруч. Влучивши таким ударом, ви додатково завдаєте 1d4 рубальної шкоди.
h2f58c2a0g1fd8gcbc6g65e4g15015618e4f6	MORFOLOGIK_RULE_UK_UA	Можлива механічна помилка	Карлицька	Знайдено потенційну орфографічну помилку.	Католицька, Галицька, Карлика, Балицька, Зарицька, Кагарлицька, Карвацька, Керницька	Риса: Карлицька стійкість
h399266afg5858g5079g1067g6fd5b17e38ef	MORFOLOGIK_RULE_UK_UA	Можлива механічна помилка	Карлицька	Знайдено потенційну орфографічну помилку.	Католицька, Галицька, Карлика, Балицька, Зарицька, Кагарлицька, Карвацька, Керницька	Карлицька стійкість
h5d6d057fg00c7g16f2g3e29g4815f812225a	MORFOLOGIK_RULE_UK_UA	Можлива механічна помилка	карлицьких	Знайдено потенційну орфографічну помилку.	карлиць ких	Необхідна умова: карлик\n\nУ ваших жилах тече кров карлицьких героїв.\n\nКоли в бою ви виконуєте дію «Ухилення», то можете витратити одну кістку здоров’я, щоб зцілитися. Киньте її, додайте свій модифікатор статури й відновіть очки здоров’я в кількості, що дорівнює сумі (щонайменше 1 очко здоров’я).
h9f87a9d2g9d12g4c2cg64e6g15737cbc6441	MORFOLOGIK_RULE_UK_UA	Можлива механічна помилка	Флеґетосу	Знайдено потенційну орфографічну помилку.	Флейтову, Флешето, Флешетою, Флешету	Риса: Полум’я Флеґетосу
h39fb369dg4fccg4963gd303g8b939bce8d8f	MORFOLOGIK_RULE_UK_UA	Можлива механічна помилка	Флеґетосу	Знайдено потенційну орфографічну помилку.	Флейтову, Флешето, Флешетою, Флешету	Полум’я Флеґетосу
hb537b09ag83a8g4f18gf705gc5ec2b658965	MORFOLOGIK_RULE_UK_UA	Можлива механічна помилка	Флеґетосу	Знайдено потенційну орфографічну помилку.	Флейтову, Флешето, Флешетою, Флешету	Полум’я Флеґетосу
h3502d470g3a45gf7d7g2d8dgb6979a6b5440	MORFOLOGIK_RULE_UK_UA	Можлива механічна помилка	Флеґетосу	Знайдено потенційну орфографічну помилку.	Флейтову, Флешето, Флешетою, Флешету	Полум’я Флеґетосу
hc93c8d09ge62bg58d1g07dcgb03858e06604	MORFOLOGIK_RULE_UK_UA	Можлива механічна помилка	бісин	Знайдено потенційну орфографічну помилку.	біси, Бідин, Білин, бусин, бісив, бісик, бісина, бісине	Необхідна умова: бісин\n\nВи вчитеся підкоряти пекельний вогонь своїй волі.\n\nКоли ви кидаєте кістки вогняної шкоди проказаного закляття, то можете перекинути кожну 1.\n\nЩоразу, коли ви проказуєте закляття з вогняною шкодою, можете оповити себе полум’ям до кінця наступного ходу. Поки воно палає, кожна істота, що влучає у вас атакою ближнього бою, зазнає 1d4 вогняної шкоди.
h303c0002gfd86g7697g4741ge4ae9b93c916	MORFOLOGIK_RULE_UK_UA	Можлива механічна помилка	бісин	Знайдено потенційну орфографічну помилку.	біси, Бідин, Білин, бусин, бісив, бісик, бісина, бісине	Необхідна умова: бісин\n\nУ ваших жилах вирує кров нечистих, даруючи стійкість, властиву деяким із них.\n\nВи маєте опір до холодової шкоди та шкоди отрутою.\nВи маєте перевагу в кидках протидії отруєнню.
he3cdc39cg8e39gb2e3gc628g38d8698d6dfb	MORFOLOGIK_RULE_UK_UA	Можлива механічна помилка	Оркська	Знайдено потенційну орфографічну помилку.	Ориська, Орська, Йоркська, Орокська	Риса: Оркська лють
h09b6e651g8c58gb250g73d8gf855f2d9b768	MORFOLOGIK_RULE_UK_UA	Можлива механічна помилка	Оркська	Знайдено потенційну орфографічну помилку.	Ориська, Орська, Йоркська, Орокська	Оркська лють
h505c9691gb92dg0066g1bd8gee8dbadfa730	MORFOLOGIK_RULE_UK_UA	Можлива механічна помилка	напіворк	Знайдено потенційну орфографічну помилку.	напів орк	"Необхідна умова: напіворк\n\nКоли ви завдаєте <LSTag Tooltip=""CriticalHit"">критичного влучання</LSTag> атакою зброєю ближнього бою, то кидаєте одну додаткову кістку шкоди зброї."
h12be78fcg4014gf53egdd87g0988b8262c10	MORFOLOGIK_RULE_UK_UA	Можлива механічна помилка	інвокацію	Знайдено потенційну орфографічну помилку.	інтонацію, інновацію, адвокацію, конвокацію, ревокацію, інволюцію, індикацію, індосацію	Вивчаючи окультні знання, ви опановуєте одну Древню інвокацію чаклуна на свій вибір. Якщо вона має будь-яку необхідну умову, ви можете вибрати її лише як чаклун, що відповідає цій умові.
hc21b0d36g2755g50e6ge494g02f450138ec2	MORFOLOGIK_RULE_UK_UA	Можлива механічна помилка	Ташиний	Знайдено потенційну орфографічну помилку.	Пташиний, Ташиним, Тайний	Ташиний котел усього
hce732cf1g4e06ge110g8d34g08c428a3b974	MORFOLOGIK_RULE_UK_UA	Можлива механічна помилка	Ташиний	Знайдено потенційну орфографічну помилку.	Пташиний, Ташиним, Тайний	Ташиний котел усього
h0d2663e7ga6eag1b82g8e4bg4351babc6226	UK_ADJ_NOUN_INFLECTION_AGREEMENT	Інше	Посвячений Культу	"Потенційна помилка: прикметник не узгоджений з іменником: ""Посвячений"": [ч.р.: називний, знахідний (неіст.), кличний] і ""Культу"": [ч.р.: родовий, давальний]"	Посвячений культ, посвяченого Культу, посвяченому Культу	Риса походження: Посвячений Культу Дракона
h5648b3eag0325g46d8g5cd1g0463117aab6a	COMMA_PARENTHESIS_WHITESPACE	Оформлення	 .	Не ставте пробіл перед крапкою.	.	"Жах дракона. Магічною дією ви вселяєте жах у видиму істоту в межах 30 футів. Ціль має успішно виконати кидок протидії мудрістю, інакше набуває стану переляку до кінця вашого наступного ходу.\n\nНатхнення страхом. Коли через вас істота набуває стану переляку, ви отримуєте <LSTag Type=""Status"" Tooltip=""HEROIC_INSPIRATION_TEMP"">Героїчне натхнення</LSTag>. Скориставшись цією перевагою, ви не зможете застосувати її знову до завершення короткого чи довгого відпочинку."
h07d286f6gc9ceg419dgb13dg7480d479c810	MORFOLOGIK_RULE_UK_UA	Можлива механічна помилка	Фаеруну	Знайдено потенційну орфографічну помилку.	Фауну, Феруму, Аруну, Геруну, Деруну, Камеруну, Перуну, Фарину	Забуті Королівства: Герої Фаеруну: Риси походження
hab576294g3e47gcbbeg44c0g9dc38a2a3ab6	MORFOLOGIK_RULE_UK_UA	Можлива механічна помилка	Фаеруну	Знайдено потенційну орфографічну помилку.	Фауну, Феруму, Аруну, Геруну, Деруну, Камеруну, Перуну, Фарину	Забуті Королівства: Герої Фаеруну
h131adc06g9cd1g7b27g9571g87157dc4b980	UK_ADJ_NOUN_INFLECTION_AGREEMENT	Інше	Посвячений Культу	"Потенційна помилка: прикметник не узгоджений з іменником: ""Посвячений"": [ч.р.: називний, знахідний (неіст.), кличний] і ""Культу"": [ч.р.: родовий, давальний]"	Посвячений культ, посвяченого Культу, посвяченому Культу	Посвячений Культу Дракона
h9a020e0cgf5c4g50b0g2c1eg4923fce674b6	UK_SIMPLE_REPLACE_SOFT	Інше	Відволікти	«Відволікти» — нерекомендоване слово, кращий варіант: відвернути, відірвати.	Відвернути, Відірвати	Гра на інструментах. Ви отримуєте володіння музичними інструментами.\n\nВідволікальна мелодія. Коли ви виконуєте дію «Відволікти», щоб допомогти союзникові з кидком атаки, ворог може перебувати в межах 30 футів від вас замість 5 футів, якщо бачить або чує вас.
h96873617g1939g4ab3g3ea5g0e3840510734	UK_SIMPLE_REPLACE_SOFT	Інше	Відволікти	«Відволікти» — нерекомендоване слово, кращий варіант: відвернути, відірвати.	Відвернути, Відірвати	Гра на інструментах. Ви отримуєте володіння музичними інструментами.\n\nВідволікальна мелодія. Коли ви виконуєте дію «Відволікти», щоб допомогти союзникові з кидком атаки, ворог може перебувати в межах 30 футів від вас замість 5 футів, якщо бачить або чує вас.
h6c140161ge881g7f60g8a89gbf47719d5f66	COMMA_PARENTHESIS_WHITESPACE	Оформлення	 .	Не ставте пробіл перед крапкою.	.	"Надихальний удар. Один раз за хід, коли ви завдаєте істоті критичного влучання, то отримуєте <LSTag Type=""Status"" Tooltip=""HEROIC_INSPIRATION_TEMP"">Героїчне натхнення</LSTag>.\n\nВідновлення честі. Коли видимий вам ворог завдає вам шкоди, ви маєте перевагу у своєму наступному кидку атаки проти нього до кінця свого наступного ходу."
hf2f81938g5ca0gb0eega680g3ec73dd11dd8	COMMA_PARENTHESIS_WHITESPACE	Оформлення	 .	Не ставте пробіл перед крапкою.	.	"Прохання. Ви отримуєте володіння навичкою <LSTag Type=""Skills"" Tooltip=""Persuasion"">Переконання</LSTag>.\n\nБойовий клич. Виберіть видимих вам істот у межах 30 футів від себе в кількості, що дорівнює вашому бонусу спеціалізації. Вони отримують героїчне натхнення. Після застосування цієї переваги ви не зможете скористатися нею знову до завершення довгого відпочинку."
h76a090b6gcb17g375dg822fgdf79bae4b00a	COMMA_PARENTHESIS_WHITESPACE	Оформлення	 .	Не ставте пробіл перед крапкою.	.	"Умовляння. Ви отримуєте володіння навичкою <LSTag Type=""Skills"" Tooltip=""Persuasion"">Переконання</LSTag>.\n\nЗгуртовувальний клич. Виберіть видимих вам істот у межах 30 футів у кількості, що дорівнює вашому бонусу спеціалізації. Вони отримують <LSTag Type=""Status"" Tooltip=""HEROIC_INSPIRATION_TEMP"">Героїчне натхнення</LSTag>. Скориставшись цією перевагою, ви не зможете застосувати її знову до завершення довгого відпочинку."
h76a090b6gcb17g375dg822fgdf79bae4b00a	MORFOLOGIK_RULE_UK_UA	Можлива механічна помилка	Згуртовувальний	Знайдено потенційну орфографічну помилку.	Загартовувальний	"Умовляння. Ви отримуєте володіння навичкою <LSTag Type=""Skills"" Tooltip=""Persuasion"">Переконання</LSTag>.\n\nЗгуртовувальний клич. Виберіть видимих вам істот у межах 30 футів у кількості, що дорівнює вашому бонусу спеціалізації. Вони отримують <LSTag Type=""Status"" Tooltip=""HEROIC_INSPIRATION_TEMP"">Героїчне натхнення</LSTag>. Скориставшись цією перевагою, ви не зможете застосувати її знову до завершення довгого відпочинку."
h76a090b6gcb17g375dg822fgdf79bae4b00a	COMMA_PARENTHESIS_WHITESPACE	Оформлення	 .	Не ставте пробіл перед крапкою.	.	"Умовляння. Ви отримуєте володіння навичкою <LSTag Type=""Skills"" Tooltip=""Persuasion"">Переконання</LSTag>.\n\nЗгуртовувальний клич. Виберіть видимих вам істот у межах 30 футів у кількості, що дорівнює вашому бонусу спеціалізації. Вони отримують <LSTag Type=""Status"" Tooltip=""HEROIC_INSPIRATION_TEMP"">Героїчне натхнення</LSTag>. Скориставшись цією перевагою, ви не зможете застосувати її знову до завершення довгого відпочинку."
h5084d2fcg51fdgc84dg02cfg9b81d8b498cd	COMMA_PARENTHESIS_WHITESPACE	Оформлення	 .	Не ставте пробіл перед крапкою.	.	"Виберіть видимих істот у межах 30 футів у кількості, що дорівнює вашому бонусу спеціалізації. Вони отримують <LSTag Type=""Status"" Tooltip=""HEROIC_INSPIRATION_TEMP"">Героїчне натхнення</LSTag>."
h37427b79gd475g84c7g03e9g66f300db641b	MORFOLOGIK_RULE_UK_UA	Можлива механічна помилка	чаровогню	Знайдено потенційну орфографічну помилку.	чаро вогню	Іскра чаровогню
hdefd07e9gac32g3227g03d6g27116876f808	MORFOLOGIK_RULE_UK_UA	Можлива механічна помилка	чаровогню	Знайдено потенційну орфографічну помилку.	чаро вогню	Поглинання магії. Один раз за хід, коли ви зазнаєте шкоди від закляття чи магічного ефекту, зменште загальну отриману шкоду на 1d4.\n\nПолум’я чаровогню. Ви вивчаєте замовляння «Священний вогонь». Крім того, ви можете проказати його вторинною дією кількість разів, що дорівнює вашому бонусу спеціалізації. Усі витрачені застосування відновлюються після довгого відпочинку.
hd178e099gb659g6341ga121g62c3fe95197b	MORFOLOGIK_RULE_UK_UA	Можлива механічна помилка	чаровогню	Знайдено потенційну орфографічну помилку.	чаро вогню	Риса походження: Іскра чаровогню
h5b07f997g2114g17b3gd384gcaa505b50750	MORFOLOGIK_RULE_UK_UA	Можлива механічна помилка	чаровогню	Знайдено потенційну орфографічну помилку.	чаро вогню	Поглинання магії. Один раз за хід, коли ви зазнаєте шкоди від закляття чи магічного ефекту, зменште загальну отриману шкоду на 1d4.\n\nПолум’я чаровогню. Ви вивчаєте замовляння «Священний вогонь». Крім того, ви можете проказати його вторинною дією кількість разів, що дорівнює вашому бонусу спеціалізації. Усі витрачені застосування відновлюються після довгого відпочинку.
h7a0876d7g8491g0bbeg8ee3g09ef60d525a6	MORFOLOGIK_RULE_UK_UA	Можлива механічна помилка	чаровогню	Знайдено потенційну орфографічну помилку.	чаро вогню	Полум’я чаровогню
h892adbd2g77e7g3445g2923gacaeb87d4b31	MORFOLOGIK_RULE_UK_UA	Можлива механічна помилка	Зентаримський	Знайдено потенційну орфографічну помилку.	Антиримський	Зентаримський головоріз
hc035112fg126ag11d6gfb7dg336a2c68d5d8	MORFOLOGIK_RULE_UK_UA	Можлива механічна помилка	Зентаримський	Знайдено потенційну орфографічну помилку.	Антиримський	Риса походження: Зентаримський головоріз
h196d3642g2b8eg0c5ag525dg06fde33550c2	UK_ADJ_NOUN_INFLECTION_AGREEMENT	Інше	Обдарований Роки	"Потенційна помилка: прикметник не узгоджений з іменником: ""Обдарований"": [ч.р.: називний, знахідний (неіст.), кличний] і ""Роки"": [мн.: називний, знахідний]"	обдаровані Роки	Риса: Обдарований\n\nРоки становлення ви провели в скрипторії, монастирі, присвяченому збереженню знань, або державній установі. Там ви виробили чіткий почерк і навчилися складати вишукані тексти. Можливо, ви переписували урядові документи чи літературні фоліанти, а також маєте хист до поезії, прози або наукових праць. Передусім ви надзвичайно уважні до подробиць, тому рідко припускаєтеся помилок у документах, які переписуєте чи створюєте.
he12b9f94g6f02gff63gc972g8305903353f4	MORFOLOGIK_RULE_UK_UA	Можлива механічна помилка	Чондатанський	Знайдено потенційну орфографічну помилку.	Андаманський, Гондванський, Комбатанський, Молдаванський, Фонтанський	Чондатанський флібустьєр
he504b2a7g6a08gdabfgb8a9g1df72a68f86c	MORFOLOGIK_RULE_UK_UA	Можлива механічна помилка	Чондату	Знайдено потенційну орфографічну помилку.	Мандату, Солдату, Сонату, Кондрату, Чонгару, Жонату, Зондажу, Йодату	Риса: Обдарований\n\nБільшість юнаків Чондату покірно відбуває чотири роки обов’язкової військової служби, але вас обурила ця владна спроба розпоряджатися вашим життям. Ви зреклися підданства й даного при народженні імені та найнялися флібустьєром на перше судно, що погодилося вас узяти. Відтоді ви мандруєте Вілгонським краєм. Хоч ви й не відпливали від суходолу далі ніж на кілька десятків ліг, зате маєте широке коло місцевих знайомств і неабиякий життєвий досвід.
he504b2a7g6a08gdabfgb8a9g1df72a68f86c	MORFOLOGIK_RULE_UK_UA	Можлива механічна помилка	Вілгонським	Знайдено потенційну орфографічну помилку.	Волконським, Віконським, Валлонським, Віленським, Вілінським, Віргінським	Риса: Обдарований\n\nБільшість юнаків Чондату покірно відбуває чотири роки обов’язкової військової служби, але вас обурила ця владна спроба розпоряджатися вашим життям. Ви зреклися підданства й даного при народженні імені та найнялися флібустьєром на перше судно, що погодилося вас узяти. Відтоді ви мандруєте Вілгонським краєм. Хоч ви й не відпливали від суходолу далі ніж на кілька десятків ліг, зате маєте широке коло місцевих знайомств і неабиякий життєвий досвід.
h0026be6dg10c9g0f95gcab2g7474991939fb	MORFOLOGIK_RULE_UK_UA	Можлива механічна помилка	Анаурох	Знайдено потенційну орфографічну помилку.	Анаероб	Риса: Цілитель\n\nЗони мертвої магії в пустелі Анаурох згубні для заклиначів і чудовиськ, що покладаються на магію, — саме тому ви там оселилися. Можливо, ви переховуєтеся від Червоних чарівників або перейшли дорогу могутньому джинові в Калімшані. Хай там як, життя в Анауроху було найкращим із доступних варіантів. За довгі місяці чи роки ви стали сильнішими й мудрішими та важкою працею здобули знання пустельної медицини й виживання на пустищах.
h0026be6dg10c9g0f95gcab2g7474991939fb	MORFOLOGIK_RULE_UK_UA	Можлива механічна помилка	Калімшані	Знайдено потенційну орфографічну помилку.	Кальмані	Риса: Цілитель\n\nЗони мертвої магії в пустелі Анаурох згубні для заклиначів і чудовиськ, що покладаються на магію, — саме тому ви там оселилися. Можливо, ви переховуєтеся від Червоних чарівників або перейшли дорогу могутньому джинові в Калімшані. Хай там як, життя в Анауроху було найкращим із доступних варіантів. За довгі місяці чи роки ви стали сильнішими й мудрішими та важкою працею здобули знання пустельної медицини й виживання на пустищах.
h0026be6dg10c9g0f95gcab2g7474991939fb	MORFOLOGIK_RULE_UK_UA	Можлива механічна помилка	Анауроху	Знайдено потенційну орфографічну помилку.	Анаеробу	Риса: Цілитель\n\nЗони мертвої магії в пустелі Анаурох згубні для заклиначів і чудовиськ, що покладаються на магію, — саме тому ви там оселилися. Можливо, ви переховуєтеся від Червоних чарівників або перейшли дорогу могутньому джинові в Калімшані. Хай там як, життя в Анауроху було найкращим із доступних варіантів. За довгі місяці чи роки ви стали сильнішими й мудрішими та важкою працею здобули знання пустельної медицини й виживання на пустищах.
h0bf7e770g96a0g3f97g6ab1g8d7f9041630c	MORFOLOGIK_RULE_UK_UA	Можлива механічна помилка	Культист	Знайдено потенційну орфографічну помилку.	Окультист	Культист Дракона
h9ce67cb6ga5b0ga13bg7785g0b5aae8510f3	UK_ADJ_NOUN_INFLECTION_AGREEMENT	Інше	Посвячений Культу	"Потенційна помилка: прикметник не узгоджений з іменником: ""Посвячений"": [ч.р.: називний, знахідний (неіст.), кличний] і ""Культу"": [ч.р.: родовий, давальний]"	Посвячений культ, посвяченого Культу, посвяченому Культу	Риса: Посвячений Культу Дракона\n\nВи — посвячений Культу Дракона. Ви знайшли осередок культу або вас привели до нього, і там ви втілили чесноти, які шанують драконопоклонники: лукавство, потайність і рішучість. В обмін на присягу служити культові ви отримали товариство однодумців і доступ до засобів, що допомагають глибше пізнавати містику й окультизм.\n\nДраконячий жах. Магічною дією ви можете нажахати істоту, яку бачите в межах 30 футів від себе. Ціль повинна успішно виконати кидок протидії мудрістю, інакше набуде стану переляку до кінця вашого наступного ходу.\n\nНатхнення страхом. Коли через вас істота набуває стану переляку, ви отримуєте героїчне натхнення. Після застосування цієї переваги ви не зможете скористатися нею знову до завершення короткого або довгого відпочинку.
h9ce67cb6ga5b0ga13bg7785g0b5aae8510f3	UK_ADJ_NOUN_INFLECTION_AGREEMENT	Інше	посвячений Культу	"Потенційна помилка: прикметник не узгоджений з іменником: ""посвячений"": [ч.р.: називний, знахідний (неіст.), кличний] і ""Культу"": [ч.р.: родовий, давальний]"	посвячений культ, посвяченого Культу, посвяченому Культу	Риса: Посвячений Культу Дракона\n\nВи — посвячений Культу Дракона. Ви знайшли осередок культу або вас привели до нього, і там ви втілили чесноти, які шанують драконопоклонники: лукавство, потайність і рішучість. В обмін на присягу служити культові ви отримали товариство однодумців і доступ до засобів, що допомагають глибше пізнавати містику й окультизм.\n\nДраконячий жах. Магічною дією ви можете нажахати істоту, яку бачите в межах 30 футів від себе. Ціль повинна успішно виконати кидок протидії мудрістю, інакше набуде стану переляку до кінця вашого наступного ходу.\n\nНатхнення страхом. Коли через вас істота набуває стану переляку, ви отримуєте героїчне натхнення. Після застосування цієї переваги ви не зможете скористатися нею знову до завершення короткого або довгого відпочинку.
h9ce67cb6ga5b0ga13bg7785g0b5aae8510f3	MORFOLOGIK_RULE_UK_UA	Можлива механічна помилка	драконопоклонники	Знайдено потенційну орфографічну помилку.		Риса: Посвячений Культу Дракона\n\nВи — посвячений Культу Дракона. Ви знайшли осередок культу або вас привели до нього, і там ви втілили чесноти, які шанують драконопоклонники: лукавство, потайність і рішучість. В обмін на присягу служити культові ви отримали товариство однодумців і доступ до засобів, що допомагають глибше пізнавати містику й окультизм.\n\nДраконячий жах. Магічною дією ви можете нажахати істоту, яку бачите в межах 30 футів від себе. Ціль повинна успішно виконати кидок протидії мудрістю, інакше набуде стану переляку до кінця вашого наступного ходу.\n\nНатхнення страхом. Коли через вас істота набуває стану переляку, ви отримуєте героїчне натхнення. Після застосування цієї переваги ви не зможете скористатися нею знову до завершення короткого або довгого відпочинку.
he09a0c77g31aeg7362g892bg7bdd827aa73e	MORFOLOGIK_RULE_UK_UA	Можлива механічна помилка	Балдура	Знайдено потенційну орфографічну помилку.	Бандура	Риса: Гартований\n\nГоловна правоохоронна сила Брами Балдура — «Полум’яний кулак», могутня гільдія найманців під проводом великого герцога міста. Колись ви служили в її лавах і навчилися відвертати лихо одним грізним поглядом, а за потреби — витримувати смертоносні удари. Чинні й колишні найманці «Полум’яного кулака» відомі як одні з найвитриваліших воїнів Узбережжя Мечів, і ви прагнете бути гідними цієї слави.
h44bec492ga13fg76e5gfab8g3f1ba78481ca	MORFOLOGIK_RULE_UK_UA	Можлива механічна помилка	Калімшаном	Знайдено потенційну орфографічну помилку.	Кальманом	Риса: Магічний хист: чарівник\n\nХоча джини більше не правлять Калімшаном, на вашій батьківщині й досі поширена їхня магія. Можливо, ви ненароком викликали джина з чарівної лампи або натрапили на оазу під охороною марида. Можливо, дао врятував вас від зсуву, а може, ви уклали угоду з іфритом заради швидкоплинного багатства. Хоч би як ваша доля перетнулася з долею джина, ця зустріч подарувала вам гостре око, красномовство й неабияку частку магії.
h44bec492ga13fg76e5gfab8g3f1ba78481ca	MORFOLOGIK_RULE_UK_UA	Можлива механічна помилка	марида	Знайдено потенційну орфографічну помилку.	Марина, марина, Мадрида, Марича, марива, марила, марища, маруда	Риса: Магічний хист: чарівник\n\nХоча джини більше не правлять Калімшаном, на вашій батьківщині й досі поширена їхня магія. Можливо, ви ненароком викликали джина з чарівної лампи або натрапили на оазу під охороною марида. Можливо, дао врятував вас від зсуву, а може, ви уклали угоду з іфритом заради швидкоплинного багатства. Хоч би як ваша доля перетнулася з долею джина, ця зустріч подарувала вам гостре око, красномовство й неабияку частку магії.
h44bec492ga13fg76e5gfab8g3f1ba78481ca	MORFOLOGIK_RULE_UK_UA	Можлива механічна помилка	іфритом	Знайдено потенційну орфографічну помилку.	івритом, іпритом, іритом	Риса: Магічний хист: чарівник\n\nХоча джини більше не правлять Калімшаном, на вашій батьківщині й досі поширена їхня магія. Можливо, ви ненароком викликали джина з чарівної лампи або натрапили на оазу під охороною марида. Можливо, дао врятував вас від зсуву, а може, ви уклали угоду з іфритом заради швидкоплинного багатства. Хоч би як ваша доля перетнулася з долею джина, ця зустріч подарувала вам гостре око, красномовство й неабияку частку магії.
he00a4a5dg14ebg9a5cg87e7ga940f48f405e	UK_SIMPLE_REPLACE_SOFT	Інше	Відволікти	«Відволікти» — нерекомендоване слово, кращий варіант: відвернути, відірвати.	Відвернути, Відірвати	Риса: Агент Арфістів\n\nВи прийняли запрошення вступити до Арфістів, присягнувши дотримуватися їхнього кодексу й служити спільному благу. Як і всі Арфісти, ви розумієте цінність командної роботи та знаєте, коли краще діяти самотужки. Ветерани відкрили вам таємниці ордену — магічні мелодії, особливі паролі й хитромудрі трюки — та доручили застосовувати ці знання для стеження за силами зла й підриву їхніх планів.\n\nГра на інструментах. Ви отримуєте володіння музичними інструментами.\n\nВідволікальна мелодія. Коли ви виконуєте дію «Відволікти», щоб допомогти союзникові з кидком атаки, ворог може перебувати в межах 30 футів від вас замість 5 футів, якщо бачить або чує вас.
h0326e7b1g8c73g586agce87gedf968fe63ea	MORFOLOGIK_RULE_UK_UA	Можлива механічна помилка	Десятимістя	Знайдено потенційну орфографічну помилку.	Десятиліття, Десятимісна, Десятимісне, Десятимісну, Десятимісні	Риса: Пильність\n\nВи походите зі славетного роду підлідних рибалок із Десятимістя в Долині Крижаного Вітру. Ловити лобату форель — не найпочесніше заняття на Півночі, зате чесне. Ви навчилися відчувати найменший рух волосіні, витягали величезних риб з укритих кригою озер і випатрали стільки форелі, що нею можна було б не раз нагодувати все селище. Цей досвід загартував ваше тіло й дух для життя шукача пригод.\n\nСтояти разом. Коли союзник у межах 5 футів від вас зазнає ефекту, що має штовхнути або притягнути його, ви можете застосувати реагування, щоб завадити цьому переміщенню. Союзник не повинен перебувати в стані недієздатності.
hc3c055e8g4d69gee62gad8cg75de8ea0fec1	MORFOLOGIK_RULE_UK_UA	Можлива механічна помилка	Фаеруні	Знайдено потенційну орфографічну помилку.	Фауні, Аруні, Геруні, Даруні, Деруні, Камеруні, Маруні, Перуні	Риса: Неофіт Рукавиці\n\nНе всі, хто відгукнувся на поклик вищої сили, ладні вдовольнятися вивченням писань у задушливій храмовій апсиді. Вступивши до Ордену Рукавиці, ви обрали шлях святого воїна. Як лицар Рукавиці, ви праведно зневажаєте сили зла, непохитно підтримуєте побратимів і щиро співчуваєте жертвам війни. Зі зброєю та святим символом у руках ви заприсяглися не спочивати, доки світло справедливості не здолає тінь хаосу в усьому Фаеруні.
hfabda183g7436g881egc8e9gf6ec8a6a8cb3	MORFOLOGIK_RULE_UK_UA	Можлива механічна помилка	вотердіпського	Знайдено потенційну орфографічну помилку.	вердівського	Риса: Агент Альянсу лордів\n\nВи присягнули на вірність одному з міст Альянсу лордів. Як агент Альянсу ви мусите дотримуватися його засад і зміцнювати безпеку та добробут Узбережжя Мечів. Ви заприсяглися принести честь і славу дому свого лорда — чи то охороняючи торгові шляхи вотердіпського купця-лорда, чи то винищуючи чудовиськ вище за течією від Дагерфорда. Ви опанували фехтування й державне ремесло, тож однаково вправно володієте клинком і пером.\n\nНадихальний удар. Один раз за хід, коли ви завдаєте істоті критичного влучання, ви отримуєте героїчне натхнення.\n\nВідновлення честі. Коли видимий вам ворог завдає вам шкоди, ви отримуєте перевагу у своєму наступному кидку атаки проти нього до кінця свого наступного ходу.
hfabda183g7436g881egc8e9gf6ec8a6a8cb3	MORFOLOGIK_RULE_UK_UA	Можлива механічна помилка	Дагерфорда	Знайдено потенційну орфографічну помилку.	Дагер форда	Риса: Агент Альянсу лордів\n\nВи присягнули на вірність одному з міст Альянсу лордів. Як агент Альянсу ви мусите дотримуватися його засад і зміцнювати безпеку та добробут Узбережжя Мечів. Ви заприсяглися принести честь і славу дому свого лорда — чи то охороняючи торгові шляхи вотердіпського купця-лорда, чи то винищуючи чудовиськ вище за течією від Дагерфорда. Ви опанували фехтування й державне ремесло, тож однаково вправно володієте клинком і пером.\n\nНадихальний удар. Один раз за хід, коли ви завдаєте істоті критичного влучання, ви отримуєте героїчне натхнення.\n\nВідновлення честі. Коли видимий вам ворог завдає вам шкоди, ви отримуєте перевагу у своєму наступному кидку атаки проти нього до кінця свого наступного ходу.
h38b188b6g2fc2g8138g725agd0f6fbca254c	MORFOLOGIK_RULE_UK_UA	Можлива механічна помилка	Мунша	Знайдено потенційну орфографічну помилку.	Менша, Мукша, Муна, Мунка, Мунда, Мун ша	Риса: Магічний хист: друїд\n\nЯк і багато уродженців островів Мунша, ви змалку шанували благословенну землю, її самобутніх богів і таємничі святилища — місячні криниці. Ставши прочанином місячних криниць, ви вирушили відвідати кожну з них і поспілкуватися з її силами — позначену на мапі чи приховану від світу. У цих мальовничих мандрах ви зібрали чимало муншайських народних пісень, змалювали безліч чарівних краєвидів і навіть навчилися володіти дещицею первісної магії.
h38b188b6g2fc2g8138g725agd0f6fbca254c	MORFOLOGIK_RULE_UK_UA	Можлива механічна помилка	муншайських	Знайдено потенційну орфографічну помилку.	дунайських, мумбайських	Риса: Магічний хист: друїд\n\nЯк і багато уродженців островів Мунша, ви змалку шанували благословенну землю, її самобутніх богів і таємничі святилища — місячні криниці. Ставши прочанином місячних криниць, ви вирушили відвідати кожну з них і поспілкуватися з її силами — позначену на мапі чи приховану від світу. У цих мальовничих мандрах ви зібрали чимало муншайських народних пісень, змалювали безліч чарівних краєвидів і навіть навчилися володіти дещицею первісної магії.
h2b4ab32dg3157gd5f2g6219g187c4cdef9f7	MORFOLOGIK_RULE_UK_UA	Можлива механічна помилка	Мулхорандський	Знайдено потенційну орфографічну помилку.		Мулхорандський розкрадач гробниць
h96aa51dag6fb2gf3a9g321fged3d699fde79	MORFOLOGIK_RULE_UK_UA	Можлива механічна помилка	Мулгоранд	Знайдено потенційну орфографічну помилку.	Милорад, Мілорад, Меліорант	Риса: Удача\n\nВи виросли в країні живих царів-богів і змалку чули незліченні оповіді про стародавні імперії та поховані міста. У них Мулгоранд поставав краєм забутих багатств — безцінних скарбів, що чекають на досить хитрих і відважних шукачів. Ви взялися досліджувати склепи, гробниці й піраміди батьківщини, щоб повернути реліквії свого народу.
h96aa51dag6fb2gf3a9g321fged3d699fde79	UK_SIMPLE_REPLACE	Інше	безцінних	«безцінних» - помилкове слово, виправлення: неоціненний.	неоціненний	Риса: Удача\n\nВи виросли в країні живих царів-богів і змалку чули незліченні оповіді про стародавні імперії та поховані міста. У них Мулгоранд поставав краєм забутих багатств — безцінних скарбів, що чекають на досить хитрих і відважних шукачів. Ви взялися досліджувати склепи, гробниці й піраміди батьківщини, щоб повернути реліквії свого народу.
h21f658cdg376fg2dd1gdeaeg3ea987213e26	UK_SIMPLE_REPLACE	Інше	Хранитель	«Хранитель» - помилкове слово, виправлення: хоронитель, охоронець.	Хоронитель, Охоронець	Хранитель міфалю
h21f658cdg376fg2dd1gdeaeg3ea987213e26	MORFOLOGIK_RULE_UK_UA	Можлива механічна помилка	міфалю	Знайдено потенційну орфографічну помилку.	Міхалю	Хранитель міфалю
hc52cd33bg7738g4b5eg085dgfcbe54464a64	MORFOLOGIK_RULE_UK_UA	Можлива механічна помилка	Міфали	Знайдено потенційну орфографічну помилку.	Міфами, Мішали, Мі фали	Риса: Удача\n\nМіфали — джерела величезної магічної сили, здатні змінювати Плетіння й навіть саму природу реальності. Більшість із них створили в давнину, а згодом чимало пошкодили або вони згасли. Як хранитель міфалів із Долинних земель, ви, найімовірніше, вперше зустріли міфал серед руїн Міф-Драннора. Ви мандруєте Фаеруном у пошуках інших зруйнованих осередків сили, сподіваючись більше дізнатися про історію й могутність міфалів або навіть відновити один із пошкоджених.
hc52cd33bg7738g4b5eg085dgfcbe54464a64	UK_SIMPLE_REPLACE	Інше	хранитель	«хранитель» - помилкове слово, виправлення: хоронитель, охоронець.	хоронитель, охоронець	Риса: Удача\n\nМіфали — джерела величезної магічної сили, здатні змінювати Плетіння й навіть саму природу реальності. Більшість із них створили в давнину, а згодом чимало пошкодили або вони згасли. Як хранитель міфалів із Долинних земель, ви, найімовірніше, вперше зустріли міфал серед руїн Міф-Драннора. Ви мандруєте Фаеруном у пошуках інших зруйнованих осередків сили, сподіваючись більше дізнатися про історію й могутність міфалів або навіть відновити один із пошкоджених.
hc52cd33bg7738g4b5eg085dgfcbe54464a64	MORFOLOGIK_RULE_UK_UA	Можлива механічна помилка	міфалів	Знайдено потенційну орфографічну помилку.	мі фалів	Риса: Удача\n\nМіфали — джерела величезної магічної сили, здатні змінювати Плетіння й навіть саму природу реальності. Більшість із них створили в давнину, а згодом чимало пошкодили або вони згасли. Як хранитель міфалів із Долинних земель, ви, найімовірніше, вперше зустріли міфал серед руїн Міф-Драннора. Ви мандруєте Фаеруном у пошуках інших зруйнованих осередків сили, сподіваючись більше дізнатися про історію й могутність міфалів або навіть відновити один із пошкоджених.
hc52cd33bg7738g4b5eg085dgfcbe54464a64	MORFOLOGIK_RULE_UK_UA	Можлива механічна помилка	міфал	Знайдено потенційну орфографічну помилку.	Міхал, міфах, міфам, мі фал	Риса: Удача\n\nМіфали — джерела величезної магічної сили, здатні змінювати Плетіння й навіть саму природу реальності. Більшість із них створили в давнину, а згодом чимало пошкодили або вони згасли. Як хранитель міфалів із Долинних земель, ви, найімовірніше, вперше зустріли міфал серед руїн Міф-Драннора. Ви мандруєте Фаеруном у пошуках інших зруйнованих осередків сили, сподіваючись більше дізнатися про історію й могутність міфалів або навіть відновити один із пошкоджених.
hc52cd33bg7738g4b5eg085dgfcbe54464a64	MORFOLOGIK_RULE_UK_UA	Можлива механічна помилка	Міф-Драннора	Знайдено потенційну орфографічну помилку.		Риса: Удача\n\nМіфали — джерела величезної магічної сили, здатні змінювати Плетіння й навіть саму природу реальності. Більшість із них створили в давнину, а згодом чимало пошкодили або вони згасли. Як хранитель міфалів із Долинних земель, ви, найімовірніше, вперше зустріли міфал серед руїн Міф-Драннора. Ви мандруєте Фаеруном у пошуках інших зруйнованих осередків сили, сподіваючись більше дізнатися про історію й могутність міфалів або навіть відновити один із пошкоджених.
hc52cd33bg7738g4b5eg085dgfcbe54464a64	MORFOLOGIK_RULE_UK_UA	Можлива механічна помилка	Фаеруном	Знайдено потенційну орфографічну помилку.	Аруном, Геруном, Деруном, Камеруном, Перуном, Фаруком, Федуном, Фесуном	Риса: Удача\n\nМіфали — джерела величезної магічної сили, здатні змінювати Плетіння й навіть саму природу реальності. Більшість із них створили в давнину, а згодом чимало пошкодили або вони згасли. Як хранитель міфалів із Долинних земель, ви, найімовірніше, вперше зустріли міфал серед руїн Міф-Драннора. Ви мандруєте Фаеруном у пошуках інших зруйнованих осередків сили, сподіваючись більше дізнатися про історію й могутність міфалів або навіть відновити один із пошкоджених.
hc52cd33bg7738g4b5eg085dgfcbe54464a64	MORFOLOGIK_RULE_UK_UA	Можлива механічна помилка	міфалів	Знайдено потенційну орфографічну помилку.	мі фалів	Риса: Удача\n\nМіфали — джерела величезної магічної сили, здатні змінювати Плетіння й навіть саму природу реальності. Більшість із них створили в давнину, а згодом чимало пошкодили або вони згасли. Як хранитель міфалів із Долинних земель, ви, найімовірніше, вперше зустріли міфал серед руїн Міф-Драннора. Ви мандруєте Фаеруном у пошуках інших зруйнованих осередків сили, сподіваючись більше дізнатися про історію й могутність міфалів або навіть відновити один із пошкоджених.
h07cec1a0g7220ge9ebg9676gffd755fa50d0	MORFOLOGIK_RULE_UK_UA	Можлива механічна помилка	Корміру	Знайдено потенційну орфографічну помилку.	Ковміру, Коміру	"Риса: Тура Пурпурного Дракона\n\nВи присвятили життя безпеці Корміру й прагнете вступити до ордену його добірних воїнів — Лицарів Пурпурного Дракона. Та перш ніж офіційно долучитися до їхніх лав, ви мусите послужити лицарським зброєносцем. Ви знайшли зверхника, готового взяти вас на службу й навчити звичаїв ордену. Чи збережете ви вірність ідеалам слави, честі й сили та доведете, що гідні лицарського звання?\n\nПрохання. Ви отримуєте володіння навичкою <LSTag Type=""Skills"" Tooltip=""Persuasion"">Переконання</LSTag>.\n\nБойовий клич. Виберіть видимих вам істот у межах 30 футів від себе в кількості, що дорівнює вашому бонусу спеціалізації. Вони отримують героїчне натхнення. Після застосування цієї переваги ви не зможете скористатися нею знову до завершення довгого відпочинку."
h07cec1a0g7220ge9ebg9676gffd755fa50d0	COMMA_PARENTHESIS_WHITESPACE	Оформлення	 .	Не ставте пробіл перед крапкою.	.	"Риса: Тура Пурпурного Дракона\n\nВи присвятили життя безпеці Корміру й прагнете вступити до ордену його добірних воїнів — Лицарів Пурпурного Дракона. Та перш ніж офіційно долучитися до їхніх лав, ви мусите послужити лицарським зброєносцем. Ви знайшли зверхника, готового взяти вас на службу й навчити звичаїв ордену. Чи збережете ви вірність ідеалам слави, честі й сили та доведете, що гідні лицарського звання?\n\nПрохання. Ви отримуєте володіння навичкою <LSTag Type=""Skills"" Tooltip=""Persuasion"">Переконання</LSTag>.\n\nБойовий клич. Виберіть видимих вам істот у межах 30 футів від себе в кількості, що дорівнює вашому бонусу спеціалізації. Вони отримують героїчне натхнення. Після застосування цієї переваги ви не зможете скористатися нею знову до завершення довгого відпочинку."
h625450b8g42bdgc0cag5d94g932492b64ed0	MORFOLOGIK_RULE_UK_UA	Можлива механічна помилка	Рашеменський	Знайдено потенційну орфографічну помилку.	Раменський	Рашеменський мандрівник
h75277cafgfc31g7483g2ad8gfd91011a85cc	MORFOLOGIK_RULE_UK_UA	Можлива механічна помилка	Рашемену	Знайдено потенційну орфографічну помилку.	Рамену	Риса: Гартований\n\nРоками ви мандрували високогір’ям Рашемену — небезпечними вітряними пустищами, де стародавні зачаровані обеліски ув’язнюють нечистих, а поміж ними живуть дракони, гноли та інші смертоносні створіння. У такому відлюдному краї нелегко знайти друзів, тож ви навчилися не підпускати чужинців надто близько.
h75277cafgfc31g7483g2ad8gfd91011a85cc	MORFOLOGIK_RULE_UK_UA	Можлива механічна помилка	гноли	Знайдено потенційну орфографічну помилку.	голи, гнали, гноми, гнили, гноби, гноти, гноїли, гнули	Риса: Гартований\n\nРоками ви мандрували високогір’ям Рашемену — небезпечними вітряними пустищами, де стародавні зачаровані обеліски ув’язнюють нечистих, а поміж ними живуть дракони, гноли та інші смертоносні створіння. У такому відлюдному краї нелегко знайти друзів, тож ви навчилися не підпускати чужинців надто близько.
he15395feg34cbgfdbbgc738g75da56bca5d6	MORFOLOGIK_RULE_UK_UA	Можлива механічна помилка	Теском	Знайдено потенційну орфографічну помилку.	Тиском, Тестом, Тесом, Туском, Тезком, Терком, Тесаком, Теслом	Риса: Лютий нападник\n\nУсе життя ви готувалися вступити до Володарів тіней — таємничої гільдії злодіїв, яка нишком править Теском. Непомітність і швидкі рефлекси були лише початком навчання: вам також довелося плекати безжальність, щоб берегти таємниці гільдії. Та через один хибний крок вас вигнали з ордену. Тепер ви мусите торувати власний шлях.
hbefddbd1g977eg0ac2g94b5g9fadf9b4b0ba	MORFOLOGIK_RULE_UK_UA	Можлива механічна помилка	чаровогонь	Знайдено потенційну орфографічну помилку.	чаро вогонь	Посвячений у чаровогонь
he8c36bc0g70c8g1d48g6d88g25469ebb3fda	MORFOLOGIK_RULE_UK_UA	Можлива механічна помилка	чаровогню	Знайдено потенційну орфографічну помилку.	чаро вогню	Риса: Іскра чаровогню\n\nВи несете дар чаровогню — рідкісної магії, що спрямовує первісну силу Плетіння. Чаровогонь виснажує тіло, тому ви загартували тіло й розум, щоб вправно володіти цією священною силою.\n\nПоглинання магії. Один раз за хід, коли ви зазнаєте шкоди від закляття чи магічного ефекту, зменште загальну отриману шкоду на 1d4.\n\nПолум’я чаровогню. Ви вивчаєте замовляння «Священний вогонь». Крім того, ви можете проказати його вторинною дією кількість разів, що дорівнює вашому бонусу спеціалізації. Усі витрачені застосування відновлюються після довгого відпочинку.
he8c36bc0g70c8g1d48g6d88g25469ebb3fda	MORFOLOGIK_RULE_UK_UA	Можлива механічна помилка	чаровогню	Знайдено потенційну орфографічну помилку.	чаро вогню	Риса: Іскра чаровогню\n\nВи несете дар чаровогню — рідкісної магії, що спрямовує первісну силу Плетіння. Чаровогонь виснажує тіло, тому ви загартували тіло й розум, щоб вправно володіти цією священною силою.\n\nПоглинання магії. Один раз за хід, коли ви зазнаєте шкоди від закляття чи магічного ефекту, зменште загальну отриману шкоду на 1d4.\n\nПолум’я чаровогню. Ви вивчаєте замовляння «Священний вогонь». Крім того, ви можете проказати його вторинною дією кількість разів, що дорівнює вашому бонусу спеціалізації. Усі витрачені застосування відновлюються після довгого відпочинку.
he8c36bc0g70c8g1d48g6d88g25469ebb3fda	MORFOLOGIK_RULE_UK_UA	Можлива механічна помилка	Чаровогонь	Знайдено потенційну орфографічну помилку.	Чаро вогонь	Риса: Іскра чаровогню\n\nВи несете дар чаровогню — рідкісної магії, що спрямовує первісну силу Плетіння. Чаровогонь виснажує тіло, тому ви загартували тіло й розум, щоб вправно володіти цією священною силою.\n\nПоглинання магії. Один раз за хід, коли ви зазнаєте шкоди від закляття чи магічного ефекту, зменште загальну отриману шкоду на 1d4.\n\nПолум’я чаровогню. Ви вивчаєте замовляння «Священний вогонь». Крім того, ви можете проказати його вторинною дією кількість разів, що дорівнює вашому бонусу спеціалізації. Усі витрачені застосування відновлюються після довгого відпочинку.
he8c36bc0g70c8g1d48g6d88g25469ebb3fda	MORFOLOGIK_RULE_UK_UA	Можлива механічна помилка	чаровогню	Знайдено потенційну орфографічну помилку.	чаро вогню	Риса: Іскра чаровогню\n\nВи несете дар чаровогню — рідкісної магії, що спрямовує первісну силу Плетіння. Чаровогонь виснажує тіло, тому ви загартували тіло й розум, щоб вправно володіти цією священною силою.\n\nПоглинання магії. Один раз за хід, коли ви зазнаєте шкоди від закляття чи магічного ефекту, зменште загальну отриману шкоду на 1d4.\n\nПолум’я чаровогню. Ви вивчаєте замовляння «Священний вогонь». Крім того, ви можете проказати його вторинною дією кількість разів, що дорівнює вашому бонусу спеціалізації. Усі витрачені застосування відновлюються після довгого відпочинку.
h502820d0g8b37g078bg65f7g4a80446379d8	MORFOLOGIK_RULE_UK_UA	Можлива механічна помилка	Зентариму	Знайдено потенційну орфографічну помилку.	Знатиму, Бентаму, Бештатиму, Вертатиму, Ентазису, Ентериту, Застарим, Застарими	Найманець Зентариму
hdeab958dge913gf95bg123dg27338a365d6d	MORFOLOGIK_RULE_UK_UA	Можлива механічна помилка	Зентаримський	Знайдено потенційну орфографічну помилку.	Антиримський	Риса: Зентаримський головоріз\n\nМожливо, вам були потрібні гроші. Можливо, ви прагнули мати родину — хоч би й сумнівну. А може, ви просто вмієте виконувати роботу за будь-яку ціну. Хай там як, ви вступили до Зентариму — найлиховіснішої гільдії найманців у Королівствах. Її ватажки запевняють, що організація радше родина, ніж таємний синдикат, хоча мало яка родина може похвалитися такою кількістю брехні, кумівства й корупції. Щоб піднятися в лавах гільдії, ви відточували хитрість, реакцію та свій клинок.\n\nСкористатися нагодою. Визначаючи шкоду від Принагідної атаки, ви можете двічі кинути кістки шкоди й вибрати один із результатів проти цілі.\n\nРодина понад усе. Один раз за довгий відпочинок ви надаєте собі та союзникам у межах 30 футів від вас перевагу в кидках ініціативи.
hdeab958dge913gf95bg123dg27338a365d6d	MORFOLOGIK_RULE_UK_UA	Можлива механічна помилка	Зентариму	Знайдено потенційну орфографічну помилку.	Знатиму, Бентаму, Бештатиму, Вертатиму, Ентазису, Ентериту, Застарим, Застарими	Риса: Зентаримський головоріз\n\nМожливо, вам були потрібні гроші. Можливо, ви прагнули мати родину — хоч би й сумнівну. А може, ви просто вмієте виконувати роботу за будь-яку ціну. Хай там як, ви вступили до Зентариму — найлиховіснішої гільдії найманців у Королівствах. Її ватажки запевняють, що організація радше родина, ніж таємний синдикат, хоча мало яка родина може похвалитися такою кількістю брехні, кумівства й корупції. Щоб піднятися в лавах гільдії, ви відточували хитрість, реакцію та свій клинок.\n\nСкористатися нагодою. Визначаючи шкоду від Принагідної атаки, ви можете двічі кинути кістки шкоди й вибрати один із результатів проти цілі.\n\nРодина понад усе. Один раз за довгий відпочинок ви надаєте собі та союзникам у межах 30 футів від вас перевагу в кидках ініціативи.
h1b40d160ge647gb336gde38g35a23097c13b	UK_ADJ_NOUN_INFLECTION_AGREEMENT	Інше	Посвячений Культу	"Потенційна помилка: прикметник не узгоджений з іменником: ""Посвячений"": [ч.р.: називний, знахідний (неіст.), кличний] і ""Культу"": [ч.р.: родовий, давальний, місцевий]. Можливо, пропущено прийменник на/в/у...?"	Посвячений культ, посвяченого Культу, посвяченому Культу, посвяченім Культу	Опір до шкоди. Отримавши цю рису, виберіть кислоту, холод, вогонь, блискавку або отруту. Ви отримуєте опір до вибраного типу шкоди.\n\nГрізна сила. Коли у свій хід ви завдаєте істоті шкоди в межах дії «Атака» чи «Магія», цього самого ходу можете вторинною дією застосувати перевагу «Драконячий жах» риси «Посвячений Культу Дракона».
h7330e7c6gc771g8abbg45f0g15512946f998	MORFOLOGIK_RULE_UK_UA	Можлива механічна помилка	Фейський	Знайдено потенційну орфографічну помилку.	Бейський, Гейський, Зейський, Рейський	Риса: Фейський штукар
h7e916fa3g95c4g0367g8918g7dd56be199a8	MORFOLOGIK_RULE_UK_UA	Можлива механічна помилка	фейськими	Знайдено потенційну орфографічну помилку.	бейськими, гейськими, зейськими, рейськими	Мандрівник фейськими стежками. Після виконання дії «Відступ» до кінця цього ходу переміщення важкопрохідною місцевістю не потребує додаткових витрат руху.\n\nЗбентежливий удар. Влучивши в істоту атакою, ви можете спробувати збентежити її. Ціль повинна успішно виконати кидок протидії мудрістю (МС 8 + модифікатор характеристики, підвищеної цією рисою, + ваш бонус спеціалізації), інакше матиме заваду в кидках протидії до кінця вашого наступного ходу.\n\nКількість застосувань цієї переваги дорівнює вашому бонусу спеціалізації. Усі витрачені застосування відновлюються після довгого відпочинку.
h7e916fa3g95c4g0367g8918g7dd56be199a8	MORFOLOGIK_RULE_UK_UA	Можлива механічна помилка	Збентежливий	Знайдено потенційну орфографічну помилку.	Бентежливий, З бентежливий	Мандрівник фейськими стежками. Після виконання дії «Відступ» до кінця цього ходу переміщення важкопрохідною місцевістю не потребує додаткових витрат руху.\n\nЗбентежливий удар. Влучивши в істоту атакою, ви можете спробувати збентежити її. Ціль повинна успішно виконати кидок протидії мудрістю (МС 8 + модифікатор характеристики, підвищеної цією рисою, + ваш бонус спеціалізації), інакше матиме заваду в кидках протидії до кінця вашого наступного ходу.\n\nКількість застосувань цієї переваги дорівнює вашому бонусу спеціалізації. Усі витрачені застосування відновлюються після довгого відпочинку.
h9e8fefadgbcc7g10f5ga4aage45ad3d82e96	UK_SIMPLE_REPLACE_SOFT	Інше	Відволікти	«Відволікти» — нерекомендоване слово, кращий варіант: відвернути, відірвати.	Відвернути, Відірвати	Убивча гра слів. Коли ви виконуєте дію «Відволікти», щоб допомогти кидку атаки союзника проти ворога, цей ворог також має заваду в першому кидку протидії до початку вашого наступного ходу.\n\nНатхненна сила волі. Ви маєте перевагу в кидках протидії станам переляку й паралічу.
h4aee3eacgaf72gc757g8d80g048d0a64e805	MORFOLOGIK_RULE_UK_UA	Можлива механічна помилка	Лордська	Знайдено потенційну орфографічну помилку.	Людська, Морська, Горська, Курдська, Бродська, Лонська, Ориська, Орська	Риса: Лордська рішучість
h75370f04gff6egfa29g73e5g4e8d6739e8fa	MORFOLOGIK_RULE_UK_UA	Можлива механічна помилка	міфалом	Знайдено потенційну орфографічну помилку.	Міхалом, мі фалом	Риса: Торкнутий міфалом
h9de5f3bdgd036g8fc7gc000g9f162c3acfc6	MORFOLOGIK_RULE_UK_UA	Можлива механічна помилка	чаровогню	Знайдено потенційну орфографічну помилку.	чаро вогню	Риса: Адепт чаровогню
h2d5b87b6g1172g67b5gcfefg0bf170e5aaef	MORFOLOGIK_RULE_UK_UA	Можлива механічна помилка	Зентариму	Знайдено потенційну орфографічну помилку.	Знатиму, Бентаму, Бештатиму, Вертатиму, Ентазису, Ентериту, Застарим, Застарими	Риса: Тактика Зентариму
h6546b917g1c6dg4ca0g0808g9c4689c5032e	MORFOLOGIK_RULE_UK_UA	Можлива механічна помилка	Збентежливий	Знайдено потенційну орфографічну помилку.	Бентежливий, З бентежливий	Збентежливий удар
h5f50ef61g2ff2g155dg73ecgcdb03dd1d00d	MORFOLOGIK_RULE_UK_UA	Можлива механічна помилка	Збентежливий	Знайдено потенційну орфографічну помилку.	Бентежливий, З бентежливий	Збентежливий удар
h7266774agddd3g954ag8493g86532999d2ae	MORFOLOGIK_RULE_UK_UA	Можлива механічна помилка	Фаеруну	Знайдено потенційну орфографічну помилку.	Фауну, Феруму, Аруну, Геруну, Деруну, Камеруну, Перуну, Фарину	Забуті Королівства: Герої Фаеруну: Загальні риси
hb3bd7f59g0610g8deag20d1ga4bb317c1e9b	MORFOLOGIK_RULE_UK_UA	Можлива механічна помилка	Фаеруну	Знайдено потенційну орфографічну помилку.	Фауну, Феруму, Аруну, Геруну, Деруну, Камеруну, Перуну, Фарину	Забуті Королівства: Герої Фаеруну: Загальні риси
hb1847b98g2cc5gbe94g49f1gc11efdbfb5a5	UK_ADJ_NOUN_INFLECTION_AGREEMENT	Інше	Посвячений Культу	"Потенційна помилка: прикметник не узгоджений з іменником: ""Посвячений"": [ч.р.: називний, знахідний (неіст.), кличний] і ""Культу"": [ч.р.: родовий, давальний, місцевий]. Можливо, пропущено прийменник на/в/у...?"	Посвячений культ, посвяченого Культу, посвяченому Культу, посвяченім Культу	Опір до шкоди. Отримавши цю рису, виберіть кислоту, холод, вогонь, блискавку або отруту. Ви отримуєте опір до вибраного типу шкоди.\n\nГрізна сила. Коли у свій хід ви завдаєте істоті шкоди в межах дії «Атака» чи «Магія», цього самого ходу можете вторинною дією застосувати перевагу «Драконячий жах» риси «Посвячений Культу Дракона».
hb79bd3d9g613dg22a6gdf89ged7bb1cc5f1d	MORFOLOGIK_RULE_UK_UA	Можлива механічна помилка	Фейський	Знайдено потенційну орфографічну помилку.	Бейський, Гейський, Зейський, Рейський	Фейський штукар
h978a3ea0g73c2gc59cgc52eg4aecbaa53dae	MORFOLOGIK_RULE_UK_UA	Можлива механічна помилка	фейськими	Знайдено потенційну орфографічну помилку.	бейськими, гейськими, зейськими, рейськими	Мандрівник фейськими стежками. Після виконання дії «Відступ» до кінця цього ходу переміщення важкопрохідною місцевістю не потребує додаткових витрат руху.\n\nЗбентежливий удар. Влучивши в істоту атакою, ви можете спробувати збентежити її. Ціль повинна успішно виконати кидок протидії мудрістю (МС 8 + модифікатор характеристики, підвищеної цією рисою, + ваш бонус спеціалізації), інакше матиме заваду в кидках протидії до кінця вашого наступного ходу.\n\nКількість застосувань цієї переваги дорівнює вашому бонусу спеціалізації. Усі витрачені застосування відновлюються після довгого відпочинку.
h978a3ea0g73c2gc59cgc52eg4aecbaa53dae	MORFOLOGIK_RULE_UK_UA	Можлива механічна помилка	Збентежливий	Знайдено потенційну орфографічну помилку.	Бентежливий, З бентежливий	Мандрівник фейськими стежками. Після виконання дії «Відступ» до кінця цього ходу переміщення важкопрохідною місцевістю не потребує додаткових витрат руху.\n\nЗбентежливий удар. Влучивши в істоту атакою, ви можете спробувати збентежити її. Ціль повинна успішно виконати кидок протидії мудрістю (МС 8 + модифікатор характеристики, підвищеної цією рисою, + ваш бонус спеціалізації), інакше матиме заваду в кидках протидії до кінця вашого наступного ходу.\n\nКількість застосувань цієї переваги дорівнює вашому бонусу спеціалізації. Усі витрачені застосування відновлюються після довгого відпочинку.
h03d01a13gaf6ag041ag792ag03d578243374	UK_SIMPLE_REPLACE_SOFT	Інше	Відволікти	«Відволікти» — нерекомендоване слово, кращий варіант: відвернути, відірвати.	Відвернути, Відірвати	Убивча гра слів. Коли ви виконуєте дію «Відволікти», щоб допомогти кидку атаки союзника проти ворога, цей ворог також має заваду в першому кидку протидії до початку вашого наступного ходу.\n\nНатхненна сила волі. Ви маєте перевагу в кидках протидії станам переляку й паралічу.
h073d0597g8104g5749g9c62g13790ccd3f2b	MORFOLOGIK_RULE_UK_UA	Можлива механічна помилка	Лордська	Знайдено потенційну орфографічну помилку.	Людська, Морська, Горська, Курдська, Бродська, Лонська, Ориська, Орська	Лордська рішучість
h4da279bag6b5fg0d46gfa98g0b2a70b0ce8e	MORFOLOGIK_RULE_UK_UA	Можлива механічна помилка	міфалом	Знайдено потенційну орфографічну помилку.	Міхалом, мі фалом	Торкнутий міфалом
he27e1f66g8aceg44b2gecc9g07a86e98de57	MORFOLOGIK_RULE_UK_UA	Можлива механічна помилка	чаровогню	Знайдено потенційну орфографічну помилку.	чаро вогню	Адепт чаровогню
h868d132cgda3cg9662gc17ega94ac1ad380e	MORFOLOGIK_RULE_UK_UA	Можлива механічна помилка	Зентариму	Знайдено потенційну орфографічну помилку.	Знатиму, Бентаму, Бештатиму, Вертатиму, Ентазису, Ентериту, Застарим, Застарими	Тактика Зентариму
had1170f7ga4c6gba7cg3bc3gbf03f398ce3a	MORFOLOGIK_RULE_UK_UA	Можлива механічна помилка	РЗ	Знайдено потенційну орфографічну помилку.	З, ІЗ, РАЗ, РФ, ВЗ, РБ, ПЗ, РП	Ви отримуєте бонус +1 до РЗ. Ви втрачаєте цей бонус, якщо перебуваєте в стані недієздатності або тримаєте щит.
ha574dfdfgf055g69c1g9889gce2fffa674e6	MORFOLOGIK_RULE_UK_UA	Можлива механічна помилка	Смоґа	Знайдено потенційну орфографічну помилку.	Смола, Смока, Смоша	Можливо, Чорній Стрілі судилося повалити дракона Смоґа, але рука, що випустила її з такою силою, була надзвичайно міцною. Кидаючи спис або напинаючи лук, ви твердо тримаєте зброю й точно цілитеся.\n\nАтакуючи далекобійною зброєю, ви використовуєте модифікатор сили для кидків атаки та шкоди; для обох кидків слід застосовувати той самий модифікатор. Якщо цього ходу ви перемістилися не більш ніж на половину своєї швидкості й влучили в істоту далекобійною зброєю, то можете вторинною дією завдати цією атакою ще 1d4 шкоди того самого типу.
h624efb18g8179g6ce0gbe0fg03d310683b76	MORFOLOGIK_RULE_UK_UA	Можлива механічна помилка	РЗ	Знайдено потенційну орфографічну помилку.	З, ІЗ, РАЗ, РФ, ВЗ, РБ, ПЗ, РП	З досвідом зросла ваша бойова вправність — чи, може, удача?\n\nВи отримуєте бонус +1 до РЗ. У стані недієздатності або зі щитом у руках ви втрачаєте цей бонус.
h868292b4g07bag5039g7a39g8b646671c67e	COMMA_PARENTHESIS_WHITESPACE	Оформлення	 .	Не ставте пробіл перед крапкою.	.	"Має штраф 1d4 до <LSTag Tooltip=""SavingThrow"">кидків протидії</LSTag>."
h759d592bgce3eg0689gb28cgb0e2182d4aba	MORFOLOGIK_RULE_UK_UA	Можлива механічна помилка	Мунша	Знайдено потенційну орфографічну помилку.	Менша, Мукша, Муна, Мунка, Мунда, Мун ша	Колегія Місяця бере початок від стародавніх друїдських кіл островів Мунша, які доручили першим бардам цієї традиції літописати історії островів та їхніх народів. Барди Колегії черпають із фейської магії островів і первісної сили місячних криниць, щоб зміцнювати союзників, захищати природу й знаходити натхнення для своїх творів.
h759d592bgce3eg0689gb28cgb0e2182d4aba	MORFOLOGIK_RULE_UK_UA	Можлива механічна помилка	літописати	Знайдено потенційну орфографічну помилку.	літописами, літ описати, літо писати	Колегія Місяця бере початок від стародавніх друїдських кіл островів Мунша, які доручили першим бардам цієї традиції літописати історії островів та їхніх народів. Барди Колегії черпають із фейської магії островів і первісної сили місячних криниць, щоб зміцнювати союзників, захищати природу й знаходити натхнення для своїх творів.
h759d592bgce3eg0689gb28cgb0e2182d4aba	MORFOLOGIK_RULE_UK_UA	Можлива механічна помилка	фейської	Знайдено потенційну орфографічну помилку.	бейської, гейської, зейської, рейської	Колегія Місяця бере початок від стародавніх друїдських кіл островів Мунша, які доручили першим бардам цієї традиції літописати історії островів та їхніх народів. Барди Колегії черпають із фейської магії островів і первісної сили місячних криниць, щоб зміцнювати союзників, захищати природу й знаходити натхнення для своїх творів.
he8fec49dgf4c3g6a97g790bg3a7f505054bf	COMMA_PARENTHESIS_WHITESPACE	Оформлення	 ,	Поставте пробіл після коми, а не перед комою.	,	"Крізь вас тече первісна й мінлива сила місяця, надаючи такі переваги.\n\nНатхненне затемнення. Коли ви вторинною дією даєте істоті кістку <LSTag Type=""ActionResource"" Tooltip=""BardicInspiration"">Бардівського натхнення</LSTag>, то тією самою дією можете набути стану <LSTag Type=""Status"" Tooltip=""INVISIBLE"">невидимості</LSTag> й телепортуватися на відстань до 30 футів у видимий вам вільний простір. Невидимість триває до початку вашого наступного ходу й завершується достроково одразу після того, як ви виконаєте кидок атаки, завдасте шкоди чи прокажете закляття.\n\nМісячна життєва сила. Один раз за хід, коли ви відновлюєте істоті очки здоров’я закляттям, ви можете витратити кістку Бардівського натхнення й збільшити кількість відновлених очок на результат її кидка. Швидкість істоти також збільшується на 10 футів до кінця її наступного ходу."
h16bfd443g2ac4gcdcegaa91gcadfccb20761	COMMA_PARENTHESIS_WHITESPACE	Оформлення	 ,	Поставте пробіл після коми, а не перед комою.	,	"Ви вивчаєте друїдську мову й одне замовляння зі списку заклять друїда. Для вас воно вважається закляттям барда, але не враховується до кількості відомих вам замовлянь.\n\nКрім того, виберіть одну з таких навичок: <LSTag Type=""Skills"" Tooltip=""AnimalHandling"">Догляд за тваринами</LSTag>, <LSTag Type=""Skills"" Tooltip=""Insight"">Проникливість</LSTag>, <LSTag Type=""Skills"" Tooltip=""Medicine"">Медицина</LSTag>, <LSTag Type=""Skills"" Tooltip=""Nature"">Природа</LSTag>, <LSTag Type=""Skills"" Tooltip=""Perception"">Відчуття</LSTag> або <LSTag Type=""Skills"" Tooltip=""Survival"">Виживання</LSTag>. Ви отримуєте володіння вибраною навичкою."
h16bfd443g2ac4gcdcegaa91gcadfccb20761	COMMA_PARENTHESIS_WHITESPACE	Оформлення	 ,	Поставте пробіл після коми, а не перед комою.	,	"Ви вивчаєте друїдську мову й одне замовляння зі списку заклять друїда. Для вас воно вважається закляттям барда, але не враховується до кількості відомих вам замовлянь.\n\nКрім того, виберіть одну з таких навичок: <LSTag Type=""Skills"" Tooltip=""AnimalHandling"">Догляд за тваринами</LSTag>, <LSTag Type=""Skills"" Tooltip=""Insight"">Проникливість</LSTag>, <LSTag Type=""Skills"" Tooltip=""Medicine"">Медицина</LSTag>, <LSTag Type=""Skills"" Tooltip=""Nature"">Природа</LSTag>, <LSTag Type=""Skills"" Tooltip=""Perception"">Відчуття</LSTag> або <LSTag Type=""Skills"" Tooltip=""Survival"">Виживання</LSTag>. Ви отримуєте володіння вибраною навичкою."
h16bfd443g2ac4gcdcegaa91gcadfccb20761	COMMA_PARENTHESIS_WHITESPACE	Оформлення	 ,	Поставте пробіл після коми, а не перед комою.	,	"Ви вивчаєте друїдську мову й одне замовляння зі списку заклять друїда. Для вас воно вважається закляттям барда, але не враховується до кількості відомих вам замовлянь.\n\nКрім того, виберіть одну з таких навичок: <LSTag Type=""Skills"" Tooltip=""AnimalHandling"">Догляд за тваринами</LSTag>, <LSTag Type=""Skills"" Tooltip=""Insight"">Проникливість</LSTag>, <LSTag Type=""Skills"" Tooltip=""Medicine"">Медицина</LSTag>, <LSTag Type=""Skills"" Tooltip=""Nature"">Природа</LSTag>, <LSTag Type=""Skills"" Tooltip=""Perception"">Відчуття</LSTag> або <LSTag Type=""Skills"" Tooltip=""Survival"">Виживання</LSTag>. Ви отримуєте володіння вибраною навичкою."
h16bfd443g2ac4gcdcegaa91gcadfccb20761	COMMA_PARENTHESIS_WHITESPACE	Оформлення	 ,	Поставте пробіл після коми, а не перед комою.	,	"Ви вивчаєте друїдську мову й одне замовляння зі списку заклять друїда. Для вас воно вважається закляттям барда, але не враховується до кількості відомих вам замовлянь.\n\nКрім того, виберіть одну з таких навичок: <LSTag Type=""Skills"" Tooltip=""AnimalHandling"">Догляд за тваринами</LSTag>, <LSTag Type=""Skills"" Tooltip=""Insight"">Проникливість</LSTag>, <LSTag Type=""Skills"" Tooltip=""Medicine"">Медицина</LSTag>, <LSTag Type=""Skills"" Tooltip=""Nature"">Природа</LSTag>, <LSTag Type=""Skills"" Tooltip=""Perception"">Відчуття</LSTag> або <LSTag Type=""Skills"" Tooltip=""Survival"">Виживання</LSTag>. Ви отримуєте володіння вибраною навичкою."
h16bfd443g2ac4gcdcegaa91gcadfccb20761	COMMA_PARENTHESIS_WHITESPACE	Оформлення	 .	Не ставте пробіл перед крапкою.	.	"Ви вивчаєте друїдську мову й одне замовляння зі списку заклять друїда. Для вас воно вважається закляттям барда, але не враховується до кількості відомих вам замовлянь.\n\nКрім того, виберіть одну з таких навичок: <LSTag Type=""Skills"" Tooltip=""AnimalHandling"">Догляд за тваринами</LSTag>, <LSTag Type=""Skills"" Tooltip=""Insight"">Проникливість</LSTag>, <LSTag Type=""Skills"" Tooltip=""Medicine"">Медицина</LSTag>, <LSTag Type=""Skills"" Tooltip=""Nature"">Природа</LSTag>, <LSTag Type=""Skills"" Tooltip=""Perception"">Відчуття</LSTag> або <LSTag Type=""Skills"" Tooltip=""Survival"">Виживання</LSTag>. Ви отримуєте володіння вибраною навичкою."
h354b3d9ag3986g5438g5c7fg5f7f7196c4c4	COMMA_PARENTHESIS_WHITESPACE	Оформлення	 ,	Поставте пробіл після коми, а не перед комою.	,	"Коли ви вторинною дією надаєте істоті кістку <LSTag Type=""ActionResource"" Tooltip=""BardicInspiration"">Бардівського натхнення</LSTag>, у межах тієї самої вторинної дії можете набути стану <LSTag Type=""Status"" Tooltip=""INVISIBLE"">невидимості</LSTag> й телепортуватися на відстань до 30 футів у видимий вільний простір. Невидимість триває до початку вашого наступного ходу й достроково припиняється одразу після кидка атаки, завдання шкоди або проказування закляття."
h976048b3gf9c6gba32g7185g9373737f96b8	COMMA_PARENTHESIS_WHITESPACE	Оформлення	 ,	Поставте пробіл після коми, а не перед комою.	,	"Коли ви вторинною дією надаєте істоті кістку <LSTag Type=""ActionResource"" Tooltip=""BardicInspiration"">Бардівського натхнення</LSTag>, у межах тієї самої вторинної дії можете набути стану <LSTag Type=""Status"" Tooltip=""INVISIBLE"">невидимості</LSTag> й телепортуватися на відстань до 30 футів у видимий вільний простір. Невидимість триває до початку вашого наступного ходу й достроково припиняється одразу після кидка атаки, завдання шкоди або проказування закляття."
h010a539fg50d1ga5d6g15a9g504704ac4e2c	MORFOLOGIK_RULE_UK_UA	Можлива механічна помилка	Знаменосець	Знайдено потенційну орфографічну помилку.		Знаменосець
h6ea1c6eag9b3dg7479ge12cgb52dd829b0da	MORFOLOGIK_RULE_UK_UA	Можлива механічна помилка	Банерети	Знайдено потенційну орфографічну помилку.	Ба нерети, Банере ти	Банерети — взірці звитяги й провідництва, які захищають невинних і згуртовують шукачів пригод заради справедливості та свободи. Багато з них служать лицарями в Кормірі, Срібних Маршах, Дамарі, Чессенті та інших землях Фаеруну. Вони мандрують світом як лицарі без володінь і б’ються зі злом далеко за межами рідних королівств.\n\nУ боротьбі з лиходіями банерет покладається на розсудливість, відвагу й вірність лицарському кодексу. Наодинці це вправний воїн, але на чолі союзників він здатний перетворити навіть погано споряджене ополчення на грізний бойовий загін.
h6ea1c6eag9b3dg7479ge12cgb52dd829b0da	MORFOLOGIK_RULE_UK_UA	Можлива механічна помилка	Кормірі	Знайдено потенційну орфографічну помилку.	Ковмірі, Комірі	Банерети — взірці звитяги й провідництва, які захищають невинних і згуртовують шукачів пригод заради справедливості та свободи. Багато з них служать лицарями в Кормірі, Срібних Маршах, Дамарі, Чессенті та інших землях Фаеруну. Вони мандрують світом як лицарі без володінь і б’ються зі злом далеко за межами рідних королівств.\n\nУ боротьбі з лиходіями банерет покладається на розсудливість, відвагу й вірність лицарському кодексу. Наодинці це вправний воїн, але на чолі союзників він здатний перетворити навіть погано споряджене ополчення на грізний бойовий загін.
h6ea1c6eag9b3dg7479ge12cgb52dd829b0da	MORFOLOGIK_RULE_UK_UA	Можлива механічна помилка	Чессенті	Знайдено потенційну орфографічну помилку.	Гессені, Ессені, Гессенці	Банерети — взірці звитяги й провідництва, які захищають невинних і згуртовують шукачів пригод заради справедливості та свободи. Багато з них служать лицарями в Кормірі, Срібних Маршах, Дамарі, Чессенті та інших землях Фаеруну. Вони мандрують світом як лицарі без володінь і б’ються зі злом далеко за межами рідних королівств.\n\nУ боротьбі з лиходіями банерет покладається на розсудливість, відвагу й вірність лицарському кодексу. Наодинці це вправний воїн, але на чолі союзників він здатний перетворити навіть погано споряджене ополчення на грізний бойовий загін.
h6ea1c6eag9b3dg7479ge12cgb52dd829b0da	MORFOLOGIK_RULE_UK_UA	Можлива механічна помилка	Фаеруну	Знайдено потенційну орфографічну помилку.	Фауну, Феруму, Аруну, Геруну, Деруну, Камеруну, Перуну, Фарину	Банерети — взірці звитяги й провідництва, які захищають невинних і згуртовують шукачів пригод заради справедливості та свободи. Багато з них служать лицарями в Кормірі, Срібних Маршах, Дамарі, Чессенті та інших землях Фаеруну. Вони мандрують світом як лицарі без володінь і б’ються зі злом далеко за межами рідних королівств.\n\nУ боротьбі з лиходіями банерет покладається на розсудливість, відвагу й вірність лицарському кодексу. Наодинці це вправний воїн, але на чолі союзників він здатний перетворити навіть погано споряджене ополчення на грізний бойовий загін.
h6ea1c6eag9b3dg7479ge12cgb52dd829b0da	MORFOLOGIK_RULE_UK_UA	Можлива механічна помилка	банерет	Знайдено потенційну орфографічну помилку.	банере, ба нерет, банер ет, банере т	Банерети — взірці звитяги й провідництва, які захищають невинних і згуртовують шукачів пригод заради справедливості та свободи. Багато з них служать лицарями в Кормірі, Срібних Маршах, Дамарі, Чессенті та інших землях Фаеруну. Вони мандрують світом як лицарі без володінь і б’ються зі злом далеко за межами рідних королівств.\n\nУ боротьбі з лиходіями банерет покладається на розсудливість, відвагу й вірність лицарському кодексу. Наодинці це вправний воїн, але на чолі союзників він здатний перетворити навіть погано споряджене ополчення на грізний бойовий загін.
ha6aeb659gba2ag0648g1d28g8d765621e3a9	COMMA_PARENTHESIS_WHITESPACE	Оформлення	 ,	Поставте пробіл після коми, а не перед комою.	,	"Ви набуваєте вправності в таких навичках: <LSTag Type=""Skills"" Tooltip=""Insight"">Проникливість</LSTag>, <LSTag Type=""Skills"" Tooltip=""Intimidation"">Залякування</LSTag>, <LSTag Type=""Skills"" Tooltip=""Persuasion"">Переконання</LSTag> і <LSTag Type=""Skills"" Tooltip=""Performance"">Артистичність</LSTag>."
ha6aeb659gba2ag0648g1d28g8d765621e3a9	COMMA_PARENTHESIS_WHITESPACE	Оформлення	 ,	Поставте пробіл після коми, а не перед комою.	,	"Ви набуваєте вправності в таких навичках: <LSTag Type=""Skills"" Tooltip=""Insight"">Проникливість</LSTag>, <LSTag Type=""Skills"" Tooltip=""Intimidation"">Залякування</LSTag>, <LSTag Type=""Skills"" Tooltip=""Persuasion"">Переконання</LSTag> і <LSTag Type=""Skills"" Tooltip=""Performance"">Артистичність</LSTag>."
ha6aeb659gba2ag0648g1d28g8d765621e3a9	EUPHONY_CONJ_I_Y	Стиль	і	Між двома голосними варто писати й: Переконання «й» Артистичність, Переконання «та» Артистичність	й, та	"Ви набуваєте вправності в таких навичках: <LSTag Type=""Skills"" Tooltip=""Insight"">Проникливість</LSTag>, <LSTag Type=""Skills"" Tooltip=""Intimidation"">Залякування</LSTag>, <LSTag Type=""Skills"" Tooltip=""Persuasion"">Переконання</LSTag> і <LSTag Type=""Skills"" Tooltip=""Performance"">Артистичність</LSTag>."
ha6aeb659gba2ag0648g1d28g8d765621e3a9	COMMA_PARENTHESIS_WHITESPACE	Оформлення	 .	Не ставте пробіл перед крапкою.	.	"Ви набуваєте вправності в таких навичках: <LSTag Type=""Skills"" Tooltip=""Insight"">Проникливість</LSTag>, <LSTag Type=""Skills"" Tooltip=""Intimidation"">Залякування</LSTag>, <LSTag Type=""Skills"" Tooltip=""Persuasion"">Переконання</LSTag> і <LSTag Type=""Skills"" Tooltip=""Performance"">Артистичність</LSTag>."
hb6e753d8g25f2gee18g87d6gdda8a5857b4c	COMMA_PARENTHESIS_WHITESPACE	Оформлення	 .	Не ставте пробіл перед крапкою.	.	"Коли істота влучає у вас атакою, ви можете застосувати реагування, щоб змусити її виконати кидок протидії мудрістю проти вашої МС кидків протидії закляттям. У разі невдачі ціль на 2 ходи набуває стану <LSTag Type=""Status"" Tooltip=""STUNNED"">приголомшення</LSTag>.\n\nКількість застосувань цієї особливості дорівнює вашому модифікатору мудрості (щонайменше одне), а всі витрачені застосування відновлюються після довгого відпочинку."
h7683213dgcd67g8a04g76bdg263469054d80	COMMA_PARENTHESIS_WHITESPACE	Оформлення	 .	Не ставте пробіл перед крапкою.	.	"Коли істота влучає у вас атакою, ви можете застосувати реагування, щоб змусити її виконати кидок протидії мудрістю проти вашої МС кидків протидії закляттям. У разі невдачі ціль на 2 ходи набуває стану <LSTag Type=""Status"" Tooltip=""STUNNED"">приголомшення</LSTag>."
h11ed03f2g16a9g0ee9g4b45g6c8ca4ac593d	MORFOLOGIK_RULE_UK_UA	Можлива механічна помилка	нетерезьких	Знайдено потенційну орфографічну помилку.	нетеребських, нетурецьких	Зимові мандрівники відточують ремесло в похмурих крижаних пущах на кшталт Долини Крижаного Вітру. Ці безжальні, вкриті памороззю слідопити полюють на чудовиськ арктичних пустищ і зрештою самі стають морозними жахіттями. Вони добре знають усі дива й небезпеки Долини: приховану магію загиблих нетерезьких міст, місцевих потвор на кшталт єті та скельних котів і дедалі більшу загрозу нападників із Підмор’я. Через холодний прагматизм, страшну магію та знання краю їх однаково поважають і бояться. Мешканці Десятимістя кажуть, що жахливу силу мандрівникам дарують часті зустрічі зі зловісними сутностями. Натомість багато регедських кочовиків вірять, що це особливе прокляття духів природи.
h11ed03f2g16a9g0ee9g4b45g6c8ca4ac593d	MORFOLOGIK_RULE_UK_UA	Можлива механічна помилка	Підмор’я	Знайдено потенційну орфографічну помилку.	Підмур'я	Зимові мандрівники відточують ремесло в похмурих крижаних пущах на кшталт Долини Крижаного Вітру. Ці безжальні, вкриті памороззю слідопити полюють на чудовиськ арктичних пустищ і зрештою самі стають морозними жахіттями. Вони добре знають усі дива й небезпеки Долини: приховану магію загиблих нетерезьких міст, місцевих потвор на кшталт єті та скельних котів і дедалі більшу загрозу нападників із Підмор’я. Через холодний прагматизм, страшну магію та знання краю їх однаково поважають і бояться. Мешканці Десятимістя кажуть, що жахливу силу мандрівникам дарують часті зустрічі зі зловісними сутностями. Натомість багато регедських кочовиків вірять, що це особливе прокляття духів природи.
h11ed03f2g16a9g0ee9g4b45g6c8ca4ac593d	MORFOLOGIK_RULE_UK_UA	Можлива механічна помилка	Десятимістя	Знайдено потенційну орфографічну помилку.	Десятиліття, Десятимісна, Десятимісне, Десятимісну, Десятимісні	Зимові мандрівники відточують ремесло в похмурих крижаних пущах на кшталт Долини Крижаного Вітру. Ці безжальні, вкриті памороззю слідопити полюють на чудовиськ арктичних пустищ і зрештою самі стають морозними жахіттями. Вони добре знають усі дива й небезпеки Долини: приховану магію загиблих нетерезьких міст, місцевих потвор на кшталт єті та скельних котів і дедалі більшу загрозу нападників із Підмор’я. Через холодний прагматизм, страшну магію та знання краю їх однаково поважають і бояться. Мешканці Десятимістя кажуть, що жахливу силу мандрівникам дарують часті зустрічі зі зловісними сутностями. Натомість багато регедських кочовиків вірять, що це особливе прокляття духів природи.
h11ed03f2g16a9g0ee9g4b45g6c8ca4ac593d	MORFOLOGIK_RULE_UK_UA	Можлива механічна помилка	регедських	Знайдено потенційну орфографічну помилку.	сегедських	Зимові мандрівники відточують ремесло в похмурих крижаних пущах на кшталт Долини Крижаного Вітру. Ці безжальні, вкриті памороззю слідопити полюють на чудовиськ арктичних пустищ і зрештою самі стають морозними жахіттями. Вони добре знають усі дива й небезпеки Долини: приховану магію загиблих нетерезьких міст, місцевих потвор на кшталт єті та скельних котів і дедалі більшу загрозу нападників із Підмор’я. Через холодний прагматизм, страшну магію та знання краю їх однаково поважають і бояться. Мешканці Десятимістя кажуть, що жахливу силу мандрівникам дарують часті зустрічі зі зловісними сутностями. Натомість багато регедських кочовиків вірять, що це особливе прокляття духів природи.
hfc2052ffgc5b0gbd9agca4bg0c13d926684c	archaism	Стиль	Обіт	Це слово або форма є застарілою, архаїчною або діалектною.		Обіт Шляхетних Джинів
h1e8b4682gc0aag5810g20f4gffc2487083b4	archaism	Стиль	Обіту	Це слово або форма є застарілою, архаїчною або діалектною.		Паладини Обіту шляхетних джинів шанують сили Стихійних планів. Склавши цей обіт, вони черпають силу від чотирьох видів джинів: дао, володарів землі; джинів, володарів повітря; іфритів, володарів вогню; та маридів, володарів води. На Фаеруні багато паладинів цього обіту походять із Калімшану — краю, сповненого джинів.
h1e8b4682gc0aag5810g20f4gffc2487083b4	archaism	Стиль	обіт	Це слово або форма є застарілою, архаїчною або діалектною.		Паладини Обіту шляхетних джинів шанують сили Стихійних планів. Склавши цей обіт, вони черпають силу від чотирьох видів джинів: дао, володарів землі; джинів, володарів повітря; іфритів, володарів вогню; та маридів, володарів води. На Фаеруні багато паладинів цього обіту походять із Калімшану — краю, сповненого джинів.
h1e8b4682gc0aag5810g20f4gffc2487083b4	MORFOLOGIK_RULE_UK_UA	Можлива механічна помилка	іфритів	Знайдено потенційну орфографічну помилку.	фритів, іпритів, іритів, і фритів	Паладини Обіту шляхетних джинів шанують сили Стихійних планів. Склавши цей обіт, вони черпають силу від чотирьох видів джинів: дао, володарів землі; джинів, володарів повітря; іфритів, володарів вогню; та маридів, володарів води. На Фаеруні багато паладинів цього обіту походять із Калімшану — краю, сповненого джинів.
h1e8b4682gc0aag5810g20f4gffc2487083b4	MORFOLOGIK_RULE_UK_UA	Можлива механічна помилка	маридів	Знайдено потенційну орфографічну помилку.	мари дів	Паладини Обіту шляхетних джинів шанують сили Стихійних планів. Склавши цей обіт, вони черпають силу від чотирьох видів джинів: дао, володарів землі; джинів, володарів повітря; іфритів, володарів вогню; та маридів, володарів води. На Фаеруні багато паладинів цього обіту походять із Калімшану — краю, сповненого джинів.
h1e8b4682gc0aag5810g20f4gffc2487083b4	MORFOLOGIK_RULE_UK_UA	Можлива механічна помилка	Фаеруні	Знайдено потенційну орфографічну помилку.	Фауні, Аруні, Геруні, Даруні, Деруні, Камеруні, Маруні, Перуні	Паладини Обіту шляхетних джинів шанують сили Стихійних планів. Склавши цей обіт, вони черпають силу від чотирьох видів джинів: дао, володарів землі; джинів, володарів повітря; іфритів, володарів вогню; та маридів, володарів води. На Фаеруні багато паладинів цього обіту походять із Калімшану — краю, сповненого джинів.
h1e8b4682gc0aag5810g20f4gffc2487083b4	archaism	Стиль	обіту	Це слово або форма є застарілою, архаїчною або діалектною.		Паладини Обіту шляхетних джинів шанують сили Стихійних планів. Склавши цей обіт, вони черпають силу від чотирьох видів джинів: дао, володарів землі; джинів, володарів повітря; іфритів, володарів вогню; та маридів, володарів води. На Фаеруні багато паладинів цього обіту походять із Калімшану — краю, сповненого джинів.
h1e8b4682gc0aag5810g20f4gffc2487083b4	MORFOLOGIK_RULE_UK_UA	Можлива механічна помилка	Калімшану	Знайдено потенційну орфографічну помилку.	Кальману	Паладини Обіту шляхетних джинів шанують сили Стихійних планів. Склавши цей обіт, вони черпають силу від чотирьох видів джинів: дао, володарів землі; джинів, володарів повітря; іфритів, володарів вогню; та маридів, володарів води. На Фаеруні багато паладинів цього обіту походять із Калімшану — краю, сповненого джинів.
hb164a5bag7669g815dg9cbcg748f8e4a9d39	archaism	Стиль	Обіту	Це слово або форма є застарілою, архаїчною або діалектною.		Засади Обіту Шляхетних Джинів
h3efdb1d4g5d1cg2afeg34fag81c302e26784	archaism	Стиль	обіт	Це слово або форма є застарілою, архаїчною або діалектною.		Паладини, які складають цей обіт, часто виконують завдання, що ведуть їх усіма Королівствами та мультивсесвітом, зокрема Планами стихій. Вони дотримуються таких засад:\n\nЗасівайте насіння творіння серед попелу руйнування.\nВедіть за собою з блиском і витонченістю.\nШануйте стихії та бійтеся їхнього гніву.
haaf829fagd4d2g973eg987ag882a31fcb4ae	MORFOLOGIK_RULE_UK_UA	Можлива механічна помилка	колольної	Знайдено потенційну орфографічну помилку.	колосальної, колоїдної, Колодної, Окольної, голільної, золильної, золільної, кокільної	Одразу після того, як ви проказуєте закляття кари, ви можете витратити одне застосування Обітного наснаження й викликати один із таких ефектів.\n\nТиск дао. Земля здіймається навколо цілі. Ціль набуває стану знерухомлення.\n\nВтеча джина. Ви телепортуєтеся у видимий вам вільний простір у межах 30 футів і набуваєте напівбезтілесної форми до кінця вашого наступного ходу. У цій формі ви маєте опір до забійної, колольної та рубальної шкоди, а також імунітет до станів повалення та знерухомлення.\n\nЛють іфрита. Ціль зазнає додаткової вогняної шкоди 2d4, а полум’я перескакує від неї до всіх видимих вам ворогів у межах 30 футів. Кожен із них також зазнає 2d4 вогняної шкоди.\n\nНатиск марида. Ціль і кожна вибрана вами істота у 10-футовій еманації від вас виконує кидок протидії силою проти вашої МС кидків протидії закляттям. У разі невдачі істоту відштовхує на 15 футів прямо від вас, і вона набуває стану повалення.
haaf829fagd4d2g973eg987ag882a31fcb4ae	MORFOLOGIK_RULE_UK_UA	Можлива механічна помилка	іфрита	Знайдено потенційну орфографічну помилку.	Ірина, Африка, вкрита, корита, іврит, ігрища, івриту, івриті	Одразу після того, як ви проказуєте закляття кари, ви можете витратити одне застосування Обітного наснаження й викликати один із таких ефектів.\n\nТиск дао. Земля здіймається навколо цілі. Ціль набуває стану знерухомлення.\n\nВтеча джина. Ви телепортуєтеся у видимий вам вільний простір у межах 30 футів і набуваєте напівбезтілесної форми до кінця вашого наступного ходу. У цій формі ви маєте опір до забійної, колольної та рубальної шкоди, а також імунітет до станів повалення та знерухомлення.\n\nЛють іфрита. Ціль зазнає додаткової вогняної шкоди 2d4, а полум’я перескакує від неї до всіх видимих вам ворогів у межах 30 футів. Кожен із них також зазнає 2d4 вогняної шкоди.\n\nНатиск марида. Ціль і кожна вибрана вами істота у 10-футовій еманації від вас виконує кидок протидії силою проти вашої МС кидків протидії закляттям. У разі невдачі істоту відштовхує на 15 футів прямо від вас, і вона набуває стану повалення.
haaf829fagd4d2g973eg987ag882a31fcb4ae	MORFOLOGIK_RULE_UK_UA	Можлива механічна помилка	марида	Знайдено потенційну орфографічну помилку.	Марина, марина, Мадрида, Марича, марива, марила, марища, маруда	Одразу після того, як ви проказуєте закляття кари, ви можете витратити одне застосування Обітного наснаження й викликати один із таких ефектів.\n\nТиск дао. Земля здіймається навколо цілі. Ціль набуває стану знерухомлення.\n\nВтеча джина. Ви телепортуєтеся у видимий вам вільний простір у межах 30 футів і набуваєте напівбезтілесної форми до кінця вашого наступного ходу. У цій формі ви маєте опір до забійної, колольної та рубальної шкоди, а також імунітет до станів повалення та знерухомлення.\n\nЛють іфрита. Ціль зазнає додаткової вогняної шкоди 2d4, а полум’я перескакує від неї до всіх видимих вам ворогів у межах 30 футів. Кожен із них також зазнає 2d4 вогняної шкоди.\n\nНатиск марида. Ціль і кожна вибрана вами істота у 10-футовій еманації від вас виконує кидок протидії силою проти вашої МС кидків протидії закляттям. У разі невдачі істоту відштовхує на 15 футів прямо від вас, і вона набуває стану повалення.
h9f395fe8g244dg8ddcgcbe0g3ee47a325f9f	MORFOLOGIK_RULE_UK_UA	Можлива механічна помилка	РЗ	Знайдено потенційну орфографічну помилку.	З, ІЗ, РАЗ, РФ, ВЗ, РБ, ПЗ, РП	"Поки ви не носите обладунків, ваш базовий РЗ дорівнює 10 + ваші модифікатори спритності й харизми. Щит не позбавляє вас цієї переваги.\n\nВи також набуваєте володіння однією навичкою на свій вибір: <LSTag Type=""Skills"" Tooltip=""Acrobatics"">Акробатика</LSTag>, <LSTag Type=""Skills"" Tooltip=""Intimidation"">Залякування</LSTag>, <LSTag Type=""Skills"" Tooltip=""Performance"">Артистичність</LSTag> або <LSTag Type=""Skills"" Tooltip=""Persuasion"">Переконання</LSTag>."
h9f395fe8g244dg8ddcgcbe0g3ee47a325f9f	COMMA_PARENTHESIS_WHITESPACE	Оформлення	 ,	Поставте пробіл після коми, а не перед комою.	,	"Поки ви не носите обладунків, ваш базовий РЗ дорівнює 10 + ваші модифікатори спритності й харизми. Щит не позбавляє вас цієї переваги.\n\nВи також набуваєте володіння однією навичкою на свій вибір: <LSTag Type=""Skills"" Tooltip=""Acrobatics"">Акробатика</LSTag>, <LSTag Type=""Skills"" Tooltip=""Intimidation"">Залякування</LSTag>, <LSTag Type=""Skills"" Tooltip=""Performance"">Артистичність</LSTag> або <LSTag Type=""Skills"" Tooltip=""Persuasion"">Переконання</LSTag>."
h9f395fe8g244dg8ddcgcbe0g3ee47a325f9f	COMMA_PARENTHESIS_WHITESPACE	Оформлення	 ,	Поставте пробіл після коми, а не перед комою.	,	"Поки ви не носите обладунків, ваш базовий РЗ дорівнює 10 + ваші модифікатори спритності й харизми. Щит не позбавляє вас цієї переваги.\n\nВи також набуваєте володіння однією навичкою на свій вибір: <LSTag Type=""Skills"" Tooltip=""Acrobatics"">Акробатика</LSTag>, <LSTag Type=""Skills"" Tooltip=""Intimidation"">Залякування</LSTag>, <LSTag Type=""Skills"" Tooltip=""Performance"">Артистичність</LSTag> або <LSTag Type=""Skills"" Tooltip=""Persuasion"">Переконання</LSTag>."
h9f395fe8g244dg8ddcgcbe0g3ee47a325f9f	COMMA_PARENTHESIS_WHITESPACE	Оформлення	 .	Не ставте пробіл перед крапкою.	.	"Поки ви не носите обладунків, ваш базовий РЗ дорівнює 10 + ваші модифікатори спритності й харизми. Щит не позбавляє вас цієї переваги.\n\nВи також набуваєте володіння однією навичкою на свій вибір: <LSTag Type=""Skills"" Tooltip=""Acrobatics"">Акробатика</LSTag>, <LSTag Type=""Skills"" Tooltip=""Intimidation"">Залякування</LSTag>, <LSTag Type=""Skills"" Tooltip=""Performance"">Артистичність</LSTag> або <LSTag Type=""Skills"" Tooltip=""Persuasion"">Переконання</LSTag>."
hc2eacb6dgfdd7gb76ag186cgecc6d2ed93b5	MORFOLOGIK_RULE_UK_UA	Можлива механічна помилка	колольної	Знайдено потенційну орфографічну помилку.	колосальної, колоїдної, Колодної, Окольної, голільної, золильної, золільної, кокільної	Ви телепортуєтеся у видимий вільний простір у межах 30 футів і набуваєте напівбезтілесної подоби до кінця свого наступного ходу. У цій подобі ви маєте опір до забійної, колольної та рубальної шкоди й імунітет до станів повалення та знерухомлення.
h41d151e2g9ff2g7903gdcffg74d3df5ec77f	MORFOLOGIK_RULE_UK_UA	Можлива механічна помилка	іфрита	Знайдено потенційну орфографічну помилку.	Ірина, Африка, вкрита, корита, іврит, ігрища, івриту, івриті	Лють іфрита
h48d5140cg0c24ga6cfg77d7g5b5aac3590e3	MORFOLOGIK_RULE_UK_UA	Можлива механічна помилка	марида	Знайдено потенційну орфографічну помилку.	Марина, марина, Мадрида, Марича, марива, марила, марища, маруда	Сплеск марида
h08615922g6a70gfeabg9ddeg3e421bcce131	MORFOLOGIK_RULE_UK_UA	Можлива механічна помилка	колольної	Знайдено потенційну орфографічну помилку.	колосальної, колоїдної, Колодної, Окольної, голільної, золильної, золільної, кокільної	Ви телепортуєтеся у видимий вільний простір у межах 30 футів і набуваєте напівбезтілесної подоби до кінця свого наступного ходу. У цій подобі ви маєте опір до забійної, колольної та рубальної шкоди й імунітет до станів повалення та знерухомлення.
h2882b8f2g2c4dg9432gc6b0gd97aa3d6ec17	MORFOLOGIK_RULE_UK_UA	Можлива механічна помилка	колольної	Знайдено потенційну орфографічну помилку.	колосальної, колоїдної, Колодної, Окольної, голільної, золильної, золільної, кокільної	Ви телепортуєтеся у видимий вільний простір у межах 30 футів і набуваєте напівбезтілесної подоби до кінця свого наступного ходу. У цій подобі ви маєте опір до забійної, колольної та рубальної шкоди й імунітет до станів повалення та знерухомлення.
hcf424f73gfc0dg7cc2gd583ga378200e953d	COMMA_PARENTHESIS_WHITESPACE	Оформлення	( 	Не ставте пробіл після лівої дужки	(	"Поки діє «Клинковий спів», ви отримуєте такі переваги.\n\nСпритність. Ви отримуєте бонус до рівня захисту, що дорівнює модифікатору інтелекту (щонайменше +1), а ваша швидкість збільшується на 10 футів. Крім того, ви маєте перевагу в перевірках спритності (<LSTag Type=""Skills"" Tooltip=""Acrobatics"">Акробатика</LSTag>).\n\nМайстерність клинка. Атакуючи зброєю, якою володієте, ви можете використовувати для кидків атаки й шкоди модифікатор інтелекту замість сили чи спритності.\n\nКонцентрація. Виконуючи кидок протидії статурою для підтримання концентрації, ви можете додати до результату модифікатор інтелекту."
hcf424f73gfc0dg7cc2gd583ga378200e953d	COMMA_PARENTHESIS_WHITESPACE	Оформлення	 )	Не ставте пробіл перед правою дужкою	)	"Поки діє «Клинковий спів», ви отримуєте такі переваги.\n\nСпритність. Ви отримуєте бонус до рівня захисту, що дорівнює модифікатору інтелекту (щонайменше +1), а ваша швидкість збільшується на 10 футів. Крім того, ви маєте перевагу в перевірках спритності (<LSTag Type=""Skills"" Tooltip=""Acrobatics"">Акробатика</LSTag>).\n\nМайстерність клинка. Атакуючи зброєю, якою володієте, ви можете використовувати для кидків атаки й шкоди модифікатор інтелекту замість сили чи спритності.\n\nКонцентрація. Виконуючи кидок протидії статурою для підтримання концентрації, ви можете додати до результату модифікатор інтелекту."
h1669b47agf0fagd245g92f2g0e39a2c90370	MORFOLOGIK_RULE_UK_UA	Можлива механічна помилка	РЗ	Знайдено потенційну орфографічну помилку.	З, ІЗ, РАЗ, РФ, ВЗ, РБ, ПЗ, РП	"Спритність. Ви отримуєте бонус до РЗ, що дорівнює вашому модифікатору інтелекту (щонайменше +1), а ваша швидкість збільшується на 10 футів. Крім того, ви маєте перевагу в перевірках спритності (<LSTag Type=""Skills"" Tooltip=""Acrobatics"">Акробатика</LSTag>).\n\nМайстерність клинка. Атакуючи зброєю, якою володієте, ви можете використовувати свій модифікатор інтелекту замість сили чи спритності для кидків атаки й шкоди.\n\nКонцентрація. Виконуючи кидок протидії статурою для підтримання концентрації, ви можете додати до результату свій модифікатор інтелекту."
h1669b47agf0fagd245g92f2g0e39a2c90370	COMMA_PARENTHESIS_WHITESPACE	Оформлення	( 	Не ставте пробіл після лівої дужки	(	"Спритність. Ви отримуєте бонус до РЗ, що дорівнює вашому модифікатору інтелекту (щонайменше +1), а ваша швидкість збільшується на 10 футів. Крім того, ви маєте перевагу в перевірках спритності (<LSTag Type=""Skills"" Tooltip=""Acrobatics"">Акробатика</LSTag>).\n\nМайстерність клинка. Атакуючи зброєю, якою володієте, ви можете використовувати свій модифікатор інтелекту замість сили чи спритності для кидків атаки й шкоди.\n\nКонцентрація. Виконуючи кидок протидії статурою для підтримання концентрації, ви можете додати до результату свій модифікатор інтелекту."
h1669b47agf0fagd245g92f2g0e39a2c90370	COMMA_PARENTHESIS_WHITESPACE	Оформлення	 )	Не ставте пробіл перед правою дужкою	)	"Спритність. Ви отримуєте бонус до РЗ, що дорівнює вашому модифікатору інтелекту (щонайменше +1), а ваша швидкість збільшується на 10 футів. Крім того, ви маєте перевагу в перевірках спритності (<LSTag Type=""Skills"" Tooltip=""Acrobatics"">Акробатика</LSTag>).\n\nМайстерність клинка. Атакуючи зброєю, якою володієте, ви можете використовувати свій модифікатор інтелекту замість сили чи спритності для кидків атаки й шкоди.\n\nКонцентрація. Виконуючи кидок протидії статурою для підтримання концентрації, ви можете додати до результату свій модифікатор інтелекту."
h352f38e9g6190gf239gf947g79ecb474c84f	COMMA_PARENTHESIS_WHITESPACE	Оформлення	 ,	Поставте пробіл після коми, а не перед комою.	,	"Ви отримуєте володіння всією бойовою зброєю ближнього бою без властивостей «Дворучна» й «Важка». Зброю ближнього бою, якою ви володієте, можна використовувати як магічний осередок для заклять чарівника.\n\nВи також набуваєте володіння однією навичкою на свій вибір: <LSTag Type=""Skills"" Tooltip=""Acrobatics"">Акробатика</LSTag>, <LSTag Type=""Skills"" Tooltip=""Athletics"">Атлетика</LSTag>, <LSTag Type=""Skills"" Tooltip=""Performance"">Артистичність</LSTag> або <LSTag Type=""Skills"" Tooltip=""Persuasion"">Переконання</LSTag>."
h352f38e9g6190gf239gf947g79ecb474c84f	COMMA_PARENTHESIS_WHITESPACE	Оформлення	 ,	Поставте пробіл після коми, а не перед комою.	,	"Ви отримуєте володіння всією бойовою зброєю ближнього бою без властивостей «Дворучна» й «Важка». Зброю ближнього бою, якою ви володієте, можна використовувати як магічний осередок для заклять чарівника.\n\nВи також набуваєте володіння однією навичкою на свій вибір: <LSTag Type=""Skills"" Tooltip=""Acrobatics"">Акробатика</LSTag>, <LSTag Type=""Skills"" Tooltip=""Athletics"">Атлетика</LSTag>, <LSTag Type=""Skills"" Tooltip=""Performance"">Артистичність</LSTag> або <LSTag Type=""Skills"" Tooltip=""Persuasion"">Переконання</LSTag>."
h352f38e9g6190gf239gf947g79ecb474c84f	COMMA_PARENTHESIS_WHITESPACE	Оформлення	 .	Не ставте пробіл перед крапкою.	.	"Ви отримуєте володіння всією бойовою зброєю ближнього бою без властивостей «Дворучна» й «Важка». Зброю ближнього бою, якою ви володієте, можна використовувати як магічний осередок для заклять чарівника.\n\nВи також набуваєте володіння однією навичкою на свій вибір: <LSTag Type=""Skills"" Tooltip=""Acrobatics"">Акробатика</LSTag>, <LSTag Type=""Skills"" Tooltip=""Athletics"">Атлетика</LSTag>, <LSTag Type=""Skills"" Tooltip=""Performance"">Артистичність</LSTag> або <LSTag Type=""Skills"" Tooltip=""Persuasion"">Переконання</LSTag>."
hf106deb5gfb07g4bdeg0a01g623dd85de6b9	MORFOLOGIK_RULE_UK_UA	Можлива механічна помилка	Міф-Драннора	Знайдено потенційну орфографічну помилку.		Співці клинка опановують чарівницьку традицію, що поєднує фехтування й танець. У бою вони виконують складні та вишукані рухи, які відвертають шкоду й спрямовують магію в нищівні атаки та хитромудрий захист. Багато хто з очевидців називає цей величний танець під спів клинка одним із найпрекрасніших видовищ у своєму житті.\n\nСпів клинка пов’язаний із прадавніми ельфійськими народами, що першими опанували й назвали це мистецтво. Навіть нині більшість його майстрів походить зі старих ельфійських царств на кшталт Міф-Драннора або з неельфійських земель, які поділяють з ельфами історію, як-от Срібні Марші. Хоч би де вони народилися, співці клинка мандрують Королівствами, допомагають простим людям і чинять героїчні діяння. У більшості громад їхню появу вважають доброю прикметою.
hf106deb5gfb07g4bdeg0a01g623dd85de6b9	MORFOLOGIK_RULE_UK_UA	Можлива механічна помилка	неельфійських	Знайдено потенційну орфографічну помилку.	не ельфійських	Співці клинка опановують чарівницьку традицію, що поєднує фехтування й танець. У бою вони виконують складні та вишукані рухи, які відвертають шкоду й спрямовують магію в нищівні атаки та хитромудрий захист. Багато хто з очевидців називає цей величний танець під спів клинка одним із найпрекрасніших видовищ у своєму житті.\n\nСпів клинка пов’язаний із прадавніми ельфійськими народами, що першими опанували й назвали це мистецтво. Навіть нині більшість його майстрів походить зі старих ельфійських царств на кшталт Міф-Драннора або з неельфійських земель, які поділяють з ельфами історію, як-от Срібні Марші. Хоч би де вони народилися, співці клинка мандрують Королівствами, допомагають простим людям і чинять героїчні діяння. У більшості громад їхню появу вважають доброю прикметою.
ha031b042gd64ag0b74g62b9g7aa92b2a2119	MORFOLOGIK_RULE_UK_UA	Можлива механічна помилка	Балдура	Знайдено потенційну орфографічну помилку.	Бандура	Нащадок Трійці черпає силу від зловісних богів, відомих у Брамі Балдура як Мертва Трійця: Бейна, бога тиранії; Баала, бога насильства й убивства; та Меркула, бога смерті. Одні пройдисвіти цього підкласу ревно служать трьом моторошним богам, а інших штовхає на цей шлях прокляття. У будь-якому разі сила нащадка проявляється окультними дарами й надприродним хистом уражати та жахати ворогів.\n\nНайчастіше Нащадки Трійці трапляються в Брамі Балдура, де боги Мертвої Трійці жили смертними до свого обожнення. Підпільні культи Бейна, Баала й Меркула часто використовують їх як найцінніших агентів. За межами міста світські злодійські гільдії на кшталт Тіньових злодіїв Амну чи Гільдії Ксанатара в Глибоководді можуть доручити Нащадкові Трійці особливо кривавий контракт.
ha031b042gd64ag0b74g62b9g7aa92b2a2119	MORFOLOGIK_RULE_UK_UA	Можлива механічна помилка	Бейна	Знайдено потенційну орфографічну помилку.	Буйна, Бейла, Бена, Берна, Вейна, Дейна, Кейна, Лейна	Нащадок Трійці черпає силу від зловісних богів, відомих у Брамі Балдура як Мертва Трійця: Бейна, бога тиранії; Баала, бога насильства й убивства; та Меркула, бога смерті. Одні пройдисвіти цього підкласу ревно служать трьом моторошним богам, а інших штовхає на цей шлях прокляття. У будь-якому разі сила нащадка проявляється окультними дарами й надприродним хистом уражати та жахати ворогів.\n\nНайчастіше Нащадки Трійці трапляються в Брамі Балдура, де боги Мертвої Трійці жили смертними до свого обожнення. Підпільні культи Бейна, Баала й Меркула часто використовують їх як найцінніших агентів. За межами міста світські злодійські гільдії на кшталт Тіньових злодіїв Амну чи Гільдії Ксанатара в Глибоководді можуть доручити Нащадкові Трійці особливо кривавий контракт.
ha031b042gd64ag0b74g62b9g7aa92b2a2119	MORFOLOGIK_RULE_UK_UA	Можлива механічна помилка	Меркула	Знайдено потенційну орфографічну помилку.	Деркула, Меркла, Меркнула, Мерку ла	Нащадок Трійці черпає силу від зловісних богів, відомих у Брамі Балдура як Мертва Трійця: Бейна, бога тиранії; Баала, бога насильства й убивства; та Меркула, бога смерті. Одні пройдисвіти цього підкласу ревно служать трьом моторошним богам, а інших штовхає на цей шлях прокляття. У будь-якому разі сила нащадка проявляється окультними дарами й надприродним хистом уражати та жахати ворогів.\n\nНайчастіше Нащадки Трійці трапляються в Брамі Балдура, де боги Мертвої Трійці жили смертними до свого обожнення. Підпільні культи Бейна, Баала й Меркула часто використовують їх як найцінніших агентів. За межами міста світські злодійські гільдії на кшталт Тіньових злодіїв Амну чи Гільдії Ксанатара в Глибоководді можуть доручити Нащадкові Трійці особливо кривавий контракт.
ha031b042gd64ag0b74g62b9g7aa92b2a2119	MORFOLOGIK_RULE_UK_UA	Можлива механічна помилка	Балдура	Знайдено потенційну орфографічну помилку.	Бандура	Нащадок Трійці черпає силу від зловісних богів, відомих у Брамі Балдура як Мертва Трійця: Бейна, бога тиранії; Баала, бога насильства й убивства; та Меркула, бога смерті. Одні пройдисвіти цього підкласу ревно служать трьом моторошним богам, а інших штовхає на цей шлях прокляття. У будь-якому разі сила нащадка проявляється окультними дарами й надприродним хистом уражати та жахати ворогів.\n\nНайчастіше Нащадки Трійці трапляються в Брамі Балдура, де боги Мертвої Трійці жили смертними до свого обожнення. Підпільні культи Бейна, Баала й Меркула часто використовують їх як найцінніших агентів. За межами міста світські злодійські гільдії на кшталт Тіньових злодіїв Амну чи Гільдії Ксанатара в Глибоководді можуть доручити Нащадкові Трійці особливо кривавий контракт.
ha031b042gd64ag0b74g62b9g7aa92b2a2119	MORFOLOGIK_RULE_UK_UA	Можлива механічна помилка	Бейна	Знайдено потенційну орфографічну помилку.	Буйна, Бейла, Бена, Берна, Вейна, Дейна, Кейна, Лейна	Нащадок Трійці черпає силу від зловісних богів, відомих у Брамі Балдура як Мертва Трійця: Бейна, бога тиранії; Баала, бога насильства й убивства; та Меркула, бога смерті. Одні пройдисвіти цього підкласу ревно служать трьом моторошним богам, а інших штовхає на цей шлях прокляття. У будь-якому разі сила нащадка проявляється окультними дарами й надприродним хистом уражати та жахати ворогів.\n\nНайчастіше Нащадки Трійці трапляються в Брамі Балдура, де боги Мертвої Трійці жили смертними до свого обожнення. Підпільні культи Бейна, Баала й Меркула часто використовують їх як найцінніших агентів. За межами міста світські злодійські гільдії на кшталт Тіньових злодіїв Амну чи Гільдії Ксанатара в Глибоководді можуть доручити Нащадкові Трійці особливо кривавий контракт.
ha031b042gd64ag0b74g62b9g7aa92b2a2119	MORFOLOGIK_RULE_UK_UA	Можлива механічна помилка	Меркула	Знайдено потенційну орфографічну помилку.	Деркула, Меркла, Меркнула, Мерку ла	Нащадок Трійці черпає силу від зловісних богів, відомих у Брамі Балдура як Мертва Трійця: Бейна, бога тиранії; Баала, бога насильства й убивства; та Меркула, бога смерті. Одні пройдисвіти цього підкласу ревно служать трьом моторошним богам, а інших штовхає на цей шлях прокляття. У будь-якому разі сила нащадка проявляється окультними дарами й надприродним хистом уражати та жахати ворогів.\n\nНайчастіше Нащадки Трійці трапляються в Брамі Балдура, де боги Мертвої Трійці жили смертними до свого обожнення. Підпільні культи Бейна, Баала й Меркула часто використовують їх як найцінніших агентів. За межами міста світські злодійські гільдії на кшталт Тіньових злодіїв Амну чи Гільдії Ксанатара в Глибоководді можуть доручити Нащадкові Трійці особливо кривавий контракт.
ha031b042gd64ag0b74g62b9g7aa92b2a2119	MORFOLOGIK_RULE_UK_UA	Можлива механічна помилка	Амну	Знайдено потенційну орфографічну помилку.	АМНУ, АМКУ, Анну, АМН, Ану, Намну, АМПУ, АМУ	Нащадок Трійці черпає силу від зловісних богів, відомих у Брамі Балдура як Мертва Трійця: Бейна, бога тиранії; Баала, бога насильства й убивства; та Меркула, бога смерті. Одні пройдисвіти цього підкласу ревно служать трьом моторошним богам, а інших штовхає на цей шлях прокляття. У будь-якому разі сила нащадка проявляється окультними дарами й надприродним хистом уражати та жахати ворогів.\n\nНайчастіше Нащадки Трійці трапляються в Брамі Балдура, де боги Мертвої Трійці жили смертними до свого обожнення. Підпільні культи Бейна, Баала й Меркула часто використовують їх як найцінніших агентів. За межами міста світські злодійські гільдії на кшталт Тіньових злодіїв Амну чи Гільдії Ксанатара в Глибоководді можуть доручити Нащадкові Трійці особливо кривавий контракт.
ha031b042gd64ag0b74g62b9g7aa92b2a2119	MORFOLOGIK_RULE_UK_UA	Можлива механічна помилка	Ксанатара	Знайдено потенційну орфографічну помилку.	Санітара, Кантара, Санатора	Нащадок Трійці черпає силу від зловісних богів, відомих у Брамі Балдура як Мертва Трійця: Бейна, бога тиранії; Баала, бога насильства й убивства; та Меркула, бога смерті. Одні пройдисвіти цього підкласу ревно служать трьом моторошним богам, а інших штовхає на цей шлях прокляття. У будь-якому разі сила нащадка проявляється окультними дарами й надприродним хистом уражати та жахати ворогів.\n\nНайчастіше Нащадки Трійці трапляються в Брамі Балдура, де боги Мертвої Трійці жили смертними до свого обожнення. Підпільні культи Бейна, Баала й Меркула часто використовують їх як найцінніших агентів. За межами міста світські злодійські гільдії на кшталт Тіньових злодіїв Амну чи Гільдії Ксанатара в Глибоководді можуть доручити Нащадкові Трійці особливо кривавий контракт.
h717c2effgcfefg6531g04eeg3d6a10c88329	MORFOLOGIK_RULE_UK_UA	Можлива механічна помилка	Бейна	Знайдено потенційну орфографічну помилку.	Буйна, Бейла, Бена, Берна, Вейна, Дейна, Кейна, Лейна	"Ви укладаєте Моторошну вірність, обираючи одного з Мертвої Трійці: Бейна, Баала або Меркула. Ваш вибір дає опір до певного типу шкоди й змогу проказувати відповідне замовляння, базовою характеристикою проказування якого є інтелект.\n\nОбравши Бейна, ви отримуєте опір до психічної шкоди й можете проказувати <LSTag Type=""Spell"" Tooltip=""Target_ImprovedMinorIllusion"">«Малу ілюзію»</LSTag>.\n\nОбравши Баала, ви отримуєте опір до отруйної шкоди й можете проказувати <LSTag Type=""Spell"" Tooltip=""Shout_BladeWard"">«Оберіг від зброї»</LSTag>.\n\nОбравши Меркула, ви отримуєте опір до некротичної шкоди й можете проказувати «Крижаний дотик».\n\nВи можете змінити обране божество після кожного довгого відпочинку."
h717c2effgcfefg6531g04eeg3d6a10c88329	MORFOLOGIK_RULE_UK_UA	Можлива механічна помилка	Меркула	Знайдено потенційну орфографічну помилку.	Деркула, Меркла, Меркнула, Мерку ла	"Ви укладаєте Моторошну вірність, обираючи одного з Мертвої Трійці: Бейна, Баала або Меркула. Ваш вибір дає опір до певного типу шкоди й змогу проказувати відповідне замовляння, базовою характеристикою проказування якого є інтелект.\n\nОбравши Бейна, ви отримуєте опір до психічної шкоди й можете проказувати <LSTag Type=""Spell"" Tooltip=""Target_ImprovedMinorIllusion"">«Малу ілюзію»</LSTag>.\n\nОбравши Баала, ви отримуєте опір до отруйної шкоди й можете проказувати <LSTag Type=""Spell"" Tooltip=""Shout_BladeWard"">«Оберіг від зброї»</LSTag>.\n\nОбравши Меркула, ви отримуєте опір до некротичної шкоди й можете проказувати «Крижаний дотик».\n\nВи можете змінити обране божество після кожного довгого відпочинку."
h717c2effgcfefg6531g04eeg3d6a10c88329	MORFOLOGIK_RULE_UK_UA	Можлива механічна помилка	Бейна	Знайдено потенційну орфографічну помилку.	Буйна, Бейла, Бена, Берна, Вейна, Дейна, Кейна, Лейна	"Ви укладаєте Моторошну вірність, обираючи одного з Мертвої Трійці: Бейна, Баала або Меркула. Ваш вибір дає опір до певного типу шкоди й змогу проказувати відповідне замовляння, базовою характеристикою проказування якого є інтелект.\n\nОбравши Бейна, ви отримуєте опір до психічної шкоди й можете проказувати <LSTag Type=""Spell"" Tooltip=""Target_ImprovedMinorIllusion"">«Малу ілюзію»</LSTag>.\n\nОбравши Баала, ви отримуєте опір до отруйної шкоди й можете проказувати <LSTag Type=""Spell"" Tooltip=""Shout_BladeWard"">«Оберіг від зброї»</LSTag>.\n\nОбравши Меркула, ви отримуєте опір до некротичної шкоди й можете проказувати «Крижаний дотик».\n\nВи можете змінити обране божество після кожного довгого відпочинку."
h717c2effgcfefg6531g04eeg3d6a10c88329	COMMA_PARENTHESIS_WHITESPACE	Оформлення	 .	Не ставте пробіл перед крапкою.	.	"Ви укладаєте Моторошну вірність, обираючи одного з Мертвої Трійці: Бейна, Баала або Меркула. Ваш вибір дає опір до певного типу шкоди й змогу проказувати відповідне замовляння, базовою характеристикою проказування якого є інтелект.\n\nОбравши Бейна, ви отримуєте опір до психічної шкоди й можете проказувати <LSTag Type=""Spell"" Tooltip=""Target_ImprovedMinorIllusion"">«Малу ілюзію»</LSTag>.\n\nОбравши Баала, ви отримуєте опір до отруйної шкоди й можете проказувати <LSTag Type=""Spell"" Tooltip=""Shout_BladeWard"">«Оберіг від зброї»</LSTag>.\n\nОбравши Меркула, ви отримуєте опір до некротичної шкоди й можете проказувати «Крижаний дотик».\n\nВи можете змінити обране божество після кожного довгого відпочинку."
h717c2effgcfefg6531g04eeg3d6a10c88329	COMMA_PARENTHESIS_WHITESPACE	Оформлення	 .	Не ставте пробіл перед крапкою.	.	"Ви укладаєте Моторошну вірність, обираючи одного з Мертвої Трійці: Бейна, Баала або Меркула. Ваш вибір дає опір до певного типу шкоди й змогу проказувати відповідне замовляння, базовою характеристикою проказування якого є інтелект.\n\nОбравши Бейна, ви отримуєте опір до психічної шкоди й можете проказувати <LSTag Type=""Spell"" Tooltip=""Target_ImprovedMinorIllusion"">«Малу ілюзію»</LSTag>.\n\nОбравши Баала, ви отримуєте опір до отруйної шкоди й можете проказувати <LSTag Type=""Spell"" Tooltip=""Shout_BladeWard"">«Оберіг від зброї»</LSTag>.\n\nОбравши Меркула, ви отримуєте опір до некротичної шкоди й можете проказувати «Крижаний дотик».\n\nВи можете змінити обране божество після кожного довгого відпочинку."
h717c2effgcfefg6531g04eeg3d6a10c88329	MORFOLOGIK_RULE_UK_UA	Можлива механічна помилка	Меркула	Знайдено потенційну орфографічну помилку.	Деркула, Меркла, Меркнула, Мерку ла	"Ви укладаєте Моторошну вірність, обираючи одного з Мертвої Трійці: Бейна, Баала або Меркула. Ваш вибір дає опір до певного типу шкоди й змогу проказувати відповідне замовляння, базовою характеристикою проказування якого є інтелект.\n\nОбравши Бейна, ви отримуєте опір до психічної шкоди й можете проказувати <LSTag Type=""Spell"" Tooltip=""Target_ImprovedMinorIllusion"">«Малу ілюзію»</LSTag>.\n\nОбравши Баала, ви отримуєте опір до отруйної шкоди й можете проказувати <LSTag Type=""Spell"" Tooltip=""Shout_BladeWard"">«Оберіг від зброї»</LSTag>.\n\nОбравши Меркула, ви отримуєте опір до некротичної шкоди й можете проказувати «Крижаний дотик».\n\nВи можете змінити обране божество після кожного довгого відпочинку."
h736d5bdeg69c8gbab3g930bg6890a9ba3432	MORFOLOGIK_RULE_UK_UA	Можлива механічна помилка	нажахання	Знайдено потенційну орфографічну помилку.	на жахання	Хитрий удар: нажахання
hed1840dbga25bga18bg158cg2e3656728e43	MORFOLOGIK_RULE_UK_UA	Можлива механічна помилка	Бейна	Знайдено потенційну орфографічну помилку.	Буйна, Бейла, Бена, Берна, Вейна, Дейна, Кейна, Лейна	Ви присягаєте на Моторошну вірність, обираючи одного з Мертвої Трійці: Бейна, Баала або Меркула. Ваш вибір надає опір до певного типу шкоди й змогу проказувати відповідне замовляння, використовуючи інтелект як базову характеристику проказування.
hed1840dbga25bga18bg158cg2e3656728e43	MORFOLOGIK_RULE_UK_UA	Можлива механічна помилка	Меркула	Знайдено потенційну орфографічну помилку.	Деркула, Меркла, Меркнула, Мерку ла	Ви присягаєте на Моторошну вірність, обираючи одного з Мертвої Трійці: Бейна, Баала або Меркула. Ваш вибір надає опір до певного типу шкоди й змогу проказувати відповідне замовляння, використовуючи інтелект як базову характеристику проказування.
h6d6ec091g6782g7736g3633g063bf2cee187	MORFOLOGIK_RULE_UK_UA	Можлива механічна помилка	Бейн	Знайдено потенційну орфографічну помилку.	Бен, Бей, Бейл, Кейн, Берн, Вейн, Дейн, Лейн	Моторошна відданість: Бейн
h7601f4ccg5ecfg89a8gf4d4gc425820bf2a2	MORFOLOGIK_RULE_UK_UA	Можлива механічна помилка	Бейна	Знайдено потенційну орфографічну помилку.	Буйна, Бейла, Бена, Берна, Вейна, Дейна, Кейна, Лейна	"Якщо ви обираєте Бейна, ви отримуєте опір до психічної шкоди й можете проказувати <LSTag Type=""Spell"" Tooltip=""Target_ImprovedMinorIllusion"">«Малу ілюзію»</LSTag>."
h7601f4ccg5ecfg89a8gf4d4gc425820bf2a2	COMMA_PARENTHESIS_WHITESPACE	Оформлення	 .	Не ставте пробіл перед крапкою.	.	"Якщо ви обираєте Бейна, ви отримуєте опір до психічної шкоди й можете проказувати <LSTag Type=""Spell"" Tooltip=""Target_ImprovedMinorIllusion"">«Малу ілюзію»</LSTag>."
hb4a3c0b4g39f9g3519g8885g8624730cfa75	COMMA_PARENTHESIS_WHITESPACE	Оформлення	 .	Не ставте пробіл перед крапкою.	.	"Якщо ви обираєте Баала, ви отримуєте опір до шкоди отрутою й можете проказувати <LSTag Type=""Spell"" Tooltip=""Shout_BladeWard"">«Оберіг від зброї»</LSTag>."
h23fa8e89g70f4g44b2g3bceg2ab0350c9dde	MORFOLOGIK_RULE_UK_UA	Можлива механічна помилка	Меркул	Знайдено потенційну орфографічну помилку.	Деркул, Мерку, Мерку л	Моторошна відданість: Меркул
h6523df3dgbad7g0fafg867dg13134c55e3c3	MORFOLOGIK_RULE_UK_UA	Можлива механічна помилка	Меркула	Знайдено потенційну орфографічну помилку.	Деркула, Меркла, Меркнула, Мерку ла	Якщо ви обираєте Меркула, ви отримуєте опір до некротичної шкоди й можете проказувати «Крижаний дотик».
h9a96305agf2f9g7267gdc69g37c278977066	MORFOLOGIK_RULE_UK_UA	Можлива механічна помилка	Бейн	Знайдено потенційну орфографічну помилку.	Бен, Бей, Бейл, Кейн, Берн, Вейн, Дейн, Лейн	Моторошна відданість: Бейн
h58ee4755g4d7eg3830g0e23g9eeb9de00bf1	COMMA_PARENTHESIS_WHITESPACE	Оформлення	 .	Не ставте пробіл перед крапкою.	.	"Ви отримуєте опір до шкоди отрутою й можете проказувати <LSTag Type=""Spell"" Tooltip=""Shout_BladeWard"">«Оберіг від зброї»</LSTag>."
hb44a03abgc118ge0f2g55eegf877db7779de	MORFOLOGIK_RULE_UK_UA	Можлива механічна помилка	Меркул	Знайдено потенційну орфографічну помилку.	Деркул, Мерку, Мерку л	Моторошна відданість: Меркул
h5d10607dg8858g0d58gde8bgfe26a1630521	MORFOLOGIK_RULE_UK_UA	Можлива механічна помилка	Чаровогняний	Знайдено потенційну орфографічну помилку.	Чаро вогняний	Рівень 3: Чаровогняний вибух
h792eabcbgff7bgb40dg8713g68bba5de6f04	MORFOLOGIK_RULE_UK_UA	Можлива механічна помилка	Чаровогняні	Знайдено потенційну орфографічну помилку.	Чаро вогняні	Рівень 3: Чаровогняні закляття
h848282acg476egf71fgd7feg17ed2acf814f	MORFOLOGIK_RULE_UK_UA	Можлива механічна помилка	Чароспин	Знайдено потенційну орфографічну помилку.	Чаро спин	На певних рівнях чародія ви отримуєте закляття, які надалі завжди вважаються підготовленими: на 3-му рівні — «Зцілення ран», «Вказівний заряд», «Мале відновлення» та «Палюче проміння»; на 5-му — «Аура життєвості» й «Чароспин»; на 7-му — «Вогняний щит» і «Стіна вогню»; на 9-му — «Велике відновлення» та «Вогняний стовп».
hf28a6857g5521g1f6eg1195g302e7c01246f	MORFOLOGIK_RULE_UK_UA	Можлива механічна помилка	Чароспину	Знайдено потенційну орфографічну помилку.	Чаро спину	Щоразу, коли ціль провалює кидок протидії проти проказаного вами «Чароспину», ви відновлюєте 1d4 очок чародійства.
h602c4560gbaadg43f4gca20g38ba13dd40b6	MORFOLOGIK_RULE_UK_UA	Можлива механічна помилка	Чаровогняний	Знайдено потенційну орфографічну помилку.	Чаро вогняний	Чаровогняний вибух
ha9f42619g46e1gf33agd7f6gca23d5d634b0	MORFOLOGIK_RULE_UK_UA	Можлива механічна помилка	Чаровогняний	Знайдено потенційну орфографічну помилку.	Чаро вогняний	Чаровогняний вибух
hebae72e1ga142gbc3dg8f84ge0a92b2e9d8e	MORFOLOGIK_RULE_UK_UA	Можлива механічна помилка	чаровогню	Знайдено потенційну орфографічну помилку.	чаро вогню	Чародійство чаровогню
h60db9c86g6587g9b47g7ddcgd3131d7fdb99	MORFOLOGIK_RULE_UK_UA	Можлива механічна помилка	чаровогонь	Знайдено потенційну орфографічну помилку.	чаро вогонь	Ваша вроджена сила походить із самого джерела магії — Плетіння. Цей зв’язок проявляється рідкісною здатністю, відомою як чаровогонь, а ваше тіло пульсує променевими спалахами первісної магії. Завдяки чаровогню ви можете зцілювати союзників, обпалювати ворогів і поглинати могутні закляття.\n\nНосії чаровогню зазвичай мають жагу до мандрів. Багато хто подорожує між багатолюдними поселеннями Узбережжя Мечів і служить магією спільному благу. Інші відкривають власні дивні сили в не менш дивних краях — від спустошених магією пусток Анауроху до благословенних богами земель Старих Імперій. Де б у Королівствах не з’явилися чародії чаровогню, їх прихильності домагаються Арфісти, Культ Дракона, Червоні чарівники та інші угруповання, зацікавлені в містичних мистецтвах.
h60db9c86g6587g9b47g7ddcgd3131d7fdb99	MORFOLOGIK_RULE_UK_UA	Можлива механічна помилка	чаровогню	Знайдено потенційну орфографічну помилку.	чаро вогню	Ваша вроджена сила походить із самого джерела магії — Плетіння. Цей зв’язок проявляється рідкісною здатністю, відомою як чаровогонь, а ваше тіло пульсує променевими спалахами первісної магії. Завдяки чаровогню ви можете зцілювати союзників, обпалювати ворогів і поглинати могутні закляття.\n\nНосії чаровогню зазвичай мають жагу до мандрів. Багато хто подорожує між багатолюдними поселеннями Узбережжя Мечів і служить магією спільному благу. Інші відкривають власні дивні сили в не менш дивних краях — від спустошених магією пусток Анауроху до благословенних богами земель Старих Імперій. Де б у Королівствах не з’явилися чародії чаровогню, їх прихильності домагаються Арфісти, Культ Дракона, Червоні чарівники та інші угруповання, зацікавлені в містичних мистецтвах.
h60db9c86g6587g9b47g7ddcgd3131d7fdb99	MORFOLOGIK_RULE_UK_UA	Можлива механічна помилка	чаровогню	Знайдено потенційну орфографічну помилку.	чаро вогню	Ваша вроджена сила походить із самого джерела магії — Плетіння. Цей зв’язок проявляється рідкісною здатністю, відомою як чаровогонь, а ваше тіло пульсує променевими спалахами первісної магії. Завдяки чаровогню ви можете зцілювати союзників, обпалювати ворогів і поглинати могутні закляття.\n\nНосії чаровогню зазвичай мають жагу до мандрів. Багато хто подорожує між багатолюдними поселеннями Узбережжя Мечів і служить магією спільному благу. Інші відкривають власні дивні сили в не менш дивних краях — від спустошених магією пусток Анауроху до благословенних богами земель Старих Імперій. Де б у Королівствах не з’явилися чародії чаровогню, їх прихильності домагаються Арфісти, Культ Дракона, Червоні чарівники та інші угруповання, зацікавлені в містичних мистецтвах.
h60db9c86g6587g9b47g7ddcgd3131d7fdb99	MORFOLOGIK_RULE_UK_UA	Можлива механічна помилка	Анауроху	Знайдено потенційну орфографічну помилку.	Анаеробу	Ваша вроджена сила походить із самого джерела магії — Плетіння. Цей зв’язок проявляється рідкісною здатністю, відомою як чаровогонь, а ваше тіло пульсує променевими спалахами первісної магії. Завдяки чаровогню ви можете зцілювати союзників, обпалювати ворогів і поглинати могутні закляття.\n\nНосії чаровогню зазвичай мають жагу до мандрів. Багато хто подорожує між багатолюдними поселеннями Узбережжя Мечів і служить магією спільному благу. Інші відкривають власні дивні сили в не менш дивних краях — від спустошених магією пусток Анауроху до благословенних богами земель Старих Імперій. Де б у Королівствах не з’явилися чародії чаровогню, їх прихильності домагаються Арфісти, Культ Дракона, Червоні чарівники та інші угруповання, зацікавлені в містичних мистецтвах.
h60db9c86g6587g9b47g7ddcgd3131d7fdb99	MORFOLOGIK_RULE_UK_UA	Можлива механічна помилка	чаровогню	Знайдено потенційну орфографічну помилку.	чаро вогню	Ваша вроджена сила походить із самого джерела магії — Плетіння. Цей зв’язок проявляється рідкісною здатністю, відомою як чаровогонь, а ваше тіло пульсує променевими спалахами первісної магії. Завдяки чаровогню ви можете зцілювати союзників, обпалювати ворогів і поглинати могутні закляття.\n\nНосії чаровогню зазвичай мають жагу до мандрів. Багато хто подорожує між багатолюдними поселеннями Узбережжя Мечів і служить магією спільному благу. Інші відкривають власні дивні сили в не менш дивних краях — від спустошених магією пусток Анауроху до благословенних богами земель Старих Імперій. Де б у Королівствах не з’явилися чародії чаровогню, їх прихильності домагаються Арфісти, Культ Дракона, Червоні чарівники та інші угруповання, зацікавлені в містичних мистецтвах.
h133443e3g83d1g23b9gaa79g6afa4fd2cc92	MORFOLOGIK_RULE_UK_UA	Можлива механічна помилка	сліпозір	Знайдено потенційну орфографічну помилку.	сліпо зір	Ви можете витратити одну кістку ризику, щоб отримати сліпозір у межах 30 футів до кінця поточного ходу.
h3f23c59cg5062g7897g047dg8aa2c35442a2	MORFOLOGIK_RULE_UK_UA	Можлива механічна помилка	сліпозір	Знайдено потенційну орфографічну помилку.	сліпо зір	Вторинною дією ви можете витратити одну кістку ризику й отримати сліпозір на 30 футів до кінця поточного ходу.
h2efd301eg6691g78bfg2023g744d09c12743	MORFOLOGIK_RULE_UK_UA	Можлива механічна помилка	РЗ	Знайдено потенційну орфографічну помилку.	З, ІЗ, РАЗ, РФ, ВЗ, РБ, ПЗ, РП	Коли видима вам істота влучає у вас атакою, ви можете застосувати реагування й витратити одну кістку ризику, щоб ухилитися від небезпеки. Киньте кістку й додайте результат до своєї РЗ проти цієї атаки, що може перетворити влучання на промах. Цей маневр можна застосувати лише раз за хід.
h92d115e1gde3cg3ce4g07ebg1a8454c06194	MORFOLOGIK_RULE_UK_UA	Можлива механічна помилка	Ризикувальник	Знайдено потенційну орфографічну помилку.	Ризику вальник	Рівень 10: Ризикувальник
h9fff4318g1d24gfe2bgf7a2g1e0bcaa80c6d	COMMA_PARENTHESIS_WHITESPACE	Оформлення	 ,	Поставте пробіл після коми, а не перед комою.	,	"Ви отримуєте володіння всіма ігровими наборами та однією з таких навичок на ваш вибір: <LSTag Type=""Skills"" Tooltip=""Deception"">Обман</LSTag>, <LSTag Type=""Skills"" Tooltip=""Insight"">Проникливість</LSTag> або <LSTag Type=""Skills"" Tooltip=""Perception"">Відчуття</LSTag>."
h9fff4318g1d24gfe2bgf7a2g1e0bcaa80c6d	COMMA_PARENTHESIS_WHITESPACE	Оформлення	 .	Не ставте пробіл перед крапкою.	.	"Ви отримуєте володіння всіма ігровими наборами та однією з таких навичок на ваш вибір: <LSTag Type=""Skills"" Tooltip=""Deception"">Обман</LSTag>, <LSTag Type=""Skills"" Tooltip=""Insight"">Проникливість</LSTag> або <LSTag Type=""Skills"" Tooltip=""Perception"">Відчуття</LSTag>."
hb415e825g6438g17d3g2957g78ef9a062b18	MORFOLOGIK_RULE_UK_UA	Можлива механічна помилка	Ризикувальник	Знайдено потенційну орфографічну помилку.	Ризику вальник	На волосину від смерті (Ризикувальник)
h498a6304ge277g7fbcg5ab2g9164df541234	MORFOLOGIK_RULE_UK_UA	Можлива механічна помилка	Ризикувальник	Знайдено потенційну орфографічну помилку.	Ризику вальник	Дух одинака (Ризикувальник)
hd5cd42c6g00b9gf97bg188bgb80ad6f17e94	MORFOLOGIK_RULE_UK_UA	Можлива механічна помилка	Чаростріл	Знайдено потенційну орфографічну помилку.	Чаро стріл	Чаростріл
hc1e20b2eg75ccg05fcgecaag065752a6e0ac	MORFOLOGIK_RULE_UK_UA	Можлива механічна помилка	Чаростріли	Знайдено потенційну орфографічну помилку.	Чаро стріли	Магія та рушниці не такі вже й різні: містична сила подібна до пороху, закляття — до кулі, а ви — до зброї, що точно спрямовує чари в нещасну ціль. Чаростріли поєднують стрілецьке мистецтво з проказуванням заклять, вкладають у постріли містичні заряди й випускають кулі, посилені блискавкою, морозом або полум’ям.
hda6df4cdg93a3gab23g3fd8ga7f8a4585d19	COMMA_PARENTHESIS_WHITESPACE	Оформлення	 .	Не ставте пробіл перед крапкою.	.	"Ви отримуєте вправність у перевірках <LSTag Type=""Skills"" Tooltip=""History"">Історії</LSTag>."
h188fcbccg032fg827cg4fc8g0526eb475df0	MORFOLOGIK_RULE_UK_UA	Можлива механічна помилка	РЗ	Знайдено потенційну орфографічну помилку.	З, ІЗ, РАЗ, РФ, ВЗ, РБ, ПЗ, РП	"Перебуваючи в драконячій подобі, ви отримуєте +1 до РЗ, а ваші атаки вважаються магічними для подолання <LSTag Tooltip=""Resistant"">опору</LSTag> та <LSTag Tooltip=""Immune"">імунітету</LSTag> до немагічної шкоди."
h188fcbccg032fg827cg4fc8g0526eb475df0	MORFOLOGIK_RULE_UK_UA	Можлива механічна помилка	немагічної	Знайдено потенційну орфографічну помилку.	не магічної	"Перебуваючи в драконячій подобі, ви отримуєте +1 до РЗ, а ваші атаки вважаються магічними для подолання <LSTag Tooltip=""Resistant"">опору</LSTag> та <LSTag Tooltip=""Immune"">імунітету</LSTag> до немагічної шкоди."
h8a430f87g813dg7f42g06f9gd34f0e6f79f3	MORFOLOGIK_RULE_UK_UA	Можлива механічна помилка	РЗ	Знайдено потенційну орфографічну помилку.	З, ІЗ, РАЗ, РФ, ВЗ, РБ, ПЗ, РП	Перебуваючи в драконячій подобі, ви можете проказувати підготовлені закляття друїда, а ваш РЗ збільшується на 2.
h51fe1e07g2424g5ddcg0df6g20465b6f7342	COMMA_PARENTHESIS_WHITESPACE	Оформлення	 ,	Поставте пробіл після коми, а не перед комою.	,	"Ви набуваєте володіння однією навичкою на свій вибір: <LSTag Type=""Skills"" Tooltip=""AnimalHandling"">Догляд за тваринами</LSTag>, <LSTag Type=""Skills"" Tooltip=""History"">Історія</LSTag>, <LSTag Type=""Skills"" Tooltip=""Insight"">Проникливість</LSTag>, <LSTag Type=""Skills"" Tooltip=""Performance"">Артистичність</LSTag> або <LSTag Type=""Skills"" Tooltip=""Persuasion"">Переконання</LSTag>."
h51fe1e07g2424g5ddcg0df6g20465b6f7342	COMMA_PARENTHESIS_WHITESPACE	Оформлення	 ,	Поставте пробіл після коми, а не перед комою.	,	"Ви набуваєте володіння однією навичкою на свій вибір: <LSTag Type=""Skills"" Tooltip=""AnimalHandling"">Догляд за тваринами</LSTag>, <LSTag Type=""Skills"" Tooltip=""History"">Історія</LSTag>, <LSTag Type=""Skills"" Tooltip=""Insight"">Проникливість</LSTag>, <LSTag Type=""Skills"" Tooltip=""Performance"">Артистичність</LSTag> або <LSTag Type=""Skills"" Tooltip=""Persuasion"">Переконання</LSTag>."
h51fe1e07g2424g5ddcg0df6g20465b6f7342	COMMA_PARENTHESIS_WHITESPACE	Оформлення	 ,	Поставте пробіл після коми, а не перед комою.	,	"Ви набуваєте володіння однією навичкою на свій вибір: <LSTag Type=""Skills"" Tooltip=""AnimalHandling"">Догляд за тваринами</LSTag>, <LSTag Type=""Skills"" Tooltip=""History"">Історія</LSTag>, <LSTag Type=""Skills"" Tooltip=""Insight"">Проникливість</LSTag>, <LSTag Type=""Skills"" Tooltip=""Performance"">Артистичність</LSTag> або <LSTag Type=""Skills"" Tooltip=""Persuasion"">Переконання</LSTag>."
h51fe1e07g2424g5ddcg0df6g20465b6f7342	COMMA_PARENTHESIS_WHITESPACE	Оформлення	 .	Не ставте пробіл перед крапкою.	.	"Ви набуваєте володіння однією навичкою на свій вибір: <LSTag Type=""Skills"" Tooltip=""AnimalHandling"">Догляд за тваринами</LSTag>, <LSTag Type=""Skills"" Tooltip=""History"">Історія</LSTag>, <LSTag Type=""Skills"" Tooltip=""Insight"">Проникливість</LSTag>, <LSTag Type=""Skills"" Tooltip=""Performance"">Артистичність</LSTag> або <LSTag Type=""Skills"" Tooltip=""Persuasion"">Переконання</LSTag>."
h39e677d5ged8fgc431g5486g61bd08885fd5	MORFOLOGIK_RULE_UK_UA	Можлива механічна помилка	проказувань	Знайдено потенційну орфографічну помилку.	показувань, проказувано, прокачувань, промазувань	Ви завжди маєте підготовленим закляття «Мисливська мітка». Кількість його проказувань дорівнює вашому модифікатору сили (щонайменше одне), а всі витрачені застосування відновлюються після довгого відпочинку.
ha2bb03e3g700ag8cdagaff7gd4fdd097b625	MORFOLOGIK_RULE_UK_UA	Можлива механічна помилка	РЗ	Знайдено потенційну орфографічну помилку.	З, ІЗ, РАЗ, РФ, ВЗ, РБ, ПЗ, РП	Ви вчитеся відбивати удари, спрямовані на вас, вашого скакуна чи інших істот поблизу. Коли атака влучає у вас або у видиму вам істоту в межах 5 футів, ви можете застосувати реагування й кинути 1d8, якщо тримаєте зброю ближнього бою або щит. Додайте результат до РЗ цілі проти цієї атаки, що може перетворити влучання на промах.
he7d011e0gaae4g9343gae55g467fb0606a35	MORFOLOGIK_RULE_UK_UA	Можлива механічна помилка	РЗ	Знайдено потенційну орфографічну помилку.	З, ІЗ, РАЗ, РФ, ВЗ, РБ, ПЗ, РП	Ви вчитеся відбивати удари, спрямовані на вас, вашого скакуна чи інших істот поблизу. Коли атака влучає у вас або у видиму вам істоту в межах 5 футів, ви можете застосувати реагування й кинути 1d8, якщо тримаєте зброю ближнього бою або щит. Додайте результат до РЗ цілі проти цієї атаки, що може перетворити влучання на промах.
h0e929a83g6124gede3gd6d6g810f31fc91bf	UK_SIMPLE_REPLACE	Інше	прийоми	«прийоми» - помилкове слово, виправлення: приймання, прийняття, спосіб, захід, раз.	приймання, прийняття, спосіб, захід, раз	Рунні лицарі підсилюють бойову майстерність надприродною силою рун — стародавнім мистецтвом велетнів. Різьбярі рун трапляються серед усіх велетенських родів, і ви, найімовірніше, перейняли прийоми безпосередньо від такого містичного майстра або від його учня. Можливо, ви знайшли велетенські письмена на схилі чи в печері, почули про руни від мудреця або зустріли самого велетня. Так чи інакше, ви вивчили це ремесло й навчилися посилювати спорядження магічними рунами.
h5873afb5ga1a1gb7ddgaea4gaf5ab082ffd4	MORFOLOGIK_RULE_UK_UA	Можлива механічна помилка	колольної	Знайдено потенційну орфографічну помилку.	колосальної, колоїдної, Колодної, Окольної, голільної, золильної, золільної, кокільної	Вторинною дією ви можете активувати руну й на 1 хвилину отримати опір до забійної, колольної та рубальної шкоди.
he8e15200g5d16g3cfag9fd3g57eec75fb43b	COMMA_PARENTHESIS_WHITESPACE	Оформлення	 ,	Поставте пробіл після коми, а не перед комою.	,	"Перекиньтеся на кота, який здатен бути непомітним і <LSTag Type=""Spell"" Tooltip=""Shout_Distract_Cat_Summon"">нявчати</LSTag>, щоб відвертати увагу ворогів."
h6827c922gd910gca98gee99gdbd9b0f178b1	MORFOLOGIK_RULE_UK_UA	Можлива механічна помилка	ротея	Знайдено потенційну орфографічну помилку.	Ротая, протея, ромея, роте, роте я	"Перекиньтеся на глибинного ротея, який може проказувати <LSTag Type=""Spell"" Tooltip=""Target_DancingLights"">Танок вогників</LSTag> і робити <LSTag Type=""Spell"" Tooltip=""Rush_Rush_DeepRothe"">ривок</LSTag> у ворогів."
h6c004994g2426gc2fbg7e1eg48891af8e993	MORFOLOGIK_RULE_UK_UA	Можлива механічна помилка	лютоворона	Знайдено потенційну орфографічну помилку.	люто ворона	"Перекиньтеся на лютоворона, який може лишатися непомітним й <LSTag Type=""Spell"" Tooltip=""Target_RendVision_Raven_Summon"">осліплювати</LSTag> ворогів."
hc4d3f811g2a89g0e6dg5219gcf3bfa3167c3	MORFOLOGIK_RULE_UK_UA	Можлива механічна помилка	лютововка	Знайдено потенційну орфографічну помилку.	люто вовка	"Перекиньтеся на лютововка, який може <LSTag Type=""Spell"" Tooltip=""Shout_PackHowl_Wolf_Dire"">надихати</LSTag> союзників і <LSTag Type=""Spell"" Tooltip=""Target_Bite_Wolf_Dire_Wildshape"">відвертати увагу</LSTag> ворогів."
h2d9c047cg3532g702ege224g72b70a01e316	COMMA_PARENTHESIS_WHITESPACE	Оформлення	 ,	Поставте пробіл після коми, а не перед комою.	,	"У звіриній подобі ви не можете говорити й проказувати закляття. Ви переймаєте всі показники звіриної подоби, крім значень <LSTag Tooltip=""Intelligence"">інтелекту</LSTag>, <LSTag Tooltip=""Wisdom"">мудрості</LSTag> й <LSTag Tooltip=""Charisma"">харизми</LSTag>."
h2d9c047cg3532g702ege224g72b70a01e316	COMMA_PARENTHESIS_WHITESPACE	Оформлення	 .	Не ставте пробіл перед крапкою.	.	"У звіриній подобі ви не можете говорити й проказувати закляття. Ви переймаєте всі показники звіриної подоби, крім значень <LSTag Tooltip=""Intelligence"">інтелекту</LSTag>, <LSTag Tooltip=""Wisdom"">мудрості</LSTag> й <LSTag Tooltip=""Charisma"">харизми</LSTag>."
h3b7d345ag5345g49ffg6c00g90a138a19f95	COMMA_PARENTHESIS_WHITESPACE	Оформлення	 ,	Поставте пробіл після коми, а не перед комою.	,	"У звіриній подобі ви не можете говорити й проказувати закляття. Ви переймаєте всі показники звіриної подоби, крім значень <LSTag Tooltip=""Intelligence"">інтелекту</LSTag>, <LSTag Tooltip=""Wisdom"">мудрості</LSTag> й <LSTag Tooltip=""Charisma"">харизми</LSTag>."
h3b7d345ag5345g49ffg6c00g90a138a19f95	COMMA_PARENTHESIS_WHITESPACE	Оформлення	 .	Не ставте пробіл перед крапкою.	.	"У звіриній подобі ви не можете говорити й проказувати закляття. Ви переймаєте всі показники звіриної подоби, крім значень <LSTag Tooltip=""Intelligence"">інтелекту</LSTag>, <LSTag Tooltip=""Wisdom"">мудрості</LSTag> й <LSTag Tooltip=""Charisma"">харизми</LSTag>."
h2fa825ceg9a28g20c8g48d0g40216361a33e	COMMA_PARENTHESIS_WHITESPACE	Оформлення	 ,	Поставте пробіл після коми, а не перед комою.	,	"У звіриній подобі ви не можете говорити й проказувати закляття. Ви переймаєте всі показники звіриної подоби, крім значень <LSTag Tooltip=""Intelligence"">інтелекту</LSTag>, <LSTag Tooltip=""Wisdom"">мудрості</LSTag> й <LSTag Tooltip=""Charisma"">харизми</LSTag>."
h2fa825ceg9a28g20c8g48d0g40216361a33e	COMMA_PARENTHESIS_WHITESPACE	Оформлення	 .	Не ставте пробіл перед крапкою.	.	"У звіриній подобі ви не можете говорити й проказувати закляття. Ви переймаєте всі показники звіриної подоби, крім значень <LSTag Tooltip=""Intelligence"">інтелекту</LSTag>, <LSTag Tooltip=""Wisdom"">мудрості</LSTag> й <LSTag Tooltip=""Charisma"">харизми</LSTag>."
h1479e906gc7dag1d98gf6d0g21845e6cae8e	COMMA_PARENTHESIS_WHITESPACE	Оформлення	 ,	Поставте пробіл після коми, а не перед комою.	,	"У звіриній подобі ви не можете говорити й проказувати закляття. Ви переймаєте всі показники звіриної подоби, крім значень <LSTag Tooltip=""Intelligence"">інтелекту</LSTag>, <LSTag Tooltip=""Wisdom"">мудрості</LSTag> й <LSTag Tooltip=""Charisma"">харизми</LSTag>."
h1479e906gc7dag1d98gf6d0g21845e6cae8e	COMMA_PARENTHESIS_WHITESPACE	Оформлення	 .	Не ставте пробіл перед крапкою.	.	"У звіриній подобі ви не можете говорити й проказувати закляття. Ви переймаєте всі показники звіриної подоби, крім значень <LSTag Tooltip=""Intelligence"">інтелекту</LSTag>, <LSTag Tooltip=""Wisdom"">мудрості</LSTag> й <LSTag Tooltip=""Charisma"">харизми</LSTag>."
h23312037g140dg2713g1d14gd9b396f2c1e0	COMMA_PARENTHESIS_WHITESPACE	Оформлення	 ,	Поставте пробіл після коми, а не перед комою.	,	"У звіриній подобі ви не можете говорити й проказувати закляття. Ви переймаєте всі показники звіриної подоби, крім значень <LSTag Tooltip=""Intelligence"">інтелекту</LSTag>, <LSTag Tooltip=""Wisdom"">мудрості</LSTag> й <LSTag Tooltip=""Charisma"">харизми</LSTag>."
h23312037g140dg2713g1d14gd9b396f2c1e0	COMMA_PARENTHESIS_WHITESPACE	Оформлення	 .	Не ставте пробіл перед крапкою.	.	"У звіриній подобі ви не можете говорити й проказувати закляття. Ви переймаєте всі показники звіриної подоби, крім значень <LSTag Tooltip=""Intelligence"">інтелекту</LSTag>, <LSTag Tooltip=""Wisdom"">мудрості</LSTag> й <LSTag Tooltip=""Charisma"">харизми</LSTag>."
h30b03151g5293g0f58g25ecg192e954a1d18	COMMA_PARENTHESIS_WHITESPACE	Оформлення	 ,	Поставте пробіл після коми, а не перед комою.	,	"У звіриній подобі ви не можете говорити й проказувати закляття. Ви переймаєте всі показники звіриної подоби, крім значень <LSTag Tooltip=""Intelligence"">інтелекту</LSTag>, <LSTag Tooltip=""Wisdom"">мудрості</LSTag> й <LSTag Tooltip=""Charisma"">харизми</LSTag>."
h30b03151g5293g0f58g25ecg192e954a1d18	COMMA_PARENTHESIS_WHITESPACE	Оформлення	 .	Не ставте пробіл перед крапкою.	.	"У звіриній подобі ви не можете говорити й проказувати закляття. Ви переймаєте всі показники звіриної подоби, крім значень <LSTag Tooltip=""Intelligence"">інтелекту</LSTag>, <LSTag Tooltip=""Wisdom"">мудрості</LSTag> й <LSTag Tooltip=""Charisma"">харизми</LSTag>."
hec2215cegc8c3g171bg67cdg7de02f56bba6	COMMA_PARENTHESIS_WHITESPACE	Оформлення	 ,	Поставте пробіл після коми, а не перед комою.	,	"У звіриній подобі ви не можете говорити й проказувати закляття. Ви переймаєте всі показники звіриної подоби, крім значень <LSTag Tooltip=""Intelligence"">інтелекту</LSTag>, <LSTag Tooltip=""Wisdom"">мудрості</LSTag> й <LSTag Tooltip=""Charisma"">харизми</LSTag>."
hec2215cegc8c3g171bg67cdg7de02f56bba6	COMMA_PARENTHESIS_WHITESPACE	Оформлення	 .	Не ставте пробіл перед крапкою.	.	"У звіриній подобі ви не можете говорити й проказувати закляття. Ви переймаєте всі показники звіриної подоби, крім значень <LSTag Tooltip=""Intelligence"">інтелекту</LSTag>, <LSTag Tooltip=""Wisdom"">мудрості</LSTag> й <LSTag Tooltip=""Charisma"">харизми</LSTag>."
h368dfb6eg54d1g9117gae02g8877cb540a10	MORFOLOGIK_RULE_UK_UA	Можлива механічна помилка	Заклятопостріл	Знайдено потенційну орфографічну помилку.	Заклято постріл	Рівень 6: Заклятопостріл
ha7014351gc454g307agb356g37500f5752d7	MORFOLOGIK_RULE_UK_UA	Можлива механічна помилка	Контрмаг	Знайдено потенційну орфографічну помилку.	Контра, Контрас, Контрмарш, Контрмін, Контрпар, Контрсмуг	Рівень 10: Контрмаг
h4b3edb5dg700eg11d2gb46eg867808ec1738	COMMA_PARENTHESIS_WHITESPACE	Оформлення	 ,	Поставте пробіл після коми, а не перед комою.	,	"Ваш досвід боротьби із заклиначами дає такі переваги.\n\nРуйнівник концентрації. Кожен ваш кидок далекобійної атаки розсіює захисну магію на цілі й перериває її концентрацію.\n\nАнтимагічний постріл. Коли ви здійснюєте критичне влучання проти цілі під дією вашої особливості <LSTag Type=""Status"" Tooltip=""GUT_SHOT"">«Постріл у живіт»</LSTag>, ви також перешкоджаєте їй проказувати закляття. Поки снаряд залишається в цілі, вона не може проказувати закляття або виконувати магічну дію.\n\nЗагартований магією. Проваливши кидок протидії закляттю чи магічному ефекту, ви можете застосувати реагування, кинути 1d6 і додати результат, потенційно перетворивши невдачу на успіх."
h99d927b5gafddg8654g1453g82bbe0c6e89f	MORFOLOGIK_RULE_UK_UA	Можлива механічна помилка	Ілріґер	Знайдено потенційну орфографічну помилку.	Лідер, Літер, Олівер, Лікер, Ідрісе, Ілліне, Іллічем, Ільічем	Ілріґер
hd9f88f32g2a3eg5ee1gdb45g1b062c876f03	MORFOLOGIK_RULE_UK_UA	Можлива механічна помилка	Архідияволи	Знайдено потенційну орфографічну помилку.	Архідиякони	Архідияволи, що правлять Сімома Містами Пекла, безупинно плетуть інтриги. Кожен вічно намагається підкорити решту, зійти на Престол Пекла, об’єднати Сім Міст і всіх їхніх пекельних мешканців та повести незліченне військо бісів крізь часові простори, доки не запалають усі світи.\n\nЕлітні агенти архідияволів — ілріґери. Ці лицарі, убивці, маги й пекельні командос панують на полі бою, розколюють ворожі угруповання та виконують пекельну волю свого володаря.
hd9f88f32g2a3eg5ee1gdb45g1b062c876f03	MORFOLOGIK_RULE_UK_UA	Можлива механічна помилка	архідияволів	Знайдено потенційну орфографічну помилку.	архідияконів	Архідияволи, що правлять Сімома Містами Пекла, безупинно плетуть інтриги. Кожен вічно намагається підкорити решту, зійти на Престол Пекла, об’єднати Сім Міст і всіх їхніх пекельних мешканців та повести незліченне військо бісів крізь часові простори, доки не запалають усі світи.\n\nЕлітні агенти архідияволів — ілріґери. Ці лицарі, убивці, маги й пекельні командос панують на полі бою, розколюють ворожі угруповання та виконують пекельну волю свого володаря.
hd9f88f32g2a3eg5ee1gdb45g1b062c876f03	MORFOLOGIK_RULE_UK_UA	Можлива механічна помилка	ілріґери	Знайдено потенційну орфографічну помилку.	лідери, літери, прімери, Д'Рівери, Олівери, Рівери, глісери, д'Рівери	Архідияволи, що правлять Сімома Містами Пекла, безупинно плетуть інтриги. Кожен вічно намагається підкорити решту, зійти на Престол Пекла, об’єднати Сім Міст і всіх їхніх пекельних мешканців та повести незліченне військо бісів крізь часові простори, доки не запалають усі світи.\n\nЕлітні агенти архідияволів — ілріґери. Ці лицарі, убивці, маги й пекельні командос панують на полі бою, розколюють ворожі угруповання та виконують пекельну волю свого володаря.
h09168b32g9fe8gac39gedf6g93f7c55f5e17	MORFOLOGIK_RULE_UK_UA	Можлива механічна помилка	ілріґера	Знайдено потенційну орфографічну помилку.	лідера, літера, прімера, Алішера, Берґера, Д'Рівера, Круґера, Крюґера	Накладіть на ціль одну печатку ілріґера.
hc00e6ea9gfd5egcff2g4900g073fd4c5bd3f	MORFOLOGIK_RULE_UK_UA	Можлива механічна помилка	архідияволом	Знайдено потенційну орфографічну помилку.	архідияконом	Ви спалюєте всі накладені на істоту печатки. За кожну спалену печатку вона зазнає 1d6 вогняної або некротичної шкоди на ваш вибір. Спалена печатка негайно зникає.\n\nНа 5-му рівні цього класу ваш зв’язок з архідияволом зміцнюється, і кожна спалена печатка завдає додатково 1d6 шкоди — загалом 2d6 за печатку. На 10-му рівні шкода від кожної печатки зростає ще на 1d6 — загалом до 3d6.
h5f2491abg74f5g071bgce31ge29ac76995fd	MORFOLOGIK_RULE_UK_UA	Можлива механічна помилка	архідиявол	Знайдено потенційну орфографічну помилку.	архідиякон	Ваш архідиявол дарує вам надзвичайну вправність у певному виді бою. Виберіть одну з наведених нижче бойових майстерностей ілріґера:
h5f2491abg74f5g071bgce31ge29ac76995fd	MORFOLOGIK_RULE_UK_UA	Можлива механічна помилка	ілріґера	Знайдено потенційну орфографічну помилку.	лідера, літера, прімера, Алішера, Берґера, Д'Рівера, Круґера, Крюґера	Ваш архідиявол дарує вам надзвичайну вправність у певному виді бою. Виберіть одну з наведених нижче бойових майстерностей ілріґера:
hddb45062ge037g28d1g354fgec018a665978	MORFOLOGIK_RULE_UK_UA	Можлива механічна помилка	ілріґера	Знайдено потенційну орфографічну помилку.	лідера, літера, прімера, Алішера, Берґера, Д'Рівера, Круґера, Крюґера	Коли видима істота завдає шкоди вам або союзнику в межах 30 футів від вас, ви можете реагуванням витратити печатку й зменшити цю шкоду на 1d10 + половину вашого рівня ілріґера (з округленням униз).
hcdb79176g44f6gae88g5df2g09e6221e8525	MORFOLOGIK_RULE_UK_UA	Можлива механічна помилка	ілріґера	Знайдено потенційну орфографічну помилку.	лідера, літера, прімера, Алішера, Берґера, Д'Рівера, Круґера, Крюґера	Коли ви спалюєте печатку на забороненій істоті, то можете без витрати дії активувати це благо й отримати тимчасові очки здоров’я в кількості, що дорівнює вашому рівню ілріґера.
h16cf04ffg2962g897ag364fgea809b7c8c16	MORFOLOGIK_RULE_UK_UA	Можлива механічна помилка	Стікса	Знайдено потенційну орфографічну помилку.	Стокса, Стікс, Стіксе, Стіксу, Стіксі, Стікся, Стікс а	Рівень 2: Апатія Стікса
hfa888bb3gb8a0ge2a8g81c2g00ae8844f692	MORFOLOGIK_RULE_UK_UA	Можлива механічна помилка	Ахерона	Знайдено потенційну орфографічну помилку.	Ахерна	Рівень 7: Ланцюг Ахерона
h8993f01fgfd8fg8b11g17cdg458c682aad00	MORFOLOGIK_RULE_UK_UA	Можлива механічна помилка	ілріґера	Знайдено потенційну орфографічну помилку.	лідера, літера, прімера, Алішера, Берґера, Д'Рівера, Круґера, Крюґера	Потребує 7-го рівня ілріґера або вищого.\n\nКоли ви вторинною дією накладаєте чи переміщуєте печатку на істоту великого або меншого розміру, то можете активувати цей дар (дія не потрібна). Ви прикликаєте пекельні ланцюги, що хапають ціль і змушують її виконати кидок протидії силою. У разі невдачі ви можете підтягнути істоту на 10 футів до себе або надати їй стан схоплення до кінця свого наступного ходу.
h283a80a7gdc57ge48fg2323g0a19321fd070	MORFOLOGIK_RULE_UK_UA	Можлива механічна помилка	ілріґера	Знайдено потенційну орфографічну помилку.	лідера, літера, прімера, Алішера, Берґера, Д'Рівера, Круґера, Крюґера	Потребує 7-го або вищого рівня ілріґера.\n\nВторинною дією ви можете витратити печатку й телепортуватися на відстань до 30 футів у видимий вільний простір.
ha9df2c62g25e2g2614g66dagfe3cb0e26aa5	MORFOLOGIK_RULE_UK_UA	Можлива механічна помилка	ілріґера	Знайдено потенційну орфографічну помилку.	лідера, літера, прімера, Алішера, Берґера, Д'Рівера, Круґера, Крюґера	Потребує 7-го рівня ілріґера або вищого.\n\nВторинною дією ви можете витратити печатку, щоб огорнути себе або істоту, якої торкаєтеся, мантією напівтілесних тіней. Ціль отримує бонус +2 до РЗ на 1 хвилину.
ha9df2c62g25e2g2614g66dagfe3cb0e26aa5	MORFOLOGIK_RULE_UK_UA	Можлива механічна помилка	РЗ	Знайдено потенційну орфографічну помилку.	З, ІЗ, РАЗ, РФ, ВЗ, РБ, ПЗ, РП	Потребує 7-го рівня ілріґера або вищого.\n\nВторинною дією ви можете витратити печатку, щоб огорнути себе або істоту, якої торкаєтеся, мантією напівтілесних тіней. Ціль отримує бонус +2 до РЗ на 1 хвилину.
h6c2e1510g127eg4a2eg3cbfg9e940ea8f6e8	MORFOLOGIK_RULE_UK_UA	Можлива механічна помилка	ілріґера	Знайдено потенційну орфографічну помилку.	лідера, літера, прімера, Алішера, Берґера, Д'Рівера, Круґера, Крюґера	Потребує 7-го рівня ілріґера або вищого.\n\nКоли ви спалюєте одну чи кілька печаток на забороненій істоті, можете реагуванням вивільнити навколо неї вибух пекельної енергії. Кожна вибрана вами істота в межах 10 футів від цілі повинна виконати кидок протидії спритністю. У разі невдачі вона зазнає стільки ж шкоди того самого типу, скільки печатки завдали забороненій істоті, а в разі успіху — вдвічі менше.
h4455cd21gb4e4ga171g4a01gfd22b925fb9b	MORFOLOGIK_RULE_UK_UA	Можлива механічна помилка	ілріґера	Знайдено потенційну орфографічну помилку.	лідера, літера, прімера, Алішера, Берґера, Д'Рівера, Круґера, Крюґера	Потребує 7-го або вищого рівня ілріґера.\n\nКоли істота виконує далекобійну атаку проти вас або видимого союзника в межах 30 футів, ви можете реагуванням витратити печатку й атакувати нападника далекобійною зброєю. У разі влучання атака додатково завдає шкоди в кількості, що дорівнює половині вашого рівня ілріґера (з округленням униз).
h4455cd21gb4e4ga171g4a01gfd22b925fb9b	MORFOLOGIK_RULE_UK_UA	Можлива механічна помилка	ілріґера	Знайдено потенційну орфографічну помилку.	лідера, літера, прімера, Алішера, Берґера, Д'Рівера, Круґера, Крюґера	Потребує 7-го або вищого рівня ілріґера.\n\nКоли істота виконує далекобійну атаку проти вас або видимого союзника в межах 30 футів, ви можете реагуванням витратити печатку й атакувати нападника далекобійною зброєю. У разі влучання атака додатково завдає шкоди в кількості, що дорівнює половині вашого рівня ілріґера (з округленням униз).
h0f8708dbgeff3g4172g8db1g4d944084b8c1	MORFOLOGIK_RULE_UK_UA	Можлива механічна помилка	ілріґера	Знайдено потенційну орфографічну помилку.	лідера, літера, прімера, Алішера, Берґера, Д'Рівера, Круґера, Крюґера	Коли видима істота завдає шкоди вам або союзнику в межах 30 футів від вас, ви можете реагуванням витратити печатку й зменшити цю шкоду на 1d10 + половину вашого рівня ілріґера (з округленням униз).
hc323cc9cg84e2g474bg5925g8922b79a3ba5	MORFOLOGIK_RULE_UK_UA	Можлива механічна помилка	ілріґера	Знайдено потенційну орфографічну помилку.	лідера, літера, прімера, Алішера, Берґера, Д'Рівера, Круґера, Крюґера	Від результату наступного кидка протидії, який ціль виконає до кінця свого наступного ходу, вона повинна відняти бонус спеціалізації ілріґера.
h8cd365c4g7106g7c48g3af0gaa9b0e85108b	MORFOLOGIK_RULE_UK_UA	Можлива механічна помилка	ілріґера	Знайдено потенційну орфографічну помилку.	лідера, літера, прімера, Алішера, Берґера, Д'Рівера, Круґера, Крюґера	Отримайте тимчасові очки здоров’я в кількості, що дорівнює вашому рівню ілріґера.
h83e42a83g88c6gd1e9g8c16gbff3333ac045	MORFOLOGIK_RULE_UK_UA	Можлива механічна помилка	Стікса	Знайдено потенційну орфографічну помилку.	Стокса, Стікс, Стіксе, Стіксу, Стіксі, Стікся, Стікс а	Апатія Стікса
h7e6eebc1g195fg638eg046cg1602e8341a8b	MORFOLOGIK_RULE_UK_UA	Можлива механічна помилка	Ахерона	Знайдено потенційну орфографічну помилку.	Ахерна	Ланцюг Ахерона
h158d6a37ga6c0ga147gbd62g2f7886d1d51b	MORFOLOGIK_RULE_UK_UA	Можлива механічна помилка	РЗ	Знайдено потенційну орфографічну помилку.	З, ІЗ, РАЗ, РФ, ВЗ, РБ, ПЗ, РП	Отримайте бонус +2 до РЗ на 1 хвилину.
h2702a54eg25d6geee6g89b1g70955d610f89	MORFOLOGIK_RULE_UK_UA	Можлива механічна помилка	РЗ	Знайдено потенційну орфографічну помилку.	З, ІЗ, РАЗ, РФ, ВЗ, РБ, ПЗ, РП	Вторинною дією ви можете витратити печатку й сплести мантію з напівматеріальних тіней навколо себе або істоти, якої торкаєтеся. Ціль отримує бонус +2 до РЗ на 1 хвилину.
hc952c432g8c2cgbbacg18f8gfc587dff1d4d	MORFOLOGIK_RULE_UK_UA	Можлива механічна помилка	ілріґера	Знайдено потенційну орфографічну помилку.	лідера, літера, прімера, Алішера, Берґера, Д'Рівера, Круґера, Крюґера	Коли істота виконує дальню атаку проти вас або видимого союзника в межах 30 футів, ви можете реагуванням витратити печатку й атакувати нападника далекобійною зброєю. У разі влучання атака додатково завдає шкоди в кількості, що дорівнює половині вашого рівня ілріґера (з округленням униз).
he346a671g0b23g7417g4182g5a8d53b45077	MORFOLOGIK_RULE_UK_UA	Можлива механічна помилка	ілріґера	Знайдено потенційну орфографічну помилку.	лідера, літера, прімера, Алішера, Берґера, Д'Рівера, Круґера, Крюґера	Ви можете насичувати свої печатки пекельною магією, посилюючи їхню дію.\n\nДеякі блага потребують певного рівня ілріґера. Досягнувши 7-го рівня, ви отримуєте ще одне благо.
ha334fba5ge039gfb31g1b15g55b8f07d80f4	COMMA_PARENTHESIS_WHITESPACE	Оформлення	 ,	Поставте пробіл після коми, а не перед комою.	,	"Пожертвувати половиною поточних <LSTag Tooltip=""HitPoints"">очок здоров'я</LSTag>, щоб зцілити ціль на таку ж кількість очок."
hc31d5eb8g73cdgf87bg7969geb0fc56b1687	archaism	Стиль	обіт	Це слово або форма є застарілою, архаїчною або діалектною.		Лицарі-сангвініки складають обіт Сутеху, вступаючи до Ордену Спустошення. Ці засади зобов’язують їх володіти святотатською магією крові, вимагати відданості й сіяти жах.\n\nЇхня сила — їхня слабкість. Я обираю ціллю найсильнішого ворога, бо його життєва сила живитиме мою перемогу.\n\nГріх вимагає страждання. Опиратися мені — єресь. Перш ніж вороги скуштують поразки, вони сплатять за своє невір’я муками.\n\nВірність буде винагороджена. Мої дари привчають союзників покладатися на мене — і на кровопролиття, що наділяє мене силою.\n\nМилосердя — це сила. Допомагаючи союзникам, я доводжу велич своєї могутності. Щоразу, коли я повертаю життя, це нагадує, як швидко я можу його відібрати.
hc31d5eb8g73cdgf87bg7969geb0fc56b1687	MORFOLOGIK_RULE_UK_UA	Можлива механічна помилка	Сутеху	Знайдено потенційну орфографічну помилку.	Стеху, Суте ху	Лицарі-сангвініки складають обіт Сутеху, вступаючи до Ордену Спустошення. Ці засади зобов’язують їх володіти святотатською магією крові, вимагати відданості й сіяти жах.\n\nЇхня сила — їхня слабкість. Я обираю ціллю найсильнішого ворога, бо його життєва сила живитиме мою перемогу.\n\nГріх вимагає страждання. Опиратися мені — єресь. Перш ніж вороги скуштують поразки, вони сплатять за своє невір’я муками.\n\nВірність буде винагороджена. Мої дари привчають союзників покладатися на мене — і на кровопролиття, що наділяє мене силою.\n\nМилосердя — це сила. Допомагаючи союзникам, я доводжу велич своєї могутності. Щоразу, коли я повертаю життя, це нагадує, як швидко я можу його відібрати.
hf1c1d608gab6fgea97g5ce7g12f4e4ddb16c	MORFOLOGIK_RULE_UK_UA	Можлива механічна помилка	Сутеха	Знайдено потенційну орфографічну помилку.	Стеха, Суте ха	Рівень 3: Благословення Сутеха
h16ca83e4gd87cge240g4682g2480a4a6ba19	MORFOLOGIK_RULE_UK_UA	Можлива механічна помилка	Сутех	Знайдено потенційну орфографічну помилку.	Стех, Суте	"Коли Сутех визнає вас своїм ілріґером, він відкриває вам свою святотатську владу над кров’ю та життям. Ви набуваєте володіння навичкою <LSTag Type=""Skills"" Tooltip=""Religion"">Релігія</LSTag>."
h16ca83e4gd87cge240g4682g2480a4a6ba19	MORFOLOGIK_RULE_UK_UA	Можлива механічна помилка	ілріґером	Знайдено потенційну орфографічну помилку.	лідером, Алішером, Берґером, Круґером, Крюґером, Олівером, Оліфером, Рікером	"Коли Сутех визнає вас своїм ілріґером, він відкриває вам свою святотатську владу над кров’ю та життям. Ви набуваєте володіння навичкою <LSTag Type=""Skills"" Tooltip=""Religion"">Релігія</LSTag>."
h16ca83e4gd87cge240g4682g2480a4a6ba19	COMMA_PARENTHESIS_WHITESPACE	Оформлення	 .	Не ставте пробіл перед крапкою.	.	"Коли Сутех визнає вас своїм ілріґером, він відкриває вам свою святотатську владу над кров’ю та життям. Ви набуваєте володіння навичкою <LSTag Type=""Skills"" Tooltip=""Religion"">Релігія</LSTag>."
h1e93a04fgfcb3ge71cg8edcg9d735d49cff7	MORFOLOGIK_RULE_UK_UA	Можлива механічна помилка	ілріґера	Знайдено потенційну орфографічну помилку.	лідера, літера, прімера, Алішера, Берґера, Д'Рівера, Круґера, Крюґера	Вторинною дією ви відновлюєте загальну кількість очок здоров’я, що дорівнює п’ятикратному рівню вашого ілріґера, довільно розподіляючи їх між собою та іншими істотами в межах 30 футів.
hf94f341dged44gb9bcged64g8666ae8b410e	MORFOLOGIK_RULE_UK_UA	Можлива механічна помилка	ілріґера	Знайдено потенційну орфографічну помилку.	лідера, літера, прімера, Алішера, Берґера, Д'Рівера, Круґера, Крюґера	Вторинною дією ви відновлюєте загальну кількість очок здоров’я, що дорівнює п’ятикратному рівню вашого ілріґера, довільно розподіляючи їх між собою та іншими істотами в межах 30 футів.
h331a5a4cg366cg82a3g63e0g6899f199c8bb	MORFOLOGIK_RULE_UK_UA	Можлива механічна помилка	ілріґера	Знайдено потенційну орфографічну помилку.	лідера, літера, прімера, Алішера, Берґера, Д'Рівера, Круґера, Крюґера	Вторинною дією ви відновлюєте загальну кількість очок здоров’я, що дорівнює п’ятикратному рівню вашого ілріґера, довільно розподіляючи їх між собою та іншими істотами в межах 30 футів.
h00467a34g3b88g453cg081eg6e394afa8e61	MORFOLOGIK_RULE_UK_UA	Можлива механічна помилка	Сутеху	Знайдено потенційну орфографічну помилку.	Стеху, Суте ху	Криваві лицарі Пекла служать Сутеху, Володарю Крові. Їхнє чаклунство висмоктує життєву силу ворогів і вливає викрадену снагу в пекельні ритуали, змінюючи перебіг битви.\n\nСутех править Наракою, Містом Крові. Його визнають найвеличнішим чародієм Пекла; він носить титул Вищого Кровника й володарює з Храму Життєвості. Сутех — майстер магії крові, а його найближче коло жерців і чарівників складають кроволічі: невмерлі заклиначі, чиї тілесні оболонки століття тому обернулися на попіл, а нові тіла створено із застиглої крові.\n\nУсі ілріґери Сутеха належать до культу Чаші Життєвості. Лицарі Чаші п’ють сутність ворогів, живлячи нею свою магію. Інші члени Ордену Осквернення підозрюють, що Криваві лицарі прагнуть не лише піднести Сутеха на Престол Пекла: подейкують, ніби Чаша таємно замислила зробити його богом. Звісно, це було б зрадою.
h00467a34g3b88g453cg081eg6e394afa8e61	MORFOLOGIK_RULE_UK_UA	Можлива механічна помилка	Сутех	Знайдено потенційну орфографічну помилку.	Стех, Суте	Криваві лицарі Пекла служать Сутеху, Володарю Крові. Їхнє чаклунство висмоктує життєву силу ворогів і вливає викрадену снагу в пекельні ритуали, змінюючи перебіг битви.\n\nСутех править Наракою, Містом Крові. Його визнають найвеличнішим чародієм Пекла; він носить титул Вищого Кровника й володарює з Храму Життєвості. Сутех — майстер магії крові, а його найближче коло жерців і чарівників складають кроволічі: невмерлі заклиначі, чиї тілесні оболонки століття тому обернулися на попіл, а нові тіла створено із застиглої крові.\n\nУсі ілріґери Сутеха належать до культу Чаші Життєвості. Лицарі Чаші п’ють сутність ворогів, живлячи нею свою магію. Інші члени Ордену Осквернення підозрюють, що Криваві лицарі прагнуть не лише піднести Сутеха на Престол Пекла: подейкують, ніби Чаша таємно замислила зробити його богом. Звісно, це було б зрадою.
h00467a34g3b88g453cg081eg6e394afa8e61	MORFOLOGIK_RULE_UK_UA	Можлива механічна помилка	Наракою	Знайдено потенційну орфографічну помилку.	Нарадою, Саракою, Нара кою	Криваві лицарі Пекла служать Сутеху, Володарю Крові. Їхнє чаклунство висмоктує життєву силу ворогів і вливає викрадену снагу в пекельні ритуали, змінюючи перебіг битви.\n\nСутех править Наракою, Містом Крові. Його визнають найвеличнішим чародієм Пекла; він носить титул Вищого Кровника й володарює з Храму Життєвості. Сутех — майстер магії крові, а його найближче коло жерців і чарівників складають кроволічі: невмерлі заклиначі, чиї тілесні оболонки століття тому обернулися на попіл, а нові тіла створено із застиглої крові.\n\nУсі ілріґери Сутеха належать до культу Чаші Життєвості. Лицарі Чаші п’ють сутність ворогів, живлячи нею свою магію. Інші члени Ордену Осквернення підозрюють, що Криваві лицарі прагнуть не лише піднести Сутеха на Престол Пекла: подейкують, ніби Чаша таємно замислила зробити його богом. Звісно, це було б зрадою.
h00467a34g3b88g453cg081eg6e394afa8e61	MORFOLOGIK_RULE_UK_UA	Можлива механічна помилка	Кровника	Знайдено потенційну орфографічну помилку.	Бровника, Кровинка, Дровника	Криваві лицарі Пекла служать Сутеху, Володарю Крові. Їхнє чаклунство висмоктує життєву силу ворогів і вливає викрадену снагу в пекельні ритуали, змінюючи перебіг битви.\n\nСутех править Наракою, Містом Крові. Його визнають найвеличнішим чародієм Пекла; він носить титул Вищого Кровника й володарює з Храму Життєвості. Сутех — майстер магії крові, а його найближче коло жерців і чарівників складають кроволічі: невмерлі заклиначі, чиї тілесні оболонки століття тому обернулися на попіл, а нові тіла створено із застиглої крові.\n\nУсі ілріґери Сутеха належать до культу Чаші Життєвості. Лицарі Чаші п’ють сутність ворогів, живлячи нею свою магію. Інші члени Ордену Осквернення підозрюють, що Криваві лицарі прагнуть не лише піднести Сутеха на Престол Пекла: подейкують, ніби Чаша таємно замислила зробити його богом. Звісно, це було б зрадою.
h00467a34g3b88g453cg081eg6e394afa8e61	MORFOLOGIK_RULE_UK_UA	Можлива механічна помилка	Сутех	Знайдено потенційну орфографічну помилку.	Стех, Суте	Криваві лицарі Пекла служать Сутеху, Володарю Крові. Їхнє чаклунство висмоктує життєву силу ворогів і вливає викрадену снагу в пекельні ритуали, змінюючи перебіг битви.\n\nСутех править Наракою, Містом Крові. Його визнають найвеличнішим чародієм Пекла; він носить титул Вищого Кровника й володарює з Храму Життєвості. Сутех — майстер магії крові, а його найближче коло жерців і чарівників складають кроволічі: невмерлі заклиначі, чиї тілесні оболонки століття тому обернулися на попіл, а нові тіла створено із застиглої крові.\n\nУсі ілріґери Сутеха належать до культу Чаші Життєвості. Лицарі Чаші п’ють сутність ворогів, живлячи нею свою магію. Інші члени Ордену Осквернення підозрюють, що Криваві лицарі прагнуть не лише піднести Сутеха на Престол Пекла: подейкують, ніби Чаша таємно замислила зробити його богом. Звісно, це було б зрадою.
h00467a34g3b88g453cg081eg6e394afa8e61	MORFOLOGIK_RULE_UK_UA	Можлива механічна помилка	кроволічі	Знайдено потенційну орфографічну помилку.	кровотечі, кровопії	Криваві лицарі Пекла служать Сутеху, Володарю Крові. Їхнє чаклунство висмоктує життєву силу ворогів і вливає викрадену снагу в пекельні ритуали, змінюючи перебіг битви.\n\nСутех править Наракою, Містом Крові. Його визнають найвеличнішим чародієм Пекла; він носить титул Вищого Кровника й володарює з Храму Життєвості. Сутех — майстер магії крові, а його найближче коло жерців і чарівників складають кроволічі: невмерлі заклиначі, чиї тілесні оболонки століття тому обернулися на попіл, а нові тіла створено із застиглої крові.\n\nУсі ілріґери Сутеха належать до культу Чаші Життєвості. Лицарі Чаші п’ють сутність ворогів, живлячи нею свою магію. Інші члени Ордену Осквернення підозрюють, що Криваві лицарі прагнуть не лише піднести Сутеха на Престол Пекла: подейкують, ніби Чаша таємно замислила зробити його богом. Звісно, це було б зрадою.
h00467a34g3b88g453cg081eg6e394afa8e61	MORFOLOGIK_RULE_UK_UA	Можлива механічна помилка	невмерлі	Знайдено потенційну орфографічну помилку.	не вмерлі	Криваві лицарі Пекла служать Сутеху, Володарю Крові. Їхнє чаклунство висмоктує життєву силу ворогів і вливає викрадену снагу в пекельні ритуали, змінюючи перебіг битви.\n\nСутех править Наракою, Містом Крові. Його визнають найвеличнішим чародієм Пекла; він носить титул Вищого Кровника й володарює з Храму Життєвості. Сутех — майстер магії крові, а його найближче коло жерців і чарівників складають кроволічі: невмерлі заклиначі, чиї тілесні оболонки століття тому обернулися на попіл, а нові тіла створено із застиглої крові.\n\nУсі ілріґери Сутеха належать до культу Чаші Життєвості. Лицарі Чаші п’ють сутність ворогів, живлячи нею свою магію. Інші члени Ордену Осквернення підозрюють, що Криваві лицарі прагнуть не лише піднести Сутеха на Престол Пекла: подейкують, ніби Чаша таємно замислила зробити його богом. Звісно, це було б зрадою.
h00467a34g3b88g453cg081eg6e394afa8e61	MORFOLOGIK_RULE_UK_UA	Можлива механічна помилка	ілріґери	Знайдено потенційну орфографічну помилку.	лідери, літери, прімери, Д'Рівери, Олівери, Рівери, глісери, д'Рівери	Криваві лицарі Пекла служать Сутеху, Володарю Крові. Їхнє чаклунство висмоктує життєву силу ворогів і вливає викрадену снагу в пекельні ритуали, змінюючи перебіг битви.\n\nСутех править Наракою, Містом Крові. Його визнають найвеличнішим чародієм Пекла; він носить титул Вищого Кровника й володарює з Храму Життєвості. Сутех — майстер магії крові, а його найближче коло жерців і чарівників складають кроволічі: невмерлі заклиначі, чиї тілесні оболонки століття тому обернулися на попіл, а нові тіла створено із застиглої крові.\n\nУсі ілріґери Сутеха належать до культу Чаші Життєвості. Лицарі Чаші п’ють сутність ворогів, живлячи нею свою магію. Інші члени Ордену Осквернення підозрюють, що Криваві лицарі прагнуть не лише піднести Сутеха на Престол Пекла: подейкують, ніби Чаша таємно замислила зробити його богом. Звісно, це було б зрадою.
h00467a34g3b88g453cg081eg6e394afa8e61	MORFOLOGIK_RULE_UK_UA	Можлива механічна помилка	Сутеха	Знайдено потенційну орфографічну помилку.	Стеха, Суте ха	Криваві лицарі Пекла служать Сутеху, Володарю Крові. Їхнє чаклунство висмоктує життєву силу ворогів і вливає викрадену снагу в пекельні ритуали, змінюючи перебіг битви.\n\nСутех править Наракою, Містом Крові. Його визнають найвеличнішим чародієм Пекла; він носить титул Вищого Кровника й володарює з Храму Життєвості. Сутех — майстер магії крові, а його найближче коло жерців і чарівників складають кроволічі: невмерлі заклиначі, чиї тілесні оболонки століття тому обернулися на попіл, а нові тіла створено із застиглої крові.\n\nУсі ілріґери Сутеха належать до культу Чаші Життєвості. Лицарі Чаші п’ють сутність ворогів, живлячи нею свою магію. Інші члени Ордену Осквернення підозрюють, що Криваві лицарі прагнуть не лише піднести Сутеха на Престол Пекла: подейкують, ніби Чаша таємно замислила зробити його богом. Звісно, це було б зрадою.
h00467a34g3b88g453cg081eg6e394afa8e61	MORFOLOGIK_RULE_UK_UA	Можлива механічна помилка	Сутеха	Знайдено потенційну орфографічну помилку.	Стеха, Суте ха	Криваві лицарі Пекла служать Сутеху, Володарю Крові. Їхнє чаклунство висмоктує життєву силу ворогів і вливає викрадену снагу в пекельні ритуали, змінюючи перебіг битви.\n\nСутех править Наракою, Містом Крові. Його визнають найвеличнішим чародієм Пекла; він носить титул Вищого Кровника й володарює з Храму Життєвості. Сутех — майстер магії крові, а його найближче коло жерців і чарівників складають кроволічі: невмерлі заклиначі, чиї тілесні оболонки століття тому обернулися на попіл, а нові тіла створено із застиглої крові.\n\nУсі ілріґери Сутеха належать до культу Чаші Життєвості. Лицарі Чаші п’ють сутність ворогів, живлячи нею свою магію. Інші члени Ордену Осквернення підозрюють, що Криваві лицарі прагнуть не лише піднести Сутеха на Престол Пекла: подейкують, ніби Чаша таємно замислила зробити його богом. Звісно, це було б зрадою.
h7a88aa99gaa7fgcfe2g038bg6fea4e9cadfd	MORFOLOGIK_RULE_UK_UA	Можлива механічна помилка	Пекломовці	Знайдено потенційну орфографічну помилку.	Пекло мовці	Пекломовці складають обіт Молоху, коли приєднуються до Ордену Спустошення. Дотримуючись цих засад, вони проникають у найвіддаленіші осередки влади й маніпулюють усіма, хто перебуває під їхнім впливом.\n\nМій голос — це зброя. Навіть коли мої чари не діють, ворог належить мені, якщо чує мене.\n\nСумнів — це впевненість. Мені не потрібно переконувати ворога; достатньо посіяти сумнів і дочекатися плодів.\n\nДовіряй мені. На кожну брехню я кажу вдесятеро більше правди. Той, хто завжди бреше, не каже нічого.\n\nНе повторюй ту саму брехню двічі. Надто часто застосовуваний прийом стає передбачуваним. Рухайся, змінюй цілі й не давай їм розгадати твій задум.
h7a88aa99gaa7fgcfe2g038bg6fea4e9cadfd	archaism	Стиль	обіт	Це слово або форма є застарілою, архаїчною або діалектною.		Пекломовці складають обіт Молоху, коли приєднуються до Ордену Спустошення. Дотримуючись цих засад, вони проникають у найвіддаленіші осередки влади й маніпулюють усіма, хто перебуває під їхнім впливом.\n\nМій голос — це зброя. Навіть коли мої чари не діють, ворог належить мені, якщо чує мене.\n\nСумнів — це впевненість. Мені не потрібно переконувати ворога; достатньо посіяти сумнів і дочекатися плодів.\n\nДовіряй мені. На кожну брехню я кажу вдесятеро більше правди. Той, хто завжди бреше, не каже нічого.\n\nНе повторюй ту саму брехню двічі. Надто часто застосовуваний прийом стає передбачуваним. Рухайся, змінюй цілі й не давай їм розгадати твій задум.
h7a88aa99gaa7fgcfe2g038bg6fea4e9cadfd	UK_SIMPLE_REPLACE	Інше	прийом	«прийом» - помилкове слово, виправлення: приймання, прийняття, спосіб, захід, раз.	приймання, прийняття, спосіб, захід, раз	Пекломовці складають обіт Молоху, коли приєднуються до Ордену Спустошення. Дотримуючись цих засад, вони проникають у найвіддаленіші осередки влади й маніпулюють усіма, хто перебуває під їхнім впливом.\n\nМій голос — це зброя. Навіть коли мої чари не діють, ворог належить мені, якщо чує мене.\n\nСумнів — це впевненість. Мені не потрібно переконувати ворога; достатньо посіяти сумнів і дочекатися плодів.\n\nДовіряй мені. На кожну брехню я кажу вдесятеро більше правди. Той, хто завжди бреше, не каже нічого.\n\nНе повторюй ту саму брехню двічі. Надто часто застосовуваний прийом стає передбачуваним. Рухайся, змінюй цілі й не давай їм розгадати твій задум.
hb052fe34g86bfg992cg2672g146c445e9dc4	MORFOLOGIK_RULE_UK_UA	Можлива механічна помилка	ілріґера	Знайдено потенційну орфографічну помилку.	лідера, літера, прімера, Алішера, Берґера, Д'Рівера, Круґера, Крюґера	"Коли Молох приймає вас як свого ілріґера, ви здобуваєте <LSTag Tooltip=""Expertise"">вправність</LSTag> у <LSTag Type=""Skills"" Tooltip=""Persuasion"">Переконанні</LSTag> й <LSTag Type=""Skills"" Tooltip=""Deception"">Обмані</LSTag> під час <LSTag Tooltip=""AbilityCheck"">перевірок</LSTag>."
hb052fe34g86bfg992cg2672g146c445e9dc4	COMMA_PARENTHESIS_WHITESPACE	Оформлення	 .	Не ставте пробіл перед крапкою.	.	"Коли Молох приймає вас як свого ілріґера, ви здобуваєте <LSTag Tooltip=""Expertise"">вправність</LSTag> у <LSTag Type=""Skills"" Tooltip=""Persuasion"">Переконанні</LSTag> й <LSTag Type=""Skills"" Tooltip=""Deception"">Обмані</LSTag> під час <LSTag Tooltip=""AbilityCheck"">перевірок</LSTag>."
h4b29ebdegfa87g42bege4a2g3b10f7973640	MORFOLOGIK_RULE_UK_UA	Можлива механічна помилка	ілріґера	Знайдено потенційну орфографічну помилку.	лідера, літера, прімера, Алішера, Берґера, Д'Рівера, Круґера, Крюґера	"Коли Молох приймає вас як свого ілріґера, ви здобуваєте <LSTag Tooltip=""Expertise"">вправність</LSTag> у <LSTag Type=""Skills"" Tooltip=""Persuasion"">Переконанні</LSTag> й <LSTag Type=""Skills"" Tooltip=""Deception"">Обмані</LSTag> під час <LSTag Tooltip=""AbilityCheck"">перевірок</LSTag>."
h4b29ebdegfa87g42bege4a2g3b10f7973640	COMMA_PARENTHESIS_WHITESPACE	Оформлення	 .	Не ставте пробіл перед крапкою.	.	"Коли Молох приймає вас як свого ілріґера, ви здобуваєте <LSTag Tooltip=""Expertise"">вправність</LSTag> у <LSTag Type=""Skills"" Tooltip=""Persuasion"">Переконанні</LSTag> й <LSTag Type=""Skills"" Tooltip=""Deception"">Обмані</LSTag> під час <LSTag Tooltip=""AbilityCheck"">перевірок</LSTag>."
h3eabef8fg88cagb8c2g7625g98663b906cac	COMMA_PARENTHESIS_WHITESPACE	Оформлення	 ,	Поставте пробіл після коми, а не перед комою.	,	"Коли ви вторинною дією накладаєте на істоту <LSTag Type=""Spell"" Tooltip=""Target_Seal"">печатку</LSTag>, можете причарувати її на 10 ходів."
hd5322297g3c9agc288gf0d2g3bf720ba3cbf	MORFOLOGIK_RULE_UK_UA	Можлива механічна помилка	Пекломовці	Знайдено потенційну орфографічну помилку.	Пекло мовці	Харизматичні й маніпулятивні Пекломовці служать Молоху, ковзають полем бою та примушують ворогів мимоволі ставати союзниками.\n\nМолох править Стіксом, Містом Брехні, але його вплив сягає далеко за його межі. Найвидатніші політики й дипломати Пекла підносяться завдяки тонким маніпуляціям Молоха. Вони безмежно віддані йому, бо знають: без нього вони ніщо. Так його сила відлунює в усьому Пеклі.\n\nІлріґери Молоха — красномовні чарівники, які чаклунством і хитрощами заколисують ворогів до самовдоволення, аж доки ті не опиняться під владою Ордену Спустошення. Пекломовці вивчають мистецтво, відоме як Червона говірка, або Говірка Пекла. Розуміючи ворога й непомітно вплітаючи чари у звичайну мову, вони здатні змусити його відчувати, думати чи робити майже будь-що задля перемоги Пекла.\n\nУ часових просторах Пекломовці мають славу усміхнених пройдисвітів і хвацьких лиходіїв. Вони безцінні на будь-яких переговорах і знають, що у світі брехні правда може бути не менш могутньою зброєю, ніж сталь.
hd5322297g3c9agc288gf0d2g3bf720ba3cbf	MORFOLOGIK_RULE_UK_UA	Можлива механічна помилка	Ілріґери	Знайдено потенційну орфографічну помилку.	Лідери, Літери, Прімери, Д'Рівери, Олівери, Рівери, Глісери, д'Рівери	Харизматичні й маніпулятивні Пекломовці служать Молоху, ковзають полем бою та примушують ворогів мимоволі ставати союзниками.\n\nМолох править Стіксом, Містом Брехні, але його вплив сягає далеко за його межі. Найвидатніші політики й дипломати Пекла підносяться завдяки тонким маніпуляціям Молоха. Вони безмежно віддані йому, бо знають: без нього вони ніщо. Так його сила відлунює в усьому Пеклі.\n\nІлріґери Молоха — красномовні чарівники, які чаклунством і хитрощами заколисують ворогів до самовдоволення, аж доки ті не опиняться під владою Ордену Спустошення. Пекломовці вивчають мистецтво, відоме як Червона говірка, або Говірка Пекла. Розуміючи ворога й непомітно вплітаючи чари у звичайну мову, вони здатні змусити його відчувати, думати чи робити майже будь-що задля перемоги Пекла.\n\nУ часових просторах Пекломовці мають славу усміхнених пройдисвітів і хвацьких лиходіїв. Вони безцінні на будь-яких переговорах і знають, що у світі брехні правда може бути не менш могутньою зброєю, ніж сталь.
hd5322297g3c9agc288gf0d2g3bf720ba3cbf	MORFOLOGIK_RULE_UK_UA	Можлива механічна помилка	Пекломовці	Знайдено потенційну орфографічну помилку.	Пекло мовці	Харизматичні й маніпулятивні Пекломовці служать Молоху, ковзають полем бою та примушують ворогів мимоволі ставати союзниками.\n\nМолох править Стіксом, Містом Брехні, але його вплив сягає далеко за його межі. Найвидатніші політики й дипломати Пекла підносяться завдяки тонким маніпуляціям Молоха. Вони безмежно віддані йому, бо знають: без нього вони ніщо. Так його сила відлунює в усьому Пеклі.\n\nІлріґери Молоха — красномовні чарівники, які чаклунством і хитрощами заколисують ворогів до самовдоволення, аж доки ті не опиняться під владою Ордену Спустошення. Пекломовці вивчають мистецтво, відоме як Червона говірка, або Говірка Пекла. Розуміючи ворога й непомітно вплітаючи чари у звичайну мову, вони здатні змусити його відчувати, думати чи робити майже будь-що задля перемоги Пекла.\n\nУ часових просторах Пекломовці мають славу усміхнених пройдисвітів і хвацьких лиходіїв. Вони безцінні на будь-яких переговорах і знають, що у світі брехні правда може бути не менш могутньою зброєю, ніж сталь.
hd5322297g3c9agc288gf0d2g3bf720ba3cbf	MORFOLOGIK_RULE_UK_UA	Можлива механічна помилка	Пекломовці	Знайдено потенційну орфографічну помилку.	Пекло мовці	Харизматичні й маніпулятивні Пекломовці служать Молоху, ковзають полем бою та примушують ворогів мимоволі ставати союзниками.\n\nМолох править Стіксом, Містом Брехні, але його вплив сягає далеко за його межі. Найвидатніші політики й дипломати Пекла підносяться завдяки тонким маніпуляціям Молоха. Вони безмежно віддані йому, бо знають: без нього вони ніщо. Так його сила відлунює в усьому Пеклі.\n\nІлріґери Молоха — красномовні чарівники, які чаклунством і хитрощами заколисують ворогів до самовдоволення, аж доки ті не опиняться під владою Ордену Спустошення. Пекломовці вивчають мистецтво, відоме як Червона говірка, або Говірка Пекла. Розуміючи ворога й непомітно вплітаючи чари у звичайну мову, вони здатні змусити його відчувати, думати чи робити майже будь-що задля перемоги Пекла.\n\nУ часових просторах Пекломовці мають славу усміхнених пройдисвітів і хвацьких лиходіїв. Вони безцінні на будь-яких переговорах і знають, що у світі брехні правда може бути не менш могутньою зброєю, ніж сталь.
hd5322297g3c9agc288gf0d2g3bf720ba3cbf	UK_SIMPLE_REPLACE	Інше	безцінні	«безцінні» - помилкове слово, виправлення: неоціненний.	неоціненний	Харизматичні й маніпулятивні Пекломовці служать Молоху, ковзають полем бою та примушують ворогів мимоволі ставати союзниками.\n\nМолох править Стіксом, Містом Брехні, але його вплив сягає далеко за його межі. Найвидатніші політики й дипломати Пекла підносяться завдяки тонким маніпуляціям Молоха. Вони безмежно віддані йому, бо знають: без нього вони ніщо. Так його сила відлунює в усьому Пеклі.\n\nІлріґери Молоха — красномовні чарівники, які чаклунством і хитрощами заколисують ворогів до самовдоволення, аж доки ті не опиняться під владою Ордену Спустошення. Пекломовці вивчають мистецтво, відоме як Червона говірка, або Говірка Пекла. Розуміючи ворога й непомітно вплітаючи чари у звичайну мову, вони здатні змусити його відчувати, думати чи робити майже будь-що задля перемоги Пекла.\n\nУ часових просторах Пекломовці мають славу усміхнених пройдисвітів і хвацьких лиходіїв. Вони безцінні на будь-яких переговорах і знають, що у світі брехні правда може бути не менш могутньою зброєю, ніж сталь.
h778d0370g733dgefbfg0390g325187e3b8f4	MORFOLOGIK_RULE_UK_UA	Можлива механічна помилка	Пекломовець	Знайдено потенційну орфографічну помилку.	Пекло мовець, Пеклом овець	Пекломовець
hc0cff11age80fgb13fgfd62g598157b9f427	MORFOLOGIK_RULE_UK_UA	Можлива механічна помилка	Диспатера	Знайдено потенційну орфографічну помилку.	Диспашера	Важкі ударні загони Диспатера мають уміло командувати на полі бою й швидко знищувати ворогів. Знеболювачі дотримуються засад, які велять їм вести пекельні війська та воювати проти Добра крізь усі епохи.\n\nПопереду війська. Я йду в авангарді кожної битви, надихаючи своїх воїнів і жахаючи ворогів.\n\nКомандир. Де б я не був, командую я. Я не виконую наказів тих, кому бракує волі вести за собою.\n\nПеремога за будь-яку ціну. Я поважаю ворожого ватажка й ставлюся до нього гідно. Та коли мечі оголено, я застосовую все, що маю, аби перемогти, й очікую від нього того самого.\n\nСолдати гинуть. Життя моїх солдатів мене не турбує: це ресурс, який я витрачаю заради перемоги.
hc0cff11age80fgb13fgfd62g598157b9f427	MORFOLOGIK_RULE_UK_UA	Можлива механічна помилка	Знеболювачі	Знайдено потенційну орфографічну помилку.	Знеболювані	Важкі ударні загони Диспатера мають уміло командувати на полі бою й швидко знищувати ворогів. Знеболювачі дотримуються засад, які велять їм вести пекельні війська та воювати проти Добра крізь усі епохи.\n\nПопереду війська. Я йду в авангарді кожної битви, надихаючи своїх воїнів і жахаючи ворогів.\n\nКомандир. Де б я не був, командую я. Я не виконую наказів тих, кому бракує волі вести за собою.\n\nПеремога за будь-яку ціну. Я поважаю ворожого ватажка й ставлюся до нього гідно. Та коли мечі оголено, я застосовую все, що маю, аби перемогти, й очікую від нього того самого.\n\nСолдати гинуть. Життя моїх солдатів мене не турбує: це ресурс, який я витрачаю заради перемоги.
h87611e23g6851gdd85gb4aagc5494b4af22b	MORFOLOGIK_RULE_UK_UA	Можлива механічна помилка	Диспатера	Знайдено потенційну орфографічну помилку.	Диспашера	Рівень 3: Благословення Диспатера
hdc9bc8a1g4363gafc5g0aa8g3cf81d9f7f39	MORFOLOGIK_RULE_UK_UA	Можлива механічна помилка	Диспатер	Знайдено потенційну орфографічну помилку.	Диспашер	Коли Диспатер приймає вас своїм ілріґером, ви набуваєте спеціалізації на важких обладунках.
hdc9bc8a1g4363gafc5g0aa8g3cf81d9f7f39	MORFOLOGIK_RULE_UK_UA	Можлива механічна помилка	ілріґером	Знайдено потенційну орфографічну помилку.	лідером, Алішером, Берґером, Круґером, Крюґером, Олівером, Оліфером, Рікером	Коли Диспатер приймає вас своїм ілріґером, ви набуваєте спеціалізації на важких обладунках.
h8dc48af4gcdf0gdb45g88c4g86ba48d298cb	MORFOLOGIK_RULE_UK_UA	Можлива механічна помилка	Диспатера	Знайдено потенційну орфографічну помилку.	Диспашера	Дією ви закликаєте владу Диспатера. Виконайте атаку зброєю й виберіть видимих вам охочих істот у межах 30 футів у кількості, що не перевищує вашого бонусу спеціалізації. Кожна вибрана істота може застосувати реагування, щоб атакувати зброєю або проказати замовляння, що завдає шкоди й має час проказування 1 дія.\n\nЗастосувавши цю дію, ви не зможете застосувати її знову до завершення короткого або довгого відпочинку.
h9dbc5d36ge613gcbd5ga51cg3c2f03e86ea8	MORFOLOGIK_RULE_UK_UA	Можлива механічна помилка	Диспатера	Знайдено потенційну орфографічну помилку.	Диспашера	Рівень 7: Верховенство Диспатера
h81b4dc8dg3da9gf440gb6ccgfc1f97fafdf6	MORFOLOGIK_RULE_UK_UA	Можлива механічна помилка	Диспатера	Знайдено потенційну орфографічну помилку.	Диспашера	Дією ви звертаєтеся до влади Диспатера. Виконайте атаку зброєю й виберіть видимих згодних істот у межах 30 футів у кількості, що не перевищує ваш бонус спеціалізації. Кожна вибрана істота може реагуванням виконати атаку зброєю або проказати замовляння, яке завдає шкоди й час проказування якого становить 1 дію.
h4dc2f45dg35b4g1e82ga16cg73f1f783e261	MORFOLOGIK_RULE_UK_UA	Можлива механічна помилка	Знеболювач	Знайдено потенційну орфографічну помилку.	Знеболював	Знеболювач
hf1e041c0ga156g608cg02dfg22c1dad1bf3a	MORFOLOGIK_RULE_UK_UA	Можлива механічна помилка	Знеболювачі	Знайдено потенційну орфографічну помилку.	Знеболювані	Знеболювачі — важкоозброєні пекельні штурмовики Диспатера, які очолюють наступ у кожній великій інфернальній битві.\n\nДиспатер править Дісом, Містом Війни. Коли Пекло вдирається до іншого світу, саме його військо б’ється й гине. Знеболювачі — майстерні стратеги, які ведуть із передової та вселяють у своїх солдатів жах і побожний трепет. Вони владні, сповнені гордині й часто одержимі власною зовнішністю.\n\nХоч Знеболювачі належать до найлицарськіших ілріґерів, їхня шляхетність спотворена. Вони приймають виклики на двобій і швидко карають кожного, хто втрутиться. Та коли програють — без вагань шахрують, а коли перемагають — пихато граються з ворогом перед смертельним ударом.\n\nУ мить слабкості чи відчаю правитель іншого світу може побачити неминучу поразку свого війська й звернутися до Диспатера. Той завжди прагне сіяти чвари й розбрат, тож часто відгукується, посилаючи Знеболювача очолити армію зневіреного володаря.
hf1e041c0ga156g608cg02dfg22c1dad1bf3a	MORFOLOGIK_RULE_UK_UA	Можлива механічна помилка	Диспатера	Знайдено потенційну орфографічну помилку.	Диспашера	Знеболювачі — важкоозброєні пекельні штурмовики Диспатера, які очолюють наступ у кожній великій інфернальній битві.\n\nДиспатер править Дісом, Містом Війни. Коли Пекло вдирається до іншого світу, саме його військо б’ється й гине. Знеболювачі — майстерні стратеги, які ведуть із передової та вселяють у своїх солдатів жах і побожний трепет. Вони владні, сповнені гордині й часто одержимі власною зовнішністю.\n\nХоч Знеболювачі належать до найлицарськіших ілріґерів, їхня шляхетність спотворена. Вони приймають виклики на двобій і швидко карають кожного, хто втрутиться. Та коли програють — без вагань шахрують, а коли перемагають — пихато граються з ворогом перед смертельним ударом.\n\nУ мить слабкості чи відчаю правитель іншого світу може побачити неминучу поразку свого війська й звернутися до Диспатера. Той завжди прагне сіяти чвари й розбрат, тож часто відгукується, посилаючи Знеболювача очолити армію зневіреного володаря.
hf1e041c0ga156g608cg02dfg22c1dad1bf3a	MORFOLOGIK_RULE_UK_UA	Можлива механічна помилка	Диспатер	Знайдено потенційну орфографічну помилку.	Диспашер	Знеболювачі — важкоозброєні пекельні штурмовики Диспатера, які очолюють наступ у кожній великій інфернальній битві.\n\nДиспатер править Дісом, Містом Війни. Коли Пекло вдирається до іншого світу, саме його військо б’ється й гине. Знеболювачі — майстерні стратеги, які ведуть із передової та вселяють у своїх солдатів жах і побожний трепет. Вони владні, сповнені гордині й часто одержимі власною зовнішністю.\n\nХоч Знеболювачі належать до найлицарськіших ілріґерів, їхня шляхетність спотворена. Вони приймають виклики на двобій і швидко карають кожного, хто втрутиться. Та коли програють — без вагань шахрують, а коли перемагають — пихато граються з ворогом перед смертельним ударом.\n\nУ мить слабкості чи відчаю правитель іншого світу може побачити неминучу поразку свого війська й звернутися до Диспатера. Той завжди прагне сіяти чвари й розбрат, тож часто відгукується, посилаючи Знеболювача очолити армію зневіреного володаря.
hf1e041c0ga156g608cg02dfg22c1dad1bf3a	MORFOLOGIK_RULE_UK_UA	Можлива механічна помилка	Дісом	Знайдено потенційну орфографічну помилку.	Ділом, Лісом, Дідом, Бісом, Діасом, Діком, Діном, ПіСом	Знеболювачі — важкоозброєні пекельні штурмовики Диспатера, які очолюють наступ у кожній великій інфернальній битві.\n\nДиспатер править Дісом, Містом Війни. Коли Пекло вдирається до іншого світу, саме його військо б’ється й гине. Знеболювачі — майстерні стратеги, які ведуть із передової та вселяють у своїх солдатів жах і побожний трепет. Вони владні, сповнені гордині й часто одержимі власною зовнішністю.\n\nХоч Знеболювачі належать до найлицарськіших ілріґерів, їхня шляхетність спотворена. Вони приймають виклики на двобій і швидко карають кожного, хто втрутиться. Та коли програють — без вагань шахрують, а коли перемагають — пихато граються з ворогом перед смертельним ударом.\n\nУ мить слабкості чи відчаю правитель іншого світу може побачити неминучу поразку свого війська й звернутися до Диспатера. Той завжди прагне сіяти чвари й розбрат, тож часто відгукується, посилаючи Знеболювача очолити армію зневіреного володаря.
hf1e041c0ga156g608cg02dfg22c1dad1bf3a	MORFOLOGIK_RULE_UK_UA	Можлива механічна помилка	Знеболювачі	Знайдено потенційну орфографічну помилку.	Знеболювані	Знеболювачі — важкоозброєні пекельні штурмовики Диспатера, які очолюють наступ у кожній великій інфернальній битві.\n\nДиспатер править Дісом, Містом Війни. Коли Пекло вдирається до іншого світу, саме його військо б’ється й гине. Знеболювачі — майстерні стратеги, які ведуть із передової та вселяють у своїх солдатів жах і побожний трепет. Вони владні, сповнені гордині й часто одержимі власною зовнішністю.\n\nХоч Знеболювачі належать до найлицарськіших ілріґерів, їхня шляхетність спотворена. Вони приймають виклики на двобій і швидко карають кожного, хто втрутиться. Та коли програють — без вагань шахрують, а коли перемагають — пихато граються з ворогом перед смертельним ударом.\n\nУ мить слабкості чи відчаю правитель іншого світу може побачити неминучу поразку свого війська й звернутися до Диспатера. Той завжди прагне сіяти чвари й розбрат, тож часто відгукується, посилаючи Знеболювача очолити армію зневіреного володаря.
hf1e041c0ga156g608cg02dfg22c1dad1bf3a	MORFOLOGIK_RULE_UK_UA	Можлива механічна помилка	Знеболювачі	Знайдено потенційну орфографічну помилку.	Знеболювані	Знеболювачі — важкоозброєні пекельні штурмовики Диспатера, які очолюють наступ у кожній великій інфернальній битві.\n\nДиспатер править Дісом, Містом Війни. Коли Пекло вдирається до іншого світу, саме його військо б’ється й гине. Знеболювачі — майстерні стратеги, які ведуть із передової та вселяють у своїх солдатів жах і побожний трепет. Вони владні, сповнені гордині й часто одержимі власною зовнішністю.\n\nХоч Знеболювачі належать до найлицарськіших ілріґерів, їхня шляхетність спотворена. Вони приймають виклики на двобій і швидко карають кожного, хто втрутиться. Та коли програють — без вагань шахрують, а коли перемагають — пихато граються з ворогом перед смертельним ударом.\n\nУ мить слабкості чи відчаю правитель іншого світу може побачити неминучу поразку свого війська й звернутися до Диспатера. Той завжди прагне сіяти чвари й розбрат, тож часто відгукується, посилаючи Знеболювача очолити армію зневіреного володаря.
hf1e041c0ga156g608cg02dfg22c1dad1bf3a	MORFOLOGIK_RULE_UK_UA	Можлива механічна помилка	найлицарськіших	Знайдено потенційну орфографічну помилку.		Знеболювачі — важкоозброєні пекельні штурмовики Диспатера, які очолюють наступ у кожній великій інфернальній битві.\n\nДиспатер править Дісом, Містом Війни. Коли Пекло вдирається до іншого світу, саме його військо б’ється й гине. Знеболювачі — майстерні стратеги, які ведуть із передової та вселяють у своїх солдатів жах і побожний трепет. Вони владні, сповнені гордині й часто одержимі власною зовнішністю.\n\nХоч Знеболювачі належать до найлицарськіших ілріґерів, їхня шляхетність спотворена. Вони приймають виклики на двобій і швидко карають кожного, хто втрутиться. Та коли програють — без вагань шахрують, а коли перемагають — пихато граються з ворогом перед смертельним ударом.\n\nУ мить слабкості чи відчаю правитель іншого світу може побачити неминучу поразку свого війська й звернутися до Диспатера. Той завжди прагне сіяти чвари й розбрат, тож часто відгукується, посилаючи Знеболювача очолити армію зневіреного володаря.
hf1e041c0ga156g608cg02dfg22c1dad1bf3a	MORFOLOGIK_RULE_UK_UA	Можлива механічна помилка	ілріґерів	Знайдено потенційну орфографічну помилку.	лідерів, Оліверів, глісерів, кліверів, кліперів, кріперів, ліверів, лікерів	Знеболювачі — важкоозброєні пекельні штурмовики Диспатера, які очолюють наступ у кожній великій інфернальній битві.\n\nДиспатер править Дісом, Містом Війни. Коли Пекло вдирається до іншого світу, саме його військо б’ється й гине. Знеболювачі — майстерні стратеги, які ведуть із передової та вселяють у своїх солдатів жах і побожний трепет. Вони владні, сповнені гордині й часто одержимі власною зовнішністю.\n\nХоч Знеболювачі належать до найлицарськіших ілріґерів, їхня шляхетність спотворена. Вони приймають виклики на двобій і швидко карають кожного, хто втрутиться. Та коли програють — без вагань шахрують, а коли перемагають — пихато граються з ворогом перед смертельним ударом.\n\nУ мить слабкості чи відчаю правитель іншого світу може побачити неминучу поразку свого війська й звернутися до Диспатера. Той завжди прагне сіяти чвари й розбрат, тож часто відгукується, посилаючи Знеболювача очолити армію зневіреного володаря.
hf1e041c0ga156g608cg02dfg22c1dad1bf3a	MORFOLOGIK_RULE_UK_UA	Можлива механічна помилка	Диспатера	Знайдено потенційну орфографічну помилку.	Диспашера	Знеболювачі — важкоозброєні пекельні штурмовики Диспатера, які очолюють наступ у кожній великій інфернальній битві.\n\nДиспатер править Дісом, Містом Війни. Коли Пекло вдирається до іншого світу, саме його військо б’ється й гине. Знеболювачі — майстерні стратеги, які ведуть із передової та вселяють у своїх солдатів жах і побожний трепет. Вони владні, сповнені гордині й часто одержимі власною зовнішністю.\n\nХоч Знеболювачі належать до найлицарськіших ілріґерів, їхня шляхетність спотворена. Вони приймають виклики на двобій і швидко карають кожного, хто втрутиться. Та коли програють — без вагань шахрують, а коли перемагають — пихато граються з ворогом перед смертельним ударом.\n\nУ мить слабкості чи відчаю правитель іншого світу може побачити неминучу поразку свого війська й звернутися до Диспатера. Той завжди прагне сіяти чвари й розбрат, тож часто відгукується, посилаючи Знеболювача очолити армію зневіреного володаря.
hf1e041c0ga156g608cg02dfg22c1dad1bf3a	MORFOLOGIK_RULE_UK_UA	Можлива механічна помилка	Знеболювача	Знайдено потенційну орфографічну помилку.	Знеболювала, Знеболювана	Знеболювачі — важкоозброєні пекельні штурмовики Диспатера, які очолюють наступ у кожній великій інфернальній битві.\n\nДиспатер править Дісом, Містом Війни. Коли Пекло вдирається до іншого світу, саме його військо б’ється й гине. Знеболювачі — майстерні стратеги, які ведуть із передової та вселяють у своїх солдатів жах і побожний трепет. Вони владні, сповнені гордині й часто одержимі власною зовнішністю.\n\nХоч Знеболювачі належать до найлицарськіших ілріґерів, їхня шляхетність спотворена. Вони приймають виклики на двобій і швидко карають кожного, хто втрутиться. Та коли програють — без вагань шахрують, а коли перемагають — пихато граються з ворогом перед смертельним ударом.\n\nУ мить слабкості чи відчаю правитель іншого світу може побачити неминучу поразку свого війська й звернутися до Диспатера. Той завжди прагне сіяти чвари й розбрат, тож часто відгукується, посилаючи Знеболювача очолити армію зневіреного володаря.
h4266d444gc1f9g9997g415cge5bb994864d6	archaism	Стиль	обіт	Це слово або форма є застарілою, архаїчною або діалектною.		Володарі Тіней складають обіт Беліалу, коли приєднуються до Ордену Спустошення. Ці засади зобов’язують їх служити ворогам Беліала під виглядом союзників, перш ніж викрити себе як ворогів.\n\nПлани в планах. Вороги ніколи не повинні дізнатися про мої справжні цілі. Якщо знадобиться, я пожертвую собою, щоб захистити свої задуми.\n\nВладні позиції. Я керую всім із тіні, бо знаю, кого обдурити й де сховатися на видноті.\n\nСила в терпінні. Я вивчаю ворога й методично здобуваю його довіру. Моя вірність має бути безсумнівною, щоб неминуча зрада здавалася немислимою.\n\nВагання — це поразка. Хоча зазвичай я покладаюся на посередників, але, коли випадає нагода, убиваю без вагань, дієво й точно.
h4266d444gc1f9g9997g415cge5bb994864d6	MORFOLOGIK_RULE_UK_UA	Можлива механічна помилка	Беліалу	Знайдено потенційну орфографічну помилку.	Серіалу, Філіалу, Безпалу, Белану, Беллу, Белсату, Белізу, Беліку	Володарі Тіней складають обіт Беліалу, коли приєднуються до Ордену Спустошення. Ці засади зобов’язують їх служити ворогам Беліала під виглядом союзників, перш ніж викрити себе як ворогів.\n\nПлани в планах. Вороги ніколи не повинні дізнатися про мої справжні цілі. Якщо знадобиться, я пожертвую собою, щоб захистити свої задуми.\n\nВладні позиції. Я керую всім із тіні, бо знаю, кого обдурити й де сховатися на видноті.\n\nСила в терпінні. Я вивчаю ворога й методично здобуваю його довіру. Моя вірність має бути безсумнівною, щоб неминуча зрада здавалася немислимою.\n\nВагання — це поразка. Хоча зазвичай я покладаюся на посередників, але, коли випадає нагода, убиваю без вагань, дієво й точно.
h4266d444gc1f9g9997g415cge5bb994864d6	MORFOLOGIK_RULE_UK_UA	Можлива механічна помилка	Беліала	Знайдено потенційну орфографічну помилку.	Боліла, Безпала, Белана, Белла, Беліза, Беліка, Белінда, Беспала	Володарі Тіней складають обіт Беліалу, коли приєднуються до Ордену Спустошення. Ці засади зобов’язують їх служити ворогам Беліала під виглядом союзників, перш ніж викрити себе як ворогів.\n\nПлани в планах. Вороги ніколи не повинні дізнатися про мої справжні цілі. Якщо знадобиться, я пожертвую собою, щоб захистити свої задуми.\n\nВладні позиції. Я керую всім із тіні, бо знаю, кого обдурити й де сховатися на видноті.\n\nСила в терпінні. Я вивчаю ворога й методично здобуваю його довіру. Моя вірність має бути безсумнівною, щоб неминуча зрада здавалася немислимою.\n\nВагання — це поразка. Хоча зазвичай я покладаюся на посередників, але, коли випадає нагода, убиваю без вагань, дієво й точно.
hd8bb9020gf357g83bfgf655g10311ef27325	COMMA_PARENTHESIS_WHITESPACE	Оформлення	 .	Не ставте пробіл перед крапкою.	.	"Вторинною дією обмотайте горло істоти тіньовою мотузкою й почніть її <LSTag Type=""Status"" Tooltip=""GARROTE_TARGET_HUMANOID"">душити</LSTag>."
hf4eda0d1g9d77gcfb5g49f3g7e6523196336	MORFOLOGIK_RULE_UK_UA	Можлива механічна помилка	темнозір	Знайдено потенційну орфографічну помилку.	темно зір	"Тіні — ваші супутники й помічники у звершеннях. Ви отримуєте такі переваги:\n\nВи отримуєте темнозір на 60 футів. Якщо ви вже маєте темнозір, його дальність збільшується на 60 футів.\nВаша швидкість переміщення збільшується на 10 футів.\nВи маєте перевагу в перевірках спритності (<LSTag Type=""Skills"" Tooltip=""Stealth"">Непомітність</LSTag>) для переховування. Коли ефект дає змогу виконати кидок протидії спритністю, щоб зазнати лише половини шкоди, у разі успіху ви натомість не зазнаєте шкоди, а в разі невдачі зазнаєте половини."
hf4eda0d1g9d77gcfb5g49f3g7e6523196336	MORFOLOGIK_RULE_UK_UA	Можлива механічна помилка	темнозір	Знайдено потенційну орфографічну помилку.	темно зір	"Тіні — ваші супутники й помічники у звершеннях. Ви отримуєте такі переваги:\n\nВи отримуєте темнозір на 60 футів. Якщо ви вже маєте темнозір, його дальність збільшується на 60 футів.\nВаша швидкість переміщення збільшується на 10 футів.\nВи маєте перевагу в перевірках спритності (<LSTag Type=""Skills"" Tooltip=""Stealth"">Непомітність</LSTag>) для переховування. Коли ефект дає змогу виконати кидок протидії спритністю, щоб зазнати лише половини шкоди, у разі успіху ви натомість не зазнаєте шкоди, а в разі невдачі зазнаєте половини."
hf4eda0d1g9d77gcfb5g49f3g7e6523196336	COMMA_PARENTHESIS_WHITESPACE	Оформлення	( 	Не ставте пробіл після лівої дужки	(	"Тіні — ваші супутники й помічники у звершеннях. Ви отримуєте такі переваги:\n\nВи отримуєте темнозір на 60 футів. Якщо ви вже маєте темнозір, його дальність збільшується на 60 футів.\nВаша швидкість переміщення збільшується на 10 футів.\nВи маєте перевагу в перевірках спритності (<LSTag Type=""Skills"" Tooltip=""Stealth"">Непомітність</LSTag>) для переховування. Коли ефект дає змогу виконати кидок протидії спритністю, щоб зазнати лише половини шкоди, у разі успіху ви натомість не зазнаєте шкоди, а в разі невдачі зазнаєте половини."
hf4eda0d1g9d77gcfb5g49f3g7e6523196336	COMMA_PARENTHESIS_WHITESPACE	Оформлення	 )	Не ставте пробіл перед правою дужкою	)	"Тіні — ваші супутники й помічники у звершеннях. Ви отримуєте такі переваги:\n\nВи отримуєте темнозір на 60 футів. Якщо ви вже маєте темнозір, його дальність збільшується на 60 футів.\nВаша швидкість переміщення збільшується на 10 футів.\nВи маєте перевагу в перевірках спритності (<LSTag Type=""Skills"" Tooltip=""Stealth"">Непомітність</LSTag>) для переховування. Коли ефект дає змогу виконати кидок протидії спритністю, щоб зазнати лише половини шкоди, у разі успіху ви натомість не зазнаєте шкоди, а в разі невдачі зазнаєте половини."
h9b666f81g3924gf39eg6868gd20519f6b190	MORFOLOGIK_RULE_UK_UA	Можлива механічна помилка	темнозір	Знайдено потенційну орфографічну помилку.	темно зір	"Тіні — ваші супутники й помічники у звершеннях. Ви отримуєте такі переваги:\n\nВи отримуєте темнозір на 60 футів. Якщо ви вже маєте темнозір, його дальність збільшується на 60 футів.\nВаша швидкість переміщення збільшується на 10 футів.\nВи маєте перевагу в перевірках спритності (<LSTag Type=""Skills"" Tooltip=""Stealth"">Непомітність</LSTag>) для переховування. Коли ефект дає змогу виконати кидок протидії спритністю, щоб зазнати лише половини шкоди, у разі успіху ви натомість не зазнаєте шкоди, а в разі невдачі зазнаєте половини."
h9b666f81g3924gf39eg6868gd20519f6b190	MORFOLOGIK_RULE_UK_UA	Можлива механічна помилка	темнозір	Знайдено потенційну орфографічну помилку.	темно зір	"Тіні — ваші супутники й помічники у звершеннях. Ви отримуєте такі переваги:\n\nВи отримуєте темнозір на 60 футів. Якщо ви вже маєте темнозір, його дальність збільшується на 60 футів.\nВаша швидкість переміщення збільшується на 10 футів.\nВи маєте перевагу в перевірках спритності (<LSTag Type=""Skills"" Tooltip=""Stealth"">Непомітність</LSTag>) для переховування. Коли ефект дає змогу виконати кидок протидії спритністю, щоб зазнати лише половини шкоди, у разі успіху ви натомість не зазнаєте шкоди, а в разі невдачі зазнаєте половини."
h9b666f81g3924gf39eg6868gd20519f6b190	COMMA_PARENTHESIS_WHITESPACE	Оформлення	( 	Не ставте пробіл після лівої дужки	(	"Тіні — ваші супутники й помічники у звершеннях. Ви отримуєте такі переваги:\n\nВи отримуєте темнозір на 60 футів. Якщо ви вже маєте темнозір, його дальність збільшується на 60 футів.\nВаша швидкість переміщення збільшується на 10 футів.\nВи маєте перевагу в перевірках спритності (<LSTag Type=""Skills"" Tooltip=""Stealth"">Непомітність</LSTag>) для переховування. Коли ефект дає змогу виконати кидок протидії спритністю, щоб зазнати лише половини шкоди, у разі успіху ви натомість не зазнаєте шкоди, а в разі невдачі зазнаєте половини."
h9b666f81g3924gf39eg6868gd20519f6b190	COMMA_PARENTHESIS_WHITESPACE	Оформлення	 )	Не ставте пробіл перед правою дужкою	)	"Тіні — ваші супутники й помічники у звершеннях. Ви отримуєте такі переваги:\n\nВи отримуєте темнозір на 60 футів. Якщо ви вже маєте темнозір, його дальність збільшується на 60 футів.\nВаша швидкість переміщення збільшується на 10 футів.\nВи маєте перевагу в перевірках спритності (<LSTag Type=""Skills"" Tooltip=""Stealth"">Непомітність</LSTag>) для переховування. Коли ефект дає змогу виконати кидок протидії спритністю, щоб зазнати лише половини шкоди, у разі успіху ви натомість не зазнаєте шкоди, а в разі невдачі зазнаєте половини."
hecbd9ffcg2be8gbb16g7102g34164bd0d262	MORFOLOGIK_RULE_UK_UA	Можлива механічна помилка	темнозір	Знайдено потенційну орфографічну помилку.	темно зір	"Тіні — ваші супутники й помічники у звершеннях. Ви отримуєте такі переваги:\n\nВи отримуєте темнозір на 60 футів. Якщо ви вже маєте темнозір, його дальність збільшується на 60 футів.\nВи нормально бачите як у магічній, так і у звичайній темряві.\nВаша швидкість переміщення збільшується на 10 футів.\nВи маєте перевагу в перевірках спритності (<LSTag Type=""Skills"" Tooltip=""Stealth"">Непомітність</LSTag>) для переховування. Коли ефект дає змогу виконати кидок протидії спритністю, щоб зазнати лише половини шкоди, у разі успіху ви натомість не зазнаєте шкоди, а в разі невдачі зазнаєте половини."
hecbd9ffcg2be8gbb16g7102g34164bd0d262	MORFOLOGIK_RULE_UK_UA	Можлива механічна помилка	темнозір	Знайдено потенційну орфографічну помилку.	темно зір	"Тіні — ваші супутники й помічники у звершеннях. Ви отримуєте такі переваги:\n\nВи отримуєте темнозір на 60 футів. Якщо ви вже маєте темнозір, його дальність збільшується на 60 футів.\nВи нормально бачите як у магічній, так і у звичайній темряві.\nВаша швидкість переміщення збільшується на 10 футів.\nВи маєте перевагу в перевірках спритності (<LSTag Type=""Skills"" Tooltip=""Stealth"">Непомітність</LSTag>) для переховування. Коли ефект дає змогу виконати кидок протидії спритністю, щоб зазнати лише половини шкоди, у разі успіху ви натомість не зазнаєте шкоди, а в разі невдачі зазнаєте половини."
hecbd9ffcg2be8gbb16g7102g34164bd0d262	COMMA_PARENTHESIS_WHITESPACE	Оформлення	( 	Не ставте пробіл після лівої дужки	(	"Тіні — ваші супутники й помічники у звершеннях. Ви отримуєте такі переваги:\n\nВи отримуєте темнозір на 60 футів. Якщо ви вже маєте темнозір, його дальність збільшується на 60 футів.\nВи нормально бачите як у магічній, так і у звичайній темряві.\nВаша швидкість переміщення збільшується на 10 футів.\nВи маєте перевагу в перевірках спритності (<LSTag Type=""Skills"" Tooltip=""Stealth"">Непомітність</LSTag>) для переховування. Коли ефект дає змогу виконати кидок протидії спритністю, щоб зазнати лише половини шкоди, у разі успіху ви натомість не зазнаєте шкоди, а в разі невдачі зазнаєте половини."
hecbd9ffcg2be8gbb16g7102g34164bd0d262	COMMA_PARENTHESIS_WHITESPACE	Оформлення	 )	Не ставте пробіл перед правою дужкою	)	"Тіні — ваші супутники й помічники у звершеннях. Ви отримуєте такі переваги:\n\nВи отримуєте темнозір на 60 футів. Якщо ви вже маєте темнозір, його дальність збільшується на 60 футів.\nВи нормально бачите як у магічній, так і у звичайній темряві.\nВаша швидкість переміщення збільшується на 10 футів.\nВи маєте перевагу в перевірках спритності (<LSTag Type=""Skills"" Tooltip=""Stealth"">Непомітність</LSTag>) для переховування. Коли ефект дає змогу виконати кидок протидії спритністю, щоб зазнати лише половини шкоди, у разі успіху ви натомість не зазнаєте шкоди, а в разі невдачі зазнаєте половини."
h29339e6ag5488gb3c9gf071g0b4a21da192a	COMMA_PARENTHESIS_WHITESPACE	Оформлення	 .	Не ставте пробіл перед крапкою.	.	"Вторинною дією обмотайте горло істоти тіньовою мотузкою й почніть її <LSTag Type=""Status"" Tooltip=""GARROTE_TARGET_HUMANOID"">душити</LSTag>."
hb18d7e9eg37d4g8642g14a4g092815e31296	MORFOLOGIK_RULE_UK_UA	Можлива механічна помилка	гарота	Знайдено потенційну орфографічну помилку.	Гарета, Гаркота, Гарта, гамота, гаркота, гарова, грота, жарота	"Уражену істоту душить гарота. Вона перебуває в стані <LSTag Type=""Status"" Tooltip=""SILENCED"">Стишення</LSTag> і зазнає [1] за хід."
hc11719c6g4c2age8c5gfbecg13c2297e09b8	MORFOLOGIK_RULE_UK_UA	Можлива механічна помилка	гаротою	Знайдено потенційну орфографічну помилку.	гамотою, гаркотою, гаровою, жаротою, га ротою, гар отою	Душить істоту гаротою.
h8f230721g7cfdg98e3gf8a5g5d16598f3c1e	MORFOLOGIK_RULE_UK_UA	Можлива механічна помилка	Беліалу	Знайдено потенційну орфографічну помилку.	Серіалу, Філіалу, Безпалу, Белану, Беллу, Белсату, Белізу, Беліку	Володарі Тіней — потаємні вбивці Пекла, що служать Беліалу й неперевершено володіють мистецтвом непомітності та маскування.\n\nБеліал править Геенномом, Містом Темряви. Він прагне панувати над Пеклом за допомогою отрут, тортур і вбивств. Його ілріґери б’ють із тіні або обманом здобувають високі посади біля могутніх володарів. Багато Володарів Тіней керують мережами шпигунів і вбивць, які навіть не здогадуються про пекельне походження свого ватажка.\n\nВолодарі Тіней присягаються ніколи не викривати справжньої вірності й за потреби мусять накласти на себе руки. Багато з них заздалегідь розробляють складний план власного вбивства, щоб у разі викриття смерть приховала правду. Звісно, наймані вбивці так і не дізнаються, що їх винайняла майбутня жертва.
h8f230721g7cfdg98e3gf8a5g5d16598f3c1e	MORFOLOGIK_RULE_UK_UA	Можлива механічна помилка	Беліал	Знайдено потенційну орфографічну помилку.	Серіал, Боліла, Філіал, Бела, Белан, Белза, Белл, Белла	Володарі Тіней — потаємні вбивці Пекла, що служать Беліалу й неперевершено володіють мистецтвом непомітності та маскування.\n\nБеліал править Геенномом, Містом Темряви. Він прагне панувати над Пеклом за допомогою отрут, тортур і вбивств. Його ілріґери б’ють із тіні або обманом здобувають високі посади біля могутніх володарів. Багато Володарів Тіней керують мережами шпигунів і вбивць, які навіть не здогадуються про пекельне походження свого ватажка.\n\nВолодарі Тіней присягаються ніколи не викривати справжньої вірності й за потреби мусять накласти на себе руки. Багато з них заздалегідь розробляють складний план власного вбивства, щоб у разі викриття смерть приховала правду. Звісно, наймані вбивці так і не дізнаються, що їх винайняла майбутня жертва.
h8f230721g7cfdg98e3gf8a5g5d16598f3c1e	MORFOLOGIK_RULE_UK_UA	Можлива механічна помилка	Геенномом	Знайдено потенційну орфографічну помилку.	Геномом	Володарі Тіней — потаємні вбивці Пекла, що служать Беліалу й неперевершено володіють мистецтвом непомітності та маскування.\n\nБеліал править Геенномом, Містом Темряви. Він прагне панувати над Пеклом за допомогою отрут, тортур і вбивств. Його ілріґери б’ють із тіні або обманом здобувають високі посади біля могутніх володарів. Багато Володарів Тіней керують мережами шпигунів і вбивць, які навіть не здогадуються про пекельне походження свого ватажка.\n\nВолодарі Тіней присягаються ніколи не викривати справжньої вірності й за потреби мусять накласти на себе руки. Багато з них заздалегідь розробляють складний план власного вбивства, щоб у разі викриття смерть приховала правду. Звісно, наймані вбивці так і не дізнаються, що їх винайняла майбутня жертва.
h8f230721g7cfdg98e3gf8a5g5d16598f3c1e	MORFOLOGIK_RULE_UK_UA	Можлива механічна помилка	ілріґери	Знайдено потенційну орфографічну помилку.	лідери, літери, прімери, Д'Рівери, Олівери, Рівери, глісери, д'Рівери	Володарі Тіней — потаємні вбивці Пекла, що служать Беліалу й неперевершено володіють мистецтвом непомітності та маскування.\n\nБеліал править Геенномом, Містом Темряви. Він прагне панувати над Пеклом за допомогою отрут, тортур і вбивств. Його ілріґери б’ють із тіні або обманом здобувають високі посади біля могутніх володарів. Багато Володарів Тіней керують мережами шпигунів і вбивць, які навіть не здогадуються про пекельне походження свого ватажка.\n\nВолодарі Тіней присягаються ніколи не викривати справжньої вірності й за потреби мусять накласти на себе руки. Багато з них заздалегідь розробляють складний план власного вбивства, щоб у разі викриття смерть приховала правду. Звісно, наймані вбивці так і не дізнаються, що їх винайняла майбутня жертва.
h6ee711f7gf822ge79eg39abg3424b665f17d	UK_SIMPLE_REPLACE	Інше	тліючого	«тліючого» - помилкове слово, виправлення: що тліє, напівзотлілий, пойнятий тлінням, ледве теплий, жаристий; розжеврілий.	що тліє, напівзотлілий, пойнятий тлінням, ледве теплий, жаристий; розжеврілий	Ви здіймаєте спалах тліючого пекельного вогню навколо видимої істоти в межах досяжності.
h7dfa2a4bg13bfg7ea9g611cgc213f4b0ba43	MORFOLOGIK_RULE_UK_UA	Можлива механічна помилка	Асмодея	Знайдено потенційну орфографічну помилку.	Амадея	Архітектори Руїни — холоднокровні й розважливі містичні лицарі Асмодея, які заради перемоги за будь-яку ціну застосовують закляття, сталь та обман.\n\nАсмодей править Ахероном, Містом Страху. Його ілріґери нишпорять часовими просторами, збираючи таємниці й закляття, покликані ошукувати та жахати супротивників. Його війна з іншими архідияволами — це війна брехні та відомостей.\n\nАрхітектори Руїни прагнуть, щоб вороги Пекла почувалися оточеними й переграними. На полі бою ці ілріґери вправно поєднують клинок із чарами, а дехто вдається до досліджень, проникнення й пропаганди, щоб вести психологічну гру зі здобиччю. Коли Архітектор Руїни нарешті постає перед ворогом, перевага вже на його боці: він усе вивчив, підготувався і стиснув долю в латній рукавиці, змусивши її сприяти собі. Вони жадібно шукають темних мистецтв, щоб озброїти себе й Асмодея неможливим.
h7dfa2a4bg13bfg7ea9g611cgc213f4b0ba43	MORFOLOGIK_RULE_UK_UA	Можлива механічна помилка	Асмодей	Знайдено потенційну орфографічну помилку.	Амадей, Смодни	Архітектори Руїни — холоднокровні й розважливі містичні лицарі Асмодея, які заради перемоги за будь-яку ціну застосовують закляття, сталь та обман.\n\nАсмодей править Ахероном, Містом Страху. Його ілріґери нишпорять часовими просторами, збираючи таємниці й закляття, покликані ошукувати та жахати супротивників. Його війна з іншими архідияволами — це війна брехні та відомостей.\n\nАрхітектори Руїни прагнуть, щоб вороги Пекла почувалися оточеними й переграними. На полі бою ці ілріґери вправно поєднують клинок із чарами, а дехто вдається до досліджень, проникнення й пропаганди, щоб вести психологічну гру зі здобиччю. Коли Архітектор Руїни нарешті постає перед ворогом, перевага вже на його боці: він усе вивчив, підготувався і стиснув долю в латній рукавиці, змусивши її сприяти собі. Вони жадібно шукають темних мистецтв, щоб озброїти себе й Асмодея неможливим.
h7dfa2a4bg13bfg7ea9g611cgc213f4b0ba43	MORFOLOGIK_RULE_UK_UA	Можлива механічна помилка	Ахероном	Знайдено потенційну орфографічну помилку.	Ахерном, Аероном	Архітектори Руїни — холоднокровні й розважливі містичні лицарі Асмодея, які заради перемоги за будь-яку ціну застосовують закляття, сталь та обман.\n\nАсмодей править Ахероном, Містом Страху. Його ілріґери нишпорять часовими просторами, збираючи таємниці й закляття, покликані ошукувати та жахати супротивників. Його війна з іншими архідияволами — це війна брехні та відомостей.\n\nАрхітектори Руїни прагнуть, щоб вороги Пекла почувалися оточеними й переграними. На полі бою ці ілріґери вправно поєднують клинок із чарами, а дехто вдається до досліджень, проникнення й пропаганди, щоб вести психологічну гру зі здобиччю. Коли Архітектор Руїни нарешті постає перед ворогом, перевага вже на його боці: він усе вивчив, підготувався і стиснув долю в латній рукавиці, змусивши її сприяти собі. Вони жадібно шукають темних мистецтв, щоб озброїти себе й Асмодея неможливим.
h7dfa2a4bg13bfg7ea9g611cgc213f4b0ba43	MORFOLOGIK_RULE_UK_UA	Можлива механічна помилка	ілріґери	Знайдено потенційну орфографічну помилку.	лідери, літери, прімери, Д'Рівери, Олівери, Рівери, глісери, д'Рівери	Архітектори Руїни — холоднокровні й розважливі містичні лицарі Асмодея, які заради перемоги за будь-яку ціну застосовують закляття, сталь та обман.\n\nАсмодей править Ахероном, Містом Страху. Його ілріґери нишпорять часовими просторами, збираючи таємниці й закляття, покликані ошукувати та жахати супротивників. Його війна з іншими архідияволами — це війна брехні та відомостей.\n\nАрхітектори Руїни прагнуть, щоб вороги Пекла почувалися оточеними й переграними. На полі бою ці ілріґери вправно поєднують клинок із чарами, а дехто вдається до досліджень, проникнення й пропаганди, щоб вести психологічну гру зі здобиччю. Коли Архітектор Руїни нарешті постає перед ворогом, перевага вже на його боці: він усе вивчив, підготувався і стиснув долю в латній рукавиці, змусивши її сприяти собі. Вони жадібно шукають темних мистецтв, щоб озброїти себе й Асмодея неможливим.
h7dfa2a4bg13bfg7ea9g611cgc213f4b0ba43	MORFOLOGIK_RULE_UK_UA	Можлива механічна помилка	архідияволами	Знайдено потенційну орфографічну помилку.	архідияконами	Архітектори Руїни — холоднокровні й розважливі містичні лицарі Асмодея, які заради перемоги за будь-яку ціну застосовують закляття, сталь та обман.\n\nАсмодей править Ахероном, Містом Страху. Його ілріґери нишпорять часовими просторами, збираючи таємниці й закляття, покликані ошукувати та жахати супротивників. Його війна з іншими архідияволами — це війна брехні та відомостей.\n\nАрхітектори Руїни прагнуть, щоб вороги Пекла почувалися оточеними й переграними. На полі бою ці ілріґери вправно поєднують клинок із чарами, а дехто вдається до досліджень, проникнення й пропаганди, щоб вести психологічну гру зі здобиччю. Коли Архітектор Руїни нарешті постає перед ворогом, перевага вже на його боці: він усе вивчив, підготувався і стиснув долю в латній рукавиці, змусивши її сприяти собі. Вони жадібно шукають темних мистецтв, щоб озброїти себе й Асмодея неможливим.
h7dfa2a4bg13bfg7ea9g611cgc213f4b0ba43	MORFOLOGIK_RULE_UK_UA	Можлива механічна помилка	ілріґери	Знайдено потенційну орфографічну помилку.	лідери, літери, прімери, Д'Рівери, Олівери, Рівери, глісери, д'Рівери	Архітектори Руїни — холоднокровні й розважливі містичні лицарі Асмодея, які заради перемоги за будь-яку ціну застосовують закляття, сталь та обман.\n\nАсмодей править Ахероном, Містом Страху. Його ілріґери нишпорять часовими просторами, збираючи таємниці й закляття, покликані ошукувати та жахати супротивників. Його війна з іншими архідияволами — це війна брехні та відомостей.\n\nАрхітектори Руїни прагнуть, щоб вороги Пекла почувалися оточеними й переграними. На полі бою ці ілріґери вправно поєднують клинок із чарами, а дехто вдається до досліджень, проникнення й пропаганди, щоб вести психологічну гру зі здобиччю. Коли Архітектор Руїни нарешті постає перед ворогом, перевага вже на його боці: він усе вивчив, підготувався і стиснув долю в латній рукавиці, змусивши її сприяти собі. Вони жадібно шукають темних мистецтв, щоб озброїти себе й Асмодея неможливим.
h7dfa2a4bg13bfg7ea9g611cgc213f4b0ba43	MORFOLOGIK_RULE_UK_UA	Можлива механічна помилка	латній	Знайдено потенційну орфографічну помилку.	літній, платній, хатній, Гатній, Ланній, Латій, блатній, ватній	Архітектори Руїни — холоднокровні й розважливі містичні лицарі Асмодея, які заради перемоги за будь-яку ціну застосовують закляття, сталь та обман.\n\nАсмодей править Ахероном, Містом Страху. Його ілріґери нишпорять часовими просторами, збираючи таємниці й закляття, покликані ошукувати та жахати супротивників. Його війна з іншими архідияволами — це війна брехні та відомостей.\n\nАрхітектори Руїни прагнуть, щоб вороги Пекла почувалися оточеними й переграними. На полі бою ці ілріґери вправно поєднують клинок із чарами, а дехто вдається до досліджень, проникнення й пропаганди, щоб вести психологічну гру зі здобиччю. Коли Архітектор Руїни нарешті постає перед ворогом, перевага вже на його боці: він усе вивчив, підготувався і стиснув долю в латній рукавиці, змусивши її сприяти собі. Вони жадібно шукають темних мистецтв, щоб озброїти себе й Асмодея неможливим.
h7dfa2a4bg13bfg7ea9g611cgc213f4b0ba43	MORFOLOGIK_RULE_UK_UA	Можлива механічна помилка	Асмодея	Знайдено потенційну орфографічну помилку.	Амадея	Архітектори Руїни — холоднокровні й розважливі містичні лицарі Асмодея, які заради перемоги за будь-яку ціну застосовують закляття, сталь та обман.\n\nАсмодей править Ахероном, Містом Страху. Його ілріґери нишпорять часовими просторами, збираючи таємниці й закляття, покликані ошукувати та жахати супротивників. Його війна з іншими архідияволами — це війна брехні та відомостей.\n\nАрхітектори Руїни прагнуть, щоб вороги Пекла почувалися оточеними й переграними. На полі бою ці ілріґери вправно поєднують клинок із чарами, а дехто вдається до досліджень, проникнення й пропаганди, щоб вести психологічну гру зі здобиччю. Коли Архітектор Руїни нарешті постає перед ворогом, перевага вже на його боці: він усе вивчив, підготувався і стиснув долю в латній рукавиці, змусивши її сприяти собі. Вони жадібно шукають темних мистецтв, щоб озброїти себе й Асмодея неможливим.
h3c31b801g72c4g4016g8dbagc376fb17c919	MORFOLOGIK_RULE_UK_UA	Можлива механічна помилка	Асмодеєві	Знайдено потенційну орфографічну помилку.	Амадеєві	Вступаючи до Ордену Спустошення, Архітектори руїни присягають Асмодеєві. Ці засади велять їм нищити його ворогів могутньою магією, страхом і недовірою.\n\nПоле битви розуму. Коли мої війська зустрінуться з твоїми, тебе вже сповнюватиме жах і сумнів у власній силі. Мені не доведеться й пальцем ворухнути, щоб здолати тебе.\n\nНалежна таємниця. Дізнавшись твої таємниці, я пізнаю твою слабкість.\n\nЗнання — сила. Знання не менш могутнє за сталь. Я вивчаю кожну подробицю про ворога й передбачаю кожен його рух, ставлячи мат іще до початку гри.\n\nМагія кориться мені. Хитрість не менш могутня за сталь. Темними магічними мистецтвами я затьмарюю твої чуття, послаблюю волю та зміцнюю свій клинок. Твої солдати тремтітимуть, не знаючи, яка темна магія наступною огорне мою зброю.
h01f5bb00ga933g06e9g6166g6a590fca24a4	MORFOLOGIK_RULE_UK_UA	Можлива механічна помилка	Асмодея	Знайдено потенційну орфографічну помилку.	Амадея	Рівень 3: Благословення Асмодея
ha816b389ge8bag72c4gef70g5e1232a276d1	MORFOLOGIK_RULE_UK_UA	Можлива механічна помилка	Асмодей	Знайдено потенційну орфографічну помилку.	Амадей, Смодни	"Прийнявши вас Архітектором руїни, Асмодей відкриває вам пекельні знання. Ви набуваєте володіння однією навичкою на свій вибір: <LSTag Type=""Skills"" Tooltip=""Arcana"">Таїнства</LSTag>, <LSTag Type=""Skills"" Tooltip=""History"">Історія</LSTag>, <LSTag Type=""Skills"" Tooltip=""Nature"">Природа</LSTag> або <LSTag Type=""Skills"" Tooltip=""Religion"">Релігія</LSTag>."
ha816b389ge8bag72c4gef70g5e1232a276d1	COMMA_PARENTHESIS_WHITESPACE	Оформлення	 ,	Поставте пробіл після коми, а не перед комою.	,	"Прийнявши вас Архітектором руїни, Асмодей відкриває вам пекельні знання. Ви набуваєте володіння однією навичкою на свій вибір: <LSTag Type=""Skills"" Tooltip=""Arcana"">Таїнства</LSTag>, <LSTag Type=""Skills"" Tooltip=""History"">Історія</LSTag>, <LSTag Type=""Skills"" Tooltip=""Nature"">Природа</LSTag> або <LSTag Type=""Skills"" Tooltip=""Religion"">Релігія</LSTag>."
ha816b389ge8bag72c4gef70g5e1232a276d1	COMMA_PARENTHESIS_WHITESPACE	Оформлення	 ,	Поставте пробіл після коми, а не перед комою.	,	"Прийнявши вас Архітектором руїни, Асмодей відкриває вам пекельні знання. Ви набуваєте володіння однією навичкою на свій вибір: <LSTag Type=""Skills"" Tooltip=""Arcana"">Таїнства</LSTag>, <LSTag Type=""Skills"" Tooltip=""History"">Історія</LSTag>, <LSTag Type=""Skills"" Tooltip=""Nature"">Природа</LSTag> або <LSTag Type=""Skills"" Tooltip=""Religion"">Релігія</LSTag>."
ha816b389ge8bag72c4gef70g5e1232a276d1	COMMA_PARENTHESIS_WHITESPACE	Оформлення	 .	Не ставте пробіл перед крапкою.	.	"Прийнявши вас Архітектором руїни, Асмодей відкриває вам пекельні знання. Ви набуваєте володіння однією навичкою на свій вибір: <LSTag Type=""Skills"" Tooltip=""Arcana"">Таїнства</LSTag>, <LSTag Type=""Skills"" Tooltip=""History"">Історія</LSTag>, <LSTag Type=""Skills"" Tooltip=""Nature"">Природа</LSTag> або <LSTag Type=""Skills"" Tooltip=""Religion"">Релігія</LSTag>."
h90cf32b2gf820g9778g512fge7868eab0c47	MORFOLOGIK_RULE_UK_UA	Можлива механічна помилка	Чароклинок	Знайдено потенційну орфографічну помилку.	Чаро клинок, Чарок линок	Рівень 3: Чароклинок
h136b52acg55efge3ecge543gaf51e46232a0	MORFOLOGIK_RULE_UK_UA	Можлива механічна помилка	Чароклинок	Знайдено потенційну орфографічну помилку.	Чаро клинок, Чарок линок	Чароклинок
h31f01a11ge447g9caegdcb4g2adfe1ce29e6	MORFOLOGIK_RULE_UK_UA	Можлива механічна помилка	ілріґера	Знайдено потенційну орфографічну помилку.	лідера, літера, прімера, Алішера, Берґера, Д'Рівера, Круґера, Крюґера	Один раз протягом кожного свого ходу ви можете замінити одну з атак, наданих особливістю «Додаткова атака», проказуванням одного зі своїх замовлянь ілріґера.
h2bafe613g30e6g3792g15edgaa3d3658c4b6	MORFOLOGIK_RULE_UK_UA	Можлива механічна помилка	Асмодея	Знайдено потенційну орфографічну помилку.	Амадея	Таємниці Асмодея дають змогу наповнювати печатки явленою силою. Коли ви спалюєте одну чи кілька печаток, щоб завдати істоті шкоди, то можете без витрати дії активувати це благо й додати свій модифікатор харизми (щонайменше 1) до кидка шкоди кожної печатки.
h0688f440gd1d1g007egd6e0g79bf22aff2aa	MORFOLOGIK_RULE_UK_UA	Можлива механічна помилка	ілріґера	Знайдено потенційну орфографічну помилку.	лідера, літера, прімера, Алішера, Берґера, Д'Рівера, Круґера, Крюґера	Коли ви проказуєте відоме вам закляття ілріґера, то можете без витрати дії спалити дві печатки на забороненій істоті, щоб надати їй заваду в кидку протидії цьому закляттю.
hd8757627g198cg4659gbdcbgf8c916e4b023	MORFOLOGIK_RULE_UK_UA	Можлива механічна помилка	ілріґера	Знайдено потенційну орфографічну помилку.	лідера, літера, прімера, Алішера, Берґера, Д'Рівера, Круґера, Крюґера	"Коли ви вторинною дією накладаєте на істоту печатку ілріґера або спалюєте накладену печатку, то на 2 ходи отримуєте ефект <LSTag Type=""Spell"" Tooltip=""Shout_BladeWard"">«Оберегу від зброї»</LSTag>."
hd8757627g198cg4659gbdcbgf8c916e4b023	COMMA_PARENTHESIS_WHITESPACE	Оформлення	 .	Не ставте пробіл перед крапкою.	.	"Коли ви вторинною дією накладаєте на істоту печатку ілріґера або спалюєте накладену печатку, то на 2 ходи отримуєте ефект <LSTag Type=""Spell"" Tooltip=""Shout_BladeWard"">«Оберегу від зброї»</LSTag>."
h00c98c60g1486ge30fge973g756a8dffc456	MORFOLOGIK_RULE_UK_UA	Можлива механічна помилка	Лазивоса	Знайдено потенційну орфографічну помилку.	Лазив оса	«Зброя, відома як “Справжнє ім’я”, пов’язана з історією Семи міст. Коли дияволи укладали угоду, той, хто її приймав, запечатував своє справжнє ім’я в клинку й залишав його тому, хто запропонував угоду. Якщо угоду порушено, клинок розкриває це ім’я, надаючи владу над зрадником.\n\nКажуть, той, хто дізнається справжнє ім’я самої зброї, зможе заволодіти всіма іменами, пов’язаними з нею від часу створення. Лише уявіть, яку владу це дасть.\n\nЯ шукав це ім’я століттями. Коли знайду його, клинок — і його носій — належатимуть мені».\n\n— з особистих записів пекельного канцлера Лазивоса
h939756c4g3811gf6f5g9665gfb0f0b1bae16	MORFOLOGIK_RULE_UK_UA	Можлива механічна помилка	ілріґера	Знайдено потенційну орфографічну помилку.	лідера, літера, прімера, Алішера, Берґера, Д'Рівера, Круґера, Крюґера	Один раз за короткий відпочинок, коли ви вбиваєте істоту з «Істинним ім’ям», то відновлюєте одну печатку ілріґера.
h1a950eaag6cb3g9b5cgfb98gc721a9abd164	MORFOLOGIK_RULE_UK_UA	Можлива механічна помилка	фейську	Знайдено потенційну орфографічну помилку.	Феську, бейську, гейську, зейську, рейську	Викликати фейську істоту: червоношапку
h1a950eaag6cb3g9b5cgfb98gc721a9abd164	MORFOLOGIK_RULE_UK_UA	Можлива механічна помилка	червоношапку	Знайдено потенційну орфографічну помилку.	червоно шапку	Викликати фейську істоту: червоношапку
h7223d543gf408g50fagb634g0ce2909ad820	MORFOLOGIK_RULE_UK_UA	Можлива механічна помилка	Фейський	Знайдено потенційну орфографічну помилку.	Бейський, Гейський, Зейський, Рейський	Фейський крок
h32ce3bc3gbd08g5553gcc7dga7ed37159c2b	MORFOLOGIK_RULE_UK_UA	Можлива механічна помилка	фейську	Знайдено потенційну орфографічну помилку.	Феську, бейську, гейську, зейську, рейську	Викликати фейську істоту: червоношапку (ілюзія)
h32ce3bc3gbd08g5553gcc7dga7ed37159c2b	MORFOLOGIK_RULE_UK_UA	Можлива механічна помилка	червоношапку	Знайдено потенційну орфографічну помилку.	червоно шапку	Викликати фейську істоту: червоношапку (ілюзія)
h1844772eg802eg78e4g4c43g59d82d32b9d4	MORFOLOGIK_RULE_UK_UA	Можлива механічна помилка	РЗ	Знайдено потенційну орфографічну помилку.	З, ІЗ, РАЗ, РФ, ВЗ, РБ, ПЗ, РП	Магія, наука або їхня нестабільна суміш змінили вас. Виберіть одне з наведених нижче помітних фізичних удосконалень. Якщо його не замаскувати, шви, пересаджені частини чужого тіла чи імпланти видно неозброєним оком.\n\nПриродний захист. Луска, пластини або товста шкура дають вам РЗ 10 + модифікатори спритності й статури.\n\nПриродна зброя. Ваші кігті, ікла, роги чи інша природна зброя дають змогу здійснювати беззбройні удари, що в разі влучання завдають 1d6 шкоди.\n\nНічний зір. Ви отримуєте темнозір на 60 футів. Якщо ви вже маєте темнозір, його дальність збільшується на 30 футів.
h1844772eg802eg78e4g4c43g59d82d32b9d4	MORFOLOGIK_RULE_UK_UA	Можлива механічна помилка	темнозір	Знайдено потенційну орфографічну помилку.	темно зір	Магія, наука або їхня нестабільна суміш змінили вас. Виберіть одне з наведених нижче помітних фізичних удосконалень. Якщо його не замаскувати, шви, пересаджені частини чужого тіла чи імпланти видно неозброєним оком.\n\nПриродний захист. Луска, пластини або товста шкура дають вам РЗ 10 + модифікатори спритності й статури.\n\nПриродна зброя. Ваші кігті, ікла, роги чи інша природна зброя дають змогу здійснювати беззбройні удари, що в разі влучання завдають 1d6 шкоди.\n\nНічний зір. Ви отримуєте темнозір на 60 футів. Якщо ви вже маєте темнозір, його дальність збільшується на 30 футів.
h1844772eg802eg78e4g4c43g59d82d32b9d4	MORFOLOGIK_RULE_UK_UA	Можлива механічна помилка	темнозір	Знайдено потенційну орфографічну помилку.	темно зір	Магія, наука або їхня нестабільна суміш змінили вас. Виберіть одне з наведених нижче помітних фізичних удосконалень. Якщо його не замаскувати, шви, пересаджені частини чужого тіла чи імпланти видно неозброєним оком.\n\nПриродний захист. Луска, пластини або товста шкура дають вам РЗ 10 + модифікатори спритності й статури.\n\nПриродна зброя. Ваші кігті, ікла, роги чи інша природна зброя дають змогу здійснювати беззбройні удари, що в разі влучання завдають 1d6 шкоди.\n\nНічний зір. Ви отримуєте темнозір на 60 футів. Якщо ви вже маєте темнозір, його дальність збільшується на 30 футів.
h62e3caedgde0fgd173g13ddg989c09ea72d8	UK_SIMPLE_REPLACE	Інше	Хранитель	«Хранитель» - помилкове слово, виправлення: хоронитель, охоронець.	Хоронитель, Охоронець	Риса: Хранитель могил
he41177dagaf29g13c8gc756g66414bcb409d	MORFOLOGIK_RULE_UK_UA	Можлива механічна помилка	невмерлих	Знайдено потенційну орфографічну помилку.	не вмерлих	Вивчення поховальних обрядів і турбота про спокій померлих зробили вас провідником між світами живих і мертвих. Ви отримуєте такі переваги.\n\nБожественний канал. Ви отримуєте одне застосування класової особливості клірика «Боже наснаження» й можете витратити його на «Вигнання невмерлих». Якщо ви вже маєте «Боже наснаження», це застосування додається до однойменної особливості одного класу на ваш вибір.
h2ba4fa20gb5a4gcf6fg0c48g86e73cad2928	MORFOLOGIK_RULE_UK_UA	Можлива механічна помилка	РЗ	Знайдено потенційну орфографічну помилку.	З, ІЗ, РАЗ, РФ, ВЗ, РБ, ПЗ, РП	Риса: Змінений\n\nВаше тіло назавжди зазнало докорінної зміни, яка, можливо, навіть зробила вас чудовиськом. Блюзнірське поєднання науки, алхімії й магії перетворило вас — чи то задля лікування невиліковної недуги, чи то для випробування меж вашої природи. Принаймні почасти дослід удався, але залишив на вас незгладимий слід. Незворотне спотворення подоби може лякати тих, хто не розуміє побаченого.\n\nЗмінений. Ви отримуєте природний захист (РЗ 10 + модифікатори спритності й статури), природну зброю (1d6 шкоди від беззбройних ударів) і темнозір на 60 футів (або ще на 30 футів, якщо вже його маєте).
h2ba4fa20gb5a4gcf6fg0c48g86e73cad2928	MORFOLOGIK_RULE_UK_UA	Можлива механічна помилка	темнозір	Знайдено потенційну орфографічну помилку.	темно зір	Риса: Змінений\n\nВаше тіло назавжди зазнало докорінної зміни, яка, можливо, навіть зробила вас чудовиськом. Блюзнірське поєднання науки, алхімії й магії перетворило вас — чи то задля лікування невиліковної недуги, чи то для випробування меж вашої природи. Принаймні почасти дослід удався, але залишив на вас незгладимий слід. Незворотне спотворення подоби може лякати тих, хто не розуміє побаченого.\n\nЗмінений. Ви отримуєте природний захист (РЗ 10 + модифікатори спритності й статури), природну зброю (1d6 шкоди від беззбройних ударів) і темнозір на 60 футів (або ще на 30 футів, якщо вже його маєте).
h7d405f4ag1770gee29gfd7egc0479b1be286	UK_SIMPLE_REPLACE	Інше	Хранитель	«Хранитель» - помилкове слово, виправлення: хоронитель, охоронець.	Хоронитель, Охоронець	Риса: Хранитель могил\n\nУ краях, ближчих до земель мертвих, ніж живих, тих, хто дбає про вічний спокій і поховання померлих, водночас глибоко шанують і побоюються. Ви працювали могильником, трунарем і бальзамувальником. Часом лише від вас небіжчик чув останнє добре слово. Ви добре знаєте про лиходійства невмерлих і не дозволяєте їм тривожити спокій своїх підопічних.\n\nХранитель могил. Ви отримуєте одне застосування класової особливості клірика «Боже наснаження» й можете витратити його на «Вигнання невмерлих». Якщо ви вже маєте «Боже наснаження», це застосування додається до однойменної особливості одного класу на ваш вибір.
h7d405f4ag1770gee29gfd7egc0479b1be286	MORFOLOGIK_RULE_UK_UA	Можлива механічна помилка	невмерлих	Знайдено потенційну орфографічну помилку.	не вмерлих	Риса: Хранитель могил\n\nУ краях, ближчих до земель мертвих, ніж живих, тих, хто дбає про вічний спокій і поховання померлих, водночас глибоко шанують і побоюються. Ви працювали могильником, трунарем і бальзамувальником. Часом лише від вас небіжчик чув останнє добре слово. Ви добре знаєте про лиходійства невмерлих і не дозволяєте їм тривожити спокій своїх підопічних.\n\nХранитель могил. Ви отримуєте одне застосування класової особливості клірика «Боже наснаження» й можете витратити його на «Вигнання невмерлих». Якщо ви вже маєте «Боже наснаження», це застосування додається до однойменної особливості одного класу на ваш вибір.
h7d405f4ag1770gee29gfd7egc0479b1be286	UK_SIMPLE_REPLACE	Інше	Хранитель	«Хранитель» - помилкове слово, виправлення: хоронитель, охоронець.	Хоронитель, Охоронець	Риса: Хранитель могил\n\nУ краях, ближчих до земель мертвих, ніж живих, тих, хто дбає про вічний спокій і поховання померлих, водночас глибоко шанують і побоюються. Ви працювали могильником, трунарем і бальзамувальником. Часом лише від вас небіжчик чув останнє добре слово. Ви добре знаєте про лиходійства невмерлих і не дозволяєте їм тривожити спокій своїх підопічних.\n\nХранитель могил. Ви отримуєте одне застосування класової особливості клірика «Боже наснаження» й можете витратити його на «Вигнання невмерлих». Якщо ви вже маєте «Боже наснаження», це застосування додається до однойменної особливості одного класу на ваш вибір.
h7d405f4ag1770gee29gfd7egc0479b1be286	MORFOLOGIK_RULE_UK_UA	Можлива механічна помилка	невмерлих	Знайдено потенційну орфографічну помилку.	не вмерлих	Риса: Хранитель могил\n\nУ краях, ближчих до земель мертвих, ніж живих, тих, хто дбає про вічний спокій і поховання померлих, водночас глибоко шанують і побоюються. Ви працювали могильником, трунарем і бальзамувальником. Часом лише від вас небіжчик чув останнє добре слово. Ви добре знаєте про лиходійства невмерлих і не дозволяєте їм тривожити спокій своїх підопічних.\n\nХранитель могил. Ви отримуєте одне застосування класової особливості клірика «Боже наснаження» й можете витратити його на «Вигнання невмерлих». Якщо ви вже маєте «Боже наснаження», це застосування додається до однойменної особливості одного класу на ваш вибір.
h9a29ca57g6b16g45d2gd6b2g59beaebcff8a	UK_SIMPLE_REPLACE	Інше	Хранитель	«Хранитель» - помилкове слово, виправлення: хоронитель, охоронець.	Хоронитель, Охоронець	Хранитель могил
h724861ebg88f2g481bg1282g74ea90aa0663	MORFOLOGIK_RULE_UK_UA	Можлива механічна помилка	РЗ	Знайдено потенційну орфографічну помилку.	З, ІЗ, РАЗ, РФ, ВЗ, РБ, ПЗ, РП	Магія, наука або їхня нестабільна суміш змінили вас. Виберіть одне з наведених нижче помітних фізичних удосконалень. Якщо його не замаскувати, шви, пересаджені частини чужого тіла чи імпланти видно неозброєним оком.\n\nПриродний захист. Луска, пластини або товста шкура дають вам РЗ 10 + модифікатори спритності й статури.\n\nПриродна зброя. Ваші кігті, ікла, роги чи інша природна зброя дають змогу здійснювати беззбройні удари, що в разі влучання завдають 1d6 шкоди.\n\nНічний зір. Ви отримуєте темнозір на 60 футів. Якщо ви вже маєте темнозір, його дальність збільшується на 30 футів.
h724861ebg88f2g481bg1282g74ea90aa0663	MORFOLOGIK_RULE_UK_UA	Можлива механічна помилка	темнозір	Знайдено потенційну орфографічну помилку.	темно зір	Магія, наука або їхня нестабільна суміш змінили вас. Виберіть одне з наведених нижче помітних фізичних удосконалень. Якщо його не замаскувати, шви, пересаджені частини чужого тіла чи імпланти видно неозброєним оком.\n\nПриродний захист. Луска, пластини або товста шкура дають вам РЗ 10 + модифікатори спритності й статури.\n\nПриродна зброя. Ваші кігті, ікла, роги чи інша природна зброя дають змогу здійснювати беззбройні удари, що в разі влучання завдають 1d6 шкоди.\n\nНічний зір. Ви отримуєте темнозір на 60 футів. Якщо ви вже маєте темнозір, його дальність збільшується на 30 футів.
h724861ebg88f2g481bg1282g74ea90aa0663	MORFOLOGIK_RULE_UK_UA	Можлива механічна помилка	темнозір	Знайдено потенційну орфографічну помилку.	темно зір	Магія, наука або їхня нестабільна суміш змінили вас. Виберіть одне з наведених нижче помітних фізичних удосконалень. Якщо його не замаскувати, шви, пересаджені частини чужого тіла чи імпланти видно неозброєним оком.\n\nПриродний захист. Луска, пластини або товста шкура дають вам РЗ 10 + модифікатори спритності й статури.\n\nПриродна зброя. Ваші кігті, ікла, роги чи інша природна зброя дають змогу здійснювати беззбройні удари, що в разі влучання завдають 1d6 шкоди.\n\nНічний зір. Ви отримуєте темнозір на 60 футів. Якщо ви вже маєте темнозір, його дальність збільшується на 30 футів.
h894a8c5dg5c28g7d23gb198gb51499628687	MORFOLOGIK_RULE_UK_UA	Можлива механічна помилка	невмерлих	Знайдено потенційну орфографічну помилку.	не вмерлих	Вивчення поховальних обрядів і турбота про спокій померлих зробили вас провідником між світами живих і мертвих. Ви отримуєте такі переваги.\n\nБожественний канал. Ви отримуєте одне застосування класової особливості клірика «Боже наснаження» й можете витратити його на «Вигнання невмерлих». Якщо ви вже маєте «Боже наснаження», це застосування додається до однойменної особливості одного класу на ваш вибір.
h1b7aecd7g65c1g83b6g50ddg7fe12c1c16a8	COMMA_PARENTHESIS_WHITESPACE	Оформлення	 ,	Поставте пробіл після коми, а не перед комою.	,	"На рівнях клірика, указаних у таблиці «Закляття Астрального домену», ви отримуєте закляття, які надалі завжди вважаються підготовленими: на 3-му рівні — «Розмиття», «Вказівний заряд», <LSTag Type=""Spell"" Tooltip=""Target_Invisibility"">«Невидимість»</LSTag>, «Скороходець» і «Зоряний вогник»; на 5-му — «Миготіння» та «Сповільнення»; на 7-му — «Вигнання» й «Міжвимірні двері»; на 9-му — «Розвіяння зла й добра» та «Стіна каменю»."
h1b7aecd7g65c1g83b6g50ddg7fe12c1c16a8	MORFOLOGIK_RULE_UK_UA	Можлива механічна помилка	Скороходець	Знайдено потенційну орфографічну помилку.	Скороходе, Скороходці	"На рівнях клірика, указаних у таблиці «Закляття Астрального домену», ви отримуєте закляття, які надалі завжди вважаються підготовленими: на 3-му рівні — «Розмиття», «Вказівний заряд», <LSTag Type=""Spell"" Tooltip=""Target_Invisibility"">«Невидимість»</LSTag>, «Скороходець» і «Зоряний вогник»; на 5-му — «Миготіння» та «Сповільнення»; на 7-му — «Вигнання» й «Міжвимірні двері»; на 9-му — «Розвіяння зла й добра» та «Стіна каменю»."
h1b7aecd7g65c1g83b6g50ddg7fe12c1c16a8	MORFOLOGIK_RULE_UK_UA	Можлива механічна помилка	Міжвимірні	Знайдено потенційну орфографічну помилку.	Між вимірні	"На рівнях клірика, указаних у таблиці «Закляття Астрального домену», ви отримуєте закляття, які надалі завжди вважаються підготовленими: на 3-му рівні — «Розмиття», «Вказівний заряд», <LSTag Type=""Spell"" Tooltip=""Target_Invisibility"">«Невидимість»</LSTag>, «Скороходець» і «Зоряний вогник»; на 5-му — «Миготіння» та «Сповільнення»; на 7-му — «Вигнання» й «Міжвимірні двері»; на 9-му — «Розвіяння зла й добра» та «Стіна каменю»."
h7620f19ag43c9g05a4g36acg0cd45d849578	MORFOLOGIK_RULE_UK_UA	Можлива механічна помилка	Фестервуду	Знайдено потенційну орфографічну помилку.	Нестеруку, Нестерчуку, Нестерпучу, фест-ервуду	Коло незламних — орден друїдів, які відкинули терплячі настанови попередників і взялися за зброю на захист пущі. Ці войовничі друїди створюють ополчення й спрямовують лють самої природи, силою викорінюючи будь-яке зло, що зазіхає на їхні священні землі.\n\nУ них живе хаотична вдача природи, але тіло й пориви приборкані підготовкою та дисципліною. Це коло походить із безжального Фестервуду, і його вчення таке ж суворе, як сам ліс: воно поєднує напад і захист, щоб протистояти всім випробуванням світу.
h33a83d2bg7e97g9bebg4b1ag640c88459c92	COMMA_PARENTHESIS_WHITESPACE	Оформлення	 .	Не ставте пробіл перед крапкою.	.	"Завдайте додаткової шкоди кислотою в кількості, що дорівнює вашому <LSTag Tooltip=""ProficiencyBonus"">бонусу спеціалізації</LSTag>. У разі влучання довкола цілі утворюється калюжа кислоти, яка зменшує <LSTag Tooltip=""ArmourClass"">РЗ</LSTag> на [1]."
h33a83d2bg7e97g9bebg4b1ag640c88459c92	MORFOLOGIK_RULE_UK_UA	Можлива механічна помилка	РЗ	Знайдено потенційну орфографічну помилку.	З, ІЗ, РАЗ, РФ, ВЗ, РБ, ПЗ, РП	"Завдайте додаткової шкоди кислотою в кількості, що дорівнює вашому <LSTag Tooltip=""ProficiencyBonus"">бонусу спеціалізації</LSTag>. У разі влучання довкола цілі утворюється калюжа кислоти, яка зменшує <LSTag Tooltip=""ArmourClass"">РЗ</LSTag> на [1]."
hbbc19e32g5427g3585gaaabg3a72c966a807	COMMA_PARENTHESIS_WHITESPACE	Оформлення	 .	Не ставте пробіл перед крапкою.	.	"Завдавайте додаткової шкоди отрутою в кількості, що дорівнює вашому <LSTag Tooltip=""ProficiencyBonus"">бонусу спеціалізації</LSTag>. У разі влучання навколо цілі виникає отруйна хмара, яка може <LSTag Type=""Status"" Tooltip=""POISONED"">отруїти</LSTag> істот у ній."
hfc73e10fg17e9g9f07gc85fg541d0d54d67b	MORFOLOGIK_RULE_UK_UA	Можлива механічна помилка	посвідом	Знайдено потенційну орфографічну помилку.	досвідом, повідом, посвідок, послідом	"Один раз за хід ви можете огорнути ціль <LSTag Type=""Status"" Tooltip=""FAERIE_FIRE"">чарівним посвідом</LSTag> на [1] ход., якщо ваша атака проти неї не влучає."
hb0d3133ege1fag851cg713dg91c9c8490f25	MORFOLOGIK_RULE_UK_UA	Можлива механічна помилка	РЗ	Знайдено потенційну орфографічну помилку.	З, ІЗ, РАЗ, РФ, ВЗ, РБ, ПЗ, РП	Поки носій тримає щит, наданий ним бонус до РЗ збільшується на 1.
h2506c258gdab0g3285g53bfgf5fce0bc588f	MORFOLOGIK_RULE_UK_UA	Можлива механічна помилка	РЗ	Знайдено потенційну орфографічну помилку.	З, ІЗ, РАЗ, РФ, ВЗ, РБ, ПЗ, РП	Поки носій має на собі обладунки, його РЗ збільшується на 1.
hf478fc95g9735gc147g5553g233bdcac6a42	MORFOLOGIK_RULE_UK_UA	Можлива механічна помилка	колольної	Знайдено потенційну орфографічну помилку.	колосальної, колоїдної, Колодної, Окольної, голільної, золильної, золільної, кокільної	Носій отримує опір до забійної, колольної та рубальної шкоди як від немагічних, так і від магічних атак.
hf478fc95g9735gc147g5553g233bdcac6a42	MORFOLOGIK_RULE_UK_UA	Можлива механічна помилка	немагічних	Знайдено потенційну орфографічну помилку.	не магічних	Носій отримує опір до забійної, колольної та рубальної шкоди як від немагічних, так і від магічних атак.
h937ad414g9893g62b3g50bage2997ca1cdc5	MORFOLOGIK_RULE_UK_UA	Можлива механічна помилка	РЗ	Знайдено потенційну орфографічну помилку.	З, ІЗ, РАЗ, РФ, ВЗ, РБ, ПЗ, РП	Носій отримує бонус +1 до РЗ і кидків протидії.
h9d752733g6be8g780age17cg3ef589ca12bc	UK_SIMPLE_REPLACE	Інше	вантажопідйомність	«вантажопідйомність» - помилкове слово, виправлення: вантажність.	вантажність	Ваша вантажопідйомність збільшується.
hb0f3d315gdfb1g335fg999cgc43d9086449d	MORFOLOGIK_RULE_UK_UA	Можлива механічна помилка	РЗ	Знайдено потенційну орфографічну помилку.	З, ІЗ, РАЗ, РФ, ВЗ, РБ, ПЗ, РП	Поки ви тримаєте щит, ви отримуєте бонус до РЗ.
h686cad6bgf8b8g62abgef37g7d8a7da096cd	COMMA_PARENTHESIS_WHITESPACE	Оформлення	 ,	Поставте пробіл після коми, а не перед комою.	,	"Бонус +1 до <LSTag Tooltip=""ArmourClass"">рівня захисту</LSTag>, коли вдягнено обладунки."
h702473e0g560fg4915gdb8cgbf0d46580368	COMMA_PARENTHESIS_WHITESPACE	Оформлення	 ,	Поставте пробіл після коми, а не перед комою.	,	"Коли ви виконуєте <LSTag Tooltip=""SavingThrow"">кидок протидії</LSTag>, щоб підтримати <LSTag Tooltip=""Concentration"">концентрацію</LSTag> на заклятті, результат 9 або менше вважається результатом 10."
hb35a01acgce21gf8a8gc7b6g225fbd67b408	MORFOLOGIK_RULE_UK_UA	Можлива механічна помилка	колольної	Знайдено потенційну орфографічну помилку.	колосальної, колоїдної, Колодної, Окольної, голільної, золильної, золільної, кокільної	"Має <LSTag Tooltip=""Resistant"">Опір</LSTag> до забійної, колольної та рубальної шкоди."
h30805376g5c6cg34ddgb16bgd3135f7180cf	MORFOLOGIK_RULE_UK_UA	Можлива механічна помилка	РЗ	Знайдено потенційну орфографічну помилку.	З, ІЗ, РАЗ, РФ, ВЗ, РБ, ПЗ, РП	Ви отримуєте бонус +1 до РЗ і кидків протидії.
h99061a90g09cagcb07g6afegd32298d72981	MORFOLOGIK_RULE_UK_UA	Можлива механічна помилка	Мелфа	Знайдено потенційну орфографічну помилку.	Мела, Мел фа	На певних рівнях винахідника ви отримуєте закляття, які надалі завжди вважаються підготовленими, як показано в таблиці «Закляття алхіміка». На 3-му рівні це «Цілюще слово» та «Струмінь хвороби»; на 5-му — «Полум’яна сфера» й «Кислотна стріла Мелфа»; на 9-му — «Газоподібність» і «Масове цілюще слово».
h25aaafe6g04e0ge670gb330gf129adbda2f3	MORFOLOGIK_RULE_UK_UA	Можлива механічна помилка	Тінегриз	Знайдено потенційну орфографічну помилку.	Тіне гриз	Тінегриз
h214e9d1dg45fcg6388gdc9cg6130d7c87cf2	COMMA_PARENTHESIS_WHITESPACE	Оформлення	 .	Не ставте пробіл перед крапкою.	.	"Під час <LSTag Type=""Status"" Tooltip=""RAGE"">люті</LSTag> ви раз за хід можете випустити пасма тіньового диму. Дим простягається на 10 футів від вас у всіх напрямках. Усі істоти в диму, крім вас, перебувають у стані <LSTag Type=""Status"" Tooltip=""BLINDED"">Сліпота</LSTag>."
hc17eba4eg936fg2851g0508gb73011778121	COMMA_PARENTHESIS_WHITESPACE	Оформлення	 .	Не ставте пробіл перед крапкою.	.	"Під час <LSTag Type=""Status"" Tooltip=""RAGE"">люті</LSTag> ви раз за хід можете випустити пасма тіньового диму. Дим простягається на 10 футів від вас у всіх напрямках. Усі істоти в диму, крім вас, перебувають у стані <LSTag Type=""Status"" Tooltip=""BLINDED"">Сліпота</LSTag>."
ha4f758dfga2beg1ec7gcda5g49ccf54aa751	MORFOLOGIK_RULE_UK_UA	Можлива механічна помилка	невмерлого	Знайдено потенційну орфографічну помилку.	не вмерлого	"Потребує налаштування паладином.\n\nКоли ви влучаєте цією зброєю в біса чи невмерлого, істота додатково зазнає 1d10 променевої шкоди. Поки ви тримаєте зброю оголеною, вона створює 10-футову еманацію від вас. Ви й усі дружні до вас істоти в еманації маєте <LSTag Tooltip=""Resistant"">опір</LSTag> до шкоди від заклять."
hda8b38bag9499g847bgcf99g9febaba0926a	MORFOLOGIK_RULE_UK_UA	Можлива механічна помилка	броняра	Знайдено потенційну орфографічну помилку.	бронза, броня, брошура, брокера, Ароняна, Боронява, Бояра, Бронека	Рівень 3: Закляття броняра
hee79b7c5g14dagd8ecg3444ge2c7d3d25745	MORFOLOGIK_RULE_UK_UA	Можлива механічна помилка	броняра	Знайдено потенційну орфографічну помилку.	бронза, броня, брошура, брокера, Ароняна, Боронява, Бояра, Бронека	На певних рівнях винахідника ви отримуєте закляття, які надалі завжди вважаються підготовленими, як показано в таблиці «Закляття броняра». На 3-му рівні це «Магічний залп» і «Громохвиля»; на 5-му — «Віддзеркалення» та «Друзки»; на 9-му — «Гіпнотичний візерунок» і «Розряд блискавки».
hee79b7c5g14dagd8ecg3444ge2c7d3d25745	MORFOLOGIK_RULE_UK_UA	Можлива механічна помилка	Громохвиля	Знайдено потенційну орфографічну помилку.	Громовиця	На певних рівнях винахідника ви отримуєте закляття, які надалі завжди вважаються підготовленими, як показано в таблиці «Закляття броняра». На 3-му рівні це «Магічний залп» і «Громохвиля»; на 5-му — «Віддзеркалення» та «Друзки»; на 9-му — «Гіпнотичний візерунок» і «Розряд блискавки».
h9d97ea6eg0369g70aag3edegb0ac7465f9b3	MORFOLOGIK_RULE_UK_UA	Можлива механічна помилка	Блискавкомет	Знайдено потенційну орфографічну помилку.	Блискав комет, Блискавко мет	"Ви налаштовуєте свої обладунки для непомітніших завдань. Вони мають такі особливості:\n\nБлискавкомет. На обладунках з’являється вузол, схожий на самоцвіт, із якого можна стріляти блискавковими зарядами. Блискавкомет вважається простою далекобійною зброєю й у разі влучання завдає 1d6 блискавкової шкоди. Один раз за кожен свій хід, влучивши в істоту блискавкометом, ви можете завдати цій цілі додатково 1d6 блискавкової шкоди.\nПідсилені кроки. Ваша швидкість збільшується на 5 футів.\nПриглушувальне поле. Ви маєте перевагу в перевірках спритності (<LSTag Type=""Skills"" Tooltip=""Stealth"">Непомітність</LSTag>)."
h9d97ea6eg0369g70aag3edegb0ac7465f9b3	MORFOLOGIK_RULE_UK_UA	Можлива механічна помилка	Блискавкомет	Знайдено потенційну орфографічну помилку.	Блискав комет, Блискавко мет	"Ви налаштовуєте свої обладунки для непомітніших завдань. Вони мають такі особливості:\n\nБлискавкомет. На обладунках з’являється вузол, схожий на самоцвіт, із якого можна стріляти блискавковими зарядами. Блискавкомет вважається простою далекобійною зброєю й у разі влучання завдає 1d6 блискавкової шкоди. Один раз за кожен свій хід, влучивши в істоту блискавкометом, ви можете завдати цій цілі додатково 1d6 блискавкової шкоди.\nПідсилені кроки. Ваша швидкість збільшується на 5 футів.\nПриглушувальне поле. Ви маєте перевагу в перевірках спритності (<LSTag Type=""Skills"" Tooltip=""Stealth"">Непомітність</LSTag>)."
h9d97ea6eg0369g70aag3edegb0ac7465f9b3	MORFOLOGIK_RULE_UK_UA	Можлива механічна помилка	блискавкометом	Знайдено потенційну орфографічну помилку.		"Ви налаштовуєте свої обладунки для непомітніших завдань. Вони мають такі особливості:\n\nБлискавкомет. На обладунках з’являється вузол, схожий на самоцвіт, із якого можна стріляти блискавковими зарядами. Блискавкомет вважається простою далекобійною зброєю й у разі влучання завдає 1d6 блискавкової шкоди. Один раз за кожен свій хід, влучивши в істоту блискавкометом, ви можете завдати цій цілі додатково 1d6 блискавкової шкоди.\nПідсилені кроки. Ваша швидкість збільшується на 5 футів.\nПриглушувальне поле. Ви маєте перевагу в перевірках спритності (<LSTag Type=""Skills"" Tooltip=""Stealth"">Непомітність</LSTag>)."
h9d97ea6eg0369g70aag3edegb0ac7465f9b3	COMMA_PARENTHESIS_WHITESPACE	Оформлення	( 	Не ставте пробіл після лівої дужки	(	"Ви налаштовуєте свої обладунки для непомітніших завдань. Вони мають такі особливості:\n\nБлискавкомет. На обладунках з’являється вузол, схожий на самоцвіт, із якого можна стріляти блискавковими зарядами. Блискавкомет вважається простою далекобійною зброєю й у разі влучання завдає 1d6 блискавкової шкоди. Один раз за кожен свій хід, влучивши в істоту блискавкометом, ви можете завдати цій цілі додатково 1d6 блискавкової шкоди.\nПідсилені кроки. Ваша швидкість збільшується на 5 футів.\nПриглушувальне поле. Ви маєте перевагу в перевірках спритності (<LSTag Type=""Skills"" Tooltip=""Stealth"">Непомітність</LSTag>)."
h9d97ea6eg0369g70aag3edegb0ac7465f9b3	COMMA_PARENTHESIS_WHITESPACE	Оформлення	 )	Не ставте пробіл перед правою дужкою	)	"Ви налаштовуєте свої обладунки для непомітніших завдань. Вони мають такі особливості:\n\nБлискавкомет. На обладунках з’являється вузол, схожий на самоцвіт, із якого можна стріляти блискавковими зарядами. Блискавкомет вважається простою далекобійною зброєю й у разі влучання завдає 1d6 блискавкової шкоди. Один раз за кожен свій хід, влучивши в істоту блискавкометом, ви можете завдати цій цілі додатково 1d6 блискавкової шкоди.\nПідсилені кроки. Ваша швидкість збільшується на 5 футів.\nПриглушувальне поле. Ви маєте перевагу в перевірках спритності (<LSTag Type=""Skills"" Tooltip=""Stealth"">Непомітність</LSTag>)."
hae5b8629gb6dege582gb0b6g59da26e4eb55	MORFOLOGIK_RULE_UK_UA	Можлива механічна помилка	броняр	Знайдено потенційну орфографічну помилку.	броня, броням, бронях	Рівень 9: Покращений броняр
hf03822e2g7af0g67edg9165g36461a798fbc	MORFOLOGIK_RULE_UK_UA	Можлива механічна помилка	Блискавкомета	Знайдено потенційну орфографічну помилку.	Блискав комета, Блискавко мета	Ваш магічний обладунок отримує додаткові переваги залежно від моделі.\n\nДредноут. Кістка шкоди вашого Силового руйнівника збільшується до 2d6 силової шкоди, а досяжність — на 10 футів.\n\nВартовий. Кістка шкоди вашого Громового імпульсу збільшується до 1d10 громової шкоди. Крім того, коли видима істота підходить до вас на 5 футів, ви можете виконати проти неї принагідну атаку.\n\nДиверсант. Кістка шкоди вашого Блискавкомета збільшується до 2d6 блискавкової шкоди. Істота, що зазнає від нього блискавкової шкоди, набуває стану шоку.
h47131d60gec85gc936gc2dcgea0e6754c6e8	MORFOLOGIK_RULE_UK_UA	Можлива механічна помилка	Броняр	Знайдено потенційну орфографічну помилку.	Броня, Броням, Бронях	Броняр
h02b82287gfc4bg3b91g9ef9g28e9e7d50dc8	MORFOLOGIK_RULE_UK_UA	Можлива механічна помилка	Броняр	Знайдено потенційну орфографічну помилку.	Броня, Броням, Бронях	Броняр переробляє обладунки так, щоб вони стали майже другою шкірою. Посилений обладунок зосереджує магію броняра, дає змогу здійснювати потужні атаки й забезпечує надійний захист.
h02b82287gfc4bg3b91g9ef9g28e9e7d50dc8	MORFOLOGIK_RULE_UK_UA	Можлива механічна помилка	броняра	Знайдено потенційну орфографічну помилку.	бронза, броня, брошура, брокера, Ароняна, Боронява, Бояра, Бронека	Броняр переробляє обладунки так, щоб вони стали майже другою шкірою. Посилений обладунок зосереджує магію броняра, дає змогу здійснювати потужні атаки й забезпечує надійний захист.
h1deb9510g66e8g1014ga617g42de42c8b1ba	MORFOLOGIK_RULE_UK_UA	Можлива механічна помилка	Блискавкомет	Знайдено потенційну орфографічну помилку.	Блискав комет, Блискавко мет	Блискавкомет
h0346ca00g9886g1f41g905dge46c1a82136e	MORFOLOGIK_RULE_UK_UA	Можлива механічна помилка	блискавкометом	Знайдено потенційну орфографічну помилку.		Один раз за кожен свій хід, влучивши в істоту блискавкометом, ви можете завдати цій цілі додатково 1d6 блискавкової шкоди.
h578b08afg922ag9afbg1ea2ga018092ec265	MORFOLOGIK_RULE_UK_UA	Можлива механічна помилка	Блискавкомет	Знайдено потенційну орфографічну помилку.	Блискав комет, Блискавко мет	Блискавкомет
h753e23bdg728bg6193g230ag2ac8bdbb0d6b	MORFOLOGIK_RULE_UK_UA	Можлива механічна помилка	блискавкомет	Знайдено потенційну орфографічну помилку.	блискав комет, блискавко мет	Покращений блискавкомет
h67d36ff5g7e58g0847g05abg2265be2e8935	MORFOLOGIK_RULE_UK_UA	Можлива механічна помилка	Блискавкомет	Знайдено потенційну орфографічну помилку.	Блискав комет, Блискавко мет	Блискавкомет
h0ca5e8d6gb9fdgdf73g977bgf17f49b479f7	MORFOLOGIK_RULE_UK_UA	Можлива механічна помилка	блискавкометом	Знайдено потенційну орфографічну помилку.		Один раз за кожен свій хід, влучивши в істоту блискавкометом, ви можете завдати цій цілі додатково 1d6 блискавкової шкоди.
hb830b235g9469g7dd2ga75agc175eb448a0b	MORFOLOGIK_RULE_UK_UA	Можлива механічна помилка	Громохвиля	Знайдено потенційну орфографічну помилку.	Громовиця	На певних рівнях винахідника ви отримуєте закляття, які надалі завжди вважаються підготовленими. На 3-му рівні це «Щит» і «Громохвиля»; на 5-му — «Палюче проміння» та «Друзки»; на 9-му — «Вогняна куля» й «Прикликаний обстріл».
h59958a6fg7ff5g9780g1b47g688c0909621b	MORFOLOGIK_RULE_UK_UA	Можлива механічна помилка	Феєлоном	Знайдено потенційну орфографічну помилку.	Феллоном, Фелоном, Феє лоном	Друїди Кола Мрій походять із країв, тісно пов’язаних із Феєлоном та його сновидними царствами. Захист природи природно зближує їх із доброзичливими феями. Ці друїди прагнуть сповнити світ дивами, подібними до снів. Їхня магія загоює рани й приносить радість засмученим серцям, а підзахисні землі сяють і квітнуть — там сон зливається з дійсністю, а стомлені знаходять спочинок.
hfdecb2bbgb554g7caage8a5ga7a203a6533c	MORFOLOGIK_RULE_UK_UA	Можлива механічна помилка	фейської	Знайдено потенційну орфографічну помилку.	бейської, гейської, зейської, рейської	Вас сповнює благословення Літнього двору, перетворюючи на джерело цілющої енергії. Ви маєте запас фейської енергії, представлений кількістю кісток d6, що дорівнює вашому рівню друїда.\n\nВторинною дією виберіть видиму істоту в межах 60 футів і витратьте кількість цих кісток, що не перевищує половини вашого рівня друїда. Киньте витрачені кістки й підсумуйте результати. Ціль відновлює відповідну кількість очок здоров’я, а також отримує 1 тимчасове очко здоров’я за кожну витрачену кістку.\n\nЗавершивши довгий відпочинок, ви відновлюєте всі витрачені кістки.
he2f58070g7662g8b76gc3d9gce5303f3d8c8	COMMA_PARENTHESIS_WHITESPACE	Оформлення	( 	Не ставте пробіл після лівої дужки	(	"Ваш дім — там, де ви. Ви звертаєтеся до тихої влади Присмеркового двору над тінню й таємницями, огортаючи себе та союзників його непомітним захистом. Дією ви прикликаєте цю силу, створюєте захищений прихисток і негайно отримуєте всі переваги короткого відпочинку.\n\nДо завершення вашого наступного довгого відпочинку ви й ваші союзники отримуєте бонус +5 до перевірок спритності (<LSTag Type=""Skills"" Tooltip=""Stealth"">Непомітність</LSTag>) і мудрості (<LSTag Type=""Skills"" Tooltip=""Perception"">Відчуття</LSTag>)."
he2f58070g7662g8b76gc3d9gce5303f3d8c8	COMMA_PARENTHESIS_WHITESPACE	Оформлення	 )	Не ставте пробіл перед правою дужкою	)	"Ваш дім — там, де ви. Ви звертаєтеся до тихої влади Присмеркового двору над тінню й таємницями, огортаючи себе та союзників його непомітним захистом. Дією ви прикликаєте цю силу, створюєте захищений прихисток і негайно отримуєте всі переваги короткого відпочинку.\n\nДо завершення вашого наступного довгого відпочинку ви й ваші союзники отримуєте бонус +5 до перевірок спритності (<LSTag Type=""Skills"" Tooltip=""Stealth"">Непомітність</LSTag>) і мудрості (<LSTag Type=""Skills"" Tooltip=""Perception"">Відчуття</LSTag>)."
he2f58070g7662g8b76gc3d9gce5303f3d8c8	COMMA_PARENTHESIS_WHITESPACE	Оформлення	( 	Не ставте пробіл після лівої дужки	(	"Ваш дім — там, де ви. Ви звертаєтеся до тихої влади Присмеркового двору над тінню й таємницями, огортаючи себе та союзників його непомітним захистом. Дією ви прикликаєте цю силу, створюєте захищений прихисток і негайно отримуєте всі переваги короткого відпочинку.\n\nДо завершення вашого наступного довгого відпочинку ви й ваші союзники отримуєте бонус +5 до перевірок спритності (<LSTag Type=""Skills"" Tooltip=""Stealth"">Непомітність</LSTag>) і мудрості (<LSTag Type=""Skills"" Tooltip=""Perception"">Відчуття</LSTag>)."
he2f58070g7662g8b76gc3d9gce5303f3d8c8	COMMA_PARENTHESIS_WHITESPACE	Оформлення	 )	Не ставте пробіл перед правою дужкою	)	"Ваш дім — там, де ви. Ви звертаєтеся до тихої влади Присмеркового двору над тінню й таємницями, огортаючи себе та союзників його непомітним захистом. Дією ви прикликаєте цю силу, створюєте захищений прихисток і негайно отримуєте всі переваги короткого відпочинку.\n\nДо завершення вашого наступного довгого відпочинку ви й ваші союзники отримуєте бонус +5 до перевірок спритності (<LSTag Type=""Skills"" Tooltip=""Stealth"">Непомітність</LSTag>) і мудрості (<LSTag Type=""Skills"" Tooltip=""Perception"">Відчуття</LSTag>)."
hd876484bg06deg6a8egb4b1gc6a59e051290	COMMA_PARENTHESIS_WHITESPACE	Оформлення	( 	Не ставте пробіл після лівої дужки	(	"До завершення вашого наступного короткого або довгого відпочинку ви та ваші союзники отримуєте бонус +5 до перевірок спритності (<LSTag Type=""Skills"" Tooltip=""Stealth"">Непомітність</LSTag>) і мудрості (<LSTag Type=""Skills"" Tooltip=""Perception"">Відчуття</LSTag>)."
hd876484bg06deg6a8egb4b1gc6a59e051290	COMMA_PARENTHESIS_WHITESPACE	Оформлення	 )	Не ставте пробіл перед правою дужкою	)	"До завершення вашого наступного короткого або довгого відпочинку ви та ваші союзники отримуєте бонус +5 до перевірок спритності (<LSTag Type=""Skills"" Tooltip=""Stealth"">Непомітність</LSTag>) і мудрості (<LSTag Type=""Skills"" Tooltip=""Perception"">Відчуття</LSTag>)."
hd876484bg06deg6a8egb4b1gc6a59e051290	COMMA_PARENTHESIS_WHITESPACE	Оформлення	( 	Не ставте пробіл після лівої дужки	(	"До завершення вашого наступного короткого або довгого відпочинку ви та ваші союзники отримуєте бонус +5 до перевірок спритності (<LSTag Type=""Skills"" Tooltip=""Stealth"">Непомітність</LSTag>) і мудрості (<LSTag Type=""Skills"" Tooltip=""Perception"">Відчуття</LSTag>)."
hd876484bg06deg6a8egb4b1gc6a59e051290	COMMA_PARENTHESIS_WHITESPACE	Оформлення	 )	Не ставте пробіл перед правою дужкою	)	"До завершення вашого наступного короткого або довгого відпочинку ви та ваші союзники отримуєте бонус +5 до перевірок спритності (<LSTag Type=""Skills"" Tooltip=""Stealth"">Непомітність</LSTag>) і мудрості (<LSTag Type=""Skills"" Tooltip=""Perception"">Відчуття</LSTag>)."
h7b17de26g4a12g2a89g2353gedd40e2fbe9a	COMMA_PARENTHESIS_WHITESPACE	Оформлення	( 	Не ставте пробіл після лівої дужки	(	"Ваш дім — там, де ви. Ви звертаєтеся до тихої влади Присмеркового двору над тінню й таємницями, огортаючи себе та союзників його непомітним захистом. Дією ви прикликаєте цю силу, створюєте захищений прихисток і негайно отримуєте всі переваги короткого відпочинку.\n\nДо завершення вашого наступного довгого відпочинку ви й ваші союзники отримуєте бонус +5 до перевірок спритності (<LSTag Type=""Skills"" Tooltip=""Stealth"">Непомітність</LSTag>) і мудрості (<LSTag Type=""Skills"" Tooltip=""Perception"">Відчуття</LSTag>)."
h7b17de26g4a12g2a89g2353gedd40e2fbe9a	COMMA_PARENTHESIS_WHITESPACE	Оформлення	 )	Не ставте пробіл перед правою дужкою	)	"Ваш дім — там, де ви. Ви звертаєтеся до тихої влади Присмеркового двору над тінню й таємницями, огортаючи себе та союзників його непомітним захистом. Дією ви прикликаєте цю силу, створюєте захищений прихисток і негайно отримуєте всі переваги короткого відпочинку.\n\nДо завершення вашого наступного довгого відпочинку ви й ваші союзники отримуєте бонус +5 до перевірок спритності (<LSTag Type=""Skills"" Tooltip=""Stealth"">Непомітність</LSTag>) і мудрості (<LSTag Type=""Skills"" Tooltip=""Perception"">Відчуття</LSTag>)."
h7b17de26g4a12g2a89g2353gedd40e2fbe9a	COMMA_PARENTHESIS_WHITESPACE	Оформлення	( 	Не ставте пробіл після лівої дужки	(	"Ваш дім — там, де ви. Ви звертаєтеся до тихої влади Присмеркового двору над тінню й таємницями, огортаючи себе та союзників його непомітним захистом. Дією ви прикликаєте цю силу, створюєте захищений прихисток і негайно отримуєте всі переваги короткого відпочинку.\n\nДо завершення вашого наступного довгого відпочинку ви й ваші союзники отримуєте бонус +5 до перевірок спритності (<LSTag Type=""Skills"" Tooltip=""Stealth"">Непомітність</LSTag>) і мудрості (<LSTag Type=""Skills"" Tooltip=""Perception"">Відчуття</LSTag>)."
h7b17de26g4a12g2a89g2353gedd40e2fbe9a	COMMA_PARENTHESIS_WHITESPACE	Оформлення	 )	Не ставте пробіл перед правою дужкою	)	"Ваш дім — там, де ви. Ви звертаєтеся до тихої влади Присмеркового двору над тінню й таємницями, огортаючи себе та союзників його непомітним захистом. Дією ви прикликаєте цю силу, створюєте захищений прихисток і негайно отримуєте всі переваги короткого відпочинку.\n\nДо завершення вашого наступного довгого відпочинку ви й ваші союзники отримуєте бонус +5 до перевірок спритності (<LSTag Type=""Skills"" Tooltip=""Stealth"">Непомітність</LSTag>) і мудрості (<LSTag Type=""Skills"" Tooltip=""Perception"">Відчуття</LSTag>)."
h9936bfdfgad15g113bged99g9778bc8cba86	COMMA_PARENTHESIS_WHITESPACE	Оформлення	 ,	Поставте пробіл після коми, а не перед комою.	,	"Вампірський голод тимчасово вгамовано. +1 до всіх <LSTag Tooltip=""AttackRoll"">кидків атаки</LSTag>, <LSTag Tooltip=""SavingThrow"">кидків протидії</LSTag> й більшості <LSTag Tooltip=""AbilityCheck"">перевірок характеристик</LSTag>."
h9936bfdfgad15g113bged99g9778bc8cba86	COMMA_PARENTHESIS_WHITESPACE	Оформлення	 .	Не ставте пробіл перед крапкою.	.	"Вампірський голод тимчасово вгамовано. +1 до всіх <LSTag Tooltip=""AttackRoll"">кидків атаки</LSTag>, <LSTag Tooltip=""SavingThrow"">кидків протидії</LSTag> й більшості <LSTag Tooltip=""AbilityCheck"">перевірок характеристик</LSTag>."
hff4e6b44g07dbg7d46g1dfbg11ee89aaef5b	COMMA_PARENTHESIS_WHITESPACE	Оформлення	 ,	Поставте пробіл після коми, а не перед комою.	,	"Ви отримуєте володіння навичкою <LSTag Type=""Skills"" Tooltip=""Insight"">Проникливість</LSTag>, <LSTag Type=""Skills"" Tooltip=""Perception"">Відчуття</LSTag> або <LSTag Type=""Skills"" Tooltip=""Survival"">Виживання</LSTag>."
hff4e6b44g07dbg7d46g1dfbg11ee89aaef5b	COMMA_PARENTHESIS_WHITESPACE	Оформлення	 .	Не ставте пробіл перед крапкою.	.	"Ви отримуєте володіння навичкою <LSTag Type=""Skills"" Tooltip=""Insight"">Проникливість</LSTag>, <LSTag Type=""Skills"" Tooltip=""Perception"">Відчуття</LSTag> або <LSTag Type=""Skills"" Tooltip=""Survival"">Виживання</LSTag>."
h34159b25g04efg5336ga815g3000f32dc549	UK_SIMPLE_REPLACE	Інше	Клятва	«Клятва» - помилкове слово, виправлення: присяга, присягання.	Присяга, Присягання	Клятва ворожди
h34159b25g04efg5336ga815g3000f32dc549	archaism	Стиль	ворожди	Це слово або форма є застарілою, архаїчною або діалектною.		Клятва ворожди
h96b414b5gdd91g3ee2g39ccg5cc08f37e532	MORFOLOGIK_RULE_UK_UA	Можлива механічна помилка	Кенсея	Знайдено потенційну орфографічну помилку.	Сенсея	Шлях Кенсея
hc099c3bdga141ga29ag0b89g93d39a6878cd	MORFOLOGIK_RULE_UK_UA	Можлива механічна помилка	кенсея	Знайдено потенційну орфографічну помилку.	сенсея	Монахи Шляху кенсея невтомно вправляються зі зброєю, доки та не стає продовженням їхнього тіла. Традиція виникла з майстерності фехтування, але згодом охопила безліч інших видів зброї.\n\nКенсей дивиться на зброю так само, як каліграф або художник на перо чи пензель. Хоч би що він тримав у руках, це знаряддя для вираження краси й точності бойового мистецтва. Те, що така майстерність робить кенсея незрівнянним воїном, — лише побічний наслідок глибокої відданості, вправ і навчання.
hc099c3bdga141ga29ag0b89g93d39a6878cd	MORFOLOGIK_RULE_UK_UA	Можлива механічна помилка	Кенсей	Знайдено потенційну орфографічну помилку.	Сенсей	Монахи Шляху кенсея невтомно вправляються зі зброєю, доки та не стає продовженням їхнього тіла. Традиція виникла з майстерності фехтування, але згодом охопила безліч інших видів зброї.\n\nКенсей дивиться на зброю так само, як каліграф або художник на перо чи пензель. Хоч би що він тримав у руках, це знаряддя для вираження краси й точності бойового мистецтва. Те, що така майстерність робить кенсея незрівнянним воїном, — лише побічний наслідок глибокої відданості, вправ і навчання.
hc099c3bdga141ga29ag0b89g93d39a6878cd	no_comma_tak_samo_yak	Пунктуація	 так само, як	"Складений сполучний засіб ""так само як"" пишемо без коми, однак кому ставимо в конструкціях типу ""робити так само, як хтось"", де ""так само"" є обставиною способу дії, до якої можна поставити запитання (робити як? так само). Коли ж ""так само як"" вжито як сполучний засіб всередині речення, то кому потрібно ставити перед ним."	 так само як, , так само як	Монахи Шляху кенсея невтомно вправляються зі зброєю, доки та не стає продовженням їхнього тіла. Традиція виникла з майстерності фехтування, але згодом охопила безліч інших видів зброї.\n\nКенсей дивиться на зброю так само, як каліграф або художник на перо чи пензель. Хоч би що він тримав у руках, це знаряддя для вираження краси й точності бойового мистецтва. Те, що така майстерність робить кенсея незрівнянним воїном, — лише побічний наслідок глибокої відданості, вправ і навчання.
hc099c3bdga141ga29ag0b89g93d39a6878cd	MORFOLOGIK_RULE_UK_UA	Можлива механічна помилка	кенсея	Знайдено потенційну орфографічну помилку.	сенсея	Монахи Шляху кенсея невтомно вправляються зі зброєю, доки та не стає продовженням їхнього тіла. Традиція виникла з майстерності фехтування, але згодом охопила безліч інших видів зброї.\n\nКенсей дивиться на зброю так само, як каліграф або художник на перо чи пензель. Хоч би що він тримав у руках, це знаряддя для вираження краси й точності бойового мистецтва. Те, що така майстерність робить кенсея незрівнянним воїном, — лише побічний наслідок глибокої відданості, вправ і навчання.
h0858dcb4gdc85g9618g56bfg2d778b0aaa09	MORFOLOGIK_RULE_UK_UA	Можлива механічна помилка	кенсея	Знайдено потенційну орфографічну помилку.	сенсея	Рівень 3: Зброя кенсея
h34484d96g7172ge149g0e7ag80b49d0406be	MORFOLOGIK_RULE_UK_UA	Можлива механічна помилка	кенсея	Знайдено потенційну орфографічну помилку.	сенсея	Ви набуваєте володіння кинджалом, довгим мечем, рапірою, шаблею, коротким мечем, серпом і довгим луком. Це ваша зброя кенсея.
h0911042bg0e3cg93efgeb4eg47025adf7586	MORFOLOGIK_RULE_UK_UA	Можлива механічна помилка	кенсея	Знайдено потенційну орфографічну помилку.	сенсея	Якщо ви виконуєте дію «Атака» у свій хід, тримаючи зброю кенсея ближнього бою, то можете використовувати її для захисту. Поки зброя залишається у вашій руці й ви не перебуваєте в стані недієздатності, ви отримуєте бонус +2 до РЗ до початку вашого наступного ходу.
h0911042bg0e3cg93efgeb4eg47025adf7586	MORFOLOGIK_RULE_UK_UA	Можлива механічна помилка	РЗ	Знайдено потенційну орфографічну помилку.	З, ІЗ, РАЗ, РФ, ВЗ, РБ, ПЗ, РП	Якщо ви виконуєте дію «Атака» у свій хід, тримаючи зброю кенсея ближнього бою, то можете використовувати її для захисту. Поки зброя залишається у вашій руці й ви не перебуваєте в стані недієздатності, ви отримуєте бонус +2 до РЗ до початку вашого наступного ходу.
h9ca81c6cge267g0fefg86fbg4f7ec3154e3d	MORFOLOGIK_RULE_UK_UA	Можлива механічна помилка	кенсея	Знайдено потенційну орфографічну помилку.	сенсея	Якщо ви виконуєте дію «Атака» у свій хід, тримаючи зброю кенсея ближнього бою, то можете використовувати її для захисту. Поки зброя залишається у вашій руці й ви не перебуваєте в стані недієздатності, ви отримуєте бонус +2 до РЗ до початку вашого наступного ходу.
h9ca81c6cge267g0fefg86fbg4f7ec3154e3d	MORFOLOGIK_RULE_UK_UA	Можлива механічна помилка	РЗ	Знайдено потенційну орфографічну помилку.	З, ІЗ, РАЗ, РФ, ВЗ, РБ, ПЗ, РП	Якщо ви виконуєте дію «Атака» у свій хід, тримаючи зброю кенсея ближнього бою, то можете використовувати її для захисту. Поки зброя залишається у вашій руці й ви не перебуваєте в стані недієздатності, ви отримуєте бонус +2 до РЗ до початку вашого наступного ходу.
hacd7feafg2cb6g4005g54dag5aaf575140f2	MORFOLOGIK_RULE_UK_UA	Можлива механічна помилка	кенсея	Знайдено потенційну орфографічну помилку.	сенсея	Постріл кенсея
hae57f052gfdcbgdab2g3137g2a46d1f2494b	MORFOLOGIK_RULE_UK_UA	Можлива механічна помилка	кенсея	Знайдено потенційну орфографічну помилку.	сенсея	Вторинною дією у свій хід ви можете посилити атаки дальнього бою зброєю кенсея. До кінця поточного ходу кожна ціль, у яку ви влучите такою атакою, зазнає додатково 1d4 шкоди того самого типу, що й зброя.
he2295183g33c5g9814g52d8g80811e5ec84a	MORFOLOGIK_RULE_UK_UA	Можлива механічна помилка	кенсея	Знайдено потенційну орфографічну помилку.	сенсея	Рівень 3: Постріл кенсея
h05735036ge53dgb166gd088g232b4ce9dad9	MORFOLOGIK_RULE_UK_UA	Можлива механічна помилка	кенсея	Знайдено потенційну орфографічну помилку.	сенсея	Вторинною дією у свій хід ви можете посилити атаки дальнього бою зброєю кенсея. До кінця поточного ходу кожна ціль, у яку ви влучите такою атакою, зазнає додатково 1d4 шкоди того самого типу, що й зброя.
h9a555b37g7fb4g96dcgf889g2b4ef90a9487	MORFOLOGIK_RULE_UK_UA	Можлива механічна помилка	кенсея	Знайдено потенційну орфографічну помилку.	сенсея	Постріл кенсея
h37c2f505g74b4gdbc0gdcaagf075f1ac1bdb	MORFOLOGIK_RULE_UK_UA	Можлива механічна помилка	кенсея	Знайдено потенційну орфографічну помилку.	сенсея	Вторинною дією у свій хід ви можете посилити атаки дальнього бою зброєю кенсея. До кінця поточного ходу кожна ціль, у яку ви влучите такою атакою, зазнає додатково 1d4 шкоди того самого типу, що й зброя.
h1dff0d2fgf8b2g562egc63egd2c7a23bebd3	MORFOLOGIK_RULE_UK_UA	Можлива механічна помилка	кенсея	Знайдено потенційну орфографічну помилку.	сенсея	Рівень 6: Магічна зброя кенсея
h999af44ag3306g0613g152bg4450c24fc0c2	MORFOLOGIK_RULE_UK_UA	Можлива механічна помилка	кенсея	Знайдено потенційну орфографічну помилку.	сенсея	Ваші атаки зброєю кенсея ігнорують опір до шкоди.
h6d7740ccgef54gda0fgd2b3g349933c85fcb	MORFOLOGIK_RULE_UK_UA	Можлива механічна помилка	кенсея	Знайдено потенційну орфографічну помилку.	сенсея	Коли ви влучаєте в ціль зброєю кенсея, можете витратити 1 очко кі, щоб завдати нею додаткової шкоди, яка дорівнює результату кидка вашої кістки Бойових мистецтв. Ви можете застосувати цю особливість лише один раз за хід.
h6d7740ccgef54gda0fgd2b3g349933c85fcb	MORFOLOGIK_RULE_UK_UA	Можлива механічна помилка	кі	Знайдено потенційну орфографічну помилку.	Кі, і, які, її, зі, ні, ці, ті	Коли ви влучаєте в ціль зброєю кенсея, можете витратити 1 очко кі, щоб завдати нею додаткової шкоди, яка дорівнює результату кидка вашої кістки Бойових мистецтв. Ви можете застосувати цю особливість лише один раз за хід.
hc101109bg0b5bg828eg9185ged74f68e424e	MORFOLOGIK_RULE_UK_UA	Можлива механічна помилка	кенсея	Знайдено потенційну орфографічну помилку.	сенсея	Коли ви влучаєте в ціль зброєю кенсея, можете витратити 1 очко кі, щоб завдати нею додаткової шкоди, яка дорівнює результату кидка вашої кістки Бойових мистецтв. Ви можете застосувати цю особливість лише один раз за хід.
hc101109bg0b5bg828eg9185ged74f68e424e	MORFOLOGIK_RULE_UK_UA	Можлива механічна помилка	кі	Знайдено потенційну орфографічну помилку.	Кі, і, які, її, зі, ні, ці, ті	Коли ви влучаєте в ціль зброєю кенсея, можете витратити 1 очко кі, щоб завдати нею додаткової шкоди, яка дорівнює результату кидка вашої кістки Бойових мистецтв. Ви можете застосувати цю особливість лише один раз за хід.
h9f1e6475gc9fcgf100g58dbg0d0896886dfb	MORFOLOGIK_RULE_UK_UA	Можлива механічна помилка	кі	Знайдено потенційну орфографічну помилку.	Кі, і, які, її, зі, ні, ці, ті	Ви навчаєтеся додатково посилювати зброю за допомогою кі. Вторинною дією ви можете витратити 1 очко кі, щоб надати одній зброї кенсея, якої торкаєтеся, бонус до кидків атаки й шкоди нею. Бонус діє 1 хвилину або доки ви не скористаєтеся цією особливістю знову.
h9f1e6475gc9fcgf100g58dbg0d0896886dfb	MORFOLOGIK_RULE_UK_UA	Можлива механічна помилка	кі	Знайдено потенційну орфографічну помилку.	Кі, і, які, її, зі, ні, ці, ті	Ви навчаєтеся додатково посилювати зброю за допомогою кі. Вторинною дією ви можете витратити 1 очко кі, щоб надати одній зброї кенсея, якої торкаєтеся, бонус до кидків атаки й шкоди нею. Бонус діє 1 хвилину або доки ви не скористаєтеся цією особливістю знову.
h9f1e6475gc9fcgf100g58dbg0d0896886dfb	MORFOLOGIK_RULE_UK_UA	Можлива механічна помилка	кенсея	Знайдено потенційну орфографічну помилку.	сенсея	Ви навчаєтеся додатково посилювати зброю за допомогою кі. Вторинною дією ви можете витратити 1 очко кі, щоб надати одній зброї кенсея, якої торкаєтеся, бонус до кидків атаки й шкоди нею. Бонус діє 1 хвилину або доки ви не скористаєтеся цією особливістю знову.
h01b344bfgb2ffg91fcg0c56gee5f0fb1bf6f	MORFOLOGIK_RULE_UK_UA	Можлива механічна помилка	кі	Знайдено потенційну орфографічну помилку.	Кі, і, які, її, зі, ні, ці, ті	Ви навчаєтеся додатково посилювати зброю за допомогою кі. Вторинною дією ви можете витратити 1 очко кі, щоб надати одній зброї кенсея, якої торкаєтеся, бонус до кидків атаки й шкоди нею. Бонус діє 1 хвилину або доки ви не скористаєтеся цією особливістю знову.
h01b344bfgb2ffg91fcg0c56gee5f0fb1bf6f	MORFOLOGIK_RULE_UK_UA	Можлива механічна помилка	кі	Знайдено потенційну орфографічну помилку.	Кі, і, які, її, зі, ні, ці, ті	Ви навчаєтеся додатково посилювати зброю за допомогою кі. Вторинною дією ви можете витратити 1 очко кі, щоб надати одній зброї кенсея, якої торкаєтеся, бонус до кидків атаки й шкоди нею. Бонус діє 1 хвилину або доки ви не скористаєтеся цією особливістю знову.
h01b344bfgb2ffg91fcg0c56gee5f0fb1bf6f	MORFOLOGIK_RULE_UK_UA	Можлива механічна помилка	кенсея	Знайдено потенційну орфографічну помилку.	сенсея	Ви навчаєтеся додатково посилювати зброю за допомогою кі. Вторинною дією ви можете витратити 1 очко кі, щоб надати одній зброї кенсея, якої торкаєтеся, бонус до кидків атаки й шкоди нею. Бонус діє 1 хвилину або доки ви не скористаєтеся цією особливістю знову.
hb071d3c2g373ag7bc8gf0d5g10bf8a344624	MORFOLOGIK_RULE_UK_UA	Можлива механічна помилка	кі	Знайдено потенційну орфографічну помилку.	Кі, і, які, її, зі, ні, ці, ті	Ви навчаєтеся додатково посилювати зброю за допомогою кі. Вторинною дією ви можете витратити 1 очко кі, щоб надати одній зброї кенсея, якої торкаєтеся, бонус до кидків атаки й шкоди нею. Бонус діє 1 хвилину або доки ви не скористаєтеся цією особливістю знову.
hb071d3c2g373ag7bc8gf0d5g10bf8a344624	MORFOLOGIK_RULE_UK_UA	Можлива механічна помилка	кі	Знайдено потенційну орфографічну помилку.	Кі, і, які, її, зі, ні, ці, ті	Ви навчаєтеся додатково посилювати зброю за допомогою кі. Вторинною дією ви можете витратити 1 очко кі, щоб надати одній зброї кенсея, якої торкаєтеся, бонус до кидків атаки й шкоди нею. Бонус діє 1 хвилину або доки ви не скористаєтеся цією особливістю знову.
hb071d3c2g373ag7bc8gf0d5g10bf8a344624	MORFOLOGIK_RULE_UK_UA	Можлива механічна помилка	кенсея	Знайдено потенційну орфографічну помилку.	сенсея	Ви навчаєтеся додатково посилювати зброю за допомогою кі. Вторинною дією ви можете витратити 1 очко кі, щоб надати одній зброї кенсея, якої торкаєтеся, бонус до кидків атаки й шкоди нею. Бонус діє 1 хвилину або доки ви не скористаєтеся цією особливістю знову.
h0869d35bg1af1g491egad72g2bce5ad0bb7c	MORFOLOGIK_RULE_UK_UA	Можлива механічна помилка	Етарісу	Знайдено потенційну орфографічну помилку.	Тарасу, Беатрісу, Патрісу, Петрісу, Станісу, Стасісу, Таріку, Таїсу	Мисливці на чудовиськ — досвідчені фахівці з розпізнавання, вистежування та винищення потвор, що загрожують життю й добробуту мешканців Етарісу.\n\nКожен мисливець має власний підхід. Одні вдягають важкі обладунки й беруть щити, щоб захиститися від нищівних щелеп і серпоподібних пазурів. Інші розставляють хитромудрі пастки й тримаються подалі від жахіть, на яких полюють. Дехто переймає риси та сили ворогів, а дехто доповнює бойову майстерність містичною люттю.
h0869d35bg1af1g491egad72g2bce5ad0bb7c	UK_SIMPLE_REPLACE_SOFT	Інше	подалі	«подалі» — нерекомендоване слово, кращий варіант: трохи далі, якомога далі.	трохи далі, якомога далі	Мисливці на чудовиськ — досвідчені фахівці з розпізнавання, вистежування та винищення потвор, що загрожують життю й добробуту мешканців Етарісу.\n\nКожен мисливець має власний підхід. Одні вдягають важкі обладунки й беруть щити, щоб захиститися від нищівних щелеп і серпоподібних пазурів. Інші розставляють хитромудрі пастки й тримаються подалі від жахіть, на яких полюють. Дехто переймає риси та сили ворогів, а дехто доповнює бойову майстерність містичною люттю.
he571e586gc384gf9bbg0231g7c7be2144adc	COMMA_PARENTHESIS_WHITESPACE	Оформлення	 .	Не ставте пробіл перед крапкою.	.	"Зникніть у темряві й станьте <LSTag Type=""Status"" Tooltip=""INVISIBLE"">невидимими</LSTag>."
he18e2299gab76g9494gca06g85d28e4049b1	MORFOLOGIK_RULE_UK_UA	Можлива механічна помилка	Набігача	Знайдено потенційну орфографічну помилку.	Набігала, Набігана	Вікінги — загартовані боями воїни й мореплавці, що плавають морями Північних земель заради слави та здобичі. Послідовники Шляху Набігача мають власне уявлення про честь, але в набігах і війнах бувають безжальними. Вони славляться вправністю зі списом і сокирою та вірять, що бойовою звитягою здобудуть особливе місце в залах мертвих.
h06128f4dg8b4fg7ee1gbb06gbcef6e2bdfac	COMMA_PARENTHESIS_WHITESPACE	Оформлення	 .	Не ставте пробіл перед крапкою.	.	"Дією «Атака» виконайте одну атаку ближнього бою. Якщо атака влучила, ви можете вторинною дією виконати <LSTag Type=""Spell"" Tooltip=""Shout_Dash"">«Ривок»</LSTag>. Пересування від цієї дії не провокує принагідних атак."
h2ff7efe3g2f98g2386g3e31g16cac67905a4	COMMA_PARENTHESIS_WHITESPACE	Оформлення	 .	Не ставте пробіл перед крапкою.	.	"Ви можете вторинною дією виконати <LSTag Type=""Spell"" Tooltip=""Shout_Dash"">«Ривок»</LSTag>. Пересування від цієї дії не провокує принагідних атак."
haa63297agabf6g8665gd863gccf514e607f5	MORFOLOGIK_RULE_UK_UA	Можлива механічна помилка	Заскоченість	Знайдено потенційну орфографічну помилку.	Закопченість, Засмученість, Засміченість, Засоленість, Заточеність	Заскоченість
h5a9a1666gd0c6gb6d5g9f5dga7c149830daa	MORFOLOGIK_RULE_UK_UA	Можлива механічна помилка	Заскоченість	Знайдено потенційну орфографічну помилку.	Закопченість, Засмученість, Засміченість, Засоленість, Заточеність	Заскоченість
h1311946eg0f6eg3884gb766ga518b4884a4d	MORFOLOGIK_RULE_UK_UA	Можлива механічна помилка	Заскоченість	Знайдено потенційну орфографічну помилку.	Закопченість, Засмученість, Засміченість, Засоленість, Заточеність	Заскоченість
h97af1d74g3b7ega7c6g7dceg969a03ccef68	MORFOLOGIK_RULE_UK_UA	Можлива механічна помилка	карібу	Знайдено потенційну орфографічну помилку.	Карибу, Каріму, Каріну, караїбу, карбу, карибу	Інша велика гілка ельфів Північних земель невеликими гуртами мандрує тундрою та крижаними пагорбами Похмурого простору. Вони полюють на карібу й мамонтів верхи на північних оленях і білошерстих шаблезубих тиграх. Крижані ельфи живуть відособлено й покладаються лише на себе. Через це їх вважають потайними, хоча насправді вони просто мало цікавляться зовнішнім світом. Вони не чекають допомоги від чужинців і самі не поспішають її надавати, проте іноді торгують із людьми, карликами й тролекровними. Усупереч уявленням необізнаних чужинців, лише деякі громади крижаних ельфів поклоняються Борею та виконують його волю; більшість не бажає мати нічого спільного із цим лихим божеством.
h97af1d74g3b7ega7c6g7dceg969a03ccef68	MORFOLOGIK_RULE_UK_UA	Можлива механічна помилка	тролекровними	Знайдено потенційну орфографічну помилку.	проектовними, теплокровними, толерованими	Інша велика гілка ельфів Північних земель невеликими гуртами мандрує тундрою та крижаними пагорбами Похмурого простору. Вони полюють на карібу й мамонтів верхи на північних оленях і білошерстих шаблезубих тиграх. Крижані ельфи живуть відособлено й покладаються лише на себе. Через це їх вважають потайними, хоча насправді вони просто мало цікавляться зовнішнім світом. Вони не чекають допомоги від чужинців і самі не поспішають її надавати, проте іноді торгують із людьми, карликами й тролекровними. Усупереч уявленням необізнаних чужинців, лише деякі громади крижаних ельфів поклоняються Борею та виконують його волю; більшість не бажає мати нічого спільного із цим лихим божеством.
h61b97fdcga929gadd6gfe5cgaff22e08890c	MORFOLOGIK_RULE_UK_UA	Можлива механічна помилка	карібу	Знайдено потенційну орфографічну помилку.	Карибу, Каріму, Каріну, караїбу, карбу, карибу	Інша велика гілка ельфів Північних земель невеликими гуртами мандрує тундрою та крижаними пагорбами Похмурого простору. Вони полюють на карібу й мамонтів верхи на північних оленях і білошерстих шаблезубих тиграх. Крижані ельфи живуть відособлено й покладаються лише на себе. Через це їх вважають потайними, хоча насправді вони просто мало цікавляться зовнішнім світом. Вони не чекають допомоги від чужинців і самі не поспішають її надавати, проте іноді торгують із людьми, карликами й тролекровними. Усупереч уявленням необізнаних чужинців, лише деякі громади крижаних ельфів поклоняються Борею та виконують його волю; більшість не бажає мати нічого спільного із цим лихим божеством.
h61b97fdcga929gadd6gfe5cgaff22e08890c	MORFOLOGIK_RULE_UK_UA	Можлива механічна помилка	тролекровними	Знайдено потенційну орфографічну помилку.	проектовними, теплокровними, толерованими	Інша велика гілка ельфів Північних земель невеликими гуртами мандрує тундрою та крижаними пагорбами Похмурого простору. Вони полюють на карібу й мамонтів верхи на північних оленях і білошерстих шаблезубих тиграх. Крижані ельфи живуть відособлено й покладаються лише на себе. Через це їх вважають потайними, хоча насправді вони просто мало цікавляться зовнішнім світом. Вони не чекають допомоги від чужинців і самі не поспішають її надавати, проте іноді торгують із людьми, карликами й тролекровними. Усупереч уявленням необізнаних чужинців, лише деякі громади крижаних ельфів поклоняються Борею та виконують його волю; більшість не бажає мати нічого спільного із цим лихим божеством.
hae222c4fga6fbgac62g739fg68a9d81a56c3	MORFOLOGIK_RULE_UK_UA	Можлива механічна помилка	Етарісі	Знайдено потенційну орфографічну помилку.	Старіші, Беатрісі, Патрісі, Петрісі, Станісі, Старусі, Стасісі, Стрісі	В Етарісі про мисливців на чудовиськ не завжди говорять добре: багато хто вважає їх не менш розбещеними й нелюдськими за винищуване ними зло. Чимало моторошних оповідей про мисливців прямо чи опосередковано пов’язані з Гільдією Пожирачів, членів якої звинувачують у жахливому канібалізмі.\n\nНасправді все ненабагато краще. Пожирачі роками споживали плоть і кров убитих чудовиськ, і з часом їхній обмін речовин пристосувався до цієї огидної практики. Після пожирання здобичі вони набувають мутацій.
h55f2832cg60b4gcd10g11f2g30f9e75aa0b9	COMMA_PARENTHESIS_WHITESPACE	Оформлення	 ,	Поставте пробіл після коми, а не перед комою.	,	"Протягом 1 години ви маєте перевагу в перевірках <LSTag Type=""Skills"" Tooltip=""Insight"">Проникливості</LSTag>, <LSTag Type=""Skills"" Tooltip=""Intimidation"">Залякування</LSTag> й <LSTag Type=""Skills"" Tooltip=""Persuasion"">Переконливості</LSTag>."
h55f2832cg60b4gcd10g11f2g30f9e75aa0b9	COMMA_PARENTHESIS_WHITESPACE	Оформлення	 .	Не ставте пробіл перед крапкою.	.	"Протягом 1 години ви маєте перевагу в перевірках <LSTag Type=""Skills"" Tooltip=""Insight"">Проникливості</LSTag>, <LSTag Type=""Skills"" Tooltip=""Intimidation"">Залякування</LSTag> й <LSTag Type=""Skills"" Tooltip=""Persuasion"">Переконливості</LSTag>."
h9dbb965ag2bcegf72bg5bb2gc4f359dca388	COMMA_PARENTHESIS_WHITESPACE	Оформлення	 .	Не ставте пробіл перед крапкою.	.	"Протягом 10 хвилин ви маєте стан <LSTag Type=""Status"" Tooltip=""INVISIBLE"">Невидимість</LSTag>. Ефект завершується достроково, якщо ви припините його без витрати дії, атакуєте або прокажете закляття."
ha9065fa0gda11g9fbag0a9fgd56f197c42ac	MORFOLOGIK_RULE_UK_UA	Можлива механічна помилка	колольної	Знайдено потенційну орфографічну помилку.	колосальної, колоїдної, Колодної, Окольної, голільної, золильної, золільної, кокільної	Протягом 1 хвилини ви маєте опір до забійної, колольної та рубальної шкоди.
h1865c71ag5eb9gf397gb7e8g3c4fd9f68123	COMMA_PARENTHESIS_WHITESPACE	Оформлення	 ,	Поставте пробіл після коми, а не перед комою.	,	"Протягом 1 години ви маєте перевагу в перевірках <LSTag Type=""Skills"" Tooltip=""Insight"">Проникливості</LSTag>, <LSTag Type=""Skills"" Tooltip=""Intimidation"">Залякування</LSTag> й <LSTag Type=""Skills"" Tooltip=""Persuasion"">Переконливості</LSTag>."
h1865c71ag5eb9gf397gb7e8g3c4fd9f68123	COMMA_PARENTHESIS_WHITESPACE	Оформлення	 .	Не ставте пробіл перед крапкою.	.	"Протягом 1 години ви маєте перевагу в перевірках <LSTag Type=""Skills"" Tooltip=""Insight"">Проникливості</LSTag>, <LSTag Type=""Skills"" Tooltip=""Intimidation"">Залякування</LSTag> й <LSTag Type=""Skills"" Tooltip=""Persuasion"">Переконливості</LSTag>."
h718ebc53g9616gcdc4ge2bcg846a784062a6	COMMA_PARENTHESIS_WHITESPACE	Оформлення	 .	Не ставте пробіл перед крапкою.	.	"Ви набуваєте володіння навичкою <LSTag Type=""Skills"" Tooltip=""Arcana"">Таїнства</LSTag>."
ha52e0ea7g613bg7d1egefc0gbcb5735e1445	MORFOLOGIK_RULE_UK_UA	Можлива механічна помилка	Етарісі	Знайдено потенційну орфографічну помилку.	Старіші, Беатрісі, Патрісі, Петрісі, Станісі, Старусі, Стасісі, Стрісі	В Етарісі одні бояться магії, а інші прагнуть її осягнути. Мисливці на чудовиськ із Гільдії окультистів знають: обидві сторони однаково небезпечні. Окультист досліджує містичне, надприродне й незбагненне, не піддаючись забобонам та ідеологіям. Попри славу мисливців на магів, окультисти не палять ворогів на вогнищі — вони вражають їх мечем, адже мечі саме для цього. Знання й магія дають їм перевагу над містичними супротивниками. Закляття допомагають виявляти небезпечні чари й захищатися від них, а головне — знищувати чудовиськ, яким не шкодить сталь.
hd5511bb2gf4b8g0709g6e56g92eaa3079df9	token_agreement_noun_noun	Граматика	апокаліпсису	Можливо, має бути р.в.: «апокаліпсиса»?	апокаліпсиса	Рівень 3: Закляття домену апокаліпсису
h3b8a1f9dg4458ga3d3ga263gf4e1b90b9524	token_agreement_noun_noun	Граматика	апокаліпсису	Можливо, має бути р.в.: «апокаліпсиса»?	апокаліпсиса	Ваш зв’язок із цим божественним доменом гарантує, що у вас завжди підготовлені певні закляття. Досягнувши рівня клірика, указаного в таблиці заклять Домену апокаліпсису, ви надалі завжди матимете підготовленими такі закляття: на 3-му рівні — «Пітьма», «Жорстока розправа», «Примарна сила» та «Громохвиля»; на 5-му — «Голод Гадара» й «Страх»; на 7-му — «Гниль» і «Крижана буря»; на 9-му — «Убивча хмара» та «Комашина чума».
h3b8a1f9dg4458ga3d3ga263gf4e1b90b9524	MORFOLOGIK_RULE_UK_UA	Можлива механічна помилка	Громохвиля	Знайдено потенційну орфографічну помилку.	Громовиця	Ваш зв’язок із цим божественним доменом гарантує, що у вас завжди підготовлені певні закляття. Досягнувши рівня клірика, указаного в таблиці заклять Домену апокаліпсису, ви надалі завжди матимете підготовленими такі закляття: на 3-му рівні — «Пітьма», «Жорстока розправа», «Примарна сила» та «Громохвиля»; на 5-му — «Голод Гадара» й «Страх»; на 7-му — «Гниль» і «Крижана буря»; на 9-му — «Убивча хмара» та «Комашина чума».
h3b8a1f9dg4458ga3d3ga263gf4e1b90b9524	MORFOLOGIK_RULE_UK_UA	Можлива механічна помилка	Гадара	Знайдено потенційну орфографічну помилку.	Гадала, Радара, Гайдара, Годара, Кадара, Гагара, Гадана, Гадюра	Ваш зв’язок із цим божественним доменом гарантує, що у вас завжди підготовлені певні закляття. Досягнувши рівня клірика, указаного в таблиці заклять Домену апокаліпсису, ви надалі завжди матимете підготовленими такі закляття: на 3-му рівні — «Пітьма», «Жорстока розправа», «Примарна сила» та «Громохвиля»; на 5-му — «Голод Гадара» й «Страх»; на 7-му — «Гниль» і «Крижана буря»; на 9-му — «Убивча хмара» та «Комашина чума».
h7c50337fg49e2g1d8agf87ag04e30ad44c96	MORFOLOGIK_RULE_UK_UA	Можлива механічна помилка	Громохвилю	Знайдено потенційну орфографічну помилку.	Громовицю	На 3-му рівні ви завжди маєте підготовленими «Пітьму», «Жорстоку розправу», «Примарну силу» та «Громохвилю»; на 5-му — «Голод Гадара» й «Страх»; на 7-му — «Гниль» і «Крижану бурю»; на 9-му — «Убивчу хмару» та «Комашину чуму».
h7c50337fg49e2g1d8agf87ag04e30ad44c96	MORFOLOGIK_RULE_UK_UA	Можлива механічна помилка	Гадара	Знайдено потенційну орфографічну помилку.	Гадала, Радара, Гайдара, Годара, Кадара, Гагара, Гадана, Гадюра	На 3-му рівні ви завжди маєте підготовленими «Пітьму», «Жорстоку розправу», «Примарну силу» та «Громохвилю»; на 5-му — «Голод Гадара» й «Страх»; на 7-му — «Гниль» і «Крижану бурю»; на 9-му — «Убивчу хмару» та «Комашину чуму».
hf24a59b2g7e92gd5b5g78b7gd7fdcf01dfd9	token_agreement_noun_noun	Граматика	апокаліпсису	Можливо, має бути р.в.: «апокаліпсиса»?	апокаліпсиса	Домен апокаліпсису
h38a12140g389dg5222g5edag43885ca9c8ce	token_agreement_noun_noun	Граматика	апокаліпсису	Можливо, має бути р.в.: «апокаліпсиса»?	апокаліпсиса	Мало хто з богів визнає Домен апокаліпсису, проте за часів війни, мору чи суспільних потрясінь його клірики очолюють похмурі культи, що провіщають близьку загибель світу. Прибічники цього домену зазвичай є відступниками та єретиками, вигнаними з релігійних орденів за фанатичну віру в кінець усього сущого.\n\nСтарійшини усталених релігій не можуть збагнути походження їхньої божественної сили. Іноді ці клірики отримують її від богів долі, загибелі чи змін, але частіше, здається, черпають із колективного відчаю народу перед катастрофою. Можливо, кінець світу й справді близько, а ці провидці навчилися торкатися сили прийдешнього апокаліпсису.
h38a12140g389dg5222g5edag43885ca9c8ce	UK_ADJ_NOUN_INFLECTION_AGREEMENT	Інше	прийдешнього апокаліпсису	"Потенційна помилка: прикметник не узгоджений з іменником: ""прийдешнього"": [ч.р.: родовий, знахідний (іст.), с.р.: родовий] і ""апокаліпсису"": [ч.р.: давальний]. Можливо, вжито невнормований родовий відмінок ч.р. з закінченням -у/-ю замість -а/-я (така тенденція є в сучасній мові)?"	прийдешнього апокаліпсиса, прийдешньому апокаліпсису	Мало хто з богів визнає Домен апокаліпсису, проте за часів війни, мору чи суспільних потрясінь його клірики очолюють похмурі культи, що провіщають близьку загибель світу. Прибічники цього домену зазвичай є відступниками та єретиками, вигнаними з релігійних орденів за фанатичну віру в кінець усього сущого.\n\nСтарійшини усталених релігій не можуть збагнути походження їхньої божественної сили. Іноді ці клірики отримують її від богів долі, загибелі чи змін, але частіше, здається, черпають із колективного відчаю народу перед катастрофою. Можливо, кінець світу й справді близько, а ці провидці навчилися торкатися сили прийдешнього апокаліпсису.
h78ec0f4cgdceeg4a48gd10ag8d7fa8a15f49	MORFOLOGIK_RULE_UK_UA	Можлива механічна помилка	елементаля	Знайдено потенційну орфографічну помилку.	елемент аля, елемента ля	Досягнувши рівня чародія, указаного в таблиці «Морозні закляття», ви завжди маєте підготовленими відповідні закляття. На 3-му рівні ви вивчаєте «Сліпоту», «Льодяний ніж», «Маревний крок» і «Сон»; на 5-му — «Хуртовину» та «Сповільнення»; на 7-му — «Вогняний щит» і «Крижану бурю»; на 9-му — «Конус холоду» та «Прикликання елементаля».
h633e7853gfe5cgc83fg46c5g12d2c8161229	COMMA_PARENTHESIS_WHITESPACE	Оформлення	 ,	Поставте пробіл після коми, а не перед комою.	,	"На 3-му рівні ви вивчаєте <LSTag Type=""Spell"" Tooltip=""Target_Blindness"">Сліпота</LSTag>, Льодяний ніж, Маревний крок і Сон. На 5-му рівні ви додаєте Хуртовина і Сповільнення. На 7-му рівні ви отримуєте вогняний щит і крижаний шторм. Нарешті, на 9-му рівні ви можете застосувати Конус холоду і Прикликання елементаля."
h633e7853gfe5cgc83fg46c5g12d2c8161229	MORFOLOGIK_RULE_UK_UA	Можлива механічна помилка	елементаля	Знайдено потенційну орфографічну помилку.	елемент аля, елемента ля	"На 3-му рівні ви вивчаєте <LSTag Type=""Spell"" Tooltip=""Target_Blindness"">Сліпота</LSTag>, Льодяний ніж, Маревний крок і Сон. На 5-му рівні ви додаєте Хуртовина і Сповільнення. На 7-му рівні ви отримуєте вогняний щит і крижаний шторм. Нарешті, на 9-му рівні ви можете застосувати Конус холоду і Прикликання елементаля."
h41c12c6fg7222ge59egf356g102fa92de375	MORFOLOGIK_RULE_UK_UA	Можлива механічна помилка	Холодносердий	Знайдено потенційну орфографічну помилку.	Хол односердий	Рівень 6: Холодносердий
hafa97bceg97c0gc97dgfa9fg414b6341027f	MORFOLOGIK_RULE_UK_UA	Можлива механічна помилка	Холодносердий	Знайдено потенційну орфографічну помилку.	Хол односердий	Холодносердий
hb8891366g1f90g73e0ge8d1ge4a2ec9f47e0	MORFOLOGIK_RULE_UK_UA	Можлива механічна помилка	Евергарта	Знайдено потенційну орфографічну помилку.	Ебергарда	Ваша магія породжена уламками Евергарта — серця й рушійної сили пусток Еверґлейшера, що невпинно ширяться. Цей дар могли передати предки, які захищали магічне ядро льодовика, або ж він оселився у вас після випадкової зустрічі із зачарованою кригою. Хоч би яким було джерело сили, ви — втілення холоду.
hb8891366g1f90g73e0ge8d1ge4a2ec9f47e0	MORFOLOGIK_RULE_UK_UA	Можлива механічна помилка	Еверґлейшера	Знайдено потенційну орфографічну помилку.		Ваша магія породжена уламками Евергарта — серця й рушійної сили пусток Еверґлейшера, що невпинно ширяться. Цей дар могли передати предки, які захищали магічне ядро льодовика, або ж він оселився у вас після випадкової зустрічі із зачарованою кригою. Хоч би яким було джерело сили, ви — втілення холоду.
he90d9b36g7ae9g73fcg730cg7f11303ec293	MORFOLOGIK_RULE_UK_UA	Можлива механічна помилка	доторкненої	Знайдено потенційну орфографічну помилку.	доторкненні	Викуване зі сталі, доторкненої штормом, це розколоте лезо потріскує від захопленої блискавки, несучи лють бурі на своєму сяючому краю.
he90d9b36g7ae9g73fcg730cg7f11303ec293	UK_SIMPLE_REPLACE	Інше	сяючому	«сяючому» - помилкове слово, виправлення: що сяє, опромінений, осяяний, сяйнистий, блискучий; сяйливий; сяйний; пишно блискучий; променистий.	що сяє, опромінений, осяяний, сяйнистий, блискучий; сяйливий; сяйний; пишно блискучий; променистий	Викуване зі сталі, доторкненої штормом, це розколоте лезо потріскує від захопленої блискавки, несучи лють бурі на своєму сяючому краю.
hb6b0d9beg878egbb1fg173cgc579422a5d85	MORFOLOGIK_RULE_UK_UA	Можлива механічна помилка	невмерлих	Знайдено потенційну орфографічну помилку.	не вмерлих	Могильний домен опікується межею між життям і смертю. Для тих, хто черпає з нього силу, смерть є природною та неминучою частиною мультивсесвіту. Такі клірики винищують невмерлих і проводжають душі померлих.\n\nМагія домену також дає їм змогу на певний час відвернути смерть. Та це лише відстрочка, а не заперечення смерті, бо могила завжди забере належне.
he090be9bg8385g1850g97abg87aecc9a4555	UK_SIMPLE_REPLACE	Інше	Пощада	«Пощада» - помилкове слово, виправлення: милість, милосердя, помилування.	Милість, Милосердя, Помилування	Ваш зв’язок із Могильним доменом завжди тримає певні закляття підготовленими. На рівнях клірика, указаних у таблиці «Закляття Могильного домену», ви отримуєте такі закляття: на 3-му рівні — «Захист від зла й добра», «Удаване життя», «Мале відновлення», «Промінь слабкості» та «Пощада»; на 5-му — «Оживлення» й «Вампірський дотик»; на 7-му — «Гниль» та «Оберіг від смерті»; на 9-му — «Розвіяння зла й добра» й «Масове зцілення ран».
h32554089g3cb1g5105g77b7g4afa486c46cf	UK_SIMPLE_REPLACE	Інше	Пощада	«Пощада» - помилкове слово, виправлення: милість, милосердя, помилування.	Милість, Милосердя, Помилування	Могильний домен надає такі закляття: на 3-му рівні клірика — «Захист від зла й добра», «Удаване життя», «Мале відновлення», «Промінь слабкості» та «Пощада»; на 5-му — «Оживлення» й «Вампірський дотик»; на 7-му — «Гниль» та «Оберіг від смерті»; на 9-му — «Розвіяння зла й добра» й «Масове зцілення ран».
h3c269efagf9cbgfc7dga3bag5ea715ef1024	UK_SIMPLE_REPLACE	Інше	Пощаду	«Пощаду» - помилкове слово, виправлення: милість, милосердя, помилування.	Милість, Милосердя, Помилування	Ви можете керувати рівновагою між життям і смертю та отримуєте такі переваги.\n\nПоклик смерті. Один раз за хід, коли ви завдаєте шкоди істоті, що втратила хоча б одне очко здоров’я, проказавши закляття або влучивши атакою, вона додатково зазнає 1d4 некротичної шкоди. На 11-му рівні клірика ця додаткова шкода збільшується до 1d6.\n\nПовернення до життя. Ви можете проказувати «Пощаду» вторинною дією.\n\nКрім того, коли закляттям або Божим наснаженням ви мали б кинути одну чи кілька кісток, щоб відновити очки здоров’я істоті з 0 очок, не кидайте їх. Натомість істота відновлює очки здоров’я в кількості, що дорівнює вашому рівню клірика.
h4d2b70ecgee46g15a5g5c0bga91856311ba5	MORFOLOGIK_RULE_UK_UA	Можлива механічна помилка	РЗ	Знайдено потенційну орфографічну помилку.	З, ІЗ, РАЗ, РФ, ВЗ, РБ, ПЗ, РП	Ви черпаєте силу з дивних прадавніх жахів краю: на вас проростають неприродні нарости — криваві роги або гнилі ікла, — а ваша тінь видовжується чи звивається довкола. Вторинною дією ви можете витратити одне застосування «Улюбленого ворога» й набути жаскої подоби. Вона триває 1 хвилину, доки ви не набудете стану недієздатності, не помрете або не припините перетворення без витрати дії, і надає такі переваги:\n\nПрадавній панцир. Ваше тіло огортають гнила кора та звіряча щетина, надаючи бонус +1 до РЗ. На 11-му рівні слідопита бонус зростає до +2.\n\nПідкрадлива відплата. Одразу після того, як видима вам істота в межах 5 футів завдає шкоди вам або вашому союзнику, ви можете виконати принагідну атаку проти неї.\n\nТривожна аура. Коли ви перетворюєтеся та на початку кожного наступного свого ходу, кожна вибрана вами істота в 10-футовій еманації від вас виконує кидок протидії мудрістю проти вашої МС кидків протидії закляттям. У разі невдачі істота перебуває в стані переляку до початку вашого наступного ходу.
h4d2b70ecgee46g15a5g5c0bga91856311ba5	MORFOLOGIK_RULE_UK_UA	Можлива механічна помилка	Підкрадлива	Знайдено потенційну орфографічну помилку.	Підкреслив, Підкреслила, Вкрадлива, Відгадлива, Відразлива, Закрадлива, Подразлива, Покладлива	Ви черпаєте силу з дивних прадавніх жахів краю: на вас проростають неприродні нарости — криваві роги або гнилі ікла, — а ваша тінь видовжується чи звивається довкола. Вторинною дією ви можете витратити одне застосування «Улюбленого ворога» й набути жаскої подоби. Вона триває 1 хвилину, доки ви не набудете стану недієздатності, не помрете або не припините перетворення без витрати дії, і надає такі переваги:\n\nПрадавній панцир. Ваше тіло огортають гнила кора та звіряча щетина, надаючи бонус +1 до РЗ. На 11-му рівні слідопита бонус зростає до +2.\n\nПідкрадлива відплата. Одразу після того, як видима вам істота в межах 5 футів завдає шкоди вам або вашому союзнику, ви можете виконати принагідну атаку проти неї.\n\nТривожна аура. Коли ви перетворюєтеся та на початку кожного наступного свого ходу, кожна вибрана вами істота в 10-футовій еманації від вас виконує кидок протидії мудрістю проти вашої МС кидків протидії закляттям. У разі невдачі істота перебуває в стані переляку до початку вашого наступного ходу.
hfcbd3784g4436g3a40g1260g63eb8006c7fa	COMMA_PARENTHESIS_WHITESPACE	Оформлення	 ,	Поставте пробіл після коми, а не перед комою.	,	"Відданість диким потойбічним істотам змінює вас іще більше. Перетворившись за допомогою <LSTag Type=""Passive"" Tooltip=""HollowWarden_3_WrathOfTheWild"">«Гніву дикої природи»</LSTag>, ви отримуєте такі додаткові переваги.\n\nЗагрозлива аура. Істота, яка провалює кидок протидії проти вашої <LSTag Type=""Status"" Tooltip=""UNNERVING_AURA"">«Тривожної аури»</LSTag>, також не може відновлювати очки здоров’я чи застосовувати реагування до початку вашого наступного ходу.\n\nЗловісні удари. Коли ви влучаєте атакою в істоту зі станом переляку, атака додатково завдає шкоди в кількості, що дорівнює вашому модифікатору мудрості."
hfcbd3784g4436g3a40g1260g63eb8006c7fa	COMMA_PARENTHESIS_WHITESPACE	Оформлення	 ,	Поставте пробіл після коми, а не перед комою.	,	"Відданість диким потойбічним істотам змінює вас іще більше. Перетворившись за допомогою <LSTag Type=""Passive"" Tooltip=""HollowWarden_3_WrathOfTheWild"">«Гніву дикої природи»</LSTag>, ви отримуєте такі додаткові переваги.\n\nЗагрозлива аура. Істота, яка провалює кидок протидії проти вашої <LSTag Type=""Status"" Tooltip=""UNNERVING_AURA"">«Тривожної аури»</LSTag>, також не може відновлювати очки здоров’я чи застосовувати реагування до початку вашого наступного ходу.\n\nЗловісні удари. Коли ви влучаєте атакою в істоту зі станом переляку, атака додатково завдає шкоди в кількості, що дорівнює вашому модифікатору мудрості."
h552007ebg0886g488bgccfag99d4097696ee	MORFOLOGIK_RULE_UK_UA	Можлива механічна помилка	РЗ	Знайдено потенційну орфографічну помилку.	З, ІЗ, РАЗ, РФ, ВЗ, РБ, ПЗ, РП	Ви черпаєте силу з дивних прадавніх жахів краю: на вас проростають неприродні нарости — криваві роги або гнилі ікла, — а ваша тінь видовжується чи звивається довкола. Вторинною дією ви можете витратити одне застосування «Улюбленого ворога» й набути жаскої подоби. Вона триває 1 хвилину, доки ви не набудете стану недієздатності, не помрете або не припините перетворення без витрати дії, і надає такі переваги:\n\nПрадавній панцир. Ваше тіло огортають гнила кора та звіряча щетина, надаючи бонус +1 до РЗ. На 11-му рівні слідопита бонус зростає до +2.\n\nПідкрадлива відплата. Одразу після того, як видима вам істота в межах 5 футів завдає шкоди вам або вашому союзнику, ви можете виконати принагідну атаку проти неї.\n\nТривожна аура. Коли ви перетворюєтеся та на початку кожного наступного свого ходу, кожна вибрана вами істота в 10-футовій еманації від вас виконує кидок протидії мудрістю проти вашої МС кидків протидії закляттям. У разі невдачі істота перебуває в стані переляку до початку вашого наступного ходу.
h552007ebg0886g488bgccfag99d4097696ee	MORFOLOGIK_RULE_UK_UA	Можлива механічна помилка	Підкрадлива	Знайдено потенційну орфографічну помилку.	Підкреслив, Підкреслила, Вкрадлива, Відгадлива, Відразлива, Закрадлива, Подразлива, Покладлива	Ви черпаєте силу з дивних прадавніх жахів краю: на вас проростають неприродні нарости — криваві роги або гнилі ікла, — а ваша тінь видовжується чи звивається довкола. Вторинною дією ви можете витратити одне застосування «Улюбленого ворога» й набути жаскої подоби. Вона триває 1 хвилину, доки ви не набудете стану недієздатності, не помрете або не припините перетворення без витрати дії, і надає такі переваги:\n\nПрадавній панцир. Ваше тіло огортають гнила кора та звіряча щетина, надаючи бонус +1 до РЗ. На 11-му рівні слідопита бонус зростає до +2.\n\nПідкрадлива відплата. Одразу після того, як видима вам істота в межах 5 футів завдає шкоди вам або вашому союзнику, ви можете виконати принагідну атаку проти неї.\n\nТривожна аура. Коли ви перетворюєтеся та на початку кожного наступного свого ходу, кожна вибрана вами істота в 10-футовій еманації від вас виконує кидок протидії мудрістю проти вашої МС кидків протидії закляттям. У разі невдачі істота перебуває в стані переляку до початку вашого наступного ходу.
h82eeb0d5g97f8gb543g1fccgc1ddce66a5b2	MORFOLOGIK_RULE_UK_UA	Можлива механічна помилка	Невмерлий	Знайдено потенційну орфографічну помилку.	Не вмерлий	Покровитель: Невмерлий
h8fe28200g46b7g051cga5b0ga6bd5b6a5b73	MORFOLOGIK_RULE_UK_UA	Можлива механічна помилка	лічем	Знайдено потенційну орфографічну помилку.	Ілічем, Лучем, Лілем, Лінчем, вічем, кічем, лінем, лічім	Ви уклали договір з істотою, що заперечує коло життя і смерті: могутнім лічем, вампіром чи іншою невмерлою сутністю. Колись смертні, ці прадавні покровителі з власного досвіду знають шлях честолюбства й дороги за дверима смерті. Вони охоче діляться нечестивими знаннями та іншими таємницями з тими, хто вершить їхню волю серед живих.
h8fe28200g46b7g051cga5b0ga6bd5b6a5b73	MORFOLOGIK_RULE_UK_UA	Можлива механічна помилка	невмерлою	Знайдено потенційну орфографічну помилку.	не вмерлою	Ви уклали договір з істотою, що заперечує коло життя і смерті: могутнім лічем, вампіром чи іншою невмерлою сутністю. Колись смертні, ці прадавні покровителі з власного досвіду знають шлях честолюбства й дороги за дверима смерті. Вони охоче діляться нечестивими знаннями та іншими таємницями з тими, хто вершить їхню волю серед живих.
hcd558b81gae7eg26dag6eaegf0f7e3dd0197	MORFOLOGIK_RULE_UK_UA	Можлива механічна помилка	невмерлого	Знайдено потенційну орфографічну помилку.	не вмерлого	Рівень 3: Закляття невмерлого покровителя
h72a8bf1agc8fbgec94g5bd1g5c0893342c80	MORFOLOGIK_RULE_UK_UA	Можлива механічна помилка	невмерлого	Знайдено потенційну орфографічну помилку.	не вмерлого	"Магія вашого покровителя гарантує, що у вас завжди підготовлені певні закляття. На рівнях чаклуна, указаних у таблиці «Закляття невмерлого покровителя», ви надалі завжди маєте підготовленими такі закляття: на 3-му рівні — <LSTag Type=""Spell"" Tooltip=""Target_Bane"">«Згуба»</LSTag>, <LSTag Type=""Spell"" Tooltip=""Target_Blindness"">«Сліпота»</LSTag>, «Примарна сила» та «Струмінь хвороби»; на 5-му — «Розмова з мертвими» й <LSTag Type=""Spell"" Tooltip=""Target_AnimateDead"">«Пробудження мерця»</LSTag>; на 7-му — <LSTag Type=""Spell"" Tooltip=""Target_Invisibility_Greater"">«Велика невидимість»</LSTag> і «Примарний убивця»; на 9-му — «Танок смерті» й «Убивча хмара»."
h72a8bf1agc8fbgec94g5bd1g5c0893342c80	COMMA_PARENTHESIS_WHITESPACE	Оформлення	 ,	Поставте пробіл після коми, а не перед комою.	,	"Магія вашого покровителя гарантує, що у вас завжди підготовлені певні закляття. На рівнях чаклуна, указаних у таблиці «Закляття невмерлого покровителя», ви надалі завжди маєте підготовленими такі закляття: на 3-му рівні — <LSTag Type=""Spell"" Tooltip=""Target_Bane"">«Згуба»</LSTag>, <LSTag Type=""Spell"" Tooltip=""Target_Blindness"">«Сліпота»</LSTag>, «Примарна сила» та «Струмінь хвороби»; на 5-му — «Розмова з мертвими» й <LSTag Type=""Spell"" Tooltip=""Target_AnimateDead"">«Пробудження мерця»</LSTag>; на 7-му — <LSTag Type=""Spell"" Tooltip=""Target_Invisibility_Greater"">«Велика невидимість»</LSTag> і «Примарний убивця»; на 9-му — «Танок смерті» й «Убивча хмара»."
h72a8bf1agc8fbgec94g5bd1g5c0893342c80	COMMA_PARENTHESIS_WHITESPACE	Оформлення	 ,	Поставте пробіл після коми, а не перед комою.	,	"Магія вашого покровителя гарантує, що у вас завжди підготовлені певні закляття. На рівнях чаклуна, указаних у таблиці «Закляття невмерлого покровителя», ви надалі завжди маєте підготовленими такі закляття: на 3-му рівні — <LSTag Type=""Spell"" Tooltip=""Target_Bane"">«Згуба»</LSTag>, <LSTag Type=""Spell"" Tooltip=""Target_Blindness"">«Сліпота»</LSTag>, «Примарна сила» та «Струмінь хвороби»; на 5-му — «Розмова з мертвими» й <LSTag Type=""Spell"" Tooltip=""Target_AnimateDead"">«Пробудження мерця»</LSTag>; на 7-му — <LSTag Type=""Spell"" Tooltip=""Target_Invisibility_Greater"">«Велика невидимість»</LSTag> і «Примарний убивця»; на 9-му — «Танок смерті» й «Убивча хмара»."
h423f4d8eg647cg79b9g302bg9ad97549087a	COMMA_PARENTHESIS_WHITESPACE	Оформлення	 ,	Поставте пробіл після коми, а не перед комою.	,	"На 3-му рівні ви вивчаєте «Згубу», <LSTag Type=""Spell"" Tooltip=""Target_Blindness"">«Сліпоту»</LSTag>, «Примарну силу» та «Струмінь хвороби»; на 5-му — «Розмову з мертвими» й «Пробудження мерця»; на 7-му — <LSTag Type=""Spell"" Tooltip=""Target_Invisibility_Greater"">«Велику невидимість»</LSTag> і «Примарного убивцю»; на 9-му — «Танок смерті» й «Убивчу хмару»."
hc58f0177g4e5fgb789g4272g3e57d5e733b0	MORFOLOGIK_RULE_UK_UA	Можлива механічна помилка	нежиттю	Знайдено потенційну орфографічну помилку.	нежитю, невжиттю, неситтю, не життю	Зв’язок із нежиттю насичує ваше тіло. Ви отримуєте такі переваги.\n\nНекротична стійкість. Ви маєте опір до некротичної шкоди. Поки діє ваша «Форма жаху», ви маєте імунітет до некротичної шкоди.\n\nНечестиве відродження. Якщо ваші очки здоров’я знижуються до 0, але ви не помираєте одразу, ви можете змусити своє тіло вибухнути смертельною енергією. Кожна вибрана вами істота у 30-футовій еманації від вас виконує кидок протидії статурою проти вашої МС кидків протидії закляттям. У разі невдачі вона зазнає некротичної шкоди в кількості 2d10 + ваш модифікатор харизми, а в разі успіху — половину. Після цього ваші очки здоров’я становлять подвійний рівень чаклуна, а ви отримуєте 1 рівень виснаження.\n\nЗастосувавши цю перевагу, ви не зможете застосувати її знову до завершення короткого або довгого відпочинку.
h41b0a1dbg7c44g6848gbf1ag34105de9296b	MORFOLOGIK_RULE_UK_UA	Можлива механічна помилка	Архіфея	Знайдено потенційну орфографічну помилку.	Архірея	Покровитель: Архіфея
h5e78186dgabebg2b99g11acg070fef938db4	MORFOLOGIK_RULE_UK_UA	Можлива механічна помилка	Феєлону	Знайдено потенційну орфографічну помилку.	Феллону, Фелону, Феє лону	Сила вашого договору походить із Феєлону. Обравши цей підклас, ви могли укласти угоду з архіфеєю — наприклад, Принцом Морозу, Королевою Повітря і Темряви з Похмурого двору, Титанією з Літнього двору або прадавньою каргою. А може, ви звернулися до багатьох фей, сплівши павутину послуг і боргів. Хай ким є ваш покровитель, його наміри здебільшого незбагненні, а вдача — примхлива.
h5e78186dgabebg2b99g11acg070fef938db4	MORFOLOGIK_RULE_UK_UA	Можлива механічна помилка	архіфеєю	Знайдено потенційну орфографічну помилку.	архірею, архіреєм, ахінеєю, орхідеєю	Сила вашого договору походить із Феєлону. Обравши цей підклас, ви могли укласти угоду з архіфеєю — наприклад, Принцом Морозу, Королевою Повітря і Темряви з Похмурого двору, Титанією з Літнього двору або прадавньою каргою. А може, ви звернулися до багатьох фей, сплівши павутину послуг і боргів. Хай ким є ваш покровитель, його наміри здебільшого незбагненні, а вдача — примхлива.
h5e78186dgabebg2b99g11acg070fef938db4	MORFOLOGIK_RULE_UK_UA	Можлива механічна помилка	Титанією	Знайдено потенційну орфографічну помилку.	Тиранією, Тетанією	Сила вашого договору походить із Феєлону. Обравши цей підклас, ви могли укласти угоду з архіфеєю — наприклад, Принцом Морозу, Королевою Повітря і Темряви з Похмурого двору, Титанією з Літнього двору або прадавньою каргою. А може, ви звернулися до багатьох фей, сплівши павутину послуг і боргів. Хай ким є ваш покровитель, його наміри здебільшого незбагненні, а вдача — примхлива.
h3504f51eg1ac0gd563g881eg515b53b1f37b	MORFOLOGIK_RULE_UK_UA	Можлива механічна помилка	Таріздуном	Знайдено потенційну орфографічну помилку.	Різуном, Тарзаном, Тархуном, Їздуном	Обравши цей підклас, ви могли пов’язати себе з невимовною істотою з Далекої царини або прадавнім богом — наприклад, Таріздуном, Прикутим Богом; Зарґоном, Поверненим; Гадаром, Темним Голодом; чи Великим Ктулху. А може, ви закликаєте кількох сутностей, не служачи жодній із них. Їхні мотиви незбагненні, а Величний Древній може навіть не зважати на ваше існування. Та пізнані вами таємниці однаково дають змогу черпати від нього дивну магію.
h3504f51eg1ac0gd563g881eg515b53b1f37b	MORFOLOGIK_RULE_UK_UA	Можлива механічна помилка	Зарґоном	Знайдено потенційну орфографічну помилку.	Законом, Загоном, Бароном, Жаргоном, Аароном, Ароном, Бартоном, Варроном	Обравши цей підклас, ви могли пов’язати себе з невимовною істотою з Далекої царини або прадавнім богом — наприклад, Таріздуном, Прикутим Богом; Зарґоном, Поверненим; Гадаром, Темним Голодом; чи Великим Ктулху. А може, ви закликаєте кількох сутностей, не служачи жодній із них. Їхні мотиви незбагненні, а Величний Древній може навіть не зважати на ваше існування. Та пізнані вами таємниці однаково дають змогу черпати від нього дивну магію.
h3504f51eg1ac0gd563g881eg515b53b1f37b	MORFOLOGIK_RULE_UK_UA	Можлива механічна помилка	Гадаром	Знайдено потенційну орфографічну помилку.	Гайдаром, Годаром, Кадаром, Задаром, Радаром, Га даром, Гад аром, Гада ром	Обравши цей підклас, ви могли пов’язати себе з невимовною істотою з Далекої царини або прадавнім богом — наприклад, Таріздуном, Прикутим Богом; Зарґоном, Поверненим; Гадаром, Темним Голодом; чи Великим Ктулху. А може, ви закликаєте кількох сутностей, не служачи жодній із них. Їхні мотиви незбагненні, а Величний Древній може навіть не зважати на ваше існування. Та пізнані вами таємниці однаково дають змогу черпати від нього дивну магію.
h4336900ag6e5egc73bgadb8g0a8300eeb536	COMMA_PARENTHESIS_WHITESPACE	Оформлення	 ,	Поставте пробіл після коми, а не перед комою.	,	"Магія вашого покровителя гарантує, що у вас завжди підготовлені певні закляття. На рівнях чаклуна, указаних у таблиці «Закляття Відьомського клинка», ви надалі завжди маєте підготовленими такі закляття: на 3-му рівні — <LSTag Type=""Spell"" Tooltip=""Shout_ArcaneVigor"">«Містична снага»</LSTag>, «Прокльон», «Магічна зброя», «Щит» і «Гнівна кара»; на 5-му — «Накладання прокляття» та «Прикликаний обстріл»; на 7-му — «Свобода руху» й «Нищівна кара»; на 9-му — «Удар сталевого вітру»."
h92a5d377g3049gaa2fg5da1g1684fd0e0522	MORFOLOGIK_RULE_UK_UA	Можлива механічна помилка	Аґатісу	Знайдено потенційну орфографічну помилку.	Арахісу, Амадісу, Арамісу, Матісу, Абатису, Агатису	Магія рун: «Броня Аґатісу»
h78b41137g5f4ag08e5g9bf9ge8675ebd393a	MORFOLOGIK_RULE_UK_UA	Можлива механічна помилка	Добряниця	Знайдено потенційну орфографічну помилку.	Добряни ця	Магія рун: «Добряниця»
h2c48aa26gfa3eg1b84g4eebg5a36ae964f3a	MORFOLOGIK_RULE_UK_UA	Можлива механічна помилка	Скороходець	Знайдено потенційну орфографічну помилку.	Скороходе, Скороходці	Магія рун: «Скороходець»
h34391a50g2410g5549g7d21gc1d16ce8f3eb	MORFOLOGIK_RULE_UK_UA	Можлива механічна помилка	Громохвиля	Знайдено потенційну орфографічну помилку.	Громовиця	Магія рун: «Громохвиля»
h34b412e2gf24ag1cfbg4da2g84045d629db7	MORFOLOGIK_RULE_UK_UA	Можлива механічна помилка	Біґбі	Знайдено потенційну орфографічну помилку.	Бібі	Біґбі представляє: Слава велетнів
hb799a08cg25f5g214agbad7g45640c6a03d4	MORFOLOGIK_RULE_UK_UA	Можлива механічна помилка	Біґбі	Знайдено потенційну орфографічну помилку.	Бібі	Біґбі представляє: Слава велетнів
hc3405af3g4811g97c2gc534g546e8726cc0d	MORFOLOGIK_RULE_UK_UA	Можлива механічна помилка	Сиґілі	Знайдено потенційну орфографічну помилку.	Сибілі, Сирілі	Люди трапляються в усьому мультивсесвіті й так само численні, як і різноманітні. За відведені їм роки вони прагнуть досягти якомога більшого. У багатьох світах їхні честолюбство й винахідливість водночас шанують і побоюються.\n\nЗовнішністю люди не менш різноманітні, ніж мешканці Землі, і поклоняються багатьом богам. Науковці сперечаються про походження людства, але кажуть, що одне з перших відомих людських поселень виникло в Сиґілі — тороподібному місті в центрі мультивсесвіту, де зародилася Загальна мова. Звідти люди могли розселитися по всьому мультивсесвіту, несучи із собою космополітизм Міста Дверей.
hf3d6ddebg352bg36d4g9fbbg9ac02f78c004	MORFOLOGIK_RULE_UK_UA	Можлива механічна помилка	Сиґілі	Знайдено потенційну орфографічну помилку.	Сибілі, Сирілі	Люди трапляються в усьому мультивсесвіті й так само численні, як і різноманітні. За відведені їм роки вони прагнуть досягти якомога більшого. У багатьох світах їхні честолюбство й винахідливість водночас шанують і побоюються.\n\nЗовнішністю люди не менш різноманітні, ніж мешканці Землі, і поклоняються багатьом богам. Науковці сперечаються про походження людства, але кажуть, що одне з перших відомих людських поселень виникло в Сиґілі — тороподібному місті в центрі мультивсесвіту, де зародилася Загальна мова. Звідти люди могли розселитися по всьому мультивсесвіту, несучи із собою космополітизм Міста Дверей.
h43c8d778g4ffbg6a32ge27eg13e331031c39	MORFOLOGIK_RULE_UK_UA	Можлива механічна помилка	Маддала	Знайдено потенційну орфографічну помилку.	Мандала, Наддала	Маддала Мертвоока
h43c8d778g4ffbg6a32ge27eg13e331031c39	MORFOLOGIK_RULE_UK_UA	Можлива механічна помилка	Мертвоока	Знайдено потенційну орфографічну помилку.	Мертво ока	Маддала Мертвоока
h32bb18a8g2611g9ff6g64eag1c6efae586a9	MORFOLOGIK_RULE_UK_UA	Можлива механічна помилка	Маддалу	Знайдено потенційну орфографічну помилку.	Мандалу	Сліпу Маддалу зцілила інша суща душа, яка проходила через її село, щоб та змогла побачити, як усе довкола спалюють ущент. Такою була ціна відмови скоритися Абсолюту.
h2f981857gd0a5g989dgec41g9c92ba28712c	MORFOLOGIK_RULE_UK_UA	Можлива механічна помилка	Містри	Знайдено потенційну орфографічну помилку.	Містки, Істри, Мостри, Місюри, Мітри, Сістри, Містери, Міс три	Хист Ґейла до чарівництва здобув йому любов Містри, богині магії, але його амбіції привели його на межу катастрофи...
hc344cfc5ga758gba8cgf224gb3864fa0208d	MORFOLOGIK_RULE_UK_UA	Можлива механічна помилка	Мінск	Знайдено потенційну орфографічну помилку.	Мінськ	Мінск
h1ac94e1cge830g5902g72eag69029753a94b	MORFOLOGIK_RULE_UK_UA	Можлива механічна помилка	пагорбовий	Знайдено потенційну орфографічну помилку.	па горбовий	Велетенське походження: пагорбовий велетень
hb2925e5dgb422g689cgfe37g45413ec054f1	MORFOLOGIK_RULE_UK_UA	Можлива механічна помилка	Пагорбовий	Знайдено потенційну орфографічну помилку.	Па горбовий	Пагорбовий перекид (пагорбовий велетень). Коли ви влучаєте атакою в істоту великого або меншого розміру й завдаєте їй шкоди, то можете надати цілі стан повалення.
hb2925e5dgb422g689cgfe37g45413ec054f1	MORFOLOGIK_RULE_UK_UA	Можлива механічна помилка	пагорбовий	Знайдено потенційну орфографічну помилку.	па горбовий	Пагорбовий перекид (пагорбовий велетень). Коли ви влучаєте атакою в істоту великого або меншого розміру й завдаєте їй шкоди, то можете надати цілі стан повалення.
h0173efabg1383ge3d4g48f1g947ac6978c5b	UK_SIMPLE_REPLACE	Інше	вантажопідйомність	«вантажопідйомність» - помилкове слово, виправлення: вантажність.	вантажність	Ви маєте перевагу в усіх перевірках характеристик, щоб позбутися стану знерухомлення. Ваша вантажопідйомність збільшується на 25 відсотків.
h4545e270g8facg12e9geda5gd28be0c71012	MORFOLOGIK_RULE_UK_UA	Можлива механічна помилка	Світлоносець	Знайдено потенційну орфографічну помилку.	Світловодець	Світлоносець
h1441708fgd061g4a56g61b7gb8e8733cc36d	MORFOLOGIK_RULE_UK_UA	Можлива механічна помилка	Асимар	Знайдено потенційну орфографічну помилку.	Аси мар	Асимар
h17794a45gbffdg8b0dg0332g414e8cee0aa7	MORFOLOGIK_RULE_UK_UA	Можлива механічна помилка	Асимари	Знайдено потенційну орфографічну помилку.	Асмари, Аси мари	Асимари (вимовляється «а-си-мар») — смертні, у чиїх душах жевріє іскра Верхніх планів. Успадкувавши її від ангельської істоти чи отримавши разом із небесною силою, вони здатні роздмухати цю іскру, несучи світло, зцілення й небесну лють.\n\nАсимар може народитися серед будь-якого народу смертних. Асимари схожі на своїх батьків, але живуть до 160 років і мають ознаки небесної спадщини: металеві веснянки, сяйливі очі, німб або шкіру ангельського кольору — сріблясту, опалово-зелену чи мідно-червону. Спершу ці ознаки ледь помітні, але проявляються виразніше, коли асимар учиться розкривати свою істинну небесну природу.
h17794a45gbffdg8b0dg0332g414e8cee0aa7	MORFOLOGIK_RULE_UK_UA	Можлива механічна помилка	а-си-мар	Знайдено потенційну орфографічну помилку.	айс-бар	Асимари (вимовляється «а-си-мар») — смертні, у чиїх душах жевріє іскра Верхніх планів. Успадкувавши її від ангельської істоти чи отримавши разом із небесною силою, вони здатні роздмухати цю іскру, несучи світло, зцілення й небесну лють.\n\nАсимар може народитися серед будь-якого народу смертних. Асимари схожі на своїх батьків, але живуть до 160 років і мають ознаки небесної спадщини: металеві веснянки, сяйливі очі, німб або шкіру ангельського кольору — сріблясту, опалово-зелену чи мідно-червону. Спершу ці ознаки ледь помітні, але проявляються виразніше, коли асимар учиться розкривати свою істинну небесну природу.
h17794a45gbffdg8b0dg0332g414e8cee0aa7	MORFOLOGIK_RULE_UK_UA	Можлива механічна помилка	Асимар	Знайдено потенційну орфографічну помилку.	Аси мар	Асимари (вимовляється «а-си-мар») — смертні, у чиїх душах жевріє іскра Верхніх планів. Успадкувавши її від ангельської істоти чи отримавши разом із небесною силою, вони здатні роздмухати цю іскру, несучи світло, зцілення й небесну лють.\n\nАсимар може народитися серед будь-якого народу смертних. Асимари схожі на своїх батьків, але живуть до 160 років і мають ознаки небесної спадщини: металеві веснянки, сяйливі очі, німб або шкіру ангельського кольору — сріблясту, опалово-зелену чи мідно-червону. Спершу ці ознаки ледь помітні, але проявляються виразніше, коли асимар учиться розкривати свою істинну небесну природу.
h17794a45gbffdg8b0dg0332g414e8cee0aa7	MORFOLOGIK_RULE_UK_UA	Можлива механічна помилка	Асимари	Знайдено потенційну орфографічну помилку.	Асмари, Аси мари	Асимари (вимовляється «а-си-мар») — смертні, у чиїх душах жевріє іскра Верхніх планів. Успадкувавши її від ангельської істоти чи отримавши разом із небесною силою, вони здатні роздмухати цю іскру, несучи світло, зцілення й небесну лють.\n\nАсимар може народитися серед будь-якого народу смертних. Асимари схожі на своїх батьків, але живуть до 160 років і мають ознаки небесної спадщини: металеві веснянки, сяйливі очі, німб або шкіру ангельського кольору — сріблясту, опалово-зелену чи мідно-червону. Спершу ці ознаки ледь помітні, але проявляються виразніше, коли асимар учиться розкривати свою істинну небесну природу.
h17794a45gbffdg8b0dg0332g414e8cee0aa7	MORFOLOGIK_RULE_UK_UA	Можлива механічна помилка	асимар	Знайдено потенційну орфографічну помилку.	аси мар	Асимари (вимовляється «а-си-мар») — смертні, у чиїх душах жевріє іскра Верхніх планів. Успадкувавши її від ангельської істоти чи отримавши разом із небесною силою, вони здатні роздмухати цю іскру, несучи світло, зцілення й небесну лють.\n\nАсимар може народитися серед будь-якого народу смертних. Асимари схожі на своїх батьків, але живуть до 160 років і мають ознаки небесної спадщини: металеві веснянки, сяйливі очі, німб або шкіру ангельського кольору — сріблясту, опалово-зелену чи мідно-червону. Спершу ці ознаки ледь помітні, але проявляються виразніше, коли асимар учиться розкривати свою істинну небесну природу.
h4a85606fg83fegb919g2561gba3dd6f0fdf8	MORFOLOGIK_RULE_UK_UA	Можлива механічна помилка	Асимар	Знайдено потенційну орфографічну помилку.	Аси мар	Асимар
hce976d1agab7cg7729g705eged5dfe8fa201	MORFOLOGIK_RULE_UK_UA	Можлива механічна помилка	Асимари	Знайдено потенційну орфографічну помилку.	Асмари, Аси мари	Асимари (вимовляється «а-си-мар») — смертні, у чиїх душах жевріє іскра Верхніх планів. Успадкувавши її від ангельської істоти чи отримавши разом із небесною силою, вони здатні роздмухати цю іскру, несучи світло, зцілення й небесну лють.\n\nАсимар може народитися серед будь-якого народу смертних. Асимари схожі на своїх батьків, але живуть до 160 років і мають ознаки небесної спадщини: металеві веснянки, сяйливі очі, німб або шкіру ангельського кольору — сріблясту, опалово-зелену чи мідно-червону. Спершу ці ознаки ледь помітні, але проявляються виразніше, коли асимар учиться розкривати свою істинну небесну природу.
hce976d1agab7cg7729g705eged5dfe8fa201	MORFOLOGIK_RULE_UK_UA	Можлива механічна помилка	а-си-мар	Знайдено потенційну орфографічну помилку.	айс-бар	Асимари (вимовляється «а-си-мар») — смертні, у чиїх душах жевріє іскра Верхніх планів. Успадкувавши її від ангельської істоти чи отримавши разом із небесною силою, вони здатні роздмухати цю іскру, несучи світло, зцілення й небесну лють.\n\nАсимар може народитися серед будь-якого народу смертних. Асимари схожі на своїх батьків, але живуть до 160 років і мають ознаки небесної спадщини: металеві веснянки, сяйливі очі, німб або шкіру ангельського кольору — сріблясту, опалово-зелену чи мідно-червону. Спершу ці ознаки ледь помітні, але проявляються виразніше, коли асимар учиться розкривати свою істинну небесну природу.
hce976d1agab7cg7729g705eged5dfe8fa201	MORFOLOGIK_RULE_UK_UA	Можлива механічна помилка	Асимар	Знайдено потенційну орфографічну помилку.	Аси мар	Асимари (вимовляється «а-си-мар») — смертні, у чиїх душах жевріє іскра Верхніх планів. Успадкувавши її від ангельської істоти чи отримавши разом із небесною силою, вони здатні роздмухати цю іскру, несучи світло, зцілення й небесну лють.\n\nАсимар може народитися серед будь-якого народу смертних. Асимари схожі на своїх батьків, але живуть до 160 років і мають ознаки небесної спадщини: металеві веснянки, сяйливі очі, німб або шкіру ангельського кольору — сріблясту, опалово-зелену чи мідно-червону. Спершу ці ознаки ледь помітні, але проявляються виразніше, коли асимар учиться розкривати свою істинну небесну природу.
hce976d1agab7cg7729g705eged5dfe8fa201	MORFOLOGIK_RULE_UK_UA	Можлива механічна помилка	Асимари	Знайдено потенційну орфографічну помилку.	Асмари, Аси мари	Асимари (вимовляється «а-си-мар») — смертні, у чиїх душах жевріє іскра Верхніх планів. Успадкувавши її від ангельської істоти чи отримавши разом із небесною силою, вони здатні роздмухати цю іскру, несучи світло, зцілення й небесну лють.\n\nАсимар може народитися серед будь-якого народу смертних. Асимари схожі на своїх батьків, але живуть до 160 років і мають ознаки небесної спадщини: металеві веснянки, сяйливі очі, німб або шкіру ангельського кольору — сріблясту, опалово-зелену чи мідно-червону. Спершу ці ознаки ледь помітні, але проявляються виразніше, коли асимар учиться розкривати свою істинну небесну природу.
hce976d1agab7cg7729g705eged5dfe8fa201	MORFOLOGIK_RULE_UK_UA	Можлива механічна помилка	асимар	Знайдено потенційну орфографічну помилку.	аси мар	Асимари (вимовляється «а-си-мар») — смертні, у чиїх душах жевріє іскра Верхніх планів. Успадкувавши її від ангельської істоти чи отримавши разом із небесною силою, вони здатні роздмухати цю іскру, несучи світло, зцілення й небесну лють.\n\nАсимар може народитися серед будь-якого народу смертних. Асимари схожі на своїх батьків, але живуть до 160 років і мають ознаки небесної спадщини: металеві веснянки, сяйливі очі, німб або шкіру ангельського кольору — сріблясту, опалово-зелену чи мідно-червону. Спершу ці ознаки ледь помітні, але проявляються виразніше, коли асимар учиться розкривати свою істинну небесну природу.
h52005c15gb62ag4e2egb087ge08e4918fcdc	MORFOLOGIK_RULE_UK_UA	Можлива механічна помилка	Дампір	Знайдено потенційну орфографічну помилку.	Ампір, Вампір, Дамір, Дам пір	Дампір
hbf2d2837g837cgd6c3g5fdegad558013ec2f	MORFOLOGIK_RULE_UK_UA	Можлива механічна помилка	Дампіри	Знайдено потенційну орфографічну помилку.	Вампіри	Дампіри — живі люди з вампірськими здібностями, прокляті моторошним голодом. Більшість дампірів жадають крові, але деякі живляться снами, життєвою енергією чи іншими джерелами життєвої сили. Кожен дампір мусить вибрати: боротися за контроль над своїм голодом чи піддатися хижацьким поривам.
hbf2d2837g837cgd6c3g5fdegad558013ec2f	MORFOLOGIK_RULE_UK_UA	Можлива механічна помилка	дампірів	Знайдено потенційну орфографічну помилку.	вампірів	Дампіри — живі люди з вампірськими здібностями, прокляті моторошним голодом. Більшість дампірів жадають крові, але деякі живляться снами, життєвою енергією чи іншими джерелами життєвої сили. Кожен дампір мусить вибрати: боротися за контроль над своїм голодом чи піддатися хижацьким поривам.
hbf2d2837g837cgd6c3g5fdegad558013ec2f	MORFOLOGIK_RULE_UK_UA	Можлива механічна помилка	дампір	Знайдено потенційну орфографічну помилку.	ампір, вампір, Дамір, дам пір	Дампіри — живі люди з вампірськими здібностями, прокляті моторошним голодом. Більшість дампірів жадають крові, але деякі живляться снами, життєвою енергією чи іншими джерелами життєвої сили. Кожен дампір мусить вибрати: боротися за контроль над своїм голодом чи піддатися хижацьким поривам.
hce58bf73g30e5ged4aga02cgfc3a7316df41	MORFOLOGIK_RULE_UK_UA	Можлива механічна помилка	Дампір	Знайдено потенційну орфографічну помилку.	Ампір, Вампір, Дамір, Дам пір	Дампір
h79662482g09c0g2520g7473g0b463567c37f	MORFOLOGIK_RULE_UK_UA	Можлива механічна помилка	Дампіри	Знайдено потенційну орфографічну помилку.	Вампіри	Дампіри — живі люди з вампірськими здібностями, прокляті моторошним голодом. Більшість дампірів жадають крові, але деякі живляться снами, життєвою енергією чи іншими джерелами життєвої сили. Кожен дампір мусить вибрати: боротися за контроль над своїм голодом чи піддатися хижацьким поривам.
h79662482g09c0g2520g7473g0b463567c37f	MORFOLOGIK_RULE_UK_UA	Можлива механічна помилка	дампірів	Знайдено потенційну орфографічну помилку.	вампірів	Дампіри — живі люди з вампірськими здібностями, прокляті моторошним голодом. Більшість дампірів жадають крові, але деякі живляться снами, життєвою енергією чи іншими джерелами життєвої сили. Кожен дампір мусить вибрати: боротися за контроль над своїм голодом чи піддатися хижацьким поривам.
h79662482g09c0g2520g7473g0b463567c37f	MORFOLOGIK_RULE_UK_UA	Можлива механічна помилка	дампір	Знайдено потенційну орфографічну помилку.	ампір, вампір, Дамір, дам пір	Дампіри — живі люди з вампірськими здібностями, прокляті моторошним голодом. Більшість дампірів жадають крові, але деякі живляться снами, життєвою енергією чи іншими джерелами життєвої сили. Кожен дампір мусить вибрати: боротися за контроль над своїм голодом чи піддатися хижацьким поривам.
h52cf869egf5cag4c87g68e9g5b3aec207282	MORFOLOGIK_RULE_UK_UA	Можлива механічна помилка	невмерлості	Знайдено потенційну орфографічну помилку.	завмерлості, невмілості	Слід невмерлості
h46b0c2f8g60cfgf514g75e0g2b9f80721ed5	MORFOLOGIK_RULE_UK_UA	Можлива механічна помилка	Дампір	Знайдено потенційну орфографічну помилку.	Ампір, Вампір, Дамір, Дам пір	Дампір
h2fb7412egdbddg4e3cgd275g9982279ad118	MORFOLOGIK_RULE_UK_UA	Можлива механічна помилка	Дампіри	Знайдено потенційну орфографічну помилку.	Вампіри	Дампіри — живі люди з вампірськими здібностями, прокляті моторошним голодом. Більшість із них жадає крові, хоча дехто живиться снами, життєвою енергією чи іншими джерелами життєвої сили. Кожен дампір мусить вирішити, чи приборкувати свій голод, чи віддатися хижацьким поривам.\n\nДампіри часто з’являються після зустрічей із вампірами: одні є нащадками могутнього вампіра, а інших частково перетворив вампірський укус. Причиною також можуть стати моторошна угода або некромантичний вплив. Хоч би яким було їхнє походження, вампірська природа дампірів проявляється по-різному — зокрема надзвичайною швидкістю та укусом, що висмоктує життєву силу.
h2fb7412egdbddg4e3cgd275g9982279ad118	MORFOLOGIK_RULE_UK_UA	Можлива механічна помилка	дампір	Знайдено потенційну орфографічну помилку.	ампір, вампір, Дамір, дам пір	Дампіри — живі люди з вампірськими здібностями, прокляті моторошним голодом. Більшість із них жадає крові, хоча дехто живиться снами, життєвою енергією чи іншими джерелами життєвої сили. Кожен дампір мусить вирішити, чи приборкувати свій голод, чи віддатися хижацьким поривам.\n\nДампіри часто з’являються після зустрічей із вампірами: одні є нащадками могутнього вампіра, а інших частково перетворив вампірський укус. Причиною також можуть стати моторошна угода або некромантичний вплив. Хоч би яким було їхнє походження, вампірська природа дампірів проявляється по-різному — зокрема надзвичайною швидкістю та укусом, що висмоктує життєву силу.
h2fb7412egdbddg4e3cgd275g9982279ad118	MORFOLOGIK_RULE_UK_UA	Можлива механічна помилка	Дампіри	Знайдено потенційну орфографічну помилку.	Вампіри	Дампіри — живі люди з вампірськими здібностями, прокляті моторошним голодом. Більшість із них жадає крові, хоча дехто живиться снами, життєвою енергією чи іншими джерелами життєвої сили. Кожен дампір мусить вирішити, чи приборкувати свій голод, чи віддатися хижацьким поривам.\n\nДампіри часто з’являються після зустрічей із вампірами: одні є нащадками могутнього вампіра, а інших частково перетворив вампірський укус. Причиною також можуть стати моторошна угода або некромантичний вплив. Хоч би яким було їхнє походження, вампірська природа дампірів проявляється по-різному — зокрема надзвичайною швидкістю та укусом, що висмоктує життєву силу.
h2fb7412egdbddg4e3cgd275g9982279ad118	MORFOLOGIK_RULE_UK_UA	Можлива механічна помилка	некромантичний	Знайдено потенційну орфографічну помилку.	неоромантичний, неромантичний	Дампіри — живі люди з вампірськими здібностями, прокляті моторошним голодом. Більшість із них жадає крові, хоча дехто живиться снами, життєвою енергією чи іншими джерелами життєвої сили. Кожен дампір мусить вирішити, чи приборкувати свій голод, чи віддатися хижацьким поривам.\n\nДампіри часто з’являються після зустрічей із вампірами: одні є нащадками могутнього вампіра, а інших частково перетворив вампірський укус. Причиною також можуть стати моторошна угода або некромантичний вплив. Хоч би яким було їхнє походження, вампірська природа дампірів проявляється по-різному — зокрема надзвичайною швидкістю та укусом, що висмоктує життєву силу.
h2fb7412egdbddg4e3cgd275g9982279ad118	MORFOLOGIK_RULE_UK_UA	Можлива механічна помилка	дампірів	Знайдено потенційну орфографічну помилку.	вампірів	Дампіри — живі люди з вампірськими здібностями, прокляті моторошним голодом. Більшість із них жадає крові, хоча дехто живиться снами, життєвою енергією чи іншими джерелами життєвої сили. Кожен дампір мусить вирішити, чи приборкувати свій голод, чи віддатися хижацьким поривам.\n\nДампіри часто з’являються після зустрічей із вампірами: одні є нащадками могутнього вампіра, а інших частково перетворив вампірський укус. Причиною також можуть стати моторошна угода або некромантичний вплив. Хоч би яким було їхнє походження, вампірська природа дампірів проявляється по-різному — зокрема надзвичайною швидкістю та укусом, що висмоктує життєву силу.
h290db207g3982g8671gfbdeg7a8b3e079800	MORFOLOGIK_RULE_UK_UA	Можлива механічна помилка	Дампір	Знайдено потенційну орфографічну помилку.	Ампір, Вампір, Дамір, Дам пір	Дампір
h4cdf86a0g7d76g2e84gd83dg6220d5a5ca95	MORFOLOGIK_RULE_UK_UA	Можлива механічна помилка	Дампіри	Знайдено потенційну орфографічну помилку.	Вампіри	Дампіри — живі люди з вампірськими здібностями, прокляті моторошним голодом. Більшість із них жадає крові, хоча дехто живиться снами, життєвою енергією чи іншими джерелами життєвої сили. Кожен дампір мусить вирішити, чи приборкувати свій голод, чи віддатися хижацьким поривам.\n\nДампіри часто з’являються після зустрічей із вампірами: одні є нащадками могутнього вампіра, а інших частково перетворив вампірський укус. Причиною також можуть стати моторошна угода або некромантичний вплив. Хоч би яким було їхнє походження, вампірська природа дампірів проявляється по-різному — зокрема надзвичайною швидкістю та укусом, що висмоктує життєву силу.
h4cdf86a0g7d76g2e84gd83dg6220d5a5ca95	MORFOLOGIK_RULE_UK_UA	Можлива механічна помилка	дампір	Знайдено потенційну орфографічну помилку.	ампір, вампір, Дамір, дам пір	Дампіри — живі люди з вампірськими здібностями, прокляті моторошним голодом. Більшість із них жадає крові, хоча дехто живиться снами, життєвою енергією чи іншими джерелами життєвої сили. Кожен дампір мусить вирішити, чи приборкувати свій голод, чи віддатися хижацьким поривам.\n\nДампіри часто з’являються після зустрічей із вампірами: одні є нащадками могутнього вампіра, а інших частково перетворив вампірський укус. Причиною також можуть стати моторошна угода або некромантичний вплив. Хоч би яким було їхнє походження, вампірська природа дампірів проявляється по-різному — зокрема надзвичайною швидкістю та укусом, що висмоктує життєву силу.
h4cdf86a0g7d76g2e84gd83dg6220d5a5ca95	MORFOLOGIK_RULE_UK_UA	Можлива механічна помилка	Дампіри	Знайдено потенційну орфографічну помилку.	Вампіри	Дампіри — живі люди з вампірськими здібностями, прокляті моторошним голодом. Більшість із них жадає крові, хоча дехто живиться снами, життєвою енергією чи іншими джерелами життєвої сили. Кожен дампір мусить вирішити, чи приборкувати свій голод, чи віддатися хижацьким поривам.\n\nДампіри часто з’являються після зустрічей із вампірами: одні є нащадками могутнього вампіра, а інших частково перетворив вампірський укус. Причиною також можуть стати моторошна угода або некромантичний вплив. Хоч би яким було їхнє походження, вампірська природа дампірів проявляється по-різному — зокрема надзвичайною швидкістю та укусом, що висмоктує життєву силу.
h4cdf86a0g7d76g2e84gd83dg6220d5a5ca95	MORFOLOGIK_RULE_UK_UA	Можлива механічна помилка	некромантичний	Знайдено потенційну орфографічну помилку.	неоромантичний, неромантичний	Дампіри — живі люди з вампірськими здібностями, прокляті моторошним голодом. Більшість із них жадає крові, хоча дехто живиться снами, життєвою енергією чи іншими джерелами життєвої сили. Кожен дампір мусить вирішити, чи приборкувати свій голод, чи віддатися хижацьким поривам.\n\nДампіри часто з’являються після зустрічей із вампірами: одні є нащадками могутнього вампіра, а інших частково перетворив вампірський укус. Причиною також можуть стати моторошна угода або некромантичний вплив. Хоч би яким було їхнє походження, вампірська природа дампірів проявляється по-різному — зокрема надзвичайною швидкістю та укусом, що висмоктує життєву силу.
h4cdf86a0g7d76g2e84gd83dg6220d5a5ca95	MORFOLOGIK_RULE_UK_UA	Можлива механічна помилка	дампірів	Знайдено потенційну орфографічну помилку.	вампірів	Дампіри — живі люди з вампірськими здібностями, прокляті моторошним голодом. Більшість із них жадає крові, хоча дехто живиться снами, життєвою енергією чи іншими джерелами життєвої сили. Кожен дампір мусить вирішити, чи приборкувати свій голод, чи віддатися хижацьким поривам.\n\nДампіри часто з’являються після зустрічей із вампірами: одні є нащадками могутнього вампіра, а інших частково перетворив вампірський укус. Причиною також можуть стати моторошна угода або некромантичний вплив. Хоч би яким було їхнє походження, вампірська природа дампірів проявляється по-різному — зокрема надзвичайною швидкістю та укусом, що висмоктує життєву силу.
h877ab541g5ce7g7a78g2577g02cab9025520	MORFOLOGIK_RULE_UK_UA	Можлива механічна помилка	Калаштар	Знайдено потенційну орфографічну помилку.	Калантай, Калантаю, Калантая, Калантаї, Калатав, Калатай, Калатал, Калатаю	Калаштар
h0bb6e377geac3g99bdg6ae0gdd2ba3ffc657	MORFOLOGIK_RULE_UK_UA	Можлива механічна помилка	Калаштар	Знайдено потенційну орфографічну помилку.	Калантай, Калантаю, Калантая, Калантаї, Калатав, Калатай, Калатал, Калатаю	Калаштар (вимовляється кал-АШ-тар) створено з союзу людства та духів-відступників, які називаються кворі з рівня снів. Калаштар здається людьми, але їхній духовний зв’язок впливає на них різними способами. У них симетричні, злегка кутасті риси обличчя, а очі часто сяють, коли вони зосереджені або виражають сильні емоції.
h0bb6e377geac3g99bdg6ae0gdd2ba3ffc657	MORFOLOGIK_RULE_UK_UA	Можлива механічна помилка	кал-АШ-тар	Знайдено потенційну орфографічну помилку.		Калаштар (вимовляється кал-АШ-тар) створено з союзу людства та духів-відступників, які називаються кворі з рівня снів. Калаштар здається людьми, але їхній духовний зв’язок впливає на них різними способами. У них симетричні, злегка кутасті риси обличчя, а очі часто сяють, коли вони зосереджені або виражають сильні емоції.
h0bb6e377geac3g99bdg6ae0gdd2ba3ffc657	MORFOLOGIK_RULE_UK_UA	Можлива механічна помилка	кворі	Знайдено потенційну орфографічну помилку.	дворі, творі, хворі, корі, кволі, квоті, Яворі, шворі	Калаштар (вимовляється кал-АШ-тар) створено з союзу людства та духів-відступників, які називаються кворі з рівня снів. Калаштар здається людьми, але їхній духовний зв’язок впливає на них різними способами. У них симетричні, злегка кутасті риси обличчя, а очі часто сяють, коли вони зосереджені або виражають сильні емоції.
h0bb6e377geac3g99bdg6ae0gdd2ba3ffc657	MORFOLOGIK_RULE_UK_UA	Можлива механічна помилка	Калаштар	Знайдено потенційну орфографічну помилку.	Калантай, Калантаю, Калантая, Калантаї, Калатав, Калатай, Калатал, Калатаю	Калаштар (вимовляється кал-АШ-тар) створено з союзу людства та духів-відступників, які називаються кворі з рівня снів. Калаштар здається людьми, але їхній духовний зв’язок впливає на них різними способами. У них симетричні, злегка кутасті риси обличчя, а очі часто сяють, коли вони зосереджені або виражають сильні емоції.
h0a563e02g95f0gd9e3g039ag98f3b4346158	MORFOLOGIK_RULE_UK_UA	Можлива механічна помилка	Калаштар	Знайдено потенційну орфографічну помилку.	Калантай, Калантаю, Калантая, Калантаї, Калатав, Калатай, Калатал, Калатаю	Калаштар
hbccdb504gf83fgad58g2d25g913047122f49	MORFOLOGIK_RULE_UK_UA	Можлива механічна помилка	Калаштар	Знайдено потенційну орфографічну помилку.	Калантай, Калантаю, Калантая, Калантаї, Калатав, Калатай, Калатал, Калатаю	Калаштар (вимовляється кал-АШ-тар) створено з союзу людства та духів-відступників, які називаються кворі з рівня снів. Калаштар здається людьми, але їхній духовний зв’язок впливає на них різними способами. У них симетричні, злегка кутасті риси обличчя, а очі часто сяють, коли вони зосереджені або виражають сильні емоції.
hbccdb504gf83fgad58g2d25g913047122f49	MORFOLOGIK_RULE_UK_UA	Можлива механічна помилка	кал-АШ-тар	Знайдено потенційну орфографічну помилку.		Калаштар (вимовляється кал-АШ-тар) створено з союзу людства та духів-відступників, які називаються кворі з рівня снів. Калаштар здається людьми, але їхній духовний зв’язок впливає на них різними способами. У них симетричні, злегка кутасті риси обличчя, а очі часто сяють, коли вони зосереджені або виражають сильні емоції.
hbccdb504gf83fgad58g2d25g913047122f49	MORFOLOGIK_RULE_UK_UA	Можлива механічна помилка	кворі	Знайдено потенційну орфографічну помилку.	дворі, творі, хворі, корі, кволі, квоті, Яворі, шворі	Калаштар (вимовляється кал-АШ-тар) створено з союзу людства та духів-відступників, які називаються кворі з рівня снів. Калаштар здається людьми, але їхній духовний зв’язок впливає на них різними способами. У них симетричні, злегка кутасті риси обличчя, а очі часто сяють, коли вони зосереджені або виражають сильні емоції.
hbccdb504gf83fgad58g2d25g913047122f49	MORFOLOGIK_RULE_UK_UA	Можлива механічна помилка	Калаштар	Знайдено потенційну орфографічну помилку.	Калантай, Калантаю, Калантая, Калантаї, Калатав, Калатай, Калатал, Калатаю	Калаштар (вимовляється кал-АШ-тар) створено з союзу людства та духів-відступників, які називаються кворі з рівня снів. Калаштар здається людьми, але їхній духовний зв’язок впливає на них різними способами. У них симетричні, злегка кутасті риси обличчя, а очі часто сяють, коли вони зосереджені або виражають сильні емоції.
ha860cb95g7c9ag10c1g85f5gc9e5b708f2a5	MORFOLOGIK_RULE_UK_UA	Можлива механічна помилка	Калаштар	Знайдено потенційну орфографічну помилку.	Калантай, Калантаю, Калантая, Калантаї, Калатав, Калатай, Калатал, Калатаю	Калаштар
hd180b5fege06agd03ag32b2g4030476ac579	MORFOLOGIK_RULE_UK_UA	Можлива механічна помилка	Калаштари	Знайдено потенційну орфографічну помилку.	Калантай, Калатай, Калатали, Калатати	Калаштари (вимовляється «кал-АШ-тар») постали із союзу людей і бунтівних духів кворі з Плану снів. Вони мають людську подобу, проте духовний зв’язок позначається на них по-різному. Їхні риси обличчя симетричні й дещо кутасті, а очі часто світяться під час зосередження або сильних емоцій.\n\nКалаштари не можуть безпосередньо спілкуватися зі своїми духами кворі. Натомість вони відчувають їх як джерело інстинктів і натхнення та уві сні черпають зі спогадів духів. Цей зв’язок дарує калаштарам незначні псіонічні здібності й захищає від псіонічних атак.
hd180b5fege06agd03ag32b2g4030476ac579	MORFOLOGIK_RULE_UK_UA	Можлива механічна помилка	кал-АШ-тар	Знайдено потенційну орфографічну помилку.		Калаштари (вимовляється «кал-АШ-тар») постали із союзу людей і бунтівних духів кворі з Плану снів. Вони мають людську подобу, проте духовний зв’язок позначається на них по-різному. Їхні риси обличчя симетричні й дещо кутасті, а очі часто світяться під час зосередження або сильних емоцій.\n\nКалаштари не можуть безпосередньо спілкуватися зі своїми духами кворі. Натомість вони відчувають їх як джерело інстинктів і натхнення та уві сні черпають зі спогадів духів. Цей зв’язок дарує калаштарам незначні псіонічні здібності й захищає від псіонічних атак.
hd180b5fege06agd03ag32b2g4030476ac579	MORFOLOGIK_RULE_UK_UA	Можлива механічна помилка	кворі	Знайдено потенційну орфографічну помилку.	дворі, творі, хворі, корі, кволі, квоті, Яворі, шворі	Калаштари (вимовляється «кал-АШ-тар») постали із союзу людей і бунтівних духів кворі з Плану снів. Вони мають людську подобу, проте духовний зв’язок позначається на них по-різному. Їхні риси обличчя симетричні й дещо кутасті, а очі часто світяться під час зосередження або сильних емоцій.\n\nКалаштари не можуть безпосередньо спілкуватися зі своїми духами кворі. Натомість вони відчувають їх як джерело інстинктів і натхнення та уві сні черпають зі спогадів духів. Цей зв’язок дарує калаштарам незначні псіонічні здібності й захищає від псіонічних атак.
hd180b5fege06agd03ag32b2g4030476ac579	MORFOLOGIK_RULE_UK_UA	Можлива механічна помилка	Калаштари	Знайдено потенційну орфографічну помилку.	Калантай, Калатай, Калатали, Калатати	Калаштари (вимовляється «кал-АШ-тар») постали із союзу людей і бунтівних духів кворі з Плану снів. Вони мають людську подобу, проте духовний зв’язок позначається на них по-різному. Їхні риси обличчя симетричні й дещо кутасті, а очі часто світяться під час зосередження або сильних емоцій.\n\nКалаштари не можуть безпосередньо спілкуватися зі своїми духами кворі. Натомість вони відчувають їх як джерело інстинктів і натхнення та уві сні черпають зі спогадів духів. Цей зв’язок дарує калаштарам незначні псіонічні здібності й захищає від псіонічних атак.
hd180b5fege06agd03ag32b2g4030476ac579	MORFOLOGIK_RULE_UK_UA	Можлива механічна помилка	кворі	Знайдено потенційну орфографічну помилку.	дворі, творі, хворі, корі, кволі, квоті, Яворі, шворі	Калаштари (вимовляється «кал-АШ-тар») постали із союзу людей і бунтівних духів кворі з Плану снів. Вони мають людську подобу, проте духовний зв’язок позначається на них по-різному. Їхні риси обличчя симетричні й дещо кутасті, а очі часто світяться під час зосередження або сильних емоцій.\n\nКалаштари не можуть безпосередньо спілкуватися зі своїми духами кворі. Натомість вони відчувають їх як джерело інстинктів і натхнення та уві сні черпають зі спогадів духів. Цей зв’язок дарує калаштарам незначні псіонічні здібності й захищає від псіонічних атак.
hd180b5fege06agd03ag32b2g4030476ac579	MORFOLOGIK_RULE_UK_UA	Можлива механічна помилка	калаштарам	Знайдено потенційну орфографічну помилку.	калаталам	Калаштари (вимовляється «кал-АШ-тар») постали із союзу людей і бунтівних духів кворі з Плану снів. Вони мають людську подобу, проте духовний зв’язок позначається на них по-різному. Їхні риси обличчя симетричні й дещо кутасті, а очі часто світяться під час зосередження або сильних емоцій.\n\nКалаштари не можуть безпосередньо спілкуватися зі своїми духами кворі. Натомість вони відчувають їх як джерело інстинктів і натхнення та уві сні черпають зі спогадів духів. Цей зв’язок дарує калаштарам незначні псіонічні здібності й захищає від псіонічних атак.
hd180b5fege06agd03ag32b2g4030476ac579	MORFOLOGIK_RULE_UK_UA	Можлива механічна помилка	псіонічні	Знайдено потенційну орфографічну помилку.	північні, Піоніїні, біонічні, кріонічні, пікнічні, іонічні, псі-онічні	Калаштари (вимовляється «кал-АШ-тар») постали із союзу людей і бунтівних духів кворі з Плану снів. Вони мають людську подобу, проте духовний зв’язок позначається на них по-різному. Їхні риси обличчя симетричні й дещо кутасті, а очі часто світяться під час зосередження або сильних емоцій.\n\nКалаштари не можуть безпосередньо спілкуватися зі своїми духами кворі. Натомість вони відчувають їх як джерело інстинктів і натхнення та уві сні черпають зі спогадів духів. Цей зв’язок дарує калаштарам незначні псіонічні здібності й захищає від псіонічних атак.
hd180b5fege06agd03ag32b2g4030476ac579	MORFOLOGIK_RULE_UK_UA	Можлива механічна помилка	псіонічних	Знайдено потенційну орфографічну помилку.	північних, Піоніїних, біонічних, кріонічних, пікнічних, іонічних, псі-онічних	Калаштари (вимовляється «кал-АШ-тар») постали із союзу людей і бунтівних духів кворі з Плану снів. Вони мають людську подобу, проте духовний зв’язок позначається на них по-різному. Їхні риси обличчя симетричні й дещо кутасті, а очі часто світяться під час зосередження або сильних емоцій.\n\nКалаштари не можуть безпосередньо спілкуватися зі своїми духами кворі. Натомість вони відчувають їх як джерело інстинктів і натхнення та уві сні черпають зі спогадів духів. Цей зв’язок дарує калаштарам незначні псіонічні здібності й захищає від псіонічних атак.
hfa61106eg95adg47fbg8362gcbea543e7ea6	MORFOLOGIK_RULE_UK_UA	Можлива механічна помилка	Калаштар	Знайдено потенційну орфографічну помилку.	Калантай, Калантаю, Калантая, Калантаї, Калатав, Калатай, Калатал, Калатаю	Калаштар
h7272c6b6gd59fg3f4dg8d02g45a02e4928d6	MORFOLOGIK_RULE_UK_UA	Можлива механічна помилка	Калаштари	Знайдено потенційну орфографічну помилку.	Калантай, Калатай, Калатали, Калатати	Калаштари (вимовляється «кал-АШ-тар») постали із союзу людей і бунтівних духів кворі з Плану снів. Вони мають людську подобу, проте духовний зв’язок позначається на них по-різному. Їхні риси обличчя симетричні й дещо кутасті, а очі часто світяться під час зосередження або сильних емоцій.\n\nКалаштари не можуть безпосередньо спілкуватися зі своїми духами кворі. Натомість вони відчувають їх як джерело інстинктів і натхнення та уві сні черпають зі спогадів духів. Цей зв’язок дарує калаштарам незначні псіонічні здібності й захищає від псіонічних атак.
h7272c6b6gd59fg3f4dg8d02g45a02e4928d6	MORFOLOGIK_RULE_UK_UA	Можлива механічна помилка	кал-АШ-тар	Знайдено потенційну орфографічну помилку.		Калаштари (вимовляється «кал-АШ-тар») постали із союзу людей і бунтівних духів кворі з Плану снів. Вони мають людську подобу, проте духовний зв’язок позначається на них по-різному. Їхні риси обличчя симетричні й дещо кутасті, а очі часто світяться під час зосередження або сильних емоцій.\n\nКалаштари не можуть безпосередньо спілкуватися зі своїми духами кворі. Натомість вони відчувають їх як джерело інстинктів і натхнення та уві сні черпають зі спогадів духів. Цей зв’язок дарує калаштарам незначні псіонічні здібності й захищає від псіонічних атак.
h7272c6b6gd59fg3f4dg8d02g45a02e4928d6	MORFOLOGIK_RULE_UK_UA	Можлива механічна помилка	кворі	Знайдено потенційну орфографічну помилку.	дворі, творі, хворі, корі, кволі, квоті, Яворі, шворі	Калаштари (вимовляється «кал-АШ-тар») постали із союзу людей і бунтівних духів кворі з Плану снів. Вони мають людську подобу, проте духовний зв’язок позначається на них по-різному. Їхні риси обличчя симетричні й дещо кутасті, а очі часто світяться під час зосередження або сильних емоцій.\n\nКалаштари не можуть безпосередньо спілкуватися зі своїми духами кворі. Натомість вони відчувають їх як джерело інстинктів і натхнення та уві сні черпають зі спогадів духів. Цей зв’язок дарує калаштарам незначні псіонічні здібності й захищає від псіонічних атак.
h7272c6b6gd59fg3f4dg8d02g45a02e4928d6	MORFOLOGIK_RULE_UK_UA	Можлива механічна помилка	Калаштари	Знайдено потенційну орфографічну помилку.	Калантай, Калатай, Калатали, Калатати	Калаштари (вимовляється «кал-АШ-тар») постали із союзу людей і бунтівних духів кворі з Плану снів. Вони мають людську подобу, проте духовний зв’язок позначається на них по-різному. Їхні риси обличчя симетричні й дещо кутасті, а очі часто світяться під час зосередження або сильних емоцій.\n\nКалаштари не можуть безпосередньо спілкуватися зі своїми духами кворі. Натомість вони відчувають їх як джерело інстинктів і натхнення та уві сні черпають зі спогадів духів. Цей зв’язок дарує калаштарам незначні псіонічні здібності й захищає від псіонічних атак.
h7272c6b6gd59fg3f4dg8d02g45a02e4928d6	MORFOLOGIK_RULE_UK_UA	Можлива механічна помилка	кворі	Знайдено потенційну орфографічну помилку.	дворі, творі, хворі, корі, кволі, квоті, Яворі, шворі	Калаштари (вимовляється «кал-АШ-тар») постали із союзу людей і бунтівних духів кворі з Плану снів. Вони мають людську подобу, проте духовний зв’язок позначається на них по-різному. Їхні риси обличчя симетричні й дещо кутасті, а очі часто світяться під час зосередження або сильних емоцій.\n\nКалаштари не можуть безпосередньо спілкуватися зі своїми духами кворі. Натомість вони відчувають їх як джерело інстинктів і натхнення та уві сні черпають зі спогадів духів. Цей зв’язок дарує калаштарам незначні псіонічні здібності й захищає від псіонічних атак.
h7272c6b6gd59fg3f4dg8d02g45a02e4928d6	MORFOLOGIK_RULE_UK_UA	Можлива механічна помилка	калаштарам	Знайдено потенційну орфографічну помилку.	калаталам	Калаштари (вимовляється «кал-АШ-тар») постали із союзу людей і бунтівних духів кворі з Плану снів. Вони мають людську подобу, проте духовний зв’язок позначається на них по-різному. Їхні риси обличчя симетричні й дещо кутасті, а очі часто світяться під час зосередження або сильних емоцій.\n\nКалаштари не можуть безпосередньо спілкуватися зі своїми духами кворі. Натомість вони відчувають їх як джерело інстинктів і натхнення та уві сні черпають зі спогадів духів. Цей зв’язок дарує калаштарам незначні псіонічні здібності й захищає від псіонічних атак.
h7272c6b6gd59fg3f4dg8d02g45a02e4928d6	MORFOLOGIK_RULE_UK_UA	Можлива механічна помилка	псіонічні	Знайдено потенційну орфографічну помилку.	північні, Піоніїні, біонічні, кріонічні, пікнічні, іонічні, псі-онічні	Калаштари (вимовляється «кал-АШ-тар») постали із союзу людей і бунтівних духів кворі з Плану снів. Вони мають людську подобу, проте духовний зв’язок позначається на них по-різному. Їхні риси обличчя симетричні й дещо кутасті, а очі часто світяться під час зосередження або сильних емоцій.\n\nКалаштари не можуть безпосередньо спілкуватися зі своїми духами кворі. Натомість вони відчувають їх як джерело інстинктів і натхнення та уві сні черпають зі спогадів духів. Цей зв’язок дарує калаштарам незначні псіонічні здібності й захищає від псіонічних атак.
h7272c6b6gd59fg3f4dg8d02g45a02e4928d6	MORFOLOGIK_RULE_UK_UA	Можлива механічна помилка	псіонічних	Знайдено потенційну орфографічну помилку.	північних, Піоніїних, біонічних, кріонічних, пікнічних, іонічних, псі-онічних	Калаштари (вимовляється «кал-АШ-тар») постали із союзу людей і бунтівних духів кворі з Плану снів. Вони мають людську подобу, проте духовний зв’язок позначається на них по-різному. Їхні риси обличчя симетричні й дещо кутасті, а очі часто світяться під час зосередження або сильних емоцій.\n\nКалаштари не можуть безпосередньо спілкуватися зі своїми духами кворі. Натомість вони відчувають їх як джерело інстинктів і натхнення та уві сні черпають зі спогадів духів. Цей зв’язок дарує калаштарам незначні псіонічні здібності й захищає від псіонічних атак.
h10007b53gb4bcgbac3g9089g6d911c3cc5d4	MORFOLOGIK_RULE_UK_UA	Можлива механічна помилка	Доймання	Знайдено потенційну орфографічну помилку.	Дотримання, Дихання, Тримання, Домашня, Думання, Займання, Долання, Добивання	Володіння зброєю: Доймання\n\nЯкщо ви влучите в істоту цією зброєю й завдасте їй шкоди, ви матимете перевагу в наступному кидку атаки проти цієї істоти до кінця вашого наступного ходу.
h69aa6922g1e3fg07e9g5e91g36b8b2c05d1e	COMMA_PARENTHESIS_WHITESPACE	Оформлення	 .	Не ставте пробіл перед крапкою.	.	"Один раз за хід, коли ви переходите в сильно або слабо затемнену область, ви отримуєте стан <LSTag Type=""Status"" Tooltip=""INVISIBLE"">Невидимість</LSTag>."
h340e5304g5b60g19d5gdfcegce1b33d1ff16	COMMA_PARENTHESIS_WHITESPACE	Оформлення	" "" "	Не ставте пробіл з обох боків символу лапок.	""" ,  """	"Вимкніть ""<LSTag Type=""Image"" Info=""TutorialDualWieldToggle""/>Перемикач двозбройного бою"""
h340e5304g5b60g19d5gdfcegce1b33d1ff16	MORFOLOGIK_RULE_UK_UA	Можлива механічна помилка	двозбройного	Знайдено потенційну орфографічну помилку.	двобромного, доозброєного	"Вимкніть ""<LSTag Type=""Image"" Info=""TutorialDualWieldToggle""/>Перемикач двозбройного бою"""
h8a6990cbg9b40g71f3gb9cfg5c82ea25fcf2	MORFOLOGIK_RULE_UK_UA	Можлива механічна помилка	рідранським	Знайдено потенційну орфографічну помилку.	іранським, Радванським, Руданським, Ядранським, дранським, підданським, радчанським, руданським	Домен Розуму звеличує силу смертної свідомості й спрямовує психічну енергію на захист вірних і покарання ворогів. Найчастіше цю силу пов’язують зі Шляхом Світла або рідранським Шляхом Натхнення, проте її можуть опанувати й послідовники даелкірів. Видіння Ксоріату здатні звести жерця з розуму, але водночас відкривають смертоносні таємниці свідомості.
h8a6990cbg9b40g71f3gb9cfg5c82ea25fcf2	MORFOLOGIK_RULE_UK_UA	Можлива механічна помилка	даелкірів	Знайдено потенційну орфографічну помилку.	банкірів, ювелірів, алкілів, алкінів, балкарів, балкерів, дайкірі, далекомірів	Домен Розуму звеличує силу смертної свідомості й спрямовує психічну енергію на захист вірних і покарання ворогів. Найчастіше цю силу пов’язують зі Шляхом Світла або рідранським Шляхом Натхнення, проте її можуть опанувати й послідовники даелкірів. Видіння Ксоріату здатні звести жерця з розуму, але водночас відкривають смертоносні таємниці свідомості.
h8a6990cbg9b40g71f3gb9cfg5c82ea25fcf2	MORFOLOGIK_RULE_UK_UA	Можлива механічна помилка	Ксоріату	Знайдено потенційну орфографічну помилку.	Псоріазу, Куріату, Асоціату, Сорбату	Домен Розуму звеличує силу смертної свідомості й спрямовує психічну енергію на захист вірних і покарання ворогів. Найчастіше цю силу пов’язують зі Шляхом Світла або рідранським Шляхом Натхнення, проте її можуть опанувати й послідовники даелкірів. Видіння Ксоріату здатні звести жерця з розуму, але водночас відкривають смертоносні таємниці свідомості.
hd98d7d87g77cegbc88gd214g64ac7bacec24	MORFOLOGIK_RULE_UK_UA	Можлива механічна помилка	Чароспин	Знайдено потенційну орфографічну помилку.	Чаро спин	"Ваш зв’язок із цим божественним доменом гарантує, що у вас завжди підготовлені певні закляття. Досягнувши рівня клірика, зазначеного в таблиці заклять Домену розуму, ви завжди матимете підготовлені наведені закляття. На 3-му рівні ви вивчаєте «Наказ», «Виявлення думок», «Нерозбірливий шепіт» і «Прокол розуму»; на 5-му — «Чароспин» і «Страх»; на 7-му — <LSTag Type=""Spell"" Tooltip=""Target_Confusion"">«Збентеження»</LSTag> та «Примарного убивцю»; на 9-му — «Синаптичний розряд» і «Телекінез»."
h793cd839gb6abg5b14g2409gcd0bd8f9ce42	MORFOLOGIK_RULE_UK_UA	Можлива механічна помилка	Чароспин	Знайдено потенційну орфографічну помилку.	Чаро спин	"На 3-му рівні ви вивчаєте «Наказ», «Виявлення думок», «Нерозбірливий шепіт» і «Прокол розуму»; на 5-му — «Чароспин» і «Страх»; на 7-му — <LSTag Type=""Spell"" Tooltip=""Target_Confusion"">«Збентеження»</LSTag> та «Примарного убивцю»; на 9-му — «Синаптичний розряд» і «Телекінез»."
h91a9a031gbb78g3004g2f6cg6dcdb8f2cea3	COMMA_PARENTHESIS_WHITESPACE	Оформлення	 .	Не ставте пробіл перед крапкою.	.	"Ви можете битися двома одиницями зброї, навіть якщо вони не <LSTag Tooltip=""Light"">легкі</LSTag>. Водночас не можна битися двома одиницями <LSTag Tooltip=""TwoHanded"">дворучної</LSTag> зброї.<br><br>Коли у свій хід ви виконуєте дію «Атака» й атакуєте зброєю ближнього бою, пізніше цього самого ходу можете вторинною дією здійснити одну атаку другою рукою. Якщо ви опанували властивість «Надріз» і тримаєте в другій руці зброю з нею, можете здійснювати до двох атак другою рукою за хід."
h822a72b8g17f5g73a6gd5f7g245ac996eb94	COMMA_PARENTHESIS_WHITESPACE	Оформлення	 ,	Поставте пробіл після коми, а не перед комою.	,	"На рівнях чародія, указаних у таблиці «Тіньові закляття», ви отримуєте закляття, які надалі завжди вважаються підготовленими: на 3-му рівні — <LSTag Type=""Spell"" Tooltip=""Target_Bane"">«Згуба»</LSTag>, «Пітьма», «Завдання ран» і «Безслідна хода»; на 5-му — «Голод Гадара» та «Страх»; на 7-му — <LSTag Type=""Spell"" Tooltip=""Target_Invisibility_Greater"">«Велика невидимість»</LSTag> і «Примарний убивця»; на 9-му — <LSTag Type=""Spell"" Tooltip=""Target_Contagion"">«Зараза»</LSTag> та «Убивча хмара»."
h822a72b8g17f5g73a6gd5f7g245ac996eb94	MORFOLOGIK_RULE_UK_UA	Можлива механічна помилка	Гадара	Знайдено потенційну орфографічну помилку.	Гадала, Радара, Гайдара, Годара, Кадара, Гагара, Гадана, Гадюра	"На рівнях чародія, указаних у таблиці «Тіньові закляття», ви отримуєте закляття, які надалі завжди вважаються підготовленими: на 3-му рівні — <LSTag Type=""Spell"" Tooltip=""Target_Bane"">«Згуба»</LSTag>, «Пітьма», «Завдання ран» і «Безслідна хода»; на 5-му — «Голод Гадара» та «Страх»; на 7-му — <LSTag Type=""Spell"" Tooltip=""Target_Invisibility_Greater"">«Велика невидимість»</LSTag> і «Примарний убивця»; на 9-му — <LSTag Type=""Spell"" Tooltip=""Target_Contagion"">«Зараза»</LSTag> та «Убивча хмара»."
hce90f19eg2ee2g0ff4g4c21g7ebf85d46c9d	MORFOLOGIK_RULE_UK_UA	Можлива механічна помилка	Гадара	Знайдено потенційну орфографічну помилку.	Гадала, Радара, Гайдара, Годара, Кадара, Гагара, Гадана, Гадюра	"Чародії Тіньової магії отримують додаткові закляття: на 3-му рівні — «Згуба», «Пітьма», «Завдання ран» і «Безслідна хода»; на 5-му — «Голод Гадара» та «Страх»; на 7-му — <LSTag Type=""Spell"" Tooltip=""Target_Invisibility_Greater"">«Велика невидимість»</LSTag> і «Примарний убивця»; на 9-му — «Зараза» та «Убивча хмара»."
hae8c9a5cgf06dg6b71gb093ge2e25716f7d2	MORFOLOGIK_RULE_UK_UA	Можлива механічна помилка	Тінепаду	Знайдено потенційну орфографічну помилку.	Тіне паду	Ваша вроджена магія походить від найпримарніших і незбагненних сил Тінепаду або інших царств надприродного мороку. Можливо, у вашому родоводі є істота з такого краю, а може, вас перетворила зловісна енергія тіньового дракона. Ця магія дає вам владу над темрявою, невмертям і стражданням.
hae8c9a5cgf06dg6b71gb093ge2e25716f7d2	MORFOLOGIK_RULE_UK_UA	Можлива механічна помилка	невмертям	Знайдено потенційну орфографічну помилку.	завмертям, невтертим, невтертім	Ваша вроджена магія походить від найпримарніших і незбагненних сил Тінепаду або інших царств надприродного мороку. Можливо, у вашому родоводі є істота з такого краю, а може, вас перетворила зловісна енергія тіньового дракона. Ця магія дає вам владу над темрявою, невмертям і стражданням.
h18ed8a2cgfbfbgc16ag59c2gdbdf16bfd5ca	MORFOLOGIK_RULE_UK_UA	Можлива механічна помилка	фейська	Знайдено потенційну орфографічну помилку.	Феська, бейська, гейська, зейська, рейська	Ваша вроджена магія походить із сил хаосу, що лежать в основі впорядкованого творіння. Ви чи ваш предок могли зазнати впливу первісної магії — наприклад, крізь планарний портал до Лімбо або Стихійних планів. Можливо, вас благословила фейська істота чи позначив демон. А може, магія виникла випадково, без видимої причини. Хоч би яким було джерело, вона вирує всередині й шукає виходу.
he6b03eaeg69d3geb4cgfcafg07e44f75a6d9	MORFOLOGIK_RULE_UK_UA	Можлива механічна помилка	повалюєте	Знайдено потенційну орфографічну помилку.	довалюєте, ковалюєте, повалуєте, поваляєте, позвалюєте, помалюєте, попалюєте, похвалюєте	Якщо дією «Атака» ви атакуєте істоту в межах 5 футів і влучаєте зброєю ближнього бою, то можете одразу вдарити ціль спорядженим щитом, змусивши її виконати кидок протидії силою з МС 8 + ваш модифікатор сили + ваш бонус спеціалізації. У разі невдачі ви на свій вибір або відштовхуєте ціль від себе на 5 футів, або повалюєте її. Цю перевагу можна застосувати лише раз за кожен свій хід.
h7f5b837cg0df3g8c6eg1f50ga527560cf9e6	COMMA_PARENTHESIS_WHITESPACE	Оформлення	 ,	Поставте пробіл після коми, а не перед комою.	,	"Поки діє ця аура, ви можете проказати <LSTag Type=""Spell"" Tooltip=""Target_AuraOfVitality_Activate"">Відновлення життєвої сили</LSTag>, щоб зцілити себе або союзників поблизу."
h476d4d67g76e8g6262gd36egb27efe1c901e	COMMA_PARENTHESIS_WHITESPACE	Оформлення	 ,	Поставте пробіл після коми, а не перед комою.	,	"Поки діє ця аура, ви можете проказати <LSTag Type=""Spell"" Tooltip=""Target_AuraOfVitality_Activate"">Відновлення життєвої сили</LSTag>, щоб зцілити себе або союзників поблизу."
h7d1ef8c7g9579g8074g2716gfb96c3ca8934	COMMA_PARENTHESIS_WHITESPACE	Оформлення	 ,	Поставте пробіл після коми, а не перед комою.	,	"Поки діє ця аура, ви можете проказати <LSTag Type=""Spell"" Tooltip=""Target_AuraOfVitality_Activate"">Відновлення життєвої сили</LSTag>, щоб зцілити себе або союзників поблизу."
ha752c62cg8192gf687g995fg58c4adc7169b	COMMA_PARENTHESIS_WHITESPACE	Оформлення	 ,	Поставте пробіл після коми, а не перед комою.	,	"Поки діє ця аура, ви можете проказати <LSTag Type=""Spell"" Tooltip=""Target_AuraOfVitality_Activate"">Відновлення життєвої сили</LSTag>, щоб зцілити себе або союзників поблизу."
hff219b81gb634gcfe0g4f39gf3e454dd21c9	MORFOLOGIK_RULE_UK_UA	Можлива механічна помилка	Віднаджувач	Знайдено потенційну орфографічну помилку.	Віднаджував	Віднаджувач
h1862f304g5affgfe27g9f72g632fb90f977f	MORFOLOGIK_RULE_UK_UA	Можлива механічна помилка	Віднаджувачів	Знайдено потенційну орфографічну помилку.	Відгадувачів, Віднаджував, Відроджувачів	Ви зосередилися на закляттях, що блокують, виганяють і захищають: припиняють шкідливі ефекти, віднаджують злі сили та боронять слабких. Віднаджувачів кличуть, коли треба вигнати згубних духів, убезпечити місце від магічного стеження або закрити портал до іншого плану буття. Загони шукачів пригод цінують їх за захист від ворожої магії та інших нападів.
h211b59f7g914aga7a2gaf0eg6d3b97922133	MORFOLOGIK_RULE_UK_UA	Можлива механічна помилка	віднадження	Знайдено потенційну орфографічну помилку.	відсадження	Ви можете огортати себе захисною магією. Коли ви проказуєте закляття віднадження з використанням чарунки, то можете водночас створити на собі Магічний оберіг, що існує до завершення довгого відпочинку. Максимум очок здоров’я оберега дорівнює подвійному рівню чарівника + ваш модифікатор інтелекту. Коли ви зазнаєте шкоди, її натомість зазнає оберіг; опір і вразливість застосовуються до зменшення його очок здоров’я. Якщо шкода знижує очки оберега до 0, решти шкоди зазнаєте ви. За 0 очок здоров’я оберіг не поглинає шкоди, але його магія зберігається.\n\nЩоразу, коли ви проказуєте закляття віднадження з використанням чарунки, оберіг відновлює очки здоров’я в кількості, що вдвічі перевищує рівень чарунки. Або ж вторинною дією ви можете витратити чарунку, щоб оберіг відновив удвічі більше очок здоров’я, ніж рівень витраченої чарунки.
h211b59f7g914aga7a2gaf0eg6d3b97922133	MORFOLOGIK_RULE_UK_UA	Можлива механічна помилка	віднадження	Знайдено потенційну орфографічну помилку.	відсадження	Ви можете огортати себе захисною магією. Коли ви проказуєте закляття віднадження з використанням чарунки, то можете водночас створити на собі Магічний оберіг, що існує до завершення довгого відпочинку. Максимум очок здоров’я оберега дорівнює подвійному рівню чарівника + ваш модифікатор інтелекту. Коли ви зазнаєте шкоди, її натомість зазнає оберіг; опір і вразливість застосовуються до зменшення його очок здоров’я. Якщо шкода знижує очки оберега до 0, решти шкоди зазнаєте ви. За 0 очок здоров’я оберіг не поглинає шкоди, але його магія зберігається.\n\nЩоразу, коли ви проказуєте закляття віднадження з використанням чарунки, оберіг відновлює очки здоров’я в кількості, що вдвічі перевищує рівень чарунки. Або ж вторинною дією ви можете витратити чарунку, щоб оберіг відновив удвічі більше очок здоров’я, ніж рівень витраченої чарунки.
h288cd5f8gfde5gf844g35b4g78176c8d8034	MORFOLOGIK_RULE_UK_UA	Можлива механічна помилка	віднадження	Знайдено потенційну орфографічну помилку.	відсадження	Рівень 10: Покращене віднадження
h9adc4c48gd787g4656g13acg233be42b05a3	MORFOLOGIK_RULE_UK_UA	Можлива механічна помилка	Вислиз	Знайдено потенційну орфографічну помилку.	Висли, Вислий, Вислим, Вислих, Ви слиз, Вис лиз, Висли з	Вислиз Ельмінстера
h9adc4c48gd787g4656g13acg233be42b05a3	MORFOLOGIK_RULE_UK_UA	Можлива механічна помилка	Ельмінстера	Знайдено потенційну орфографічну помилку.	Вестмінстера, Елістера, Елімінатора	Вислиз Ельмінстера
hb659d87bg7ae8g6489g2b3ege4e114b8699e	MORFOLOGIK_RULE_UK_UA	Можлива механічна помилка	Вислиз	Знайдено потенційну орфографічну помилку.	Висли, Вислий, Вислим, Вислих, Ви слиз, Вис лиз, Висли з	Вислиз Ельмінстера
hb659d87bg7ae8g6489g2b3ege4e114b8699e	MORFOLOGIK_RULE_UK_UA	Можлива механічна помилка	Ельмінстера	Знайдено потенційну орфографічну помилку.	Вестмінстера, Елістера, Елімінатора	Вислиз Ельмінстера
hef1552acg9a55g7c16ge056g056772bcc3ec	MORFOLOGIK_RULE_UK_UA	Можлива механічна помилка	Чаровогняний	Знайдено потенційну орфографічну помилку.	Чаро вогняний	Чаровогняний спалах
hf91f3fe6gf176g015fg2e8bg8d7e113fb2e5	MORFOLOGIK_RULE_UK_UA	Можлива механічна помилка	Чаровогняна	Знайдено потенційну орфографічну помилку.	Чаро вогняна	Чаровогняна буря
hc68e827eg501cgbab0ga48egb7055d764e5b	MORFOLOGIK_RULE_UK_UA	Можлива механічна помилка	чаровогню	Знайдено потенційну орфографічну помилку.	чаро вогню	Ви прикликаєте стовп чаровогню в циліндрі радіусом 20 футів і заввишки 20 футів із центром у вибраній точці в межах досяжності. Циліндр наповнений яскравим світлом. Коли він з’являється, кожна істота в ньому виконує кидок протидії статурою. У разі невдачі вона зазнає променевої шкоди, а в разі успіху — вдвічі менше. Істота також виконує цей кидок, коли вперше за хід входить до зони закляття або завершує там хід, але не більше одного разу за хід.\n\nКрім того, щоразу, коли істота в циліндрі проказує закляття, вона виконує кидок протидії статурою. У разі невдачі закляття розсіюється без ефекту, а витрачені на нього дія, вторинна дія або реагування марнуються.\n\nПроказуючи це закляття, ви можете визначити істот, на яких воно не діятиме.
h563db1bag0ff4gf88bgaa5dg36f6eab08bb4	MORFOLOGIK_RULE_UK_UA	Можлива механічна помилка	Чаровогняна	Знайдено потенційну орфографічну помилку.	Чаро вогняна	Чаровогняна буря
hf91e618bg7cfcg3668g95bbg4b7e8eb659d9	MORFOLOGIK_RULE_UK_UA	Можлива механічна помилка	Чаровогняна	Знайдено потенційну орфографічну помилку.	Чаро вогняна	Чаровогняна буря: зрив закляття
h2d7fc4afgebcbg804ag8764g1902de76e587	MORFOLOGIK_RULE_UK_UA	Можлива механічна помилка	Чаровогняна	Знайдено потенційну орфографічну помилку.	Чаро вогняна	Чаровогняна буря: променева шкода
h8caea2f7gd7feg90a5gc318g2cfb95c6f90b	MORFOLOGIK_RULE_UK_UA	Можлива механічна помилка	фейська	Знайдено потенційну орфографічну помилку.	Феська, бейська, гейська, зейська, рейська	Ви пошепки промовляєте божественне слово, адже така небесна сила не призначена для недостойних. Виконайте дальню атаку закляттям проти цілі в межах досяжності. У разі влучання ціль зазнає променевої шкоди. Якщо ціль — фейська істота, нечисть або невмерла істота, її швидкість зменшується на 10 футів і вона не може виконувати реагування до кінця свого наступного ходу.
h8caea2f7gd7feg90a5gc318g2cfb95c6f90b	MORFOLOGIK_RULE_UK_UA	Можлива механічна помилка	невмерла	Знайдено потенційну орфографічну помилку.	не вмерла	Ви пошепки промовляєте божественне слово, адже така небесна сила не призначена для недостойних. Виконайте дальню атаку закляттям проти цілі в межах досяжності. У разі влучання ціль зазнає променевої шкоди. Якщо ціль — фейська істота, нечисть або невмерла істота, її швидкість зменшується на 10 футів і вона не може виконувати реагування до кінця свого наступного ходу.
h4fb83fe3g593ag7f0cg6424g2a7ebbb50df8	MORFOLOGIK_RULE_UK_UA	Можлива механічна помилка	фейська	Знайдено потенційну орфографічну помилку.	Феська, бейська, гейська, зейська, рейська	Якщо ціль — фейська істота, нечисть або невмерла істота, її швидкість зменшується на 10 футів і вона не може виконувати реагування до кінця свого наступного ходу.
h4fb83fe3g593ag7f0cg6424g2a7ebbb50df8	MORFOLOGIK_RULE_UK_UA	Можлива механічна помилка	невмерла	Знайдено потенційну орфографічну помилку.	не вмерла	Якщо ціль — фейська істота, нечисть або невмерла істота, її швидкість зменшується на 10 футів і вона не може виконувати реагування до кінця свого наступного ходу.
h42d34c6cg2c2dg6152g7c9dg22ed3a5cedc7	MORFOLOGIK_RULE_UK_UA	Можлива механічна помилка	дезорієнтувальну	Знайдено потенційну орфографічну помилку.	дезорієнтовану, дезорієнтувала, дезорієнтувалась, дезорієнтувалася, дезорієнтували, дезорієнтувались, дезорієнтувалися, дезорієнтувало	Ви жбурляєте дезорієнтувальну магічну силу в одну істоту в межах досяжності. Ціль повинна виконати кидок протидії статурою. У разі невдачі вона зазнає силової шкоди, її швидкість зменшується вдвічі до початку вашого наступного ходу, а у свій наступний хід вона може виконати лише основну або вторинну дію, але не обидві. У разі успіху ціль зазнає лише половини шкоди.
haac8d098g36f5gfad0g0c19g710686be3050	MORFOLOGIK_RULE_UK_UA	Можлива механічна помилка	Аґанаццара	Знайдено потенційну орфографічну помилку.		Пекучий струмінь Аґанаццара
h23041527g684fg9b54gfd8bgbc94bca6aa62	COMMA_PARENTHESIS_WHITESPACE	Оформлення	( 	Не ставте пробіл після лівої дужки	(	"Ви огортаєтеся тінню й отримуєте перевагу в перевірках спритності (<LSTag Type=""Skills"" Tooltip=""Stealth"">Непомітність</LSTag>) проти істот, які покладаються на зір."
h23041527g684fg9b54gfd8bgbc94bca6aa62	COMMA_PARENTHESIS_WHITESPACE	Оформлення	 )	Не ставте пробіл перед правою дужкою	)	"Ви огортаєтеся тінню й отримуєте перевагу в перевірках спритності (<LSTag Type=""Skills"" Tooltip=""Stealth"">Непомітність</LSTag>) проти істот, які покладаються на зір."
h8dbcd1e2ga506gd79fg540bgdeebf6743060	COMMA_PARENTHESIS_WHITESPACE	Оформлення	( 	Не ставте пробіл після лівої дужки	(	"Ви огортаєтеся тінню й отримуєте перевагу в перевірках спритності (<LSTag Type=""Skills"" Tooltip=""Stealth"">Непомітність</LSTag>) проти істот, які покладаються на зір."
h8dbcd1e2ga506gd79fg540bgdeebf6743060	COMMA_PARENTHESIS_WHITESPACE	Оформлення	 )	Не ставте пробіл перед правою дужкою	)	"Ви огортаєтеся тінню й отримуєте перевагу в перевірках спритності (<LSTag Type=""Skills"" Tooltip=""Stealth"">Непомітність</LSTag>) проти істот, які покладаються на зір."
h7b73f5fagb632g4dd6gbb1bg52e10cb075ff	COMMA_PARENTHESIS_WHITESPACE	Оформлення	 ,	Поставте пробіл після коми, а не перед комою.	,	"Ваш зв’язок із Тіньовим доменом завжди тримає певні закляття підготовленими. На рівнях клірика, зазначених у таблиці «Закляття Тіньового домену», ви отримуєте такі закляття: на 3-му рівні — <LSTag Type=""Spell"" Tooltip=""Target_Bane"">«Згуба»</LSTag>, «Удаване життя», <LSTag Type=""Spell"" Tooltip=""Target_Blindness"">«Сліпота»</LSTag> та «Пітьма»; на 5-му — «Миготіння» й «Страх»; на 7-му — «Чорні мацаки» та <LSTag Type=""Spell"" Tooltip=""Target_Invisibility_Greater"">«Велика невидимість»</LSTag>; на 9-му — «Конус холоду» й «Сон»."
h5aa5a2a8gba10g31e1gabfeg038d2569ac84	MORFOLOGIK_RULE_UK_UA	Можлива механічна помилка	темнозір	Знайдено потенційну орфографічну помилку.	темно зір	"Ви отримуєте володіння навичкою <LSTag Type=""Skills"" Tooltip=""Stealth"">Непомітність</LSTag> і темнозір. Крім того, ви можете вторинною дією <LSTag Type=""Spell"" Tooltip=""Shout_Hide"">сховатися</LSTag>."
h5aa5a2a8gba10g31e1gabfeg038d2569ac84	COMMA_PARENTHESIS_WHITESPACE	Оформлення	 .	Не ставте пробіл перед крапкою.	.	"Ви отримуєте володіння навичкою <LSTag Type=""Skills"" Tooltip=""Stealth"">Непомітність</LSTag> і темнозір. Крім того, ви можете вторинною дією <LSTag Type=""Spell"" Tooltip=""Shout_Hide"">сховатися</LSTag>."
hadba9481g03c7gb0e4g2fc9gf098670ca5a9	COMMA_PARENTHESIS_WHITESPACE	Оформлення	 ,	Поставте пробіл після коми, а не перед комою.	,	"Ви можете прикликати духів померлих, щоб наділяти силою себе та союзників. Коли ви вторинною дією даєте істоті кістку <LSTag Type=""ActionResource"" Tooltip=""BardicInspiration"">Бардівського натхнення</LSTag>, ви можете прикликати силу випадкового духа. Щоб визначити духа, силу якого ви спрямуєте, киньте кістку Бардівського натхнення й звіртеся з таблицею «Духи з потойбіччя». Дух залишається з вами, доки ви не вивільните його або не завершите довгий відпочинок.\n\nКероване спрямування. Вторинною дією ви можете витратити одне застосування Бардівського натхнення й спрямувати певного духа. Замість кидка виберіть духа з таблиці «Духи з потойбіччя». Номер вибраного духа має бути не більшим за найбільше число на вашій кістці Бардівського натхнення. Наприклад, якщо ваша кістка — d8, ви можете спрямувати будь-якого духа до Тіні включно.\n\n<LSTag Type=""Spell"" Tooltip=""Target_UnleashingASpirit"">Вивільнення духа</LSTag>. Магічною дією ви можете вивільнити одного зі своїх проведених духів. Виберіть видиму вам істоту в межах 30 футів ціллю духа. Після цього дух спрацьовує; якщо його ефект вимагає кидка протидії, МС дорівнює вашій МС кидків протидії закляттям барда. Ця дія застосовує ефект духа."
hadba9481g03c7gb0e4g2fc9gf098670ca5a9	COMMA_PARENTHESIS_WHITESPACE	Оформлення	 .	Не ставте пробіл перед крапкою.	.	"Ви можете прикликати духів померлих, щоб наділяти силою себе та союзників. Коли ви вторинною дією даєте істоті кістку <LSTag Type=""ActionResource"" Tooltip=""BardicInspiration"">Бардівського натхнення</LSTag>, ви можете прикликати силу випадкового духа. Щоб визначити духа, силу якого ви спрямуєте, киньте кістку Бардівського натхнення й звіртеся з таблицею «Духи з потойбіччя». Дух залишається з вами, доки ви не вивільните його або не завершите довгий відпочинок.\n\nКероване спрямування. Вторинною дією ви можете витратити одне застосування Бардівського натхнення й спрямувати певного духа. Замість кидка виберіть духа з таблиці «Духи з потойбіччя». Номер вибраного духа має бути не більшим за найбільше число на вашій кістці Бардівського натхнення. Наприклад, якщо ваша кістка — d8, ви можете спрямувати будь-якого духа до Тіні включно.\n\n<LSTag Type=""Spell"" Tooltip=""Target_UnleashingASpirit"">Вивільнення духа</LSTag>. Магічною дією ви можете вивільнити одного зі своїх проведених духів. Виберіть видиму вам істоту в межах 30 футів ціллю духа. Після цього дух спрацьовує; якщо його ефект вимагає кидка протидії, МС дорівнює вашій МС кидків протидії закляттям барда. Ця дія застосовує ефект духа."
hb5b80dd1g369bg905ag47a7g28e7465806d8	COMMA_PARENTHESIS_WHITESPACE	Оформлення	 ,	Поставте пробіл після коми, а не перед комою.	,	"Ви можете прикликати духів померлих, щоб наділяти силою себе та союзників. Коли ви вторинною дією даєте істоті кістку <LSTag Type=""ActionResource"" Tooltip=""BardicInspiration"">Бардівського натхнення</LSTag>, ви можете прикликати силу випадкового духа. Щоб визначити духа, силу якого ви спрямуєте, киньте кістку Бардівського натхнення й звіртеся з таблицею «Духи з потойбіччя». Дух залишається з вами, доки ви не вивільните його або не завершите довгий відпочинок."
he73898ceg2342gac1agce15gffad564f5c59	COMMA_PARENTHESIS_WHITESPACE	Оформлення	 .	Не ставте пробіл перед крапкою.	.	"Месник. До кінця вашого наступного ходу будь-яка істота, яка влучає в ціль атакою ближнього бою, зазнає силової шкоди, що дорівнює кидку вашої кістки <LSTag Type=""ActionResource"" Tooltip=""BardicInspiration"">Бардівського натхнення</LSTag>."
hcb079ee5g1c25gbdc5gf618gc2aef3acfd28	COMMA_PARENTHESIS_WHITESPACE	Оформлення	 .	Не ставте пробіл перед крапкою.	.	"Тінь. Ціль набуває стану <LSTag Type=""Status"" Tooltip=""INVISIBLE"">невидимості</LSTag> до кінця свого наступного ходу або доки не виконає кидок атаки, не завдасть шкоди чи не прокаже закляття. Коли невидимість завершується, кожна істота у 5-футовій еманації від цілі повинна успішно виконати кидок протидії статурою, інакше зазнає некротичної шкоди в кількості двох кидків вашої кістки <LSTag Type=""ActionResource"" Tooltip=""BardicInspiration"">Бардівського натхнення</LSTag>."
ha71f769bge1a3g46dfg432fga8899602df6a	COMMA_PARENTHESIS_WHITESPACE	Оформлення	 ,	Поставте пробіл після коми, а не перед комою.	,	"Палій. Ціль виконує кидок протидії спритністю. У разі невдачі вона зазнає вогняної шкоди в кількості чотирьох кидків вашої кістки <LSTag Type=""ActionResource"" Tooltip=""BardicInspiration"">Бардівського натхнення</LSTag>, а в разі успіху — лише половину."
hd0b1b087g7e7fg7cf3gdc0fg4b7196bb961f	COMMA_PARENTHESIS_WHITESPACE	Оформлення	 .	Не ставте пробіл перед крапкою.	.	"Вторинною дією ви можете витратити одне застосування <LSTag Type=""ActionResource"" Tooltip=""BardicInspiration"">Бардівського натхнення</LSTag> і спрямувати певного духа. Замість кидка виберіть духа з таблиці <LSTag Type=""Passive"" Tooltip=""Spirits_3_SpiritsFromBeyond"">«Духи з потойбіччя»</LSTag>. Номер вибраного духа має бути не більшим за найбільше число на вашій кістці Бардівського натхнення; наприклад, з кісткою d8 ви можете спрямувати будь-якого духа аж до Тіні включно."
h97319f1bgef21gc6f0g305bg9cc81c5b14c1	COMMA_PARENTHESIS_WHITESPACE	Оформлення	 .	Не ставте пробіл перед крапкою.	.	"До кінця вашого наступного ходу будь-яка істота, яка влучає в ціль атакою ближнього бою, зазнає силової шкоди, що дорівнює кидку вашої кістки <LSTag Type=""ActionResource"" Tooltip=""BardicInspiration"">Бардівського натхнення</LSTag>."
h8bd54844g8c51g684dg0147ga45b20304d23	COMMA_PARENTHESIS_WHITESPACE	Оформлення	 ,	Поставте пробіл після коми, а не перед комою.	,	"Ціль виконує кидок протидії мудрістю. У разі невдачі вона зазнає психічної шкоди в кількості, що дорівнює двом кидкам кістки <LSTag Type=""ActionResource"" Tooltip=""BardicInspiration"">Бардівського натхнення</LSTag>, і перебуває в стані причарування до початку вашого наступного ходу. У разі успіху ціль зазнає лише половини шкоди."
h1558545egaf7dg1079g8177g9f6871b6f525	COMMA_PARENTHESIS_WHITESPACE	Оформлення	 .	Не ставте пробіл перед крапкою.	.	"Ціль перебуває в стані <LSTag Type=""Status"" Tooltip=""INVISIBLE"">невидимості</LSTag> до кінця свого наступного ходу або доки не виконає кидок атаки, не завдасть шкоди чи не прокаже закляття. Коли невидимість завершується, кожна істота в 5-футовій еманації від цілі повинна успішно виконати кидок протидії статурою, інакше зазнає некротичної шкоди в кількості, що дорівнює двом кидкам кістки <LSTag Type=""ActionResource"" Tooltip=""BardicInspiration"">Бардівського натхнення</LSTag>."
hec346c79gf7e0ga44egbc79gbe72af6c9ba3	COMMA_PARENTHESIS_WHITESPACE	Оформлення	 ,	Поставте пробіл після коми, а не перед комою.	,	"Ціль виконує кидок протидії спритністю. У разі невдачі вона зазнає вогняної шкоди в кількості, що дорівнює чотирьом кидкам кістки <LSTag Type=""ActionResource"" Tooltip=""BardicInspiration"">Бардівського натхнення</LSTag>, а в разі успіху — вдвічі менше."
hf545430ag2493gc858g08d3g0bef38197077	COMMA_PARENTHESIS_WHITESPACE	Оформлення	 .	Не ставте пробіл перед крапкою.	.	"Має стан <LSTag Type=""Status"" Tooltip=""INVISIBLE"">невидимості</LSTag>. Коли невидимість завершується, кожна істота у 5-футовій еманації від персонажа повинна успішно виконати кидок протидії статурою, інакше зазнає некротичної шкоди в кількості двох кидків вашої кістки <LSTag Type=""ActionResource"" Tooltip=""BardicInspiration"">Бардівського натхнення</LSTag>."
hf545430ag2493gc858g08d3g0bef38197077	COMMA_PARENTHESIS_WHITESPACE	Оформлення	 .	Не ставте пробіл перед крапкою.	.	"Має стан <LSTag Type=""Status"" Tooltip=""INVISIBLE"">невидимості</LSTag>. Коли невидимість завершується, кожна істота у 5-футовій еманації від персонажа повинна успішно виконати кидок протидії статурою, інакше зазнає некротичної шкоди в кількості двох кидків вашої кістки <LSTag Type=""ActionResource"" Tooltip=""BardicInspiration"">Бардівського натхнення</LSTag>."
h1449cbcfg1e78g7153g5e0dg53362829c1a3	MORFOLOGIK_RULE_UK_UA	Можлива механічна помилка	колольної	Знайдено потенційну орфографічну помилку.	колосальної, колоїдної, Колодної, Окольної, голільної, золильної, золільної, кокільної	Наполегливі тренування дають плоди. Ви отримуєте володіння бойовою зброєю та спеціалізацію на середніх обладунках.\n\nПісля кожного короткого відпочинку ви можете провести ритуал над зброєю ближнього бою, якою володієте та яка завдає колольної або рубальної шкоди, освятивши її. Вона стає вашим освяченим клинком; одночасно ви можете мати лише один такий клинок. Для вас клинок набуває властивості «Фехтувальна», а атаки ним проти покручів, нечисті й невмерлих ігнорують опір до шкоди.
h1449cbcfg1e78g7153g5e0dg53362829c1a3	MORFOLOGIK_RULE_UK_UA	Можлива механічна помилка	невмерлих	Знайдено потенційну орфографічну помилку.	не вмерлих	Наполегливі тренування дають плоди. Ви отримуєте володіння бойовою зброєю та спеціалізацію на середніх обладунках.\n\nПісля кожного короткого відпочинку ви можете провести ритуал над зброєю ближнього бою, якою володієте та яка завдає колольної або рубальної шкоди, освятивши її. Вона стає вашим освяченим клинком; одночасно ви можете мати лише один такий клинок. Для вас клинок набуває властивості «Фехтувальна», а атаки ним проти покручів, нечисті й невмерлих ігнорують опір до шкоди.
hb8fdcfc4ga498g2b1cg07dfg1712e7560d44	MORFOLOGIK_RULE_UK_UA	Можлива механічна помилка	колольної	Знайдено потенційну орфографічну помилку.	колосальної, колоїдної, Колодної, Окольної, голільної, золильної, золільної, кокільної	Після кожного короткого відпочинку ви можете виконати ритуал над зброєю ближнього бою, якою володієте та яка завдає колольної або рубальної шкоди, освятивши її. Вона стає вашим освяченим клинком; одночасно ви можете мати лише один такий клинок. Для вас він набуває властивості «Фехтувальна», а атаки ним проти покручів, нечисті й невмерлих ігнорують опір до шкоди.
hb8fdcfc4ga498g2b1cg07dfg1712e7560d44	MORFOLOGIK_RULE_UK_UA	Можлива механічна помилка	невмерлих	Знайдено потенційну орфографічну помилку.	не вмерлих	Після кожного короткого відпочинку ви можете виконати ритуал над зброєю ближнього бою, якою володієте та яка завдає колольної або рубальної шкоди, освятивши її. Вона стає вашим освяченим клинком; одночасно ви можете мати лише один такий клинок. Для вас він набуває властивості «Фехтувальна», а атаки ним проти покручів, нечисті й невмерлих ігнорують опір до шкоди.
h76a22005g0fd5g7e8bgedc0g71ee16b02cd7	MORFOLOGIK_RULE_UK_UA	Можлива механічна помилка	невмерлих	Знайдено потенційну орфографічну помилку.	не вмерлих	Для вас клинок набуває властивості «Фехтувальна», а атаки ним проти покручів, нечисті й невмерлих ігнорують опір до шкоди.
h0f7b9f58g4722gc431g724fgbbd26f346b33	MORFOLOGIK_RULE_UK_UA	Можлива механічна помилка	невмерлу	Знайдено потенційну орфографічну помилку.	не вмерлу	Ваша відданість виявляється як праведна сила. У вас є запас божественних очок, що дорівнює 1 + ваш модифікатор мудрості (щонайменше 1). Ви відновлюєте всі витрачені божественні очки, коли завершуєте короткий або довгий відпочинок.\n\nКрім того, щоразу, коли ви вбиваєте своїм освяченим клинком покруча, звіра, нечисть або невмерлу істоту з РН щонайменше 1/2, ви відновлюєте 1 витрачене божественне очко.
h5d3f13dbgaaafgc317g4fb1ga68568021092	COMMA_PARENTHESIS_WHITESPACE	Оформлення	( 	Не ставте пробіл після лівої дужки	(	"Коли ви виконуєте перевірку інтелекту (<LSTag Type=""Skills"" Tooltip=""History"">Історія</LSTag> або <LSTag Type=""Skills"" Tooltip=""Religion"">Релігія</LSTag>) чи мудрості (<LSTag Type=""Skills"" Tooltip=""Insight"">Проникливість</LSTag>), то отримуєте бонус до кидка в кількості, що дорівнює вашому модифікатору мудрості."
h5d3f13dbgaaafgc317g4fb1ga68568021092	COMMA_PARENTHESIS_WHITESPACE	Оформлення	 )	Не ставте пробіл перед правою дужкою	)	"Коли ви виконуєте перевірку інтелекту (<LSTag Type=""Skills"" Tooltip=""History"">Історія</LSTag> або <LSTag Type=""Skills"" Tooltip=""Religion"">Релігія</LSTag>) чи мудрості (<LSTag Type=""Skills"" Tooltip=""Insight"">Проникливість</LSTag>), то отримуєте бонус до кидка в кількості, що дорівнює вашому модифікатору мудрості."
h5d3f13dbgaaafgc317g4fb1ga68568021092	COMMA_PARENTHESIS_WHITESPACE	Оформлення	( 	Не ставте пробіл після лівої дужки	(	"Коли ви виконуєте перевірку інтелекту (<LSTag Type=""Skills"" Tooltip=""History"">Історія</LSTag> або <LSTag Type=""Skills"" Tooltip=""Religion"">Релігія</LSTag>) чи мудрості (<LSTag Type=""Skills"" Tooltip=""Insight"">Проникливість</LSTag>), то отримуєте бонус до кидка в кількості, що дорівнює вашому модифікатору мудрості."
h5d3f13dbgaaafgc317g4fb1ga68568021092	COMMA_PARENTHESIS_WHITESPACE	Оформлення	 )	Не ставте пробіл перед правою дужкою	)	"Коли ви виконуєте перевірку інтелекту (<LSTag Type=""Skills"" Tooltip=""History"">Історія</LSTag> або <LSTag Type=""Skills"" Tooltip=""Religion"">Релігія</LSTag>) чи мудрості (<LSTag Type=""Skills"" Tooltip=""Insight"">Проникливість</LSTag>), то отримуєте бонус до кидка в кількості, що дорівнює вашому модифікатору мудрості."
he8be7bbbg7ac3ge2fegb60egac3d86538826	MORFOLOGIK_RULE_UK_UA	Можлива механічна помилка	чудовиською	Знайдено потенційну орфографічну помилку.	чудовисько, чудовиськом, чудо-виською	Варварів визначає їхня лють, яку вони спрямовують у короткі, але нищівні спалахи. Мало кому вистачає сміливості чи нерозважливості вивчати езотеричні психологічні техніки, що відокремлюють лють від решти психіки й розділяють особистість на дві частини: Я та Воно. Коли гору бере Я, Розколоті — так називають цих варварів — виявляють незвичайні для своїх побратимів самовладання й хитрість. Коли ж вони дозволяють Воно взяти гору, їхня подоба стає чудовиською, а тіла наливаються силою втіленої люті.
h19bace45g8db7g181dgc420ge0fc17190c49	COMMA_PARENTHESIS_WHITESPACE	Оформлення	 ,	Поставте пробіл після коми, а не перед комою.	,	"Коли ви входите в <LSTag Type=""Status"" Tooltip=""RAGE"">Лють</LSTag>, ваше обличчя спотворюється, а тіло набрякає. Істоти, які не бачили вашого перетворення раніше чи зараз, не впізнають вас. Крім того, поки діє Лють, ви отримуєте такі переваги:\n\nВи можете кинути 1d8 замість звичайної кістки шкоди свого Удару голіруч.\n\nКоли ви влучаєте в істоту Ударом голіруч, можете відштовхнути її на 10 футів або змусити виконати кидок протидії статурою (МС 8 + ваш модифікатор сили + бонус спеціалізації). У разі невдачі істота набуває стану повалення.\n\nКоли ви здійснюєте Удар голіруч, ваша досяжність на 5 футів більша за звичайну."
hb18ef098g90c9g4ad7gaf03g5aee30c02615	COMMA_PARENTHESIS_WHITESPACE	Оформлення	 ,	Поставте пробіл після коми, а не перед комою.	,	"Ви володієте однією з таких навичок на ваш вибір: <LSTag Type=""Skills"" Tooltip=""Arcana"">Таїнства</LSTag>, <LSTag Type=""Skills"" Tooltip=""History"">Історія</LSTag>, <LSTag Type=""Skills"" Tooltip=""Investigation"">Дослідження</LSTag>, <LSTag Type=""Skills"" Tooltip=""Medicine"">Медицина</LSTag>, <LSTag Type=""Skills"" Tooltip=""Nature"">Природа</LSTag>, <LSTag Type=""Skills"" Tooltip=""Persuasion"">Переконання</LSTag> або <LSTag Type=""Skills"" Tooltip=""Religion"">Релігія</LSTag>"
hb18ef098g90c9g4ad7gaf03g5aee30c02615	COMMA_PARENTHESIS_WHITESPACE	Оформлення	 ,	Поставте пробіл після коми, а не перед комою.	,	"Ви володієте однією з таких навичок на ваш вибір: <LSTag Type=""Skills"" Tooltip=""Arcana"">Таїнства</LSTag>, <LSTag Type=""Skills"" Tooltip=""History"">Історія</LSTag>, <LSTag Type=""Skills"" Tooltip=""Investigation"">Дослідження</LSTag>, <LSTag Type=""Skills"" Tooltip=""Medicine"">Медицина</LSTag>, <LSTag Type=""Skills"" Tooltip=""Nature"">Природа</LSTag>, <LSTag Type=""Skills"" Tooltip=""Persuasion"">Переконання</LSTag> або <LSTag Type=""Skills"" Tooltip=""Religion"">Релігія</LSTag>"
hb18ef098g90c9g4ad7gaf03g5aee30c02615	COMMA_PARENTHESIS_WHITESPACE	Оформлення	 ,	Поставте пробіл після коми, а не перед комою.	,	"Ви володієте однією з таких навичок на ваш вибір: <LSTag Type=""Skills"" Tooltip=""Arcana"">Таїнства</LSTag>, <LSTag Type=""Skills"" Tooltip=""History"">Історія</LSTag>, <LSTag Type=""Skills"" Tooltip=""Investigation"">Дослідження</LSTag>, <LSTag Type=""Skills"" Tooltip=""Medicine"">Медицина</LSTag>, <LSTag Type=""Skills"" Tooltip=""Nature"">Природа</LSTag>, <LSTag Type=""Skills"" Tooltip=""Persuasion"">Переконання</LSTag> або <LSTag Type=""Skills"" Tooltip=""Religion"">Релігія</LSTag>"
hb18ef098g90c9g4ad7gaf03g5aee30c02615	COMMA_PARENTHESIS_WHITESPACE	Оформлення	 ,	Поставте пробіл після коми, а не перед комою.	,	"Ви володієте однією з таких навичок на ваш вибір: <LSTag Type=""Skills"" Tooltip=""Arcana"">Таїнства</LSTag>, <LSTag Type=""Skills"" Tooltip=""History"">Історія</LSTag>, <LSTag Type=""Skills"" Tooltip=""Investigation"">Дослідження</LSTag>, <LSTag Type=""Skills"" Tooltip=""Medicine"">Медицина</LSTag>, <LSTag Type=""Skills"" Tooltip=""Nature"">Природа</LSTag>, <LSTag Type=""Skills"" Tooltip=""Persuasion"">Переконання</LSTag> або <LSTag Type=""Skills"" Tooltip=""Religion"">Релігія</LSTag>"
hb18ef098g90c9g4ad7gaf03g5aee30c02615	COMMA_PARENTHESIS_WHITESPACE	Оформлення	 ,	Поставте пробіл після коми, а не перед комою.	,	"Ви володієте однією з таких навичок на ваш вибір: <LSTag Type=""Skills"" Tooltip=""Arcana"">Таїнства</LSTag>, <LSTag Type=""Skills"" Tooltip=""History"">Історія</LSTag>, <LSTag Type=""Skills"" Tooltip=""Investigation"">Дослідження</LSTag>, <LSTag Type=""Skills"" Tooltip=""Medicine"">Медицина</LSTag>, <LSTag Type=""Skills"" Tooltip=""Nature"">Природа</LSTag>, <LSTag Type=""Skills"" Tooltip=""Persuasion"">Переконання</LSTag> або <LSTag Type=""Skills"" Tooltip=""Religion"">Релігія</LSTag>"
h2c508ab1g6e88g9fc6g8d98gf93c24fc5e1a	COMMA_PARENTHESIS_WHITESPACE	Оформлення	 ,	Поставте пробіл після коми, а не перед комою.	,	"Поки діє ваша <LSTag Type=""Status"" Tooltip=""RAGE"">Лють</LSTag>, влучивши в істоту ударом голіруч, ви можете відштовхнути її на 10 футів."
h9ab20eb3gc598g3449gb504g354483f2972b	COMMA_PARENTHESIS_WHITESPACE	Оформлення	 ,	Поставте пробіл після коми, а не перед комою.	,	"Поки діє ваша <LSTag Type=""Status"" Tooltip=""RAGE"">Лють</LSTag>, коли ви влучаєте в істоту Ударом голіруч, можете змусити її виконати кидок протидії статурою (МС 8 + ваш модифікатор сили + бонус спеціалізації). У разі невдачі істота набуває стану повалення."
haa843db4g20ebg9021gacedg3f8ada559a41	MORFOLOGIK_RULE_UK_UA	Можлива механічна помилка	стихійника	Знайдено потенційну орфографічну помилку.	стихійних, стихійний, стихійна, стихійним, стихійними, стихійніша	"Варвари Шляху Велетня черпають силу з тих самих первісних джерел, що й велетні. У стані <LSTag Type=""Status"" Tooltip=""RAGE"">Люті</LSTag> їх сповнює стихійна міць, а тіла збільшуються, набуваючи подоб, гідних слави велетнів. Одні стають просто велетенськими версіями себе, хіба що в очах і довкола зброї спалахує стихійна енергія. Інші змінюються докорінно, набуваючи вигляду справжнього велетня або стихійника, оповитого вогнем, морозом чи блискавкою."
h08c08b52g956bgcf55gaba1gfea165770305	MORFOLOGIK_RULE_UK_UA	Можлива механічна помилка	Феєлон	Знайдено потенційну орфографічну помилку.	Феллон, Фелон, Феє лон	У мультивсесвіті є чимало місць, сповнених краси, сильних почуттів і нестримної магії. Феєлон, Верхні плани й інші царства надприродної сили випромінюють могутні енергії, здатні докорінно змінювати людей. Варвари живуть глибокими почуттями, тож особливо вразливі до такого дикого впливу, а декого магія перетворює назавжди. Насичені нею варвари ступають Шляхом Дикої Магії. Ельфи, бісини, асимари й дженазі часто обирають цей шлях, прагнучи проявити потойбічну магію предків.
h08c08b52g956bgcf55gaba1gfea165770305	MORFOLOGIK_RULE_UK_UA	Можлива механічна помилка	бісини	Знайдено потенційну орфографічну помилку.	бусини, білини, бісики, бісили, бісина, бісине, бісиний, бісиним	У мультивсесвіті є чимало місць, сповнених краси, сильних почуттів і нестримної магії. Феєлон, Верхні плани й інші царства надприродної сили випромінюють могутні енергії, здатні докорінно змінювати людей. Варвари живуть глибокими почуттями, тож особливо вразливі до такого дикого впливу, а декого магія перетворює назавжди. Насичені нею варвари ступають Шляхом Дикої Магії. Ельфи, бісини, асимари й дженазі часто обирають цей шлях, прагнучи проявити потойбічну магію предків.
h08c08b52g956bgcf55gaba1gfea165770305	MORFOLOGIK_RULE_UK_UA	Можлива механічна помилка	асимари	Знайдено потенційну орфографічну помилку.	Асмари, аси мари	У мультивсесвіті є чимало місць, сповнених краси, сильних почуттів і нестримної магії. Феєлон, Верхні плани й інші царства надприродної сили випромінюють могутні енергії, здатні докорінно змінювати людей. Варвари живуть глибокими почуттями, тож особливо вразливі до такого дикого впливу, а декого магія перетворює назавжди. Насичені нею варвари ступають Шляхом Дикої Магії. Ельфи, бісини, асимари й дженазі часто обирають цей шлях, прагнучи проявити потойбічну магію предків.
h08c08b52g956bgcf55gaba1gfea165770305	MORFOLOGIK_RULE_UK_UA	Можлива механічна помилка	дженазі	Знайдено потенційну орфографічну помилку.	джазі, Денезі, Джеймзі, Джелалі, Дженні, Джонасі, джедаї, джентрі	У мультивсесвіті є чимало місць, сповнених краси, сильних почуттів і нестримної магії. Феєлон, Верхні плани й інші царства надприродної сили випромінюють могутні енергії, здатні докорінно змінювати людей. Варвари живуть глибокими почуттями, тож особливо вразливі до такого дикого впливу, а декого магія перетворює назавжди. Насичені нею варвари ступають Шляхом Дикої Магії. Ельфи, бісини, асимари й дженазі часто обирають цей шлях, прагнучи проявити потойбічну магію предків.
h22179fdag3286gcd27g7facg8e73f5c76e01	COMMA_PARENTHESIS_WHITESPACE	Оформлення	 .	Не ставте пробіл перед крапкою.	.	"Ви отримуєте 2d4 + [1] <LSTag Tooltip=""TemporaryHitPoints"">тимчасових очок здоров’я</LSTag>."
hd981160eg2361g96c5g14b2g6faa8b2cc888	MORFOLOGIK_RULE_UK_UA	Можлива механічна помилка	Інвокація	Знайдено потенційну орфографічну помилку.	Інновація, Інтонація, Адвокація, Конвокація, Ревокація, Інволюція, Індикація, Індосація	Інвокація: удаване життя
h64a85505gb9ccg347eg37efg4472a54e2380	COMMA_PARENTHESIS_WHITESPACE	Оформлення	 .	Не ставте пробіл перед крапкою.	.	"Отримано 2d4+[1] <LSTag Tooltip=""TemporaryHitPoints"">тимчасових очок здоров’я</LSTag>."
hec10168bged4egc312g169dgd40b9b631b23	MORFOLOGIK_RULE_UK_UA	Можлива механічна помилка	тролячої	Знайдено потенційну орфографічну помилку.	кролячої	Вливання тролячої крові
hce516d21g26c1g26cfg3512gdec3165acc58	MORFOLOGIK_RULE_UK_UA	Можлива механічна помилка	тролячої	Знайдено потенційну орфографічну помилку.	кролячої	Вливання тролячої крові
ha5f5579fg9ce6ge4abg474ag9e80c16acfae	COMMA_PARENTHESIS_WHITESPACE	Оформлення	 ,	Поставте пробіл після коми, а не перед комою.	,	"Ви прикликаєте й випускаєте зграю смертоносних ворон. Кожна вибрана вами істота у 30-футовому конусі від вас виконує кидок протидії спритністю. У разі невдачі ціль зазнає 5d6 силової шкоди й набуває стану <LSTag Type=""Status"" Tooltip=""BLINDED"">Сліпота</LSTag>, а в разі успіху — лише половини шкоди. Засліплена істота повторює кидок наприкінці кожного свого ходу, у разі успіху припиняючи ефект на собі."
h7efb8458g9df5g41d1ga0afgd2d654771719	MORFOLOGIK_RULE_UK_UA	Можлива механічна помилка	Чаровогняний	Знайдено потенційну орфографічну помилку.	Чаро вогняний	"Сувій ""Чаровогняний спалах"""
h45d48dd0g0261g469ag929agaf26bcfb4b9a	MORFOLOGIK_RULE_UK_UA	Можлива механічна помилка	Аґанаццара	Знайдено потенційну орфографічну помилку.		"Сувій ""Пекучий струмінь Аґанаццара"""
hfb9ed428ga689g44f4g81abg6451884c102e	MORFOLOGIK_RULE_UK_UA	Можлива механічна помилка	Вислиз	Знайдено потенційну орфографічну помилку.	Висли, Вислий, Вислим, Вислих, Ви слиз, Вис лиз, Висли з	"Сувій ""Вислиз Ельмінстера"""
hfb9ed428ga689g44f4g81abg6451884c102e	MORFOLOGIK_RULE_UK_UA	Можлива механічна помилка	Ельмінстера	Знайдено потенційну орфографічну помилку.	Вестмінстера, Елістера, Елімінатора	"Сувій ""Вислиз Ельмінстера"""
h2a8c9d1dg05adg4418ga0fag5df33139674e	MORFOLOGIK_RULE_UK_UA	Можлива механічна помилка	Сніжковий	Знайдено потенційну орфографічну помилку.	Сніжковим, Сніжковій, Стіжковий, Сніжко вий	"Сувій ""Сніжковий рій Снілока"""
h2a8c9d1dg05adg4418ga0fag5df33139674e	MORFOLOGIK_RULE_UK_UA	Можлива механічна помилка	Снілока	Знайдено потенційну орфографічну помилку.	Спілка, Спілок, Снігова, Сніжок, Смілка, Сніжка, Снітка, Сволока	"Сувій ""Сніжковий рій Снілока"""
h9e0c03abgc377g42a3gb347g290fe5e06c2c	MORFOLOGIK_RULE_UK_UA	Можлива механічна помилка	фейську	Знайдено потенційну орфографічну помилку.	Феську, бейську, гейську, зейську, рейську	"Сувій ""Викликати фейську істоту"""
ha44c3b97g2d76g4729ga6f6g3cc7b6bec780	MORFOLOGIK_RULE_UK_UA	Можлива механічна помилка	тролячої	Знайдено потенційну орфографічну помилку.	кролячої	"Сувій ""Вливання тролячої крові"""
hba6165b1gb19eg4191g9bbdg8789273b4fe5	MORFOLOGIK_RULE_UK_UA	Можлива механічна помилка	Чаровогняна	Знайдено потенційну орфографічну помилку.	Чаро вогняна	"Сувій ""Чаровогняна буря"""
hcb3ea2f5geb40g4f6eg893eg1fe3d94c8c45	MORFOLOGIK_RULE_UK_UA	Можлива механічна помилка	джурозвір-собака	Знайдено потенційну орфографічну помилку.		Поруч з’являється доброзичливий до вас джурозвір-собака, який зникає через 1 хвилину.
h0e6cf6c3g3696g400bg9730g8c9dbe0d258c	MORFOLOGIK_RULE_UK_UA	Можлива механічна помилка	Голліфант	Знайдено потенційну орфографічну помилку.	Голлі фант	Голліфант, доброзичливий до вас, з’являється поруч і зникає через 1 хвилину.
h440d92c5g827eg4e83ga9d3gb18aaf0860dc	MORFOLOGIK_RULE_UK_UA	Можлива механічна помилка	щохідно	Знайдено потенційну орфографічну помилку.	щорічно, похідні, дохідної, дохідна, дохідну, похідна, похідне, похідною	Протягом наступної хвилини ви можете щохідно телепортуватися вторинною дією на відстань до 30 футів.
h76c410ccg5631g4bacg921eg33961cecb6b9	MORFOLOGIK_RULE_UK_UA	Можлива механічна помилка	щохідно	Знайдено потенційну орфографічну помилку.	щорічно, похідні, дохідної, дохідна, дохідну, похідна, похідне, похідною	Протягом наступної хвилини ви можете щохідно телепортуватися вторинною дією на відстань до 30 футів.
h313de399g6ff6g4c30ga121gd02ae57ae801	MORFOLOGIK_RULE_UK_UA	Можлива механічна помилка	щохідно	Знайдено потенційну орфографічну помилку.	щорічно, похідні, дохідної, дохідна, дохідну, похідна, похідне, похідною	Протягом наступної хвилини ви можете щохідно телепортуватися вторинною дією на відстань до 30 футів.
hbb61a1bfgd1cdg4166ga626g58ef98721406	MORFOLOGIK_RULE_UK_UA	Можлива механічна помилка	щохідно	Знайдено потенційну орфографічну помилку.	щорічно, похідні, дохідної, дохідна, дохідну, похідна, похідне, похідною	Протягом наступної хвилини ви можете щохідно телепортуватися вторинною дією на відстань до 30 футів.
h55adfd44g7c29g4b67g894fg9b98ff76115a	MORFOLOGIK_RULE_UK_UA	Можлива механічна помилка	РЗ	Знайдено потенційну орфографічну помилку.	З, ІЗ, РАЗ, РФ, ВЗ, РБ, ПЗ, РП	Примарний щит зависає поруч із вами протягом наступної хвилини, надаючи бонус +2 до РЗ та імунітет до «Магічного залпу».
h413145b9g72c2g4630ga50ag6b4c5d367395	MORFOLOGIK_RULE_UK_UA	Можлива механічна помилка	РЗ	Знайдено потенційну орфографічну помилку.	З, ІЗ, РАЗ, РФ, ВЗ, РБ, ПЗ, РП	Примарний щит зависає поруч із вами протягом наступної хвилини, надаючи бонус +2 до РЗ та імунітет до «Магічного залпу».
hfedbac46g363eg4c64g9537g61335c5397d3	MORFOLOGIK_RULE_UK_UA	Можлива механічна помилка	РЗ	Знайдено потенційну орфографічну помилку.	З, ІЗ, РАЗ, РФ, ВЗ, РБ, ПЗ, РП	Примарний щит зависає поруч із вами протягом наступної хвилини, надаючи бонус +2 до РЗ та імунітет до «Магічного залпу».
he5db46c7g00dag496fg9afag93806e384c00	MORFOLOGIK_RULE_UK_UA	Можлива механічна помилка	РЗ	Знайдено потенційну орфографічну помилку.	З, ІЗ, РАЗ, РФ, ВЗ, РБ, ПЗ, РП	Примарний щит зависає поруч із вами протягом наступної хвилини, надаючи бонус +2 до РЗ та імунітет до «Магічного залпу».
hafefa2e1g90b1g4c2bga373g2d641dd61b87	MORFOLOGIK_RULE_UK_UA	Можлива механічна помилка	щоходу	Знайдено потенційну орфографічну помилку.	доходу, походу, що ходу	Усі істоти й речі в межах [1] загоряються та зазнають [2] щоходу.
hd1b48940g58d3g4e8ega4dcg7ed2dee94101	MORFOLOGIK_RULE_UK_UA	Можлива механічна помилка	щоходу	Знайдено потенційну орфографічну помилку.	доходу, походу, що ходу	Усі істоти й речі в межах [1] загоряються та зазнають [2] щоходу.
hce4f5a31g0d0ag4b63g942egbffb8f14a92c	MORFOLOGIK_RULE_UK_UA	Можлива механічна помилка	щоходу	Знайдено потенційну орфографічну помилку.	доходу, походу, що ходу	Усі істоти й речі в межах [1] загоряються та зазнають [2] щоходу.
hed397eecg9b3bg4678gba35gcf91f0402409	MORFOLOGIK_RULE_UK_UA	Можлива механічна помилка	щоходу	Знайдено потенційну орфографічну помилку.	доходу, походу, що ходу	Усі істоти й речі в межах [1] загоряються та зазнають [2] щоходу.
h5c5ef942gcbf3g49cbg9accgc942edae5e84	COMMA_PARENTHESIS_WHITESPACE	Оформлення	 .	Не ставте пробіл перед крапкою.	.	"Створити хмару туману довкола себе. Створіння, які перебувають в його межах, мають погану видимість та <LSTag Type=""Status"" Tooltip=""BLINDED"">осліплені</LSTag>."
hc960f4b7g78deg40bbg965fgc1565ecade8e	COMMA_PARENTHESIS_WHITESPACE	Оформлення	 .	Не ставте пробіл перед крапкою.	.	"Створити хмару туману довкола себе. Створіння, які перебувають в його межах, мають погану видимість та <LSTag Type=""Status"" Tooltip=""BLINDED"">осліплені</LSTag>."
hb3b236fdg6f36g43e7gbd94gb9dab02f1422	COMMA_PARENTHESIS_WHITESPACE	Оформлення	 .	Не ставте пробіл перед крапкою.	.	"Створити хмару туману довкола себе. Створіння, які перебувають в його межах, мають погану видимість та <LSTag Type=""Status"" Tooltip=""BLINDED"">осліплені</LSTag>."
h98b8ca8bge009g418dgb454gf9c2863445c0	COMMA_PARENTHESIS_WHITESPACE	Оформлення	 .	Не ставте пробіл перед крапкою.	.	"Створити хмару туману довкола себе. Створіння, які перебувають в його межах, мають погану видимість та <LSTag Type=""Status"" Tooltip=""BLINDED"">осліплені</LSTag>."
hde366e14gd5b5g44c4g827bga2b49392cbca	COMMA_PARENTHESIS_WHITESPACE	Оформлення	 .	Не ставте пробіл перед крапкою.	.	"До кінця вашого наступного ходу кожне ваше закляття відновлює очки чародійства відповідно до рівня <LSTag Tooltip=""SpellSlot"">чарунки</LSTag>."
h6ce73a81g4678g4a91ga52cg81e6fa1c24b3	COMMA_PARENTHESIS_WHITESPACE	Оформлення	 .	Не ставте пробіл перед крапкою.	.	"До кінця вашого наступного ходу кожне ваше закляття відновлює очки чародійства відповідно до рівня <LSTag Tooltip=""SpellSlot"">чарунки</LSTag>."
hba496d7agd6f7g4bf8g8066g3041c4a139d5	COMMA_PARENTHESIS_WHITESPACE	Оформлення	 .	Не ставте пробіл перед крапкою.	.	"До кінця вашого наступного ходу кожне ваше закляття відновлює очки чародійства відповідно до рівня <LSTag Tooltip=""SpellSlot"">чарунки</LSTag>."
h25c99944g196eg48c0ga7cbgd07dc433af9c	COMMA_PARENTHESIS_WHITESPACE	Оформлення	 .	Не ставте пробіл перед крапкою.	.	"До кінця вашого наступного ходу кожне ваше закляття відновлює очки чародійства відповідно до рівня <LSTag Tooltip=""SpellSlot"">чарунки</LSTag>."
hb5a352bfg05b6g438fga2c8g930246489691	COMMA_PARENTHESIS_WHITESPACE	Оформлення	 .	Не ставте пробіл перед крапкою.	.	"Помінятися з ціллю місцями після кожного проказаного вами закляття чи <LSTag Tooltip=""Cantrip"">замовляння</LSTag>."
hbe741660gb4b4g4a86g84a5g1091b8be5a8c	COMMA_PARENTHESIS_WHITESPACE	Оформлення	 .	Не ставте пробіл перед крапкою.	.	"Помінятися з ціллю місцями після кожного проказаного вами закляття чи <LSTag Tooltip=""Cantrip"">замовляння</LSTag>."
h59bc3445g9221g4057gaaa7g57e95c105dda	COMMA_PARENTHESIS_WHITESPACE	Оформлення	 .	Не ставте пробіл перед крапкою.	.	"Помінятися з ціллю місцями після кожного проказаного вами закляття чи <LSTag Tooltip=""Cantrip"">замовляння</LSTag>."
hef777ecbg83d4g4377g8d15g52a28ba8e05b	COMMA_PARENTHESIS_WHITESPACE	Оформлення	 .	Не ставте пробіл перед крапкою.	.	"Ваші закляття зцілюють усіх істот у радіусі [1] навколо цілі на [2] за кожен рівень <LSTag Tooltip=""SpellSlot"">чарунки</LSTag>."
h6e154639gd102g48cdg9302g9fc6aba3af7a	MORFOLOGIK_RULE_UK_UA	Можлива механічна помилка	камбіона	Знайдено потенційну орфографічну помилку.	камбіо на	Викликати камбіона з вогняного осередку Дев'яти Пекел. Він буде ворожим до всіх.
h6a41193fg5cabg4e1ege044g043eb23962dc	MORFOLOGIK_RULE_UK_UA	Можлива механічна помилка	РЗ	Знайдено потенційну орфографічну помилку.	З, ІЗ, РАЗ, РФ, ВЗ, РБ, ПЗ, РП	Примарний щит зависає поруч із вами протягом наступної хвилини, надаючи бонус +2 до РЗ та імунітет до «Магічного залпу».
hb2bb0f2eg9d2ag5515gead7g44579222fb75	MORFOLOGIK_RULE_UK_UA	Можлива механічна помилка	РЗ	Знайдено потенційну орфографічну помилку.	З, ІЗ, РАЗ, РФ, ВЗ, РБ, ПЗ, РП	Примарний щит зависає поруч із вами протягом наступної хвилини, надаючи бонус +2 до РЗ та імунітет до «Магічного залпу».
h004828cbg6ae4g9d9fgef10g00102cb4f553	MORFOLOGIK_RULE_UK_UA	Можлива механічна помилка	Двозбройне	Знайдено потенційну орфографічну помилку.	Двобромне, Доозбройте, Доозброєне	Двозбройне фехтування: атака другою рукою
h74c27673g4c1bga1beg5a49ga7aec2022773	UK_SIMPLE_REPLACE	Інше	щупальце	«щупальце» - помилкове слово, виправлення: мацак.	мацак	Тіньове щупальце
h347e6fe4g42a8g22ecgdb29gefc97f004483	UK_SIMPLE_REPLACE	Інше	щупальце	«щупальце» - помилкове слово, виправлення: мацак.	мацак	Ви створюєте довге тіньове щупальце, що висмоктує життя й б’є видиму істоту в межах досяжності.\n\nВиконайте дальню атаку закляттям проти цілі. У разі влучання ціль зазнає некротичної шкоди. Знову киньте кістки шкоди закляття й отримайте тимчасові очки здоров’я в кількості, що дорівнює результату.\n
ha3d984fag9166g3a51gbc9fg45fc0d47e563	UK_SIMPLE_REPLACE	Інше	щупальце	«щупальце» - помилкове слово, виправлення: мацак.	мацак	Тіньове щупальце
h6c91c1d0geff6g49ddg9fd0gd5d83740ee64	UK_SIMPLE_REPLACE	Інше	щупальце	«щупальце» - помилкове слово, виправлення: мацак.	мацак	Магічний хист: Тіньове щупальце
h96a4fdcdg6eedg4ccdgb453g193837a217e9	MORFOLOGIK_RULE_UK_UA	Можлива механічна помилка	Ашардалона	Знайдено потенційну орфографічну помилку.	Ардаліона, Бадалона	Крок Ашардалона
h07bf103cg6fe9g48deg90e6g51cda963e2bb	MORFOLOGIK_RULE_UK_UA	Можлива механічна помилка	Ашардалона	Знайдено потенційну орфографічну помилку.	Ардаліона, Бадалона	Аура кроку Ашардалона
hefff3653g8439g5d57g7610g02ccec1105b6	MORFOLOGIK_RULE_UK_UA	Можлива механічна помилка	Ашардалона	Знайдено потенційну орфографічну помилку.	Ардаліона, Бадалона	Крок Ашардалона
hc28f4dcdgd614gc5b0g7be9g946be11c3809	MORFOLOGIK_RULE_UK_UA	Можлива механічна помилка	Ашардалона	Знайдено потенційну орфографічну помилку.	Ардаліона, Бадалона	Крок Ашардалона
h68cc0961gb6ceg3e67g1ae5g31162e46016b	MORFOLOGIK_RULE_UK_UA	Можлива механічна помилка	Ґорґорота	Знайдено потенційну орфографічну помилку.	Чорнорота	Викривлення тіла Ґорґорота
h35b9b915g3bf7g0d1dg728fg2be8d9ced715	MORFOLOGIK_RULE_UK_UA	Можлива механічна помилка	Ґорґорота	Знайдено потенційну орфографічну помилку.	Чорнорота	Викривлення тіла Ґорґорота
hfb5ff22bgbb91g4598ga3acg629a9bc0bbf5	MORFOLOGIK_RULE_UK_UA	Можлива механічна помилка	Ґорґорота	Знайдено потенційну орфографічну помилку.	Чорнорота	Магічний хист: Викривлення тіла Ґорґорота
h0903fdd3gbfadg55a1gd56cga67f82c909ac	COMMA_PARENTHESIS_WHITESPACE	Оформлення	 .	Не ставте пробіл перед крапкою.	.	"Отримано [1] <LSTag Tooltip=""TemporaryHitPoints"">тимчасових очок здоров'я</LSTag>."
h5f480b91gf52bg2751g6254gdd8113ff8e2e	MORFOLOGIK_RULE_UK_UA	Можлива механічна помилка	колольної	Знайдено потенційну орфографічну помилку.	колосальної, колоїдної, Колодної, Окольної, голільної, золильної, золільної, кокільної	Коли ви проказуєте це закляття, навколо згодної цілі в межах досяжності з’являється гнучкий екзоскелет, укритий шипами. Ціль отримує [1] тимчасових очок здоров’я. Якщо до завершення закляття істота влучає в ціль атакою ближнього бою, нападник зазнає колольної шкоди в кількості тимчасових очок здоров’я, втрачених ціллю від цієї атаки. Закляття достроково завершується, коли в цілі не залишається наданих ним тимчасових очок здоров’я.
hf4db5d55g3f59g3137gd662g4504298dce7d	MORFOLOGIK_RULE_UK_UA	Можлива механічна помилка	колольної	Знайдено потенційну орфографічну помилку.	колосальної, колоїдної, Колодної, Окольної, голільної, золильної, золільної, кокільної	Отримує [1] тимчасових очок здоров’я. Якщо до завершення закляття істота влучає в ціль атакою ближнього бою, нападник зазнає колольної шкоди в кількості, що дорівнює втраченим унаслідок атаки тимчасовим очкам здоров’я. Закляття завершується достроково, якщо в цілі не лишилося наданих ним тимчасових очок здоров’я.
hbda17fc5g7024g467aga87bg388df5baebc3	MORFOLOGIK_RULE_UK_UA	Можлива механічна помилка	Ґорґорота	Знайдено потенційну орфографічну помилку.	Чорнорота	Магічний хист: Викривлення тіла Ґорґорота
h115b8b53g622bg479ag9fd7g14390d34dc89	archaism	Стиль	посвіт	Це слово або форма є застарілою, архаїчною або діалектною.		Магічний хист: Чарівний посвіт
hbcd13d7dgb7f9g4220g85dbg19f9150641ef	MORFOLOGIK_RULE_UK_UA	Можлива механічна помилка	джурозвіра	Знайдено потенційну орфографічну помилку.	джуро звіра	Магічний хист: Пошук джурозвіра
he986d9cfge7f4g4d92g9818g7c5d11e3be9a	MORFOLOGIK_RULE_UK_UA	Можлива механічна помилка	Добряниця	Знайдено потенційну орфографічну помилку.	Добряни ця	Магічний хист: Добряниця
h36704839gee4ag41f3g9e73gc61a6ec696a0	MORFOLOGIK_RULE_UK_UA	Можлива механічна помилка	Скороходець	Знайдено потенційну орфографічну помилку.	Скороходе, Скороходці	Магічний хист: Скороходець
h64a62e32ge165g4a0bgba51g3a56f6fbc678	MORFOLOGIK_RULE_UK_UA	Можлива механічна помилка	Чаровогняний	Знайдено потенційну орфографічну помилку.	Чаро вогняний	Магічний хист: Чаровогняний спалах
hcde29b6bgba06g491agb023g5f000272d40b	MORFOLOGIK_RULE_UK_UA	Можлива механічна помилка	Громохвиля	Знайдено потенційну орфографічну помилку.	Громовиця	Магічний хист: Громохвиля
hd3f1c3b8gddabg4eb9g9949g8d5cedfb3391	UK_SIMPLE_REPLACE	Інше	щупальце	«щупальце» - помилкове слово, виправлення: мацак.	мацак	Магічний хист: Тіньове щупальце
h090fc065geb1dge3e6g22b1g1d5d2fa91c92	MORFOLOGIK_RULE_UK_UA	Можлива механічна помилка	Лаераля	Знайдено потенційну орфографічну помилку.	Латераля	Срібний спис Лаераля
h4016a9a2g8d51g2860gce0aga3dae07e0895	COMMA_PARENTHESIS_WHITESPACE	Оформлення	 ,	Поставте пробіл після коми, а не перед комою.	,	"Ви намагаєтеся підкорити нерозумну істоту. Істота з показником <LSTag Tooltip=""Intelligence"">інтелекту</LSTag> 3 або менше повинна успішно виконати <LSTag Tooltip=""Intelligence"">інтелектуальний</LSTag> <LSTag Tooltip=""SavingThrow"">кидок протидії</LSTag>, інакше стане <LSTag Type=""Status"" Tooltip=""AWAKEN"">підкореною</LSTag> вами до завершення <LSTag Tooltip=""LongRest"">довгого відпочинку</LSTag>."
h4016a9a2g8d51g2860gce0aga3dae07e0895	COMMA_PARENTHESIS_WHITESPACE	Оформлення	 .	Не ставте пробіл перед крапкою.	.	"Ви намагаєтеся підкорити нерозумну істоту. Істота з показником <LSTag Tooltip=""Intelligence"">інтелекту</LSTag> 3 або менше повинна успішно виконати <LSTag Tooltip=""Intelligence"">інтелектуальний</LSTag> <LSTag Tooltip=""SavingThrow"">кидок протидії</LSTag>, інакше стане <LSTag Type=""Status"" Tooltip=""AWAKEN"">підкореною</LSTag> вами до завершення <LSTag Tooltip=""LongRest"">довгого відпочинку</LSTag>."
h947e61d6g7b1fg7654gbc73g3ec51f29fd5a	COMMA_PARENTHESIS_WHITESPACE	Оформлення	 .	Не ставте пробіл перед крапкою.	.	"Розум цієї істоти підкорено волі заклинача, і вона беззаперечно виконує його накази. Ефект завершується, коли заклинач закінчує <LSTag Tooltip=""LongRest"">довгий відпочинок</LSTag>."
h19186d60g16e9g1e3bgcbc7g45d59987d331	UK_SIMPLE_REPLACE	Інше	танцюючого	«танцюючого» - помилкове слово, виправлення: що танцює, розтанцьований, закружений у танці, танцюрист, танцівник; танцювальник; танцюра; танцювальний; танцівливий.	що танцює, розтанцьований, закружений у танці, танцюрист, танцівник; танцювальник; танцюра; танцювальний; танцівливий	Ви прикликаєте іскорки танцюючого полум’я, які ширяють навколо вас протягом усієї дії закляття. На початку кожного свого ходу істоти, що не є вашими союзниками й перебувають у межах 20 футів від полум’я, повинні успішно виконати кидок протидії мудрістю, інакше будуть причаровані до початку свого наступного ходу. Причарована в такий спосіб істота недієздатна, а її швидкість дорівнює 0.
h35662d22ga130g4004gd1e2g502f46f7dbd4	UK_SIMPLE_REPLACE	Інше	танцюючого	«танцюючого» - помилкове слово, виправлення: що танцює, розтанцьований, закружений у танці, танцюрист, танцівник; танцювальник; танцюра; танцювальний; танцівливий.	що танцює, розтанцьований, закружений у танці, танцюрист, танцівник; танцювальник; танцюра; танцювальний; танцівливий	Ви прикликаєте іскорки танцюючого полум’я, які ширяють навколо вас протягом усієї дії закляття. На початку кожного свого ходу істоти, що не є вашими союзниками й перебувають у межах 20 футів від полум’я, повинні успішно виконати кидок протидії мудрістю, інакше будуть причаровані до початку свого наступного ходу. Причарована в такий спосіб істота недієздатна, а її швидкість дорівнює 0.
h3ef06543gb18dg44b9gb236g44997392d5a6	MORFOLOGIK_RULE_UK_UA	Можлива механічна помилка	Ґорґорота	Знайдено потенційну орфографічну помилку.	Чорнорота	"Сувій ""Викривлення тіла Ґорґорота"""
h2dfbe2f6gbfbcg4453ga3e1g74861452ce15	UK_SIMPLE_REPLACE	Інше	щупальце	«щупальце» - помилкове слово, виправлення: мацак.	мацак	"Сувій ""Тіньове щупальце"""
h29012509g9a1ag4f12gb771g80fea8b18f27	MORFOLOGIK_RULE_UK_UA	Можлива механічна помилка	Ашардалона	Знайдено потенційну орфографічну помилку.	Ардаліона, Бадалона	"Сувій ""Крок Ашардалона"""
he909a532gc660g4e69gba70gd205498f491d	MORFOLOGIK_RULE_UK_UA	Можлива механічна помилка	Лаераля	Знайдено потенційну орфографічну помилку.	Латераля	"Сувій ""Срібний спис Лаераля"""
h1e4e1990g501dg4f11g8b2egf4a3766ee6ad	UK_SIMPLE_REPLACE	Інше	Пощада	«Пощада» - помилкове слово, виправлення: милість, милосердя, помилування.	Милість, Милосердя, Помилування	"Сувій ""Пощада"""
hfbe03474g4d63g47c6ga736gb204c33c193f	UK_SIMPLE_REPLACE	Інше	Рокіт	«Рокіт» - помилкове слово, виправлення: гуркіт, гуркотіння, буркіт, буркотіння, бренькіт; вуркіт; воркотіння.	Гуркіт, Гуркотіння, Буркіт, Буркотіння, Бренькіт; вуркіт; воркотіння	"Сувій ""Рокіт грому"""
h13714915ge8a8g4f94g810egd8c9ba002446	MORFOLOGIK_RULE_UK_UA	Можлива механічна помилка	Агатіс	Знайдено потенційну орфографічну помилку.	Агаті, Агатис, Агатів, Агаті с	"Сувій ""Обладунки Агатіс"""
h05676470gf169g4cf0g9d65g403316fae14c	MORFOLOGIK_RULE_UK_UA	Можлива механічна помилка	Гадара	Знайдено потенційну орфографічну помилку.	Гадала, Радара, Гайдара, Годара, Кадара, Гагара, Гадана, Гадюра	Сувій «Руки Гадара»
h74437106g3801g4e49gb67bge87de1f118c5	archaism	Стиль	посвіт	Це слово або форма є застарілою, архаїчною або діалектною.		"Сувій ""Чарівний посвіт"""
hf37a3668g5485g462dgb8bfg24f366499655	MORFOLOGIK_RULE_UK_UA	Можлива механічна помилка	Гадара	Знайдено потенційну орфографічну помилку.	Гадала, Радара, Гайдара, Годара, Кадара, Гагара, Гадана, Гадюра	Сувій «Голод Гадара»
h70a619eeg6ec3g4740g9447gdafb23e4c3bd	MORFOLOGIK_RULE_UK_UA	Можлива механічна помилка	невмерлих	Знайдено потенційну орфографічну помилку.	не вмерлих	Сувій «Створення невмерлих»
hf577238eg5e24g45b6gb0a2g141a090436e0	MORFOLOGIK_RULE_UK_UA	Можлива механічна помилка	Іншовимірний	Знайдено потенційну орфографічну помилку.	Двовимірний, Газовимірний, Ковимірний, Невимірний, Одновимірний, Пиловимірний, Рівновимірний, Різновимірний	Сувій «Іншовимірний союзник»
hc2613126g1447g4fd3g9ecdg5f633dce7f75	MORFOLOGIK_RULE_UK_UA	Можлива механічна помилка	Вітроступ	Знайдено потенційну орфографічну помилку.	Відросту, Вітристу	Сувій «Вітроступ»
h5844527eg5bc7g6d08gb8bdg836fe861ad65	MORFOLOGIK_RULE_UK_UA	Можлива механічна помилка	Підмінки	Знайдено потенційну орфографічну помилку.	Підміни, Відмінки, Підмінуй, Підмінюй, Підміняй	Підмінки з їхньою мінливою зовнішністю непомітно живуть у багатьох суспільствах. Кожен підмінок може надприродно набувати будь-якого бажаного обличчя, а для декого нове обличчя відкриває нову грань душі.\n\nПерші підмінки мультивсесвіту з’явилися у Феєлоні. Дивовижна мінлива сутність цього плану й досі живе в них — навіть у тих, хто ніколи не ступав до царства фей.\n\nУ справжній подобі підмінки мають блідий вигляд і майже позбавлені виразних рис. Побачити їх такими випадає рідко, адже звичайний підмінок змінює подобу так само легко, як інші змінюють одяг. Проте багато підмінків створюють глибокі особистості з власною історією та переконаннями для кожної подоби. Підмінок-мандрівник може мати окремі особистості для переговорів, розслідувань і бою.\n\nКілька підмінків можуть поділяти одну особистість. Такі особистості навіть передаються в родині, даючи молодшому підмінкові змогу скористатися зв’язками, які налагодили її попередні носії.
h5844527eg5bc7g6d08gb8bdg836fe861ad65	MORFOLOGIK_RULE_UK_UA	Можлива механічна помилка	підмінок	Знайдено потенційну орфографічну помилку.	відмінок, підміною, підміно, підмін ок	Підмінки з їхньою мінливою зовнішністю непомітно живуть у багатьох суспільствах. Кожен підмінок може надприродно набувати будь-якого бажаного обличчя, а для декого нове обличчя відкриває нову грань душі.\n\nПерші підмінки мультивсесвіту з’явилися у Феєлоні. Дивовижна мінлива сутність цього плану й досі живе в них — навіть у тих, хто ніколи не ступав до царства фей.\n\nУ справжній подобі підмінки мають блідий вигляд і майже позбавлені виразних рис. Побачити їх такими випадає рідко, адже звичайний підмінок змінює подобу так само легко, як інші змінюють одяг. Проте багато підмінків створюють глибокі особистості з власною історією та переконаннями для кожної подоби. Підмінок-мандрівник може мати окремі особистості для переговорів, розслідувань і бою.\n\nКілька підмінків можуть поділяти одну особистість. Такі особистості навіть передаються в родині, даючи молодшому підмінкові змогу скористатися зв’язками, які налагодили її попередні носії.
h5844527eg5bc7g6d08gb8bdg836fe861ad65	MORFOLOGIK_RULE_UK_UA	Можлива механічна помилка	підмінки	Знайдено потенційну орфографічну помилку.	підміни, відмінки, підмінуй, підмінюй, підміняй	Підмінки з їхньою мінливою зовнішністю непомітно живуть у багатьох суспільствах. Кожен підмінок може надприродно набувати будь-якого бажаного обличчя, а для декого нове обличчя відкриває нову грань душі.\n\nПерші підмінки мультивсесвіту з’явилися у Феєлоні. Дивовижна мінлива сутність цього плану й досі живе в них — навіть у тих, хто ніколи не ступав до царства фей.\n\nУ справжній подобі підмінки мають блідий вигляд і майже позбавлені виразних рис. Побачити їх такими випадає рідко, адже звичайний підмінок змінює подобу так само легко, як інші змінюють одяг. Проте багато підмінків створюють глибокі особистості з власною історією та переконаннями для кожної подоби. Підмінок-мандрівник може мати окремі особистості для переговорів, розслідувань і бою.\n\nКілька підмінків можуть поділяти одну особистість. Такі особистості навіть передаються в родині, даючи молодшому підмінкові змогу скористатися зв’язками, які налагодили її попередні носії.
h5844527eg5bc7g6d08gb8bdg836fe861ad65	MORFOLOGIK_RULE_UK_UA	Можлива механічна помилка	Феєлоні	Знайдено потенційну орфографічну помилку.	Феллоні, Фелоні, Феє лоні	Підмінки з їхньою мінливою зовнішністю непомітно живуть у багатьох суспільствах. Кожен підмінок може надприродно набувати будь-якого бажаного обличчя, а для декого нове обличчя відкриває нову грань душі.\n\nПерші підмінки мультивсесвіту з’явилися у Феєлоні. Дивовижна мінлива сутність цього плану й досі живе в них — навіть у тих, хто ніколи не ступав до царства фей.\n\nУ справжній подобі підмінки мають блідий вигляд і майже позбавлені виразних рис. Побачити їх такими випадає рідко, адже звичайний підмінок змінює подобу так само легко, як інші змінюють одяг. Проте багато підмінків створюють глибокі особистості з власною історією та переконаннями для кожної подоби. Підмінок-мандрівник може мати окремі особистості для переговорів, розслідувань і бою.\n\nКілька підмінків можуть поділяти одну особистість. Такі особистості навіть передаються в родині, даючи молодшому підмінкові змогу скористатися зв’язками, які налагодили її попередні носії.
h5844527eg5bc7g6d08gb8bdg836fe861ad65	MORFOLOGIK_RULE_UK_UA	Можлива механічна помилка	підмінки	Знайдено потенційну орфографічну помилку.	підміни, відмінки, підмінуй, підмінюй, підміняй	Підмінки з їхньою мінливою зовнішністю непомітно живуть у багатьох суспільствах. Кожен підмінок може надприродно набувати будь-якого бажаного обличчя, а для декого нове обличчя відкриває нову грань душі.\n\nПерші підмінки мультивсесвіту з’явилися у Феєлоні. Дивовижна мінлива сутність цього плану й досі живе в них — навіть у тих, хто ніколи не ступав до царства фей.\n\nУ справжній подобі підмінки мають блідий вигляд і майже позбавлені виразних рис. Побачити їх такими випадає рідко, адже звичайний підмінок змінює подобу так само легко, як інші змінюють одяг. Проте багато підмінків створюють глибокі особистості з власною історією та переконаннями для кожної подоби. Підмінок-мандрівник може мати окремі особистості для переговорів, розслідувань і бою.\n\nКілька підмінків можуть поділяти одну особистість. Такі особистості навіть передаються в родині, даючи молодшому підмінкові змогу скористатися зв’язками, які налагодили її попередні носії.
h5844527eg5bc7g6d08gb8bdg836fe861ad65	MORFOLOGIK_RULE_UK_UA	Можлива механічна помилка	підмінок	Знайдено потенційну орфографічну помилку.	відмінок, підміною, підміно, підмін ок	Підмінки з їхньою мінливою зовнішністю непомітно живуть у багатьох суспільствах. Кожен підмінок може надприродно набувати будь-якого бажаного обличчя, а для декого нове обличчя відкриває нову грань душі.\n\nПерші підмінки мультивсесвіту з’явилися у Феєлоні. Дивовижна мінлива сутність цього плану й досі живе в них — навіть у тих, хто ніколи не ступав до царства фей.\n\nУ справжній подобі підмінки мають блідий вигляд і майже позбавлені виразних рис. Побачити їх такими випадає рідко, адже звичайний підмінок змінює подобу так само легко, як інші змінюють одяг. Проте багато підмінків створюють глибокі особистості з власною історією та переконаннями для кожної подоби. Підмінок-мандрівник може мати окремі особистості для переговорів, розслідувань і бою.\n\nКілька підмінків можуть поділяти одну особистість. Такі особистості навіть передаються в родині, даючи молодшому підмінкові змогу скористатися зв’язками, які налагодили її попередні носії.
h5844527eg5bc7g6d08gb8bdg836fe861ad65	MORFOLOGIK_RULE_UK_UA	Можлива механічна помилка	підмінків	Знайдено потенційну орфографічну помилку.	відмінків	Підмінки з їхньою мінливою зовнішністю непомітно живуть у багатьох суспільствах. Кожен підмінок може надприродно набувати будь-якого бажаного обличчя, а для декого нове обличчя відкриває нову грань душі.\n\nПерші підмінки мультивсесвіту з’явилися у Феєлоні. Дивовижна мінлива сутність цього плану й досі живе в них — навіть у тих, хто ніколи не ступав до царства фей.\n\nУ справжній подобі підмінки мають блідий вигляд і майже позбавлені виразних рис. Побачити їх такими випадає рідко, адже звичайний підмінок змінює подобу так само легко, як інші змінюють одяг. Проте багато підмінків створюють глибокі особистості з власною історією та переконаннями для кожної подоби. Підмінок-мандрівник може мати окремі особистості для переговорів, розслідувань і бою.\n\nКілька підмінків можуть поділяти одну особистість. Такі особистості навіть передаються в родині, даючи молодшому підмінкові змогу скористатися зв’язками, які налагодили її попередні носії.
h5844527eg5bc7g6d08gb8bdg836fe861ad65	MORFOLOGIK_RULE_UK_UA	Можлива механічна помилка	Підмінок-мандрівник	Знайдено потенційну орфографічну помилку.		Підмінки з їхньою мінливою зовнішністю непомітно живуть у багатьох суспільствах. Кожен підмінок може надприродно набувати будь-якого бажаного обличчя, а для декого нове обличчя відкриває нову грань душі.\n\nПерші підмінки мультивсесвіту з’явилися у Феєлоні. Дивовижна мінлива сутність цього плану й досі живе в них — навіть у тих, хто ніколи не ступав до царства фей.\n\nУ справжній подобі підмінки мають блідий вигляд і майже позбавлені виразних рис. Побачити їх такими випадає рідко, адже звичайний підмінок змінює подобу так само легко, як інші змінюють одяг. Проте багато підмінків створюють глибокі особистості з власною історією та переконаннями для кожної подоби. Підмінок-мандрівник може мати окремі особистості для переговорів, розслідувань і бою.\n\nКілька підмінків можуть поділяти одну особистість. Такі особистості навіть передаються в родині, даючи молодшому підмінкові змогу скористатися зв’язками, які налагодили її попередні носії.
h5844527eg5bc7g6d08gb8bdg836fe861ad65	MORFOLOGIK_RULE_UK_UA	Можлива механічна помилка	підмінків	Знайдено потенційну орфографічну помилку.	відмінків	Підмінки з їхньою мінливою зовнішністю непомітно живуть у багатьох суспільствах. Кожен підмінок може надприродно набувати будь-якого бажаного обличчя, а для декого нове обличчя відкриває нову грань душі.\n\nПерші підмінки мультивсесвіту з’явилися у Феєлоні. Дивовижна мінлива сутність цього плану й досі живе в них — навіть у тих, хто ніколи не ступав до царства фей.\n\nУ справжній подобі підмінки мають блідий вигляд і майже позбавлені виразних рис. Побачити їх такими випадає рідко, адже звичайний підмінок змінює подобу так само легко, як інші змінюють одяг. Проте багато підмінків створюють глибокі особистості з власною історією та переконаннями для кожної подоби. Підмінок-мандрівник може мати окремі особистості для переговорів, розслідувань і бою.\n\nКілька підмінків можуть поділяти одну особистість. Такі особистості навіть передаються в родині, даючи молодшому підмінкові змогу скористатися зв’язками, які налагодили її попередні носії.
h5844527eg5bc7g6d08gb8bdg836fe861ad65	MORFOLOGIK_RULE_UK_UA	Можлива механічна помилка	підмінкові	Знайдено потенційну орфографічну помилку.	відмінкові	Підмінки з їхньою мінливою зовнішністю непомітно живуть у багатьох суспільствах. Кожен підмінок може надприродно набувати будь-якого бажаного обличчя, а для декого нове обличчя відкриває нову грань душі.\n\nПерші підмінки мультивсесвіту з’явилися у Феєлоні. Дивовижна мінлива сутність цього плану й досі живе в них — навіть у тих, хто ніколи не ступав до царства фей.\n\nУ справжній подобі підмінки мають блідий вигляд і майже позбавлені виразних рис. Побачити їх такими випадає рідко, адже звичайний підмінок змінює подобу так само легко, як інші змінюють одяг. Проте багато підмінків створюють глибокі особистості з власною історією та переконаннями для кожної подоби. Підмінок-мандрівник може мати окремі особистості для переговорів, розслідувань і бою.\n\nКілька підмінків можуть поділяти одну особистість. Такі особистості навіть передаються в родині, даючи молодшому підмінкові змогу скористатися зв’язками, які налагодили її попередні носії.
h00779e8dg1144g5eecg3f98g33292e8dea42	MORFOLOGIK_RULE_UK_UA	Можлива механічна помилка	Підмінки	Знайдено потенційну орфографічну помилку.	Підміни, Відмінки, Підмінуй, Підмінюй, Підміняй	Підмінки з їхньою мінливою зовнішністю непомітно живуть у багатьох суспільствах. Кожен підмінок може надприродно набувати будь-якого бажаного обличчя, а для декого нове обличчя відкриває нову грань душі.\n\nПерші підмінки мультивсесвіту з’явилися у Феєлоні. Дивовижна мінлива сутність цього плану й досі живе в них — навіть у тих, хто ніколи не ступав до царства фей.\n\nУ справжній подобі підмінки мають блідий вигляд і майже позбавлені виразних рис. Побачити їх такими випадає рідко, адже звичайний підмінок змінює подобу так само легко, як інші змінюють одяг. Проте багато підмінків створюють глибокі особистості з власною історією та переконаннями для кожної подоби. Підмінок-мандрівник може мати окремі особистості для переговорів, розслідувань і бою.\n\nКілька підмінків можуть поділяти одну особистість. Такі особистості навіть передаються в родині, даючи молодшому підмінкові змогу скористатися зв’язками, які налагодили її попередні носії.
h00779e8dg1144g5eecg3f98g33292e8dea42	MORFOLOGIK_RULE_UK_UA	Можлива механічна помилка	підмінок	Знайдено потенційну орфографічну помилку.	відмінок, підміною, підміно, підмін ок	Підмінки з їхньою мінливою зовнішністю непомітно живуть у багатьох суспільствах. Кожен підмінок може надприродно набувати будь-якого бажаного обличчя, а для декого нове обличчя відкриває нову грань душі.\n\nПерші підмінки мультивсесвіту з’явилися у Феєлоні. Дивовижна мінлива сутність цього плану й досі живе в них — навіть у тих, хто ніколи не ступав до царства фей.\n\nУ справжній подобі підмінки мають блідий вигляд і майже позбавлені виразних рис. Побачити їх такими випадає рідко, адже звичайний підмінок змінює подобу так само легко, як інші змінюють одяг. Проте багато підмінків створюють глибокі особистості з власною історією та переконаннями для кожної подоби. Підмінок-мандрівник може мати окремі особистості для переговорів, розслідувань і бою.\n\nКілька підмінків можуть поділяти одну особистість. Такі особистості навіть передаються в родині, даючи молодшому підмінкові змогу скористатися зв’язками, які налагодили її попередні носії.
h00779e8dg1144g5eecg3f98g33292e8dea42	MORFOLOGIK_RULE_UK_UA	Можлива механічна помилка	підмінки	Знайдено потенційну орфографічну помилку.	підміни, відмінки, підмінуй, підмінюй, підміняй	Підмінки з їхньою мінливою зовнішністю непомітно живуть у багатьох суспільствах. Кожен підмінок може надприродно набувати будь-якого бажаного обличчя, а для декого нове обличчя відкриває нову грань душі.\n\nПерші підмінки мультивсесвіту з’явилися у Феєлоні. Дивовижна мінлива сутність цього плану й досі живе в них — навіть у тих, хто ніколи не ступав до царства фей.\n\nУ справжній подобі підмінки мають блідий вигляд і майже позбавлені виразних рис. Побачити їх такими випадає рідко, адже звичайний підмінок змінює подобу так само легко, як інші змінюють одяг. Проте багато підмінків створюють глибокі особистості з власною історією та переконаннями для кожної подоби. Підмінок-мандрівник може мати окремі особистості для переговорів, розслідувань і бою.\n\nКілька підмінків можуть поділяти одну особистість. Такі особистості навіть передаються в родині, даючи молодшому підмінкові змогу скористатися зв’язками, які налагодили її попередні носії.
h00779e8dg1144g5eecg3f98g33292e8dea42	MORFOLOGIK_RULE_UK_UA	Можлива механічна помилка	Феєлоні	Знайдено потенційну орфографічну помилку.	Феллоні, Фелоні, Феє лоні	Підмінки з їхньою мінливою зовнішністю непомітно живуть у багатьох суспільствах. Кожен підмінок може надприродно набувати будь-якого бажаного обличчя, а для декого нове обличчя відкриває нову грань душі.\n\nПерші підмінки мультивсесвіту з’явилися у Феєлоні. Дивовижна мінлива сутність цього плану й досі живе в них — навіть у тих, хто ніколи не ступав до царства фей.\n\nУ справжній подобі підмінки мають блідий вигляд і майже позбавлені виразних рис. Побачити їх такими випадає рідко, адже звичайний підмінок змінює подобу так само легко, як інші змінюють одяг. Проте багато підмінків створюють глибокі особистості з власною історією та переконаннями для кожної подоби. Підмінок-мандрівник може мати окремі особистості для переговорів, розслідувань і бою.\n\nКілька підмінків можуть поділяти одну особистість. Такі особистості навіть передаються в родині, даючи молодшому підмінкові змогу скористатися зв’язками, які налагодили її попередні носії.
h00779e8dg1144g5eecg3f98g33292e8dea42	MORFOLOGIK_RULE_UK_UA	Можлива механічна помилка	підмінки	Знайдено потенційну орфографічну помилку.	підміни, відмінки, підмінуй, підмінюй, підміняй	Підмінки з їхньою мінливою зовнішністю непомітно живуть у багатьох суспільствах. Кожен підмінок може надприродно набувати будь-якого бажаного обличчя, а для декого нове обличчя відкриває нову грань душі.\n\nПерші підмінки мультивсесвіту з’явилися у Феєлоні. Дивовижна мінлива сутність цього плану й досі живе в них — навіть у тих, хто ніколи не ступав до царства фей.\n\nУ справжній подобі підмінки мають блідий вигляд і майже позбавлені виразних рис. Побачити їх такими випадає рідко, адже звичайний підмінок змінює подобу так само легко, як інші змінюють одяг. Проте багато підмінків створюють глибокі особистості з власною історією та переконаннями для кожної подоби. Підмінок-мандрівник може мати окремі особистості для переговорів, розслідувань і бою.\n\nКілька підмінків можуть поділяти одну особистість. Такі особистості навіть передаються в родині, даючи молодшому підмінкові змогу скористатися зв’язками, які налагодили її попередні носії.
h00779e8dg1144g5eecg3f98g33292e8dea42	MORFOLOGIK_RULE_UK_UA	Можлива механічна помилка	підмінок	Знайдено потенційну орфографічну помилку.	відмінок, підміною, підміно, підмін ок	Підмінки з їхньою мінливою зовнішністю непомітно живуть у багатьох суспільствах. Кожен підмінок може надприродно набувати будь-якого бажаного обличчя, а для декого нове обличчя відкриває нову грань душі.\n\nПерші підмінки мультивсесвіту з’явилися у Феєлоні. Дивовижна мінлива сутність цього плану й досі живе в них — навіть у тих, хто ніколи не ступав до царства фей.\n\nУ справжній подобі підмінки мають блідий вигляд і майже позбавлені виразних рис. Побачити їх такими випадає рідко, адже звичайний підмінок змінює подобу так само легко, як інші змінюють одяг. Проте багато підмінків створюють глибокі особистості з власною історією та переконаннями для кожної подоби. Підмінок-мандрівник може мати окремі особистості для переговорів, розслідувань і бою.\n\nКілька підмінків можуть поділяти одну особистість. Такі особистості навіть передаються в родині, даючи молодшому підмінкові змогу скористатися зв’язками, які налагодили її попередні носії.
h00779e8dg1144g5eecg3f98g33292e8dea42	MORFOLOGIK_RULE_UK_UA	Можлива механічна помилка	підмінків	Знайдено потенційну орфографічну помилку.	відмінків	Підмінки з їхньою мінливою зовнішністю непомітно живуть у багатьох суспільствах. Кожен підмінок може надприродно набувати будь-якого бажаного обличчя, а для декого нове обличчя відкриває нову грань душі.\n\nПерші підмінки мультивсесвіту з’явилися у Феєлоні. Дивовижна мінлива сутність цього плану й досі живе в них — навіть у тих, хто ніколи не ступав до царства фей.\n\nУ справжній подобі підмінки мають блідий вигляд і майже позбавлені виразних рис. Побачити їх такими випадає рідко, адже звичайний підмінок змінює подобу так само легко, як інші змінюють одяг. Проте багато підмінків створюють глибокі особистості з власною історією та переконаннями для кожної подоби. Підмінок-мандрівник може мати окремі особистості для переговорів, розслідувань і бою.\n\nКілька підмінків можуть поділяти одну особистість. Такі особистості навіть передаються в родині, даючи молодшому підмінкові змогу скористатися зв’язками, які налагодили її попередні носії.
h00779e8dg1144g5eecg3f98g33292e8dea42	MORFOLOGIK_RULE_UK_UA	Можлива механічна помилка	Підмінок-мандрівник	Знайдено потенційну орфографічну помилку.		Підмінки з їхньою мінливою зовнішністю непомітно живуть у багатьох суспільствах. Кожен підмінок може надприродно набувати будь-якого бажаного обличчя, а для декого нове обличчя відкриває нову грань душі.\n\nПерші підмінки мультивсесвіту з’явилися у Феєлоні. Дивовижна мінлива сутність цього плану й досі живе в них — навіть у тих, хто ніколи не ступав до царства фей.\n\nУ справжній подобі підмінки мають блідий вигляд і майже позбавлені виразних рис. Побачити їх такими випадає рідко, адже звичайний підмінок змінює подобу так само легко, як інші змінюють одяг. Проте багато підмінків створюють глибокі особистості з власною історією та переконаннями для кожної подоби. Підмінок-мандрівник може мати окремі особистості для переговорів, розслідувань і бою.\n\nКілька підмінків можуть поділяти одну особистість. Такі особистості навіть передаються в родині, даючи молодшому підмінкові змогу скористатися зв’язками, які налагодили її попередні носії.
h00779e8dg1144g5eecg3f98g33292e8dea42	MORFOLOGIK_RULE_UK_UA	Можлива механічна помилка	підмінків	Знайдено потенційну орфографічну помилку.	відмінків	Підмінки з їхньою мінливою зовнішністю непомітно живуть у багатьох суспільствах. Кожен підмінок може надприродно набувати будь-якого бажаного обличчя, а для декого нове обличчя відкриває нову грань душі.\n\nПерші підмінки мультивсесвіту з’явилися у Феєлоні. Дивовижна мінлива сутність цього плану й досі живе в них — навіть у тих, хто ніколи не ступав до царства фей.\n\nУ справжній подобі підмінки мають блідий вигляд і майже позбавлені виразних рис. Побачити їх такими випадає рідко, адже звичайний підмінок змінює подобу так само легко, як інші змінюють одяг. Проте багато підмінків створюють глибокі особистості з власною історією та переконаннями для кожної подоби. Підмінок-мандрівник може мати окремі особистості для переговорів, розслідувань і бою.\n\nКілька підмінків можуть поділяти одну особистість. Такі особистості навіть передаються в родині, даючи молодшому підмінкові змогу скористатися зв’язками, які налагодили її попередні носії.
h00779e8dg1144g5eecg3f98g33292e8dea42	MORFOLOGIK_RULE_UK_UA	Можлива механічна помилка	підмінкові	Знайдено потенційну орфографічну помилку.	відмінкові	Підмінки з їхньою мінливою зовнішністю непомітно живуть у багатьох суспільствах. Кожен підмінок може надприродно набувати будь-якого бажаного обличчя, а для декого нове обличчя відкриває нову грань душі.\n\nПерші підмінки мультивсесвіту з’явилися у Феєлоні. Дивовижна мінлива сутність цього плану й досі живе в них — навіть у тих, хто ніколи не ступав до царства фей.\n\nУ справжній подобі підмінки мають блідий вигляд і майже позбавлені виразних рис. Побачити їх такими випадає рідко, адже звичайний підмінок змінює подобу так само легко, як інші змінюють одяг. Проте багато підмінків створюють глибокі особистості з власною історією та переконаннями для кожної подоби. Підмінок-мандрівник може мати окремі особистості для переговорів, розслідувань і бою.\n\nКілька підмінків можуть поділяти одну особистість. Такі особистості навіть передаються в родині, даючи молодшому підмінкові змогу скористатися зв’язками, які налагодили її попередні носії.
he0997113gd8aeg5a32g0cadg6583a1780b19	COMMA_PARENTHESIS_WHITESPACE	Оформлення	 ,	Поставте пробіл після коми, а не перед комою.	,	"Завдяки зв’язку із царством фей ви набуваєте володіння двома навичками на свій вибір: <LSTag Type=""Skills"" Tooltip=""Deception"">Обман</LSTag>, <LSTag Type=""Skills"" Tooltip=""Insight"">Проникливість</LSTag>, <LSTag Type=""Skills"" Tooltip=""Intimidation"">Залякування</LSTag>, <LSTag Type=""Skills"" Tooltip=""Performance"">Артистичність</LSTag> або <LSTag Type=""Skills"" Tooltip=""Persuasion"">Переконання</LSTag>."
he0997113gd8aeg5a32g0cadg6583a1780b19	COMMA_PARENTHESIS_WHITESPACE	Оформлення	 ,	Поставте пробіл після коми, а не перед комою.	,	"Завдяки зв’язку із царством фей ви набуваєте володіння двома навичками на свій вибір: <LSTag Type=""Skills"" Tooltip=""Deception"">Обман</LSTag>, <LSTag Type=""Skills"" Tooltip=""Insight"">Проникливість</LSTag>, <LSTag Type=""Skills"" Tooltip=""Intimidation"">Залякування</LSTag>, <LSTag Type=""Skills"" Tooltip=""Performance"">Артистичність</LSTag> або <LSTag Type=""Skills"" Tooltip=""Persuasion"">Переконання</LSTag>."
he0997113gd8aeg5a32g0cadg6583a1780b19	COMMA_PARENTHESIS_WHITESPACE	Оформлення	 ,	Поставте пробіл після коми, а не перед комою.	,	"Завдяки зв’язку із царством фей ви набуваєте володіння двома навичками на свій вибір: <LSTag Type=""Skills"" Tooltip=""Deception"">Обман</LSTag>, <LSTag Type=""Skills"" Tooltip=""Insight"">Проникливість</LSTag>, <LSTag Type=""Skills"" Tooltip=""Intimidation"">Залякування</LSTag>, <LSTag Type=""Skills"" Tooltip=""Performance"">Артистичність</LSTag> або <LSTag Type=""Skills"" Tooltip=""Persuasion"">Переконання</LSTag>."
he0997113gd8aeg5a32g0cadg6583a1780b19	COMMA_PARENTHESIS_WHITESPACE	Оформлення	 .	Не ставте пробіл перед крапкою.	.	"Завдяки зв’язку із царством фей ви набуваєте володіння двома навичками на свій вибір: <LSTag Type=""Skills"" Tooltip=""Deception"">Обман</LSTag>, <LSTag Type=""Skills"" Tooltip=""Insight"">Проникливість</LSTag>, <LSTag Type=""Skills"" Tooltip=""Intimidation"">Залякування</LSTag>, <LSTag Type=""Skills"" Tooltip=""Performance"">Артистичність</LSTag> або <LSTag Type=""Skills"" Tooltip=""Persuasion"">Переконання</LSTag>."
h38834643g8993gebb9g329bg7091b7ffff24	COMMA_PARENTHESIS_WHITESPACE	Оформлення	( 	Не ставте пробіл після лівої дужки	(	"Ви можете проказувати «Магічну руку» вторинною дією та робити примарну руку невидимою. Рука також може нишпорити по кишенях, виконуючи перевірку спритності (<LSTag Type=""Skills"" Tooltip=""SleightOfHand"">Спритність рук</LSTag>) із вашим модифікатором Містичного штукаря."
h38834643g8993gebb9g329bg7091b7ffff24	COMMA_PARENTHESIS_WHITESPACE	Оформлення	 )	Не ставте пробіл перед правою дужкою	)	"Ви можете проказувати «Магічну руку» вторинною дією та робити примарну руку невидимою. Рука також може нишпорити по кишенях, виконуючи перевірку спритності (<LSTag Type=""Skills"" Tooltip=""SleightOfHand"">Спритність рук</LSTag>) із вашим модифікатором Містичного штукаря."
hf1072944g3718g45edgace3ga7e816803e30	COMMA_PARENTHESIS_WHITESPACE	Оформлення	( 	Не ставте пробіл після лівої дужки	(	"Залізьте до кишень цілі й спробуйте викрасти предмет. Для перевірки спритності (<LSTag Type=""Skills"" Tooltip=""SleightOfHand"">Спритність рук</LSTag>) використовується ваш власний модифікатор Містичного штукаря."
hf1072944g3718g45edgace3ga7e816803e30	COMMA_PARENTHESIS_WHITESPACE	Оформлення	 )	Не ставте пробіл перед правою дужкою	)	"Залізьте до кишень цілі й спробуйте викрасти предмет. Для перевірки спритності (<LSTag Type=""Skills"" Tooltip=""SleightOfHand"">Спритність рук</LSTag>) використовується ваш власний модифікатор Містичного штукаря."
h2944739bg0fccgd61eg92c1g5c03f06fda01	MORFOLOGIK_RULE_UK_UA	Можлива механічна помилка	Гноль	Знайдено потенційну орфографічну помилку.	Гниль, Кноль	Гноль
hb1e1f1ccg8b1fg0c0eg7a39gdbe307c41c2a	MORFOLOGIK_RULE_UK_UA	Можлива механічна помилка	Єногу	Знайдено потенційну орфографічну помилку.	Ногу, Єноху, Многу, Єноту, Є ногу, Єно гу	Здичавіла гієноподібна нечисть, що без розбору чинить різанину, намагаючись вгамувати ненаситний голод свого демонічного творця Єногу.
hcfaede04g37feg52c1g02a1g79498988da95	MORFOLOGIK_RULE_UK_UA	Можлива механічна помилка	Гноль	Знайдено потенційну орфографічну помилку.	Гниль, Кноль	Гноль Флінд
hcfaede04g37feg52c1g02a1g79498988da95	MORFOLOGIK_RULE_UK_UA	Можлива механічна помилка	Флінд	Знайдено потенційну орфографічну помилку.	Лінд, Флінн, Флінт	Гноль Флінд
h2c4006d3g73ecg08bfg17a3g3faf573592f2	MORFOLOGIK_RULE_UK_UA	Можлива механічна помилка	Єногу	Знайдено потенційну орфографічну помилку.	Ногу, Єноху, Многу, Єноту, Є ногу, Єно гу	Здичавіла гієноподібна нечисть, що без розбору чинить різанину, намагаючись вгамувати ненаситний голод свого демонічного творця Єногу.
h2fc7ca1ag45b3g3d7fg4bc3g7371ce249b55	MORFOLOGIK_RULE_UK_UA	Можлива механічна помилка	Ведмебай	Знайдено потенційну орфографічну помилку.	Ведмежа, Ведмежий, Ведмежки, Ведмежій, Ведмедки, Ведмежам, Ведмежат, Ведмежати	Ведмебай
h9d1db6edgfe03gd1b6g95aeg9d83628a6e5e	MORFOLOGIK_RULE_UK_UA	Можлива механічна помилка	Страхоблін	Знайдено потенційну орфографічну помилку.	Страхові, Страхової, Страховій, Стратоплан, Страховині, Страховці, Страховім, Страхолюд	Страхоблін
haaeaefd6ge211ge406g3964g5d846312973c	MORFOLOGIK_RULE_UK_UA	Можлива механічна помилка	Кобольд	Знайдено потенційну орфографічну помилку.	Король, Коболєв, Соболь, Кобальт, Кобель, Кобол, Коболе, Коболом	Кобольд
h49f573e0g51d8gab8ag3788g56d525e94705	MORFOLOGIK_RULE_UK_UA	Можлива механічна помилка	Куо-тоа	Знайдено потенційну орфографічну помилку.	Котра, Коштом, Куратор, Кота, Кута, Кутом, Квота, Квотою	Куо-тоа
hf0fa09deg1153gff8agc30fgf43e347dc403	MORFOLOGIK_RULE_UK_UA	Можлива механічна помилка	Підмороку	Знайдено потенційну орфографічну помилку.	Півмороку, Підморожу, Під мороку, Підмор оку	Божевільні рибоподібні обивателі Підмороку, які з шаленим релігійним фанатизмом поклоняються уявним богам.
h3f9f2b2agdef2g4181g854bgea3484c5155b	MORFOLOGIK_RULE_UK_UA	Можлива механічна помилка	Сахваґін	Знайдено потенційну орфографічну помилку.	Сахалін	Сахваґін
h0a5c529fg9486g9b83gd997g8501abdfdb1b	MORFOLOGIK_RULE_UK_UA	Можлива механічна помилка	РЗ	Знайдено потенційну орфографічну помилку.	З, ІЗ, РАЗ, РФ, ВЗ, РБ, ПЗ, РП	Доки ви не залишите подобу, ваш РЗ дорівнює 13 + ваш модифікатор мудрості, якщо ця сума перевищує РЗ звіра.
h0a5c529fg9486g9b83gd997g8501abdfdb1b	MORFOLOGIK_RULE_UK_UA	Можлива механічна помилка	РЗ	Знайдено потенційну орфографічну помилку.	З, ІЗ, РАЗ, РФ, ВЗ, РБ, ПЗ, РП	Доки ви не залишите подобу, ваш РЗ дорівнює 13 + ваш модифікатор мудрості, якщо ця сума перевищує РЗ звіра.
hfe00d696gc13ega9a7g3f41g5fe01cf6c73e	MORFOLOGIK_RULE_UK_UA	Можлива механічна помилка	бісин	Знайдено потенційну орфографічну помилку.	біси, Бідин, Білин, бусин, бісив, бісик, бісина, бісине	Абісальний бісин
he5309e85gddddg797fg0081g19accd6ede60	MORFOLOGIK_RULE_UK_UA	Можлива механічна помилка	бісинів	Знайдено потенційну орфографічну помилку.	бісиків, бісині, бісиній, бісинім, бісині в	Ентропія Безодні, хаос Пандемоніуму та відчай Карцері кличуть бісинів зі спадщиною Безодні. Роги, хутро, бивні та незвичні запахи — типові фізичні риси таких бісинів, у жилах більшості з яких тече кров демонів.
he5309e85gddddg797fg0081g19accd6ede60	MORFOLOGIK_RULE_UK_UA	Можлива механічна помилка	бісинів	Знайдено потенційну орфографічну помилку.	бісиків, бісині, бісиній, бісинім, бісині в	Ентропія Безодні, хаос Пандемоніуму та відчай Карцері кличуть бісинів зі спадщиною Безодні. Роги, хутро, бивні та незвичні запахи — типові фізичні риси таких бісинів, у жилах більшості з яких тече кров демонів.
h23814ae4g55bbg25cbg61a4gcf6756b9d02f	MORFOLOGIK_RULE_UK_UA	Можлива механічна помилка	Бісини	Знайдено потенційну орфографічну помилку.	Бусини, Білини, Бісики, Бісили, Бісина, Бісине, Бісиний, Бісиним	Бісини з хтонічною спадщиною відчувають не лише поклик Карцері, а й жадобу Геєни та морок Аїду. Деякі з них мають трупоподібний вигляд. Інші наділені неземною красою сукубів або мають спільні фізичні риси з нічною каргою, юголотом чи іншим нейтрально-злим предком із нечисті.
h23814ae4g55bbg25cbg61a4gcf6756b9d02f	MORFOLOGIK_RULE_UK_UA	Можлива механічна помилка	трупоподібний	Знайдено потенційну орфографічну помилку.	трубоподібний, трупо подібний	Бісини з хтонічною спадщиною відчувають не лише поклик Карцері, а й жадобу Геєни та морок Аїду. Деякі з них мають трупоподібний вигляд. Інші наділені неземною красою сукубів або мають спільні фізичні риси з нічною каргою, юголотом чи іншим нейтрально-злим предком із нечисті.
h23814ae4g55bbg25cbg61a4gcf6756b9d02f	MORFOLOGIK_RULE_UK_UA	Можлива механічна помилка	сукубів	Знайдено потенційну орфографічну помилку.	кубів, Кубів, укусів, Кукобів, Кукулів, Скубі, Сукачів, Цукурів	Бісини з хтонічною спадщиною відчувають не лише поклик Карцері, а й жадобу Геєни та морок Аїду. Деякі з них мають трупоподібний вигляд. Інші наділені неземною красою сукубів або мають спільні фізичні риси з нічною каргою, юголотом чи іншим нейтрально-злим предком із нечисті.
h23814ae4g55bbg25cbg61a4gcf6756b9d02f	MORFOLOGIK_RULE_UK_UA	Можлива механічна помилка	юголотом	Знайдено потенційну орфографічну помилку.	юго лотом	Бісини з хтонічною спадщиною відчувають не лише поклик Карцері, а й жадобу Геєни та морок Аїду. Деякі з них мають трупоподібний вигляд. Інші наділені неземною красою сукубів або мають спільні фізичні риси з нічною каргою, юголотом чи іншим нейтрально-злим предком із нечисті.
hc7b4d637g873egedaega2b5g55638c2965cd	MORFOLOGIK_RULE_UK_UA	Можлива механічна помилка	бісин	Знайдено потенційну орфографічну помилку.	біси, Бідин, Білин, бусин, бісив, бісик, бісина, бісине	Хтонічний бісин
h502c43ffg8aceg5a29gb438g81efeef8bc10	MORFOLOGIK_RULE_UK_UA	Можлива механічна помилка	бісин	Знайдено потенційну орфографічну помилку.	біси, Бідин, Білин, бусин, бісив, бісик, бісина, бісине	Пекельний бісин
h5da3e166g6f07g3d22gef0cgeb154599ff70	MORFOLOGIK_RULE_UK_UA	Можлива механічна помилка	бісинів	Знайдено потенційну орфографічну помилку.	бісиків, бісині, бісиній, бісинім, бісині в	Пекельна спадщина пов’язує бісинів не лише з Геєною, а й із Дев’ятьма Пеклами та охопленими лютими битвами полями Ахерона. Роги, шипи, хвости, золоті очі та слабкий запах сірки чи диму — типові фізичні риси таких бісинів, більшість із яких ведуть свій рід від дияволів.
h5da3e166g6f07g3d22gef0cgeb154599ff70	MORFOLOGIK_RULE_UK_UA	Можлива механічна помилка	Ахерона	Знайдено потенційну орфографічну помилку.	Ахерна	Пекельна спадщина пов’язує бісинів не лише з Геєною, а й із Дев’ятьма Пеклами та охопленими лютими битвами полями Ахерона. Роги, шипи, хвости, золоті очі та слабкий запах сірки чи диму — типові фізичні риси таких бісинів, більшість із яких ведуть свій рід від дияволів.
h5da3e166g6f07g3d22gef0cgeb154599ff70	MORFOLOGIK_RULE_UK_UA	Можлива механічна помилка	бісинів	Знайдено потенційну орфографічну помилку.	бісиків, бісині, бісиній, бісинім, бісині в	Пекельна спадщина пов’язує бісинів не лише з Геєною, а й із Дев’ятьма Пеклами та охопленими лютими битвами полями Ахерона. Роги, шипи, хвости, золоті очі та слабкий запах сірки чи диму — типові фізичні риси таких бісинів, більшість із яких ведуть свій рід від дияволів.
h3210721bg910cg6d5egf7e0gace10faa1161	COMMA_PARENTHESIS_WHITESPACE	Оформлення	 .	Не ставте пробіл перед крапкою.	.	"Отримано 12 <LSTag Tooltip=""TemporaryHitPoints"">тимчасових очок здоров’я</LSTag>."
hadb5b7dage07bge3f2g8c43g6e8443272c86	archaism	Стиль	Обіт	Це слово або форма є застарілою, архаїчною або діалектною.		Обіт Завоювання
h64172b01gaf40g5fcaga683g03d6646d0c6f	archaism	Стиль	Обіт	Це слово або форма є застарілою, архаїчною або діалектною.		Обіт завоювання кличе паладинів, які прагнуть бойової слави й підкорення ворогів. Їм недостатньо лише встановити порядок — вони мають розтрощити сили хаосу. Тих, хто складає цей обіт, іноді називають лицарями-тиранами або залізниками. Вони об’єднуються в похмурі ордени, що служать богам або вченням війни та впорядкованої могутності.\n\nДеякі з цих паладинів заходять так далеко, що вступають у союз із силами Дев’яти Пекел, ставлячи верховенство закону вище за милосердя. Архідиявол Бел, воєначальник Авернуса, вважає багатьох таких паладинів — так званих пекельних лицарів — своїми найвідданішими прихильниками. Пекельні лицарі вкривають обладунки трофеями, здобутими з полеглих ворогів, як похмурим попередженням усім, хто наважиться опиратися їм та указам їхніх володарів. Найзапекліше їм часто протистоять інші паладини цього обіту, які вважають, що пекельні лицарі надто далеко зайшли в темряву.
h64172b01gaf40g5fcaga683g03d6646d0c6f	archaism	Стиль	обіт	Це слово або форма є застарілою, архаїчною або діалектною.		Обіт завоювання кличе паладинів, які прагнуть бойової слави й підкорення ворогів. Їм недостатньо лише встановити порядок — вони мають розтрощити сили хаосу. Тих, хто складає цей обіт, іноді називають лицарями-тиранами або залізниками. Вони об’єднуються в похмурі ордени, що служать богам або вченням війни та впорядкованої могутності.\n\nДеякі з цих паладинів заходять так далеко, що вступають у союз із силами Дев’яти Пекел, ставлячи верховенство закону вище за милосердя. Архідиявол Бел, воєначальник Авернуса, вважає багатьох таких паладинів — так званих пекельних лицарів — своїми найвідданішими прихильниками. Пекельні лицарі вкривають обладунки трофеями, здобутими з полеглих ворогів, як похмурим попередженням усім, хто наважиться опиратися їм та указам їхніх володарів. Найзапекліше їм часто протистоять інші паладини цього обіту, які вважають, що пекельні лицарі надто далеко зайшли в темряву.
h64172b01gaf40g5fcaga683g03d6646d0c6f	MORFOLOGIK_RULE_UK_UA	Можлива механічна помилка	залізниками	Знайдено потенційну орфографічну помилку.	Залізняками, залізняками	Обіт завоювання кличе паладинів, які прагнуть бойової слави й підкорення ворогів. Їм недостатньо лише встановити порядок — вони мають розтрощити сили хаосу. Тих, хто складає цей обіт, іноді називають лицарями-тиранами або залізниками. Вони об’єднуються в похмурі ордени, що служать богам або вченням війни та впорядкованої могутності.\n\nДеякі з цих паладинів заходять так далеко, що вступають у союз із силами Дев’яти Пекел, ставлячи верховенство закону вище за милосердя. Архідиявол Бел, воєначальник Авернуса, вважає багатьох таких паладинів — так званих пекельних лицарів — своїми найвідданішими прихильниками. Пекельні лицарі вкривають обладунки трофеями, здобутими з полеглих ворогів, як похмурим попередженням усім, хто наважиться опиратися їм та указам їхніх володарів. Найзапекліше їм часто протистоять інші паладини цього обіту, які вважають, що пекельні лицарі надто далеко зайшли в темряву.
h64172b01gaf40g5fcaga683g03d6646d0c6f	MORFOLOGIK_RULE_UK_UA	Можлива механічна помилка	Архідиявол	Знайдено потенційну орфографічну помилку.	Архідиякон	Обіт завоювання кличе паладинів, які прагнуть бойової слави й підкорення ворогів. Їм недостатньо лише встановити порядок — вони мають розтрощити сили хаосу. Тих, хто складає цей обіт, іноді називають лицарями-тиранами або залізниками. Вони об’єднуються в похмурі ордени, що служать богам або вченням війни та впорядкованої могутності.\n\nДеякі з цих паладинів заходять так далеко, що вступають у союз із силами Дев’яти Пекел, ставлячи верховенство закону вище за милосердя. Архідиявол Бел, воєначальник Авернуса, вважає багатьох таких паладинів — так званих пекельних лицарів — своїми найвідданішими прихильниками. Пекельні лицарі вкривають обладунки трофеями, здобутими з полеглих ворогів, як похмурим попередженням усім, хто наважиться опиратися їм та указам їхніх володарів. Найзапекліше їм часто протистоять інші паладини цього обіту, які вважають, що пекельні лицарі надто далеко зайшли в темряву.
h64172b01gaf40g5fcaga683g03d6646d0c6f	MORFOLOGIK_RULE_UK_UA	Можлива механічна помилка	Авернуса	Знайдено потенційну орфографічну помилку.	Звернула, Звернуся, Ввернула, Ввернусь, Ввернуся, Ввернута, Вернула, Вернусь	Обіт завоювання кличе паладинів, які прагнуть бойової слави й підкорення ворогів. Їм недостатньо лише встановити порядок — вони мають розтрощити сили хаосу. Тих, хто складає цей обіт, іноді називають лицарями-тиранами або залізниками. Вони об’єднуються в похмурі ордени, що служать богам або вченням війни та впорядкованої могутності.\n\nДеякі з цих паладинів заходять так далеко, що вступають у союз із силами Дев’яти Пекел, ставлячи верховенство закону вище за милосердя. Архідиявол Бел, воєначальник Авернуса, вважає багатьох таких паладинів — так званих пекельних лицарів — своїми найвідданішими прихильниками. Пекельні лицарі вкривають обладунки трофеями, здобутими з полеглих ворогів, як похмурим попередженням усім, хто наважиться опиратися їм та указам їхніх володарів. Найзапекліше їм часто протистоять інші паладини цього обіту, які вважають, що пекельні лицарі надто далеко зайшли в темряву.
h64172b01gaf40g5fcaga683g03d6646d0c6f	archaism	Стиль	обіту	Це слово або форма є застарілою, архаїчною або діалектною.		Обіт завоювання кличе паладинів, які прагнуть бойової слави й підкорення ворогів. Їм недостатньо лише встановити порядок — вони мають розтрощити сили хаосу. Тих, хто складає цей обіт, іноді називають лицарями-тиранами або залізниками. Вони об’єднуються в похмурі ордени, що служать богам або вченням війни та впорядкованої могутності.\n\nДеякі з цих паладинів заходять так далеко, що вступають у союз із силами Дев’яти Пекел, ставлячи верховенство закону вище за милосердя. Архідиявол Бел, воєначальник Авернуса, вважає багатьох таких паладинів — так званих пекельних лицарів — своїми найвідданішими прихильниками. Пекельні лицарі вкривають обладунки трофеями, здобутими з полеглих ворогів, як похмурим попередженням усім, хто наважиться опиратися їм та указам їхніх володарів. Найзапекліше їм часто протистоять інші паладини цього обіту, які вважають, що пекельні лицарі надто далеко зайшли в темряву.
hb8f19c6eg8b30gf2a4gf843g35b9073b6cf0	archaism	Стиль	обіт	Це слово або форма є застарілою, архаїчною або діалектною.		На плечі паладина, який складає цей обіт, закарбовано засади завоювання.\n\nЗгаси полум’я надії. Недостатньо просто перемогти ворога в бою. Твоя перемога має бути настільки нищівною, щоб назавжди зламати волю ворогів до боротьби. Лезо може покласти край життю. Страх може покласти край імперії.\n\nПрав залізним кулаком. Після завоювання не терпи незгоди. Твоє слово — закон. Покірні матимуть твою прихильність. Неслухняних буде покарано на науку всім, хто захоче піти їхнім шляхом.\n\nСила понад усе. Ти правитимеш, доки не постане хтось сильніший. Тоді мусиш стати могутнішим і прийняти виклик — або загинути.
h903867a1g3cfdg2b4fge6ebg7a3e79936727	archaism	Стиль	Обіту	Це слово або форма є застарілою, архаїчною або діалектною.		Рівень 3: Закляття Обіту Завоювання
hbf3f7449g1ed3gab0dgc670g9f81ada8e42a	archaism	Стиль	Обіту	Це слово або форма є застарілою, архаїчною або діалектною.		Паладини Обіту завоювання отримують такі закляття: на 3-му рівні — «Броня Аґатісу» і «Наказ»; на 5-му — «Утримання особи» та «Духовна зброя»; на 9-му — «Накладання прокляття» й «Страх».
hbf3f7449g1ed3gab0dgc670g9f81ada8e42a	MORFOLOGIK_RULE_UK_UA	Можлива механічна помилка	Аґатісу	Знайдено потенційну орфографічну помилку.	Арахісу, Амадісу, Арамісу, Матісу, Абатису, Агатису	Паладини Обіту завоювання отримують такі закляття: на 3-му рівні — «Броня Аґатісу» і «Наказ»; на 5-му — «Утримання особи» та «Духовна зброя»; на 9-му — «Накладання прокляття» й «Страх».
hb4cccef8g4f09g6448g556ag2414e437228a	MORFOLOGIK_RULE_UK_UA	Можлива механічна помилка	фейською	Знайдено потенційну орфографічну помилку.	Феською, бейською, гейською, зейською, рейською	Барди Колегії хореографії розповідають історії та виконують музику, не видаючи ані звуку. Натомість вони рухаються з фейською грацією й магією, уникаючи шкоди та надихаючи інших. Ці танці походять із Фестервуду, чиї сяйливі спори й світло породжували як дивовижні вистави, так і смертельні небезпеки. Таких бардів можна зустріти всюди — від місцевої корчми до найпрестижніших театральних сцен; вони так само легко доводять публіку до сліз, як і здіймають її на бунт. Кожним рухом вони надихають інших бути сміливими, рухатися та долучатися до танцю.
hb4cccef8g4f09g6448g556ag2414e437228a	MORFOLOGIK_RULE_UK_UA	Можлива механічна помилка	Фестервуду	Знайдено потенційну орфографічну помилку.	Нестеруку, Нестерчуку, Нестерпучу, фест-ервуду	Барди Колегії хореографії розповідають історії та виконують музику, не видаючи ані звуку. Натомість вони рухаються з фейською грацією й магією, уникаючи шкоди та надихаючи інших. Ці танці походять із Фестервуду, чиї сяйливі спори й світло породжували як дивовижні вистави, так і смертельні небезпеки. Таких бардів можна зустріти всюди — від місцевої корчми до найпрестижніших театральних сцен; вони так само легко доводять публіку до сліз, як і здіймають її на бунт. Кожним рухом вони надихають інших бути сміливими, рухатися та долучатися до танцю.
hdfb7e043ga3ecgc3afg13c5g96138794e52b	COMMA_PARENTHESIS_WHITESPACE	Оформлення	 ,	Поставте пробіл після коми, а не перед комою.	,	"Ви опановуєте універсальну мову танцю. Вторинною дією ви можете витратити одне застосування <LSTag Type=""ActionResource"" Tooltip=""BardicInspiration"">Бардівського натхнення</LSTag>, щоб танцем підбадьорити іншу видиму вам істоту на ваш вибір.\n\nКиньте свою кістку Бардівського натхнення. Істота отримує тимчасові очки здоров’я в кількості, що дорівнює результату кидка + ваш модифікатор харизми (щонайменше 2 очки). Отримавши таким чином тимчасові очки здоров’я, істота може негайно застосувати реагування, щоб переміститися на відстань до своєї швидкості, не провокуючи принагідних атак, або виконати дію «Ухилення»."
h391dd984g6a8cge5b0g94c0g187d5c88d2a9	COMMA_PARENTHESIS_WHITESPACE	Оформлення	 .	Не ставте пробіл перед крапкою.	.	"Киньте кістку <LSTag Type=""ActionResource"" Tooltip=""BardicInspiration"">Бардівського натхнення</LSTag>. Істота отримує тимчасові очки здоров’я в кількості, що дорівнює результату кидка + ваш модифікатор харизми (щонайменше 2). Отримавши ці тимчасові очки здоров’я, істота може негайно застосувати реагування, щоб переміститися на відстань до своєї швидкості, не провокуючи принагідних атак, або виконати дію «Ухилення»."
h1b7a04edgc7a6g74bdg9277g31ec3fcfe741	MORFOLOGIK_RULE_UK_UA	Можлива механічна помилка	Дампір	Знайдено потенційну орфографічну помилку.	Ампір, Вампір, Дамір, Дам пір	Дампір
h0fad6c43g2b7bgc902g398agc53db9cc7bff	MORFOLOGIK_RULE_UK_UA	Можлива механічна помилка	Дампіри	Знайдено потенційну орфографічну помилку.	Вампіри	Дампіри — живі люди з вампірськими здібностями, прокляті моторошним голодом. Більшість дампірів жадають крові, але деякі живляться снами, життєвою енергією чи іншими джерелами життєвої сили. Кожен дампір мусить вибрати: боротися за контроль над своїм голодом чи піддатися хижацьким поривам.
h0fad6c43g2b7bgc902g398agc53db9cc7bff	MORFOLOGIK_RULE_UK_UA	Можлива механічна помилка	дампірів	Знайдено потенційну орфографічну помилку.	вампірів	Дампіри — живі люди з вампірськими здібностями, прокляті моторошним голодом. Більшість дампірів жадають крові, але деякі живляться снами, життєвою енергією чи іншими джерелами життєвої сили. Кожен дампір мусить вибрати: боротися за контроль над своїм голодом чи піддатися хижацьким поривам.
h0fad6c43g2b7bgc902g398agc53db9cc7bff	MORFOLOGIK_RULE_UK_UA	Можлива механічна помилка	дампір	Знайдено потенційну орфографічну помилку.	ампір, вампір, Дамір, дам пір	Дампіри — живі люди з вампірськими здібностями, прокляті моторошним голодом. Більшість дампірів жадають крові, але деякі живляться снами, життєвою енергією чи іншими джерелами життєвої сили. Кожен дампір мусить вибрати: боротися за контроль над своїм голодом чи піддатися хижацьким поривам.
h322dd281geebcg3395g976fg599528ae15b3	MORFOLOGIK_RULE_UK_UA	Можлива механічна помилка	Дампіри	Знайдено потенційну орфографічну помилку.	Вампіри	Дампіри — живі люди з вампірськими здібностями, прокляті моторошним голодом. Більшість дампірів жадають крові, але деякі живляться снами, життєвою енергією чи іншими джерелами життєвої сили. Кожен дампір мусить вибрати: боротися за контроль над своїм голодом чи піддатися хижацьким поривам.
h322dd281geebcg3395g976fg599528ae15b3	MORFOLOGIK_RULE_UK_UA	Можлива механічна помилка	дампірів	Знайдено потенційну орфографічну помилку.	вампірів	Дампіри — живі люди з вампірськими здібностями, прокляті моторошним голодом. Більшість дампірів жадають крові, але деякі живляться снами, життєвою енергією чи іншими джерелами життєвої сили. Кожен дампір мусить вибрати: боротися за контроль над своїм голодом чи піддатися хижацьким поривам.
h322dd281geebcg3395g976fg599528ae15b3	MORFOLOGIK_RULE_UK_UA	Можлива механічна помилка	дампір	Знайдено потенційну орфографічну помилку.	ампір, вампір, Дамір, дам пір	Дампіри — живі люди з вампірськими здібностями, прокляті моторошним голодом. Більшість дампірів жадають крові, але деякі живляться снами, життєвою енергією чи іншими джерелами життєвої сили. Кожен дампір мусить вибрати: боротися за контроль над своїм голодом чи піддатися хижацьким поривам.
hd491ceccg138fg0537gb43fg5defc61c0f30	MORFOLOGIK_RULE_UK_UA	Можлива механічна помилка	Дампір	Знайдено потенційну орфографічну помилку.	Ампір, Вампір, Дамір, Дам пір	Дампір
hf9129957g8bdeg2134g6e2age3382971e6e3	MORFOLOGIK_RULE_UK_UA	Можлива механічна помилка	Дампір	Знайдено потенційну орфографічну помилку.	Ампір, Вампір, Дамір, Дам пір	Дампір
h29af99d0g2e9ag3d27gcacdgac35a6d11c60	MORFOLOGIK_RULE_UK_UA	Можлива механічна помилка	Дампіри	Знайдено потенційну орфографічну помилку.	Вампіри	Дампіри — живі люди з вампірськими здібностями, прокляті моторошним голодом. Більшість із них жадає крові, хоча дехто живиться снами, життєвою енергією чи іншими джерелами життєвої сили. Кожен дампір мусить вирішити, чи приборкувати свій голод, чи віддатися хижацьким поривам.\n\nДампіри часто з’являються після зустрічей із вампірами: одні є нащадками могутнього вампіра, а інших частково перетворив вампірський укус. Причиною також можуть стати моторошна угода або некромантичний вплив. Хоч би яким було їхнє походження, вампірська природа дампірів проявляється по-різному — зокрема надзвичайною швидкістю та укусом, що висмоктує життєву силу.
h29af99d0g2e9ag3d27gcacdgac35a6d11c60	MORFOLOGIK_RULE_UK_UA	Можлива механічна помилка	дампір	Знайдено потенційну орфографічну помилку.	ампір, вампір, Дамір, дам пір	Дампіри — живі люди з вампірськими здібностями, прокляті моторошним голодом. Більшість із них жадає крові, хоча дехто живиться снами, життєвою енергією чи іншими джерелами життєвої сили. Кожен дампір мусить вирішити, чи приборкувати свій голод, чи віддатися хижацьким поривам.\n\nДампіри часто з’являються після зустрічей із вампірами: одні є нащадками могутнього вампіра, а інших частково перетворив вампірський укус. Причиною також можуть стати моторошна угода або некромантичний вплив. Хоч би яким було їхнє походження, вампірська природа дампірів проявляється по-різному — зокрема надзвичайною швидкістю та укусом, що висмоктує життєву силу.
h29af99d0g2e9ag3d27gcacdgac35a6d11c60	MORFOLOGIK_RULE_UK_UA	Можлива механічна помилка	Дампіри	Знайдено потенційну орфографічну помилку.	Вампіри	Дампіри — живі люди з вампірськими здібностями, прокляті моторошним голодом. Більшість із них жадає крові, хоча дехто живиться снами, життєвою енергією чи іншими джерелами життєвої сили. Кожен дампір мусить вирішити, чи приборкувати свій голод, чи віддатися хижацьким поривам.\n\nДампіри часто з’являються після зустрічей із вампірами: одні є нащадками могутнього вампіра, а інших частково перетворив вампірський укус. Причиною також можуть стати моторошна угода або некромантичний вплив. Хоч би яким було їхнє походження, вампірська природа дампірів проявляється по-різному — зокрема надзвичайною швидкістю та укусом, що висмоктує життєву силу.
h29af99d0g2e9ag3d27gcacdgac35a6d11c60	MORFOLOGIK_RULE_UK_UA	Можлива механічна помилка	некромантичний	Знайдено потенційну орфографічну помилку.	неоромантичний, неромантичний	Дампіри — живі люди з вампірськими здібностями, прокляті моторошним голодом. Більшість із них жадає крові, хоча дехто живиться снами, життєвою енергією чи іншими джерелами життєвої сили. Кожен дампір мусить вирішити, чи приборкувати свій голод, чи віддатися хижацьким поривам.\n\nДампіри часто з’являються після зустрічей із вампірами: одні є нащадками могутнього вампіра, а інших частково перетворив вампірський укус. Причиною також можуть стати моторошна угода або некромантичний вплив. Хоч би яким було їхнє походження, вампірська природа дампірів проявляється по-різному — зокрема надзвичайною швидкістю та укусом, що висмоктує життєву силу.
h29af99d0g2e9ag3d27gcacdgac35a6d11c60	MORFOLOGIK_RULE_UK_UA	Можлива механічна помилка	дампірів	Знайдено потенційну орфографічну помилку.	вампірів	Дампіри — живі люди з вампірськими здібностями, прокляті моторошним голодом. Більшість із них жадає крові, хоча дехто живиться снами, життєвою енергією чи іншими джерелами життєвої сили. Кожен дампір мусить вирішити, чи приборкувати свій голод, чи віддатися хижацьким поривам.\n\nДампіри часто з’являються після зустрічей із вампірами: одні є нащадками могутнього вампіра, а інших частково перетворив вампірський укус. Причиною також можуть стати моторошна угода або некромантичний вплив. Хоч би яким було їхнє походження, вампірська природа дампірів проявляється по-різному — зокрема надзвичайною швидкістю та укусом, що висмоктує життєву силу.
h7552731cg5e2eg86a4gd7e3ga6729073015a	MORFOLOGIK_RULE_UK_UA	Можлива механічна помилка	Дампір	Знайдено потенційну орфографічну помилку.	Ампір, Вампір, Дамір, Дам пір	Дампір
hfc668bb4g673dg15b5gb679g36c811cabc30	MORFOLOGIK_RULE_UK_UA	Можлива механічна помилка	Дампіри	Знайдено потенційну орфографічну помилку.	Вампіри	Дампіри — живі люди з вампірськими здібностями, прокляті моторошним голодом. Більшість із них жадає крові, хоча дехто живиться снами, життєвою енергією чи іншими джерелами життєвої сили. Кожен дампір мусить вирішити, чи приборкувати свій голод, чи віддатися хижацьким поривам.\n\nДампіри часто з’являються після зустрічей із вампірами: одні є нащадками могутнього вампіра, а інших частково перетворив вампірський укус. Причиною також можуть стати моторошна угода або некромантичний вплив. Хоч би яким було їхнє походження, вампірська природа дампірів проявляється по-різному — зокрема надзвичайною швидкістю та укусом, що висмоктує життєву силу.
hfc668bb4g673dg15b5gb679g36c811cabc30	MORFOLOGIK_RULE_UK_UA	Можлива механічна помилка	дампір	Знайдено потенційну орфографічну помилку.	ампір, вампір, Дамір, дам пір	Дампіри — живі люди з вампірськими здібностями, прокляті моторошним голодом. Більшість із них жадає крові, хоча дехто живиться снами, життєвою енергією чи іншими джерелами життєвої сили. Кожен дампір мусить вирішити, чи приборкувати свій голод, чи віддатися хижацьким поривам.\n\nДампіри часто з’являються після зустрічей із вампірами: одні є нащадками могутнього вампіра, а інших частково перетворив вампірський укус. Причиною також можуть стати моторошна угода або некромантичний вплив. Хоч би яким було їхнє походження, вампірська природа дампірів проявляється по-різному — зокрема надзвичайною швидкістю та укусом, що висмоктує життєву силу.
hfc668bb4g673dg15b5gb679g36c811cabc30	MORFOLOGIK_RULE_UK_UA	Можлива механічна помилка	Дампіри	Знайдено потенційну орфографічну помилку.	Вампіри	Дампіри — живі люди з вампірськими здібностями, прокляті моторошним голодом. Більшість із них жадає крові, хоча дехто живиться снами, життєвою енергією чи іншими джерелами життєвої сили. Кожен дампір мусить вирішити, чи приборкувати свій голод, чи віддатися хижацьким поривам.\n\nДампіри часто з’являються після зустрічей із вампірами: одні є нащадками могутнього вампіра, а інших частково перетворив вампірський укус. Причиною також можуть стати моторошна угода або некромантичний вплив. Хоч би яким було їхнє походження, вампірська природа дампірів проявляється по-різному — зокрема надзвичайною швидкістю та укусом, що висмоктує життєву силу.
hfc668bb4g673dg15b5gb679g36c811cabc30	MORFOLOGIK_RULE_UK_UA	Можлива механічна помилка	некромантичний	Знайдено потенційну орфографічну помилку.	неоромантичний, неромантичний	Дампіри — живі люди з вампірськими здібностями, прокляті моторошним голодом. Більшість із них жадає крові, хоча дехто живиться снами, життєвою енергією чи іншими джерелами життєвої сили. Кожен дампір мусить вирішити, чи приборкувати свій голод, чи віддатися хижацьким поривам.\n\nДампіри часто з’являються після зустрічей із вампірами: одні є нащадками могутнього вампіра, а інших частково перетворив вампірський укус. Причиною також можуть стати моторошна угода або некромантичний вплив. Хоч би яким було їхнє походження, вампірська природа дампірів проявляється по-різному — зокрема надзвичайною швидкістю та укусом, що висмоктує життєву силу.
hfc668bb4g673dg15b5gb679g36c811cabc30	MORFOLOGIK_RULE_UK_UA	Можлива механічна помилка	дампірів	Знайдено потенційну орфографічну помилку.	вампірів	Дампіри — живі люди з вампірськими здібностями, прокляті моторошним голодом. Більшість із них жадає крові, хоча дехто живиться снами, життєвою енергією чи іншими джерелами життєвої сили. Кожен дампір мусить вирішити, чи приборкувати свій голод, чи віддатися хижацьким поривам.\n\nДампіри часто з’являються після зустрічей із вампірами: одні є нащадками могутнього вампіра, а інших частково перетворив вампірський укус. Причиною також можуть стати моторошна угода або некромантичний вплив. Хоч би яким було їхнє походження, вампірська природа дампірів проявляється по-різному — зокрема надзвичайною швидкістю та укусом, що висмоктує життєву силу.
hf7a087cfg5af3gc020gfef7ga1492d5433a4	MORFOLOGIK_RULE_UK_UA	Можлива механічна помилка	Дампір	Знайдено потенційну орфографічну помилку.	Ампір, Вампір, Дамір, Дам пір	Дампір
h6ec4bdc4g4568g4ed2g9fd3ga4f2bce6d18d	MORFOLOGIK_RULE_UK_UA	Можлива механічна помилка	Дампіри	Знайдено потенційну орфографічну помилку.	Вампіри	Дампіри — живі люди з вампірськими здібностями, прокляті моторошним голодом. Більшість дампірів жадають крові, але деякі живляться снами, життєвою енергією чи іншими джерелами життєвої сили. Кожен дампір мусить вибрати: боротися за контроль над своїм голодом чи піддатися хижацьким поривам.
h6ec4bdc4g4568g4ed2g9fd3ga4f2bce6d18d	MORFOLOGIK_RULE_UK_UA	Можлива механічна помилка	дампірів	Знайдено потенційну орфографічну помилку.	вампірів	Дампіри — живі люди з вампірськими здібностями, прокляті моторошним голодом. Більшість дампірів жадають крові, але деякі живляться снами, життєвою енергією чи іншими джерелами життєвої сили. Кожен дампір мусить вибрати: боротися за контроль над своїм голодом чи піддатися хижацьким поривам.
h6ec4bdc4g4568g4ed2g9fd3ga4f2bce6d18d	MORFOLOGIK_RULE_UK_UA	Можлива механічна помилка	дампір	Знайдено потенційну орфографічну помилку.	ампір, вампір, Дамір, дам пір	Дампіри — живі люди з вампірськими здібностями, прокляті моторошним голодом. Більшість дампірів жадають крові, але деякі живляться снами, життєвою енергією чи іншими джерелами життєвої сили. Кожен дампір мусить вибрати: боротися за контроль над своїм голодом чи піддатися хижацьким поривам.
h5847d1efg7e23g01b4ga35bge1c4afd90b9b	MORFOLOGIK_RULE_UK_UA	Можлива механічна помилка	Дампір	Знайдено потенційну орфографічну помилку.	Ампір, Вампір, Дамір, Дам пір	Дампір
h6197d4d1g0617gb056g3887geab428485162	MORFOLOGIK_RULE_UK_UA	Можлива механічна помилка	Дампіри	Знайдено потенційну орфографічну помилку.	Вампіри	Дампіри — живі люди з вампірськими здібностями, прокляті моторошним голодом. Більшість дампірів жадають крові, але деякі живляться снами, життєвою енергією чи іншими джерелами життєвої сили. Кожен дампір мусить вибрати: боротися за контроль над своїм голодом чи піддатися хижацьким поривам.
h6197d4d1g0617gb056g3887geab428485162	MORFOLOGIK_RULE_UK_UA	Можлива механічна помилка	дампірів	Знайдено потенційну орфографічну помилку.	вампірів	Дампіри — живі люди з вампірськими здібностями, прокляті моторошним голодом. Більшість дампірів жадають крові, але деякі живляться снами, життєвою енергією чи іншими джерелами життєвої сили. Кожен дампір мусить вибрати: боротися за контроль над своїм голодом чи піддатися хижацьким поривам.
h6197d4d1g0617gb056g3887geab428485162	MORFOLOGIK_RULE_UK_UA	Можлива механічна помилка	дампір	Знайдено потенційну орфографічну помилку.	ампір, вампір, Дамір, дам пір	Дампіри — живі люди з вампірськими здібностями, прокляті моторошним голодом. Більшість дампірів жадають крові, але деякі живляться снами, життєвою енергією чи іншими джерелами життєвої сили. Кожен дампір мусить вибрати: боротися за контроль над своїм голодом чи піддатися хижацьким поривам.
h7989fcf7g80c8g49bfg77ddgaeac695ed86e	MORFOLOGIK_RULE_UK_UA	Можлива механічна помилка	Дампір	Знайдено потенційну орфографічну помилку.	Ампір, Вампір, Дамір, Дам пір	Дампір
h978f29d5g39e2g5802g4afcg6a4dffb9929f	MORFOLOGIK_RULE_UK_UA	Можлива механічна помилка	Дампіри	Знайдено потенційну орфографічну помилку.	Вампіри	Дампіри — живі люди з вампірськими здібностями, прокляті моторошним голодом. Більшість дампірів жадають крові, але деякі живляться снами, життєвою енергією чи іншими джерелами життєвої сили. Кожен дампір мусить вибрати: боротися за контроль над своїм голодом чи піддатися хижацьким поривам.
h978f29d5g39e2g5802g4afcg6a4dffb9929f	MORFOLOGIK_RULE_UK_UA	Можлива механічна помилка	дампірів	Знайдено потенційну орфографічну помилку.	вампірів	Дампіри — живі люди з вампірськими здібностями, прокляті моторошним голодом. Більшість дампірів жадають крові, але деякі живляться снами, життєвою енергією чи іншими джерелами життєвої сили. Кожен дампір мусить вибрати: боротися за контроль над своїм голодом чи піддатися хижацьким поривам.
h978f29d5g39e2g5802g4afcg6a4dffb9929f	MORFOLOGIK_RULE_UK_UA	Можлива механічна помилка	дампір	Знайдено потенційну орфографічну помилку.	ампір, вампір, Дамір, дам пір	Дампіри — живі люди з вампірськими здібностями, прокляті моторошним голодом. Більшість дампірів жадають крові, але деякі живляться снами, життєвою енергією чи іншими джерелами життєвої сили. Кожен дампір мусить вибрати: боротися за контроль над своїм голодом чи піддатися хижацьким поривам.
hd588ecc6gf8ffgac9ag1bffg8633c4557ecc	MORFOLOGIK_RULE_UK_UA	Можлива механічна помилка	Дампір	Знайдено потенційну орфографічну помилку.	Ампір, Вампір, Дамір, Дам пір	Дампір
h820e0342ga3cdgd6f8g1854g962328eb1e3f	MORFOLOGIK_RULE_UK_UA	Можлива механічна помилка	Дампіри	Знайдено потенційну орфографічну помилку.	Вампіри	Дампіри — живі люди з вампірськими здібностями, прокляті моторошним голодом. Більшість дампірів жадають крові, але деякі живляться снами, життєвою енергією чи іншими джерелами життєвої сили. Кожен дампір мусить вибрати: боротися за контроль над своїм голодом чи піддатися хижацьким поривам.
h820e0342ga3cdgd6f8g1854g962328eb1e3f	MORFOLOGIK_RULE_UK_UA	Можлива механічна помилка	дампірів	Знайдено потенційну орфографічну помилку.	вампірів	Дампіри — живі люди з вампірськими здібностями, прокляті моторошним голодом. Більшість дампірів жадають крові, але деякі живляться снами, життєвою енергією чи іншими джерелами життєвої сили. Кожен дампір мусить вибрати: боротися за контроль над своїм голодом чи піддатися хижацьким поривам.
h820e0342ga3cdgd6f8g1854g962328eb1e3f	MORFOLOGIK_RULE_UK_UA	Можлива механічна помилка	дампір	Знайдено потенційну орфографічну помилку.	ампір, вампір, Дамір, дам пір	Дампіри — живі люди з вампірськими здібностями, прокляті моторошним голодом. Більшість дампірів жадають крові, але деякі живляться снами, життєвою енергією чи іншими джерелами життєвої сили. Кожен дампір мусить вибрати: боротися за контроль над своїм голодом чи піддатися хижацьким поривам.
h83168c72g2accga9e2g2510g853a339ac638	MORFOLOGIK_RULE_UK_UA	Можлива механічна помилка	Дампір	Знайдено потенційну орфографічну помилку.	Ампір, Вампір, Дамір, Дам пір	Дампір
hb8bfc8dfge3e4gc02dg4218g6d4b73ab98bf	MORFOLOGIK_RULE_UK_UA	Можлива механічна помилка	Дампіри	Знайдено потенційну орфографічну помилку.	Вампіри	Дампіри — живі люди з вампірськими здібностями, прокляті моторошним голодом. Більшість дампірів жадають крові, але деякі живляться снами, життєвою енергією чи іншими джерелами життєвої сили. Кожен дампір мусить вибрати: боротися за контроль над своїм голодом чи піддатися хижацьким поривам.
hb8bfc8dfge3e4gc02dg4218g6d4b73ab98bf	MORFOLOGIK_RULE_UK_UA	Можлива механічна помилка	дампірів	Знайдено потенційну орфографічну помилку.	вампірів	Дампіри — живі люди з вампірськими здібностями, прокляті моторошним голодом. Більшість дампірів жадають крові, але деякі живляться снами, життєвою енергією чи іншими джерелами життєвої сили. Кожен дампір мусить вибрати: боротися за контроль над своїм голодом чи піддатися хижацьким поривам.
hb8bfc8dfge3e4gc02dg4218g6d4b73ab98bf	MORFOLOGIK_RULE_UK_UA	Можлива механічна помилка	дампір	Знайдено потенційну орфографічну помилку.	ампір, вампір, Дамір, дам пір	Дампіри — живі люди з вампірськими здібностями, прокляті моторошним голодом. Більшість дампірів жадають крові, але деякі живляться снами, життєвою енергією чи іншими джерелами життєвої сили. Кожен дампір мусить вибрати: боротися за контроль над своїм голодом чи піддатися хижацьким поривам.
hdc9fc083g9759g204fg2b22gc934db302abd	MORFOLOGIK_RULE_UK_UA	Можлива механічна помилка	Дампір	Знайдено потенційну орфографічну помилку.	Ампір, Вампір, Дамір, Дам пір	Дампір
h1f42603eg6e11g1674gf300g0a8f0f11eb73	MORFOLOGIK_RULE_UK_UA	Можлива механічна помилка	Дампіри	Знайдено потенційну орфографічну помилку.	Вампіри	Дампіри — живі люди з вампірськими здібностями, прокляті моторошним голодом. Більшість дампірів жадають крові, але деякі живляться снами, життєвою енергією чи іншими джерелами життєвої сили. Кожен дампір мусить вибрати: боротися за контроль над своїм голодом чи піддатися хижацьким поривам.
h1f42603eg6e11g1674gf300g0a8f0f11eb73	MORFOLOGIK_RULE_UK_UA	Можлива механічна помилка	дампірів	Знайдено потенційну орфографічну помилку.	вампірів	Дампіри — живі люди з вампірськими здібностями, прокляті моторошним голодом. Більшість дампірів жадають крові, але деякі живляться снами, життєвою енергією чи іншими джерелами життєвої сили. Кожен дампір мусить вибрати: боротися за контроль над своїм голодом чи піддатися хижацьким поривам.
h1f42603eg6e11g1674gf300g0a8f0f11eb73	MORFOLOGIK_RULE_UK_UA	Можлива механічна помилка	дампір	Знайдено потенційну орфографічну помилку.	ампір, вампір, Дамір, дам пір	Дампіри — живі люди з вампірськими здібностями, прокляті моторошним голодом. Більшість дампірів жадають крові, але деякі живляться снами, життєвою енергією чи іншими джерелами життєвої сили. Кожен дампір мусить вибрати: боротися за контроль над своїм голодом чи піддатися хижацьким поривам.
ha8bd3c45g2bd9g6ed2ga865g2a1729d8e621	MORFOLOGIK_RULE_UK_UA	Можлива механічна помилка	Дампір	Знайдено потенційну орфографічну помилку.	Ампір, Вампір, Дамір, Дам пір	Дампір
h829a529cgba40gbd9bgd9e8g825169df27eb	MORFOLOGIK_RULE_UK_UA	Можлива механічна помилка	Дампіри	Знайдено потенційну орфографічну помилку.	Вампіри	Дампіри — живі люди з вампірськими здібностями, прокляті моторошним голодом. Більшість дампірів жадають крові, але деякі живляться снами, життєвою енергією чи іншими джерелами життєвої сили. Кожен дампір мусить вибрати: боротися за контроль над своїм голодом чи піддатися хижацьким поривам.
h829a529cgba40gbd9bgd9e8g825169df27eb	MORFOLOGIK_RULE_UK_UA	Можлива механічна помилка	дампірів	Знайдено потенційну орфографічну помилку.	вампірів	Дампіри — живі люди з вампірськими здібностями, прокляті моторошним голодом. Більшість дампірів жадають крові, але деякі живляться снами, життєвою енергією чи іншими джерелами життєвої сили. Кожен дампір мусить вибрати: боротися за контроль над своїм голодом чи піддатися хижацьким поривам.
h829a529cgba40gbd9bgd9e8g825169df27eb	MORFOLOGIK_RULE_UK_UA	Можлива механічна помилка	дампір	Знайдено потенційну орфографічну помилку.	ампір, вампір, Дамір, дам пір	Дампіри — живі люди з вампірськими здібностями, прокляті моторошним голодом. Більшість дампірів жадають крові, але деякі живляться снами, життєвою енергією чи іншими джерелами життєвої сили. Кожен дампір мусить вибрати: боротися за контроль над своїм голодом чи піддатися хижацьким поривам.
ha6ecc729g769ag468fgb75cg0234cfc91fc6	MORFOLOGIK_RULE_UK_UA	Можлива механічна помилка	Дампір	Знайдено потенційну орфографічну помилку.	Ампір, Вампір, Дамір, Дам пір	Дампір
hae4bb06dgcfafg1ed6g6340g86782467a12b	MORFOLOGIK_RULE_UK_UA	Можлива механічна помилка	Дампіри	Знайдено потенційну орфографічну помилку.	Вампіри	Дампіри — живі люди з вампірськими здібностями, прокляті моторошним голодом. Більшість дампірів жадають крові, але деякі живляться снами, життєвою енергією чи іншими джерелами життєвої сили. Кожен дампір мусить вибрати: боротися за контроль над своїм голодом чи піддатися хижацьким поривам.
hae4bb06dgcfafg1ed6g6340g86782467a12b	MORFOLOGIK_RULE_UK_UA	Можлива механічна помилка	дампірів	Знайдено потенційну орфографічну помилку.	вампірів	Дампіри — живі люди з вампірськими здібностями, прокляті моторошним голодом. Більшість дампірів жадають крові, але деякі живляться снами, життєвою енергією чи іншими джерелами життєвої сили. Кожен дампір мусить вибрати: боротися за контроль над своїм голодом чи піддатися хижацьким поривам.
hae4bb06dgcfafg1ed6g6340g86782467a12b	MORFOLOGIK_RULE_UK_UA	Можлива механічна помилка	дампір	Знайдено потенційну орфографічну помилку.	ампір, вампір, Дамір, дам пір	Дампіри — живі люди з вампірськими здібностями, прокляті моторошним голодом. Більшість дампірів жадають крові, але деякі живляться снами, життєвою енергією чи іншими джерелами життєвої сили. Кожен дампір мусить вибрати: боротися за контроль над своїм голодом чи піддатися хижацьким поривам.
h3cee4f0ag8a7ag91bcgf4fbg11f9fdb42932	MORFOLOGIK_RULE_UK_UA	Можлива механічна помилка	Дампір	Знайдено потенційну орфографічну помилку.	Ампір, Вампір, Дамір, Дам пір	Дампір
h72649632g93f5g1c26gc741g5c6654b34db5	MORFOLOGIK_RULE_UK_UA	Можлива механічна помилка	Дампіри	Знайдено потенційну орфографічну помилку.	Вампіри	Дампіри — живі люди з вампірськими здібностями, прокляті моторошним голодом. Більшість дампірів жадають крові, але деякі живляться снами, життєвою енергією чи іншими джерелами життєвої сили. Кожен дампір мусить вибрати: боротися за контроль над своїм голодом чи піддатися хижацьким поривам.
h72649632g93f5g1c26gc741g5c6654b34db5	MORFOLOGIK_RULE_UK_UA	Можлива механічна помилка	дампірів	Знайдено потенційну орфографічну помилку.	вампірів	Дампіри — живі люди з вампірськими здібностями, прокляті моторошним голодом. Більшість дампірів жадають крові, але деякі живляться снами, життєвою енергією чи іншими джерелами життєвої сили. Кожен дампір мусить вибрати: боротися за контроль над своїм голодом чи піддатися хижацьким поривам.
h72649632g93f5g1c26gc741g5c6654b34db5	MORFOLOGIK_RULE_UK_UA	Можлива механічна помилка	дампір	Знайдено потенційну орфографічну помилку.	ампір, вампір, Дамір, дам пір	Дампіри — живі люди з вампірськими здібностями, прокляті моторошним голодом. Більшість дампірів жадають крові, але деякі живляться снами, життєвою енергією чи іншими джерелами життєвої сили. Кожен дампір мусить вибрати: боротися за контроль над своїм голодом чи піддатися хижацьким поривам.
h43c6f529g3088g5415g1ccfga6267661c2db	MORFOLOGIK_RULE_UK_UA	Можлива механічна помилка	Дампір	Знайдено потенційну орфографічну помилку.	Ампір, Вампір, Дамір, Дам пір	Дампір
hf3d5b162g93d1ge05dga715g2fa25b63cdbb	MORFOLOGIK_RULE_UK_UA	Можлива механічна помилка	Дампіри	Знайдено потенційну орфографічну помилку.	Вампіри	Дампіри — живі люди з вампірськими здібностями, прокляті моторошним голодом. Більшість дампірів жадають крові, але деякі живляться снами, життєвою енергією чи іншими джерелами життєвої сили. Кожен дампір мусить вибрати: боротися за контроль над своїм голодом чи піддатися хижацьким поривам.
hf3d5b162g93d1ge05dga715g2fa25b63cdbb	MORFOLOGIK_RULE_UK_UA	Можлива механічна помилка	дампірів	Знайдено потенційну орфографічну помилку.	вампірів	Дампіри — живі люди з вампірськими здібностями, прокляті моторошним голодом. Більшість дампірів жадають крові, але деякі живляться снами, життєвою енергією чи іншими джерелами життєвої сили. Кожен дампір мусить вибрати: боротися за контроль над своїм голодом чи піддатися хижацьким поривам.
hf3d5b162g93d1ge05dga715g2fa25b63cdbb	MORFOLOGIK_RULE_UK_UA	Можлива механічна помилка	дампір	Знайдено потенційну орфографічну помилку.	ампір, вампір, Дамір, дам пір	Дампіри — живі люди з вампірськими здібностями, прокляті моторошним голодом. Більшість дампірів жадають крові, але деякі живляться снами, життєвою енергією чи іншими джерелами життєвої сили. Кожен дампір мусить вибрати: боротися за контроль над своїм голодом чи піддатися хижацьким поривам.
haab89db8ga65dg07f1g9db9g3edaf3c7bb19	MORFOLOGIK_RULE_UK_UA	Можлива механічна помилка	Дампір	Знайдено потенційну орфографічну помилку.	Ампір, Вампір, Дамір, Дам пір	Дампір
ha60076e9g9f3ag0cecg4b9cg5b1f5aabf8ba	MORFOLOGIK_RULE_UK_UA	Можлива механічна помилка	Дампіри	Знайдено потенційну орфографічну помилку.	Вампіри	Дампіри — живі люди з вампірськими здібностями, прокляті моторошним голодом. Більшість дампірів жадають крові, але деякі живляться снами, життєвою енергією чи іншими джерелами життєвої сили. Кожен дампір мусить вибрати: боротися за контроль над своїм голодом чи піддатися хижацьким поривам.
ha60076e9g9f3ag0cecg4b9cg5b1f5aabf8ba	MORFOLOGIK_RULE_UK_UA	Можлива механічна помилка	дампірів	Знайдено потенційну орфографічну помилку.	вампірів	Дампіри — живі люди з вампірськими здібностями, прокляті моторошним голодом. Більшість дампірів жадають крові, але деякі живляться снами, життєвою енергією чи іншими джерелами життєвої сили. Кожен дампір мусить вибрати: боротися за контроль над своїм голодом чи піддатися хижацьким поривам.
ha60076e9g9f3ag0cecg4b9cg5b1f5aabf8ba	MORFOLOGIK_RULE_UK_UA	Можлива механічна помилка	дампір	Знайдено потенційну орфографічну помилку.	ампір, вампір, Дамір, дам пір	Дампіри — живі люди з вампірськими здібностями, прокляті моторошним голодом. Більшість дампірів жадають крові, але деякі живляться снами, життєвою енергією чи іншими джерелами життєвої сили. Кожен дампір мусить вибрати: боротися за контроль над своїм голодом чи піддатися хижацьким поривам.
h39cd34cdg91a6g91c8g1e4fg86320622916e	MORFOLOGIK_RULE_UK_UA	Можлива механічна помилка	Дампір	Знайдено потенційну орфографічну помилку.	Ампір, Вампір, Дамір, Дам пір	Дампір
hbbfad43ag719dg9143g256fg7ee263730860	MORFOLOGIK_RULE_UK_UA	Можлива механічна помилка	Дампіри	Знайдено потенційну орфографічну помилку.	Вампіри	Дампіри — живі люди з вампірськими здібностями, прокляті моторошним голодом. Більшість дампірів жадають крові, але деякі живляться снами, життєвою енергією чи іншими джерелами життєвої сили. Кожен дампір мусить вибрати: боротися за контроль над своїм голодом чи піддатися хижацьким поривам.
hbbfad43ag719dg9143g256fg7ee263730860	MORFOLOGIK_RULE_UK_UA	Можлива механічна помилка	дампірів	Знайдено потенційну орфографічну помилку.	вампірів	Дампіри — живі люди з вампірськими здібностями, прокляті моторошним голодом. Більшість дампірів жадають крові, але деякі живляться снами, життєвою енергією чи іншими джерелами життєвої сили. Кожен дампір мусить вибрати: боротися за контроль над своїм голодом чи піддатися хижацьким поривам.
hbbfad43ag719dg9143g256fg7ee263730860	MORFOLOGIK_RULE_UK_UA	Можлива механічна помилка	дампір	Знайдено потенційну орфографічну помилку.	ампір, вампір, Дамір, дам пір	Дампіри — живі люди з вампірськими здібностями, прокляті моторошним голодом. Більшість дампірів жадають крові, але деякі живляться снами, життєвою енергією чи іншими джерелами життєвої сили. Кожен дампір мусить вибрати: боротися за контроль над своїм голодом чи піддатися хижацьким поривам.
h49292b18g2711g74bbgd58dg5ea92c04933b	MORFOLOGIK_RULE_UK_UA	Можлива механічна помилка	Дампір	Знайдено потенційну орфографічну помилку.	Ампір, Вампір, Дамір, Дам пір	Дампір
he232ba7eg556dgf8bdg30c6g1d6bf774aaed	MORFOLOGIK_RULE_UK_UA	Можлива механічна помилка	Дампіри	Знайдено потенційну орфографічну помилку.	Вампіри	Дампіри — живі люди з вампірськими здібностями, прокляті моторошним голодом. Більшість дампірів жадають крові, але деякі живляться снами, життєвою енергією чи іншими джерелами життєвої сили. Кожен дампір мусить вибрати: боротися за контроль над своїм голодом чи піддатися хижацьким поривам.
he232ba7eg556dgf8bdg30c6g1d6bf774aaed	MORFOLOGIK_RULE_UK_UA	Можлива механічна помилка	дампірів	Знайдено потенційну орфографічну помилку.	вампірів	Дампіри — живі люди з вампірськими здібностями, прокляті моторошним голодом. Більшість дампірів жадають крові, але деякі живляться снами, життєвою енергією чи іншими джерелами життєвої сили. Кожен дампір мусить вибрати: боротися за контроль над своїм голодом чи піддатися хижацьким поривам.
he232ba7eg556dgf8bdg30c6g1d6bf774aaed	MORFOLOGIK_RULE_UK_UA	Можлива механічна помилка	дампір	Знайдено потенційну орфографічну помилку.	ампір, вампір, Дамір, дам пір	Дампіри — живі люди з вампірськими здібностями, прокляті моторошним голодом. Більшість дампірів жадають крові, але деякі живляться снами, життєвою енергією чи іншими джерелами життєвої сили. Кожен дампір мусить вибрати: боротися за контроль над своїм голодом чи піддатися хижацьким поривам.
h8ee35892g81b9gafcfg9b6eg110c937240b0	MORFOLOGIK_RULE_UK_UA	Можлива механічна помилка	Дампір	Знайдено потенційну орфографічну помилку.	Ампір, Вампір, Дамір, Дам пір	Дампір
h99355606g5b64geca1g85c9g42267949d41c	MORFOLOGIK_RULE_UK_UA	Можлива механічна помилка	Дампіри	Знайдено потенційну орфографічну помилку.	Вампіри	Дампіри — живі люди з вампірськими здібностями, прокляті моторошним голодом. Більшість дампірів жадають крові, але деякі живляться снами, життєвою енергією чи іншими джерелами життєвої сили. Кожен дампір мусить вибрати: боротися за контроль над своїм голодом чи піддатися хижацьким поривам.
h99355606g5b64geca1g85c9g42267949d41c	MORFOLOGIK_RULE_UK_UA	Можлива механічна помилка	дампірів	Знайдено потенційну орфографічну помилку.	вампірів	Дампіри — живі люди з вампірськими здібностями, прокляті моторошним голодом. Більшість дампірів жадають крові, але деякі живляться снами, життєвою енергією чи іншими джерелами життєвої сили. Кожен дампір мусить вибрати: боротися за контроль над своїм голодом чи піддатися хижацьким поривам.
h99355606g5b64geca1g85c9g42267949d41c	MORFOLOGIK_RULE_UK_UA	Можлива механічна помилка	дампір	Знайдено потенційну орфографічну помилку.	ампір, вампір, Дамір, дам пір	Дампіри — живі люди з вампірськими здібностями, прокляті моторошним голодом. Більшість дампірів жадають крові, але деякі живляться снами, життєвою енергією чи іншими джерелами життєвої сили. Кожен дампір мусить вибрати: боротися за контроль над своїм голодом чи піддатися хижацьким поривам.
h20f64aa6g795fg9b53g72cbg5d2197b0a4a7	MORFOLOGIK_RULE_UK_UA	Можлива механічна помилка	Дампір	Знайдено потенційну орфографічну помилку.	Ампір, Вампір, Дамір, Дам пір	Дампір
h1ebdba2fg595cg3dc0g9540ga9d96fa400b8	MORFOLOGIK_RULE_UK_UA	Можлива механічна помилка	Дампіри	Знайдено потенційну орфографічну помилку.	Вампіри	Дампіри — живі люди з вампірськими здібностями, прокляті моторошним голодом. Більшість дампірів жадають крові, але деякі живляться снами, життєвою енергією чи іншими джерелами життєвої сили. Кожен дампір мусить вибрати: боротися за контроль над своїм голодом чи піддатися хижацьким поривам.
h1ebdba2fg595cg3dc0g9540ga9d96fa400b8	MORFOLOGIK_RULE_UK_UA	Можлива механічна помилка	дампірів	Знайдено потенційну орфографічну помилку.	вампірів	Дампіри — живі люди з вампірськими здібностями, прокляті моторошним голодом. Більшість дампірів жадають крові, але деякі живляться снами, життєвою енергією чи іншими джерелами життєвої сили. Кожен дампір мусить вибрати: боротися за контроль над своїм голодом чи піддатися хижацьким поривам.
h1ebdba2fg595cg3dc0g9540ga9d96fa400b8	MORFOLOGIK_RULE_UK_UA	Можлива механічна помилка	дампір	Знайдено потенційну орфографічну помилку.	ампір, вампір, Дамір, дам пір	Дампіри — живі люди з вампірськими здібностями, прокляті моторошним голодом. Більшість дампірів жадають крові, але деякі живляться снами, життєвою енергією чи іншими джерелами життєвої сили. Кожен дампір мусить вибрати: боротися за контроль над своїм голодом чи піддатися хижацьким поривам.
hfd3e7f7cg81d3g32b1gc592g7b0eafc25b98	MORFOLOGIK_RULE_UK_UA	Можлива механічна помилка	Дампір	Знайдено потенційну орфографічну помилку.	Ампір, Вампір, Дамір, Дам пір	Дампір
h66794ce7gf729g4f43gdf2cge8ec589e9348	MORFOLOGIK_RULE_UK_UA	Можлива механічна помилка	Дампіри	Знайдено потенційну орфографічну помилку.	Вампіри	Дампіри — живі люди з вампірськими здібностями, прокляті моторошним голодом. Більшість дампірів жадають крові, але деякі живляться снами, життєвою енергією чи іншими джерелами життєвої сили. Кожен дампір мусить вибрати: боротися за контроль над своїм голодом чи піддатися хижацьким поривам.
h66794ce7gf729g4f43gdf2cge8ec589e9348	MORFOLOGIK_RULE_UK_UA	Можлива механічна помилка	дампірів	Знайдено потенційну орфографічну помилку.	вампірів	Дампіри — живі люди з вампірськими здібностями, прокляті моторошним голодом. Більшість дампірів жадають крові, але деякі живляться снами, життєвою енергією чи іншими джерелами життєвої сили. Кожен дампір мусить вибрати: боротися за контроль над своїм голодом чи піддатися хижацьким поривам.
h66794ce7gf729g4f43gdf2cge8ec589e9348	MORFOLOGIK_RULE_UK_UA	Можлива механічна помилка	дампір	Знайдено потенційну орфографічну помилку.	ампір, вампір, Дамір, дам пір	Дампіри — живі люди з вампірськими здібностями, прокляті моторошним голодом. Більшість дампірів жадають крові, але деякі живляться снами, життєвою енергією чи іншими джерелами життєвої сили. Кожен дампір мусить вибрати: боротися за контроль над своїм голодом чи піддатися хижацьким поривам.
h6aac3e2cg8b4fgd5c4g68edg918c3834ca82	MORFOLOGIK_RULE_UK_UA	Можлива механічна помилка	мітралові	Знайдено потенційну орфографічну помилку.	Мітталові, мітратові, мі тралові	Боги кузні опікуються майстрами металу — від скромного коваля, що постачає село підковами й лемешами, до могутнього ельфійського ремісника, чиї мітралові стріли з діамантовими вістрями валили володарів демонів. Боги кузні навчають, що терпінням і важкою працею навіть найнепіддатливіший метал можна перетворити з грудки руди на прекрасний виріб. Клірики цих божеств розшукують речі, втрачені через сили темряви, звільняють захоплені орками копальні та знаходять рідкісні дивовижні матеріали, потрібні для створення могутніх магічних предметів. Послідовники цих богів пишаються своєю працею й охоче кують та використовують важкі обладунки й потужну зброю для власного захисту. До божеств цього домену належать Ґонд, Реоркс, Онатар, Морадін, Гефест і Ґойбніу.
h6aac3e2cg8b4fgd5c4g68edg918c3834ca82	MORFOLOGIK_RULE_UK_UA	Можлива механічна помилка	найнепіддатливіший	Знайдено потенційну орфографічну помилку.	найпіддатливіший	Боги кузні опікуються майстрами металу — від скромного коваля, що постачає село підковами й лемешами, до могутнього ельфійського ремісника, чиї мітралові стріли з діамантовими вістрями валили володарів демонів. Боги кузні навчають, що терпінням і важкою працею навіть найнепіддатливіший метал можна перетворити з грудки руди на прекрасний виріб. Клірики цих божеств розшукують речі, втрачені через сили темряви, звільняють захоплені орками копальні та знаходять рідкісні дивовижні матеріали, потрібні для створення могутніх магічних предметів. Послідовники цих богів пишаються своєю працею й охоче кують та використовують важкі обладунки й потужну зброю для власного захисту. До божеств цього домену належать Ґонд, Реоркс, Онатар, Морадін, Гефест і Ґойбніу.
h6aac3e2cg8b4fgd5c4g68edg918c3834ca82	MORFOLOGIK_RULE_UK_UA	Можлива механічна помилка	Ґонд	Знайдено потенційну орфографічну помилку.	Фонд, Зонд, Бонд, Монд, Ґолд, Ґонт	Боги кузні опікуються майстрами металу — від скромного коваля, що постачає село підковами й лемешами, до могутнього ельфійського ремісника, чиї мітралові стріли з діамантовими вістрями валили володарів демонів. Боги кузні навчають, що терпінням і важкою працею навіть найнепіддатливіший метал можна перетворити з грудки руди на прекрасний виріб. Клірики цих божеств розшукують речі, втрачені через сили темряви, звільняють захоплені орками копальні та знаходять рідкісні дивовижні матеріали, потрібні для створення могутніх магічних предметів. Послідовники цих богів пишаються своєю працею й охоче кують та використовують важкі обладунки й потужну зброю для власного захисту. До божеств цього домену належать Ґонд, Реоркс, Онатар, Морадін, Гефест і Ґойбніу.
h6aac3e2cg8b4fgd5c4g68edg918c3834ca82	MORFOLOGIK_RULE_UK_UA	Можлива механічна помилка	Реоркс	Знайдено потенційну орфографічну помилку.	Регрес, Рекс, РЕОК, Рорк, Рорка, Рорку, Теркс, Редокс	Боги кузні опікуються майстрами металу — від скромного коваля, що постачає село підковами й лемешами, до могутнього ельфійського ремісника, чиї мітралові стріли з діамантовими вістрями валили володарів демонів. Боги кузні навчають, що терпінням і важкою працею навіть найнепіддатливіший метал можна перетворити з грудки руди на прекрасний виріб. Клірики цих божеств розшукують речі, втрачені через сили темряви, звільняють захоплені орками копальні та знаходять рідкісні дивовижні матеріали, потрібні для створення могутніх магічних предметів. Послідовники цих богів пишаються своєю працею й охоче кують та використовують важкі обладунки й потужну зброю для власного захисту. До божеств цього домену належать Ґонд, Реоркс, Онатар, Морадін, Гефест і Ґойбніу.
h6aac3e2cg8b4fgd5c4g68edg918c3834ca82	MORFOLOGIK_RULE_UK_UA	Можлива механічна помилка	Онатар	Знайдено потенційну орфографічну помилку.	Татар, Назар, Катар, Гната, Ната, Аватар, Оратор, Отар	Боги кузні опікуються майстрами металу — від скромного коваля, що постачає село підковами й лемешами, до могутнього ельфійського ремісника, чиї мітралові стріли з діамантовими вістрями валили володарів демонів. Боги кузні навчають, що терпінням і важкою працею навіть найнепіддатливіший метал можна перетворити з грудки руди на прекрасний виріб. Клірики цих божеств розшукують речі, втрачені через сили темряви, звільняють захоплені орками копальні та знаходять рідкісні дивовижні матеріали, потрібні для створення могутніх магічних предметів. Послідовники цих богів пишаються своєю працею й охоче кують та використовують важкі обладунки й потужну зброю для власного захисту. До божеств цього домену належать Ґонд, Реоркс, Онатар, Морадін, Гефест і Ґойбніу.
h6aac3e2cg8b4fgd5c4g68edg918c3834ca82	MORFOLOGIK_RULE_UK_UA	Можлива механічна помилка	Морадін	Знайдено потенційну орфографічну помилку.	Моралі, Моравії, Морді, Морфін, Порадів, Бородін, Мораві, Моравію	Боги кузні опікуються майстрами металу — від скромного коваля, що постачає село підковами й лемешами, до могутнього ельфійського ремісника, чиї мітралові стріли з діамантовими вістрями валили володарів демонів. Боги кузні навчають, що терпінням і важкою працею навіть найнепіддатливіший метал можна перетворити з грудки руди на прекрасний виріб. Клірики цих божеств розшукують речі, втрачені через сили темряви, звільняють захоплені орками копальні та знаходять рідкісні дивовижні матеріали, потрібні для створення могутніх магічних предметів. Послідовники цих богів пишаються своєю працею й охоче кують та використовують важкі обладунки й потужну зброю для власного захисту. До божеств цього домену належать Ґонд, Реоркс, Онатар, Морадін, Гефест і Ґойбніу.
h6aac3e2cg8b4fgd5c4g68edg918c3834ca82	MORFOLOGIK_RULE_UK_UA	Можлива механічна помилка	Ґойбніу	Знайдено потенційну орфографічну помилку.	Рибні, Хибні, Хибну, Рибну, Бойні, Грибну, Грибні, Бойнів	Боги кузні опікуються майстрами металу — від скромного коваля, що постачає село підковами й лемешами, до могутнього ельфійського ремісника, чиї мітралові стріли з діамантовими вістрями валили володарів демонів. Боги кузні навчають, що терпінням і важкою працею навіть найнепіддатливіший метал можна перетворити з грудки руди на прекрасний виріб. Клірики цих божеств розшукують речі, втрачені через сили темряви, звільняють захоплені орками копальні та знаходять рідкісні дивовижні матеріали, потрібні для створення могутніх магічних предметів. Послідовники цих богів пишаються своєю працею й охоче кують та використовують важкі обладунки й потужну зброю для власного захисту. До божеств цього домену належать Ґонд, Реоркс, Онатар, Морадін, Гефест і Ґойбніу.
h33ead399g18efg529agdf5dg0a4cac22bf2b	MORFOLOGIK_RULE_UK_UA	Можлива механічна помилка	немагічного	Знайдено потенційну орфографічну помилку.	не магічного	Ви отримуєте здатність надавати магію зброї чи броні. Після довгого відпочинку ви можете торкнутися одного немагічного об’єкта, який є обладунком або простою чи бойовою зброєю. До кінця вашого наступного довгого відпочинку або поки ви не помрете, об’єкт стає магічним предметом, надаючи бонус +1 РЗ, якщо це броня, або бонус +1 до кидків атаки та шкоди, якщо це зброя.\n\nСкориставшись цією особливістю, ви не зможете використовувати її знову, доки не завершите довгий відпочинок.
h33ead399g18efg529agdf5dg0a4cac22bf2b	MORFOLOGIK_RULE_UK_UA	Можлива механічна помилка	РЗ	Знайдено потенційну орфографічну помилку.	З, ІЗ, РАЗ, РФ, ВЗ, РБ, ПЗ, РП	Ви отримуєте здатність надавати магію зброї чи броні. Після довгого відпочинку ви можете торкнутися одного немагічного об’єкта, який є обладунком або простою чи бойовою зброєю. До кінця вашого наступного довгого відпочинку або поки ви не помрете, об’єкт стає магічним предметом, надаючи бонус +1 РЗ, якщо це броня, або бонус +1 до кидків атаки та шкоди, якщо це зброя.\n\nСкориставшись цією особливістю, ви не зможете використовувати її знову, доки не завершите довгий відпочинок.
h913cbdacgf9e4g58feg0296g889e13ab49d9	COMMA_PARENTHESIS_WHITESPACE	Оформлення	 ,	Поставте пробіл після коми, а не перед комою.	,	"Коли ви вражаєте істоту атакою ближнього бою, ви можете використовувати свій <LSTag Type=""ActionResource"" Tooltip=""ChannelDivinity"">Боже наснаження</LSTag>, щоб завдати додаткової шкоди від вогню."
h6fd0c21eg2405ga4afg118eg1a3ac90348cb	MORFOLOGIK_RULE_UK_UA	Можлива механічна помилка	РЗ	Знайдено потенційну орфографічну помилку.	З, ІЗ, РАЗ, РФ, ВЗ, РБ, ПЗ, РП	Майстерність коваля надає вам особливі здібності:\n\nВи набуваєте опору до шкоди вогнем.\nПоки ви носите обладунки, ваш РЗ збільшується на 1.
hefcf1e0bge10fg7393g82e0g78428fef9233	MORFOLOGIK_RULE_UK_UA	Можлива механічна помилка	немагічного	Знайдено потенційну орфографічну помилку.	не магічного	Ви можете торкнутися одного немагічного предмета: комплекту обладунків або простої чи бойової зброї. До завершення вашого наступного довгого відпочинку або до вашої смерті предмет стає магічним і надає бонус +1 до РЗ, якщо це обладунки, або бонус +1 до кидків атаки й шкоди, якщо це зброя.
hefcf1e0bge10fg7393g82e0g78428fef9233	MORFOLOGIK_RULE_UK_UA	Можлива механічна помилка	РЗ	Знайдено потенційну орфографічну помилку.	З, ІЗ, РАЗ, РФ, ВЗ, РБ, ПЗ, РП	Ви можете торкнутися одного немагічного предмета: комплекту обладунків або простої чи бойової зброї. До завершення вашого наступного довгого відпочинку або до вашої смерті предмет стає магічним і надає бонус +1 до РЗ, якщо це обладунки, або бонус +1 до кидків атаки й шкоди, якщо це зброя.
hf4556a98g94c2g16ddg4fe9g5fa3c35a3652	COMMA_PARENTHESIS_WHITESPACE	Оформлення	 ,	Поставте пробіл після коми, а не перед комою.	,	"Коли ви вражаєте істоту атакою ближнього бою, ви можете використовувати свій <LSTag Type=""ActionResource"" Tooltip=""ChannelDivinity"">Боже наснаження</LSTag>, щоб завдати додаткової шкоди від вогню."
ha1f46ec6g425egaef3g8a83g4a20db310dd5	MORFOLOGIK_RULE_UK_UA	Можлива механічна помилка	небесника	Знайдено потенційну орфографічну помилку.	небесна, небесний, небесних, Небесна, небесним, небесними, нещасника	Прикликати небесника
h102e9b14g2c12gd739gf2fegff7c28ae9efe	MORFOLOGIK_RULE_UK_UA	Можлива механічна помилка	небесника	Знайдено потенційну орфографічну помилку.	небесна, небесний, небесних, Небесна, небесним, небесними, нещасника	Ви прикликаєте духа небесника. Він з’являється в ангельській подобі у видимому вільному просторі в межах досяжності й використовує блок характеристик Небесного духа.
ha941d1afgce71g4b43gb6cegdff72cc4a2b4	MORFOLOGIK_RULE_UK_UA	Можлива механічна помилка	Райма	Знайдено потенційну орфографічну помилку.	Рима, Лайма, Рама, Радима, Райка, Райна, Райса, Райта	Сковувальний лід Райма
hfba479e0g369bg9b8cg94ffg1e1cd003b6e2	MORFOLOGIK_RULE_UK_UA	Можлива механічна помилка	Райма	Знайдено потенційну орфографічну помилку.	Рима, Лайма, Рама, Радима, Райка, Райна, Райса, Райта	Сковувальний лід Райма
hab14da86g7b16g490fgb2d6gc1562b7be680	MORFOLOGIK_RULE_UK_UA	Можлива механічна помилка	Райма	Знайдено потенційну орфографічну помилку.	Рима, Лайма, Рама, Радима, Райка, Райна, Райса, Райта	"Сувій ""Сковувальний лід Райма"""
h30d1d690gdf53g656bgcf28g9576cd55a3ca	archaism	Стиль	Обіт	Це слово або форма є застарілою, архаїчною або діалектною.		Обіт Дозорців
h5bc272c5gfa88g8410g5e75gdfb68e7e142b	archaism	Стиль	Обіт	Це слово або форма є застарілою, архаїчною або діалектною.		Обіт дозорців зобов’язує паладинів захищати світи смертних від зазіхань позапланових істот, багато з яких здатні нищити цілі війська. Тому дозорці гартують розум, дух і тіло, щоб стати найкращою зброєю проти таких загроз.\n\nПаладини цього обіту невсипуще вишукують ознаки впливу позапланових сил і часто створюють мережі шпигунів та інформаторів, щоб збирати відомості про підозрілі культи. Для дозорця пильна недовіра й уважність до оточення такі ж природні, як обладунок у бою.
h5bc272c5gfa88g8410g5e75gdfb68e7e142b	archaism	Стиль	обіту	Це слово або форма є застарілою, архаїчною або діалектною.		Обіт дозорців зобов’язує паладинів захищати світи смертних від зазіхань позапланових істот, багато з яких здатні нищити цілі війська. Тому дозорці гартують розум, дух і тіло, щоб стати найкращою зброєю проти таких загроз.\n\nПаладини цього обіту невсипуще вишукують ознаки впливу позапланових сил і часто створюють мережі шпигунів та інформаторів, щоб збирати відомості про підозрілі культи. Для дозорця пильна недовіра й уважність до оточення такі ж природні, як обладунок у бою.
h8f70346agdae6g92b8gc487gb1bbc53e7cbd	MORFOLOGIK_RULE_UK_UA	Можлива механічна помилка	небесників	Знайдено потенційну орфографічну помилку.	нещасників	"<LSTag Type=""Status"" Tooltip=""TURNED"">Прогнати</LSTag> поблизьких покручів, небесників, елементалів, фей або нечисть. Вони змушені тікати й не можуть наближатися до вас."
h8f70346agdae6g92b8gc487gb1bbc53e7cbd	MORFOLOGIK_RULE_UK_UA	Можлива механічна помилка	елементалів	Знайдено потенційну орфографічну помилку.	елементів	"<LSTag Type=""Status"" Tooltip=""TURNED"">Прогнати</LSTag> поблизьких покручів, небесників, елементалів, фей або нечисть. Вони змушені тікати й не можуть наближатися до вас."
h33e17780g9ca6g87f9g62b0gdbc3715ada11	archaism	Стиль	обіт	Це слово або форма є застарілою, архаїчною або діалектною.		Паладин, який складає обіт дозорців, присягається захищати світи смертних від потойбічних загроз.\n\nПильність. Загрози, яким ви протистоїте, підступні, могутні й руйнівні. Завжди будьте готові помітити їхній згубний вплив.\n\nВірність. Ніколи не приймайте дарів чи послуг від нечисті або тих, хто має з нею справу. Залишайтеся вірними своєму ордену, товаришам та обов’язку.\n\nДисципліна. Ви — щит проти нескінченних жахіть, що причаїлися за зорями. Щоб вижити перед невідомим, ваш клинок має завжди бути гострим, а розум — проникливим.
he8ec9e49g1ed3g994egd537g4bff52ad40e5	archaism	Стиль	Обіту	Це слово або форма є застарілою, архаїчною або діалектною.		Рівень 3: Закляття Обіту Дозорців
h7731d2eag11ffg44e4g8569ga5e35e0e6de9	archaism	Стиль	обіт	Це слово або форма є застарілою, архаїчною або діалектною.		Паладини, які склали обіт дозорців, отримують такі закляття: на 3-му рівні — «Захист від зла й добра» та «Щит»; на 5-му — «Місячний промінь» і «Бачення невидимого»; на 9-му — «Чароспин» і «Духовна сторожа».
h7731d2eag11ffg44e4g8569ga5e35e0e6de9	MORFOLOGIK_RULE_UK_UA	Можлива механічна помилка	Чароспин	Знайдено потенційну орфографічну помилку.	Чаро спин	Паладини, які склали обіт дозорців, отримують такі закляття: на 3-му рівні — «Захист від зла й добра» та «Щит»; на 5-му — «Місячний промінь» і «Бачення невидимого»; на 9-му — «Чароспин» і «Духовна сторожа».
h9aa052ddgf617g4344ga11dg4ad49e29159e	MORFOLOGIK_RULE_UK_UA	Можлива механічна помилка	небесник	Знайдено потенційну орфографічну помилку.	небесний, небесних, небесним, небес ник	"Скористайтеся Обітним наснаженням, щоб спробувати <LSTag Type=""Status"" Tooltip=""TURNED"">прогнати</LSTag> позапланових істот. Кожен покруч, небесник, елементаль, фея чи нечисть у межах 30 футів повинен успішно виконати кидок протидії мудрістю, інакше буде прогнаний на 1 хвилину. Прогнана істота мусить тікати й не може наближатися до вас."
h9aa052ddgf617g4344ga11dg4ad49e29159e	MORFOLOGIK_RULE_UK_UA	Можлива механічна помилка	елементаль	Знайдено потенційну орфографічну помилку.	елемент аль	"Скористайтеся Обітним наснаженням, щоб спробувати <LSTag Type=""Status"" Tooltip=""TURNED"">прогнати</LSTag> позапланових істот. Кожен покруч, небесник, елементаль, фея чи нечисть у межах 30 футів повинен успішно виконати кидок протидії мудрістю, інакше буде прогнаний на 1 хвилину. Прогнана істота мусить тікати й не може наближатися до вас."
h434df1f3gdadag1149g4c36g6bfc2c7a1bec	archaism	Стиль	посвіт	Це слово або форма є застарілою, архаїчною або діалектною.		"На певних рівнях клірика ви отримуєте закляття, які надалі завжди вважаються підготовленими: на 3-му рівні — «Чарівний посвіт», «Сон», «Місячний промінь» і «Бачення невидимого»; на 5-му — «Аура життєвості» та «Удар порожнечі»; на 7-му — «Свобода руху» й <LSTag Type=""Spell"" Tooltip=""Target_Invisibility_Greater"">«Велика невидимість»</LSTag>; на 9-му — «Коло сили» та «Світанок». Ці закляття не враховуються до кількості заклять, які ви можете підготувати."
h73451af6g0c9dge1e4g112ag73be890335ef	MORFOLOGIK_RULE_UK_UA	Можлива механічна помилка	темнозору	Знайдено потенційну орфографічну помилку.	темно зору	Ви бачите крізь найгустіший морок. Завдяки покращеному темнозору ви бачите за тьмяного освітлення, наче за яскравого, а в темряві — наче за тьмяного.\n\nДією ви можете магічно поділитися своїм темнозором зі згодними істотами, яких бачите в межах 30 футів.
h73451af6g0c9dge1e4g112ag73be890335ef	MORFOLOGIK_RULE_UK_UA	Можлива механічна помилка	темнозором	Знайдено потенційну орфографічну помилку.	темно зором	Ви бачите крізь найгустіший морок. Завдяки покращеному темнозору ви бачите за тьмяного освітлення, наче за яскравого, а в темряві — наче за тьмяного.\n\nДією ви можете магічно поділитися своїм темнозором зі згодними істотами, яких бачите в межах 30 футів.
ha33ddae2g1c5bg9b0bg8307g1ed8e753bc15	MORFOLOGIK_RULE_UK_UA	Можлива механічна помилка	темнозором	Знайдено потенційну орфографічну помилку.	темно зором	Дією ви можете магічно поділитися темнозором з охочими істотами, яких бачите в межах 30 футів.
h7388ec5cg457dg1ca4ge8c5g3185c4df0a9b	COMMA_PARENTHESIS_WHITESPACE	Оформлення	 ,	Поставте пробіл після коми, а не перед комою.	,	"Ваш зв’язок із божественним дає змогу вивчати закляття клірика. На 3-му, 5-му, 7-му та 9-му рівнях чародія ви вивчаєте додаткові закляття зі списку клірика. Для вас вони вважаються закляттями чародія, але не враховуються до кількості відомих вам заклять чародія.\n\nРівень 3: два <LSTag Tooltip=""Cantrip"">замовляння</LSTag>, два закляття 1-го рівня й два закляття 2-го рівня.\nРівень 5: два закляття 3-го рівня.\nРівень 7: два закляття 4-го рівня.\nРівень 9: два закляття 5-го рівня."
h3bdf72d8gd593g05f4g1758g5a0b980320ce	MORFOLOGIK_RULE_UK_UA	Можлива механічна помилка	Арахноїдний	Знайдено потенційну орфографічну помилку.	Арахноїдит, Арахноїдити, Параноїдний	Арахноїдний мисливець
h1d49c553g212dgaf3ag36b6gd30fa6703063	MORFOLOGIK_RULE_UK_UA	Можлива механічна помилка	драйдера	Знайдено потенційну орфографічну помилку.	драйвера, Драйзера, Райдера	Подія, що змінила ваше життя, — наприклад, прокляття драйдера чи укус небезпечно перетвореного павукоподібного — наділила вас павучими здібностями. Зовні ви могли не змінитися, а могли й отримати пів дюжини очей, довгі волохаті кінцівки чи нелюдські мандибули. Хай якими були побічні наслідки, тепер ви здатні виробляти смертельну отруту, випускати з долонь мотузки шовкової павутини й навіть дертися стінами за допомогою кінчиків пальців.
hb012aa29g2700gd0c7g3c87g74a98a1affc6	COMMA_PARENTHESIS_WHITESPACE	Оформлення	 .	Не ставте пробіл перед крапкою.	.	"Ви можете магічно випускати з рук липке шовкове павутиння. Вторинною дією використайте його одним із таких способів.\n\n<LSTag Type=""Spell"" Tooltip=""Target_ArachnoidStalker_Pull"">Потяг павутини</LSTag>. Влучте павутиною в істоту чи предмет у межах [1] і підтягніть ціль до себе на відстань до [1]. Перемістити можна лише ціль великого або меншого розміру; істота чинить опір успішним кидком протидії спритністю. Союзник завжди підтягується.\n\n<LSTag Type=""Spell"" Tooltip=""Target_ArachnoidStalker_WebSwing"">Гойдання на павутині</LSTag>. Випустіть павутину у видиму точку в межах [1] і підтягніться до неї, не провокуючи принагідних атак.\n\nПавутина. Тією самою вторинною дією ви проказуєте «Павутину», не витрачаючи чарунки. Павутиння заповнює область радіусом [2] і розчиняється через 1 хвилину; істота, що потрапила всередину, повинна успішно виконати кидок протидії спритністю, інакше стане <LSTag Type=""Status"" Tooltip=""WEB"">обплутаною</LSTag>. За допомогою цієї особливості закляття можна проказати двічі. Одне витрачене застосування відновлюється після короткого відпочинку, а всі — після довгого.\n\nМС кидка протидії дорівнює 8 + ваш модифікатор спритності + ваш бонус спеціалізації."
hb012aa29g2700gd0c7g3c87g74a98a1affc6	COMMA_PARENTHESIS_WHITESPACE	Оформлення	 .	Не ставте пробіл перед крапкою.	.	"Ви можете магічно випускати з рук липке шовкове павутиння. Вторинною дією використайте його одним із таких способів.\n\n<LSTag Type=""Spell"" Tooltip=""Target_ArachnoidStalker_Pull"">Потяг павутини</LSTag>. Влучте павутиною в істоту чи предмет у межах [1] і підтягніть ціль до себе на відстань до [1]. Перемістити можна лише ціль великого або меншого розміру; істота чинить опір успішним кидком протидії спритністю. Союзник завжди підтягується.\n\n<LSTag Type=""Spell"" Tooltip=""Target_ArachnoidStalker_WebSwing"">Гойдання на павутині</LSTag>. Випустіть павутину у видиму точку в межах [1] і підтягніться до неї, не провокуючи принагідних атак.\n\nПавутина. Тією самою вторинною дією ви проказуєте «Павутину», не витрачаючи чарунки. Павутиння заповнює область радіусом [2] і розчиняється через 1 хвилину; істота, що потрапила всередину, повинна успішно виконати кидок протидії спритністю, інакше стане <LSTag Type=""Status"" Tooltip=""WEB"">обплутаною</LSTag>. За допомогою цієї особливості закляття можна проказати двічі. Одне витрачене застосування відновлюється після короткого відпочинку, а всі — після довгого.\n\nМС кидка протидії дорівнює 8 + ваш модифікатор спритності + ваш бонус спеціалізації."
hb012aa29g2700gd0c7g3c87g74a98a1affc6	COMMA_PARENTHESIS_WHITESPACE	Оформлення	 .	Не ставте пробіл перед крапкою.	.	"Ви можете магічно випускати з рук липке шовкове павутиння. Вторинною дією використайте його одним із таких способів.\n\n<LSTag Type=""Spell"" Tooltip=""Target_ArachnoidStalker_Pull"">Потяг павутини</LSTag>. Влучте павутиною в істоту чи предмет у межах [1] і підтягніть ціль до себе на відстань до [1]. Перемістити можна лише ціль великого або меншого розміру; істота чинить опір успішним кидком протидії спритністю. Союзник завжди підтягується.\n\n<LSTag Type=""Spell"" Tooltip=""Target_ArachnoidStalker_WebSwing"">Гойдання на павутині</LSTag>. Випустіть павутину у видиму точку в межах [1] і підтягніться до неї, не провокуючи принагідних атак.\n\nПавутина. Тією самою вторинною дією ви проказуєте «Павутину», не витрачаючи чарунки. Павутиння заповнює область радіусом [2] і розчиняється через 1 хвилину; істота, що потрапила всередину, повинна успішно виконати кидок протидії спритністю, інакше стане <LSTag Type=""Status"" Tooltip=""WEB"">обплутаною</LSTag>. За допомогою цієї особливості закляття можна проказати двічі. Одне витрачене застосування відновлюється після короткого відпочинку, а всі — після довгого.\n\nМС кидка протидії дорівнює 8 + ваш модифікатор спритності + ваш бонус спеціалізації."
h287cfbfeg028cgfb00g3888gc26915b76c24	MORFOLOGIK_RULE_UK_UA	Можлива механічна помилка	Еладрін	Знайдено потенційну орфографічну помилку.	Ларін, Аладдін, Аладін, Елдарів, Лаврін, Шадрін	Еладрін
h6dd099beg03a7ga0aeg02e2gf58c867f0877	MORFOLOGIK_RULE_UK_UA	Можлива механічна помилка	Еладріни	Знайдено потенційну орфографічну помилку.	Лавріни, Шадріни	Еладріни — ельфи Феєлону, царини небезпечної краси й безмежної магії. Завдяки цій магії вони здатні вмить переходити з місця на місце. Кожен еладрін співзвучний з емоціями, утіленими у Феєлоні як пори року, і ця спорідненість впливає на його настрій та зовнішність. Пора року еладріна може змінюватися, хоча дехто назавжди зберігає одну. Виберіть свою пору року або киньте кістку за таблицею «Пори року еладрінів». Ваша риса «Транс» дає змогу змінювати пору року.
h6dd099beg03a7ga0aeg02e2gf58c867f0877	MORFOLOGIK_RULE_UK_UA	Можлива механічна помилка	Феєлону	Знайдено потенційну орфографічну помилку.	Феллону, Фелону, Феє лону	Еладріни — ельфи Феєлону, царини небезпечної краси й безмежної магії. Завдяки цій магії вони здатні вмить переходити з місця на місце. Кожен еладрін співзвучний з емоціями, утіленими у Феєлоні як пори року, і ця спорідненість впливає на його настрій та зовнішність. Пора року еладріна може змінюватися, хоча дехто назавжди зберігає одну. Виберіть свою пору року або киньте кістку за таблицею «Пори року еладрінів». Ваша риса «Транс» дає змогу змінювати пору року.
h6dd099beg03a7ga0aeg02e2gf58c867f0877	MORFOLOGIK_RULE_UK_UA	Можлива механічна помилка	еладрін	Знайдено потенційну орфографічну помилку.	Ларін, Аладдін, Аладін, Елдарів, Лаврін, Шадрін	Еладріни — ельфи Феєлону, царини небезпечної краси й безмежної магії. Завдяки цій магії вони здатні вмить переходити з місця на місце. Кожен еладрін співзвучний з емоціями, утіленими у Феєлоні як пори року, і ця спорідненість впливає на його настрій та зовнішність. Пора року еладріна може змінюватися, хоча дехто назавжди зберігає одну. Виберіть свою пору року або киньте кістку за таблицею «Пори року еладрінів». Ваша риса «Транс» дає змогу змінювати пору року.
h6dd099beg03a7ga0aeg02e2gf58c867f0877	MORFOLOGIK_RULE_UK_UA	Можлива механічна помилка	Феєлоні	Знайдено потенційну орфографічну помилку.	Феллоні, Фелоні, Феє лоні	Еладріни — ельфи Феєлону, царини небезпечної краси й безмежної магії. Завдяки цій магії вони здатні вмить переходити з місця на місце. Кожен еладрін співзвучний з емоціями, утіленими у Феєлоні як пори року, і ця спорідненість впливає на його настрій та зовнішність. Пора року еладріна може змінюватися, хоча дехто назавжди зберігає одну. Виберіть свою пору року або киньте кістку за таблицею «Пори року еладрінів». Ваша риса «Транс» дає змогу змінювати пору року.
h6dd099beg03a7ga0aeg02e2gf58c867f0877	MORFOLOGIK_RULE_UK_UA	Можлива механічна помилка	еладріна	Знайдено потенційну орфографічну помилку.	Аладдіна, Аладіна, Лавріна, Ларіна, Шадріна	Еладріни — ельфи Феєлону, царини небезпечної краси й безмежної магії. Завдяки цій магії вони здатні вмить переходити з місця на місце. Кожен еладрін співзвучний з емоціями, утіленими у Феєлоні як пори року, і ця спорідненість впливає на його настрій та зовнішність. Пора року еладріна може змінюватися, хоча дехто назавжди зберігає одну. Виберіть свою пору року або киньте кістку за таблицею «Пори року еладрінів». Ваша риса «Транс» дає змогу змінювати пору року.
h6dd099beg03a7ga0aeg02e2gf58c867f0877	MORFOLOGIK_RULE_UK_UA	Можлива механічна помилка	еладрінів	Знайдено потенційну орфографічну помилку.	Лаврінів	Еладріни — ельфи Феєлону, царини небезпечної краси й безмежної магії. Завдяки цій магії вони здатні вмить переходити з місця на місце. Кожен еладрін співзвучний з емоціями, утіленими у Феєлоні як пори року, і ця спорідненість впливає на його настрій та зовнішність. Пора року еладріна може змінюватися, хоча дехто назавжди зберігає одну. Виберіть свою пору року або киньте кістку за таблицею «Пори року еладрінів». Ваша риса «Транс» дає змогу змінювати пору року.
h58d4c6cbge08eg237fg438cgb11c4ecc42dd	MORFOLOGIK_RULE_UK_UA	Можлива механічна помилка	Еладрін	Знайдено потенційну орфографічну помилку.	Ларін, Аладдін, Аладін, Елдарів, Лаврін, Шадрін	Еладрін
h776cf198gb898g803bg64d1gcb1e15218f5e	MORFOLOGIK_RULE_UK_UA	Можлива механічна помилка	Еладріни	Знайдено потенційну орфографічну помилку.	Лавріни, Шадріни	Еладріни — ельфи Феєлону, царини небезпечної краси й безмежної магії. Завдяки цій магії вони здатні вмить переходити з місця на місце. Кожен еладрін співзвучний з емоціями, утіленими у Феєлоні як пори року, і ця спорідненість впливає на його настрій та зовнішність. Пора року еладріна може змінюватися, хоча дехто назавжди зберігає одну. Виберіть свою пору року або киньте кістку за таблицею «Пори року еладрінів». Ваша риса «Транс» дає змогу змінювати пору року.
h776cf198gb898g803bg64d1gcb1e15218f5e	MORFOLOGIK_RULE_UK_UA	Можлива механічна помилка	Феєлону	Знайдено потенційну орфографічну помилку.	Феллону, Фелону, Феє лону	Еладріни — ельфи Феєлону, царини небезпечної краси й безмежної магії. Завдяки цій магії вони здатні вмить переходити з місця на місце. Кожен еладрін співзвучний з емоціями, утіленими у Феєлоні як пори року, і ця спорідненість впливає на його настрій та зовнішність. Пора року еладріна може змінюватися, хоча дехто назавжди зберігає одну. Виберіть свою пору року або киньте кістку за таблицею «Пори року еладрінів». Ваша риса «Транс» дає змогу змінювати пору року.
h776cf198gb898g803bg64d1gcb1e15218f5e	MORFOLOGIK_RULE_UK_UA	Можлива механічна помилка	еладрін	Знайдено потенційну орфографічну помилку.	Ларін, Аладдін, Аладін, Елдарів, Лаврін, Шадрін	Еладріни — ельфи Феєлону, царини небезпечної краси й безмежної магії. Завдяки цій магії вони здатні вмить переходити з місця на місце. Кожен еладрін співзвучний з емоціями, утіленими у Феєлоні як пори року, і ця спорідненість впливає на його настрій та зовнішність. Пора року еладріна може змінюватися, хоча дехто назавжди зберігає одну. Виберіть свою пору року або киньте кістку за таблицею «Пори року еладрінів». Ваша риса «Транс» дає змогу змінювати пору року.
h776cf198gb898g803bg64d1gcb1e15218f5e	MORFOLOGIK_RULE_UK_UA	Можлива механічна помилка	Феєлоні	Знайдено потенційну орфографічну помилку.	Феллоні, Фелоні, Феє лоні	Еладріни — ельфи Феєлону, царини небезпечної краси й безмежної магії. Завдяки цій магії вони здатні вмить переходити з місця на місце. Кожен еладрін співзвучний з емоціями, утіленими у Феєлоні як пори року, і ця спорідненість впливає на його настрій та зовнішність. Пора року еладріна може змінюватися, хоча дехто назавжди зберігає одну. Виберіть свою пору року або киньте кістку за таблицею «Пори року еладрінів». Ваша риса «Транс» дає змогу змінювати пору року.
h776cf198gb898g803bg64d1gcb1e15218f5e	MORFOLOGIK_RULE_UK_UA	Можлива механічна помилка	еладріна	Знайдено потенційну орфографічну помилку.	Аладдіна, Аладіна, Лавріна, Ларіна, Шадріна	Еладріни — ельфи Феєлону, царини небезпечної краси й безмежної магії. Завдяки цій магії вони здатні вмить переходити з місця на місце. Кожен еладрін співзвучний з емоціями, утіленими у Феєлоні як пори року, і ця спорідненість впливає на його настрій та зовнішність. Пора року еладріна може змінюватися, хоча дехто назавжди зберігає одну. Виберіть свою пору року або киньте кістку за таблицею «Пори року еладрінів». Ваша риса «Транс» дає змогу змінювати пору року.
h776cf198gb898g803bg64d1gcb1e15218f5e	MORFOLOGIK_RULE_UK_UA	Можлива механічна помилка	еладрінів	Знайдено потенційну орфографічну помилку.	Лаврінів	Еладріни — ельфи Феєлону, царини небезпечної краси й безмежної магії. Завдяки цій магії вони здатні вмить переходити з місця на місце. Кожен еладрін співзвучний з емоціями, утіленими у Феєлоні як пори року, і ця спорідненість впливає на його настрій та зовнішність. Пора року еладріна може змінюватися, хоча дехто назавжди зберігає одну. Виберіть свою пору року або киньте кістку за таблицею «Пори року еладрінів». Ваша риса «Транс» дає змогу змінювати пору року.
hff4bd039g807cgadb1gbbfdg1775c0eb9c40	MORFOLOGIK_RULE_UK_UA	Можлива механічна помилка	Еладрін	Знайдено потенційну орфографічну помилку.	Ларін, Аладдін, Аладін, Елдарів, Лаврін, Шадрін	Еладрін
hf21fda8cg4f60g9873gab75g019ed5359331	MORFOLOGIK_RULE_UK_UA	Можлива механічна помилка	Еладріни	Знайдено потенційну орфографічну помилку.	Лавріни, Шадріни	Еладріни — ельфи Феєлону, царини небезпечної краси й безмежної магії. Завдяки цій магії вони здатні вмить переходити з місця на місце. Кожен еладрін співзвучний з емоціями, утіленими у Феєлоні як пори року, і ця спорідненість впливає на його настрій та зовнішність. Пора року еладріна може змінюватися, хоча дехто назавжди зберігає одну. Виберіть свою пору року або киньте кістку за таблицею «Пори року еладрінів». Ваша риса «Транс» дає змогу змінювати пору року.\n\nЯк і інші ельфи, еладріни можуть жити понад 750 років.
hf21fda8cg4f60g9873gab75g019ed5359331	MORFOLOGIK_RULE_UK_UA	Можлива механічна помилка	Феєлону	Знайдено потенційну орфографічну помилку.	Феллону, Фелону, Феє лону	Еладріни — ельфи Феєлону, царини небезпечної краси й безмежної магії. Завдяки цій магії вони здатні вмить переходити з місця на місце. Кожен еладрін співзвучний з емоціями, утіленими у Феєлоні як пори року, і ця спорідненість впливає на його настрій та зовнішність. Пора року еладріна може змінюватися, хоча дехто назавжди зберігає одну. Виберіть свою пору року або киньте кістку за таблицею «Пори року еладрінів». Ваша риса «Транс» дає змогу змінювати пору року.\n\nЯк і інші ельфи, еладріни можуть жити понад 750 років.
hf21fda8cg4f60g9873gab75g019ed5359331	MORFOLOGIK_RULE_UK_UA	Можлива механічна помилка	еладрін	Знайдено потенційну орфографічну помилку.	Ларін, Аладдін, Аладін, Елдарів, Лаврін, Шадрін	Еладріни — ельфи Феєлону, царини небезпечної краси й безмежної магії. Завдяки цій магії вони здатні вмить переходити з місця на місце. Кожен еладрін співзвучний з емоціями, утіленими у Феєлоні як пори року, і ця спорідненість впливає на його настрій та зовнішність. Пора року еладріна може змінюватися, хоча дехто назавжди зберігає одну. Виберіть свою пору року або киньте кістку за таблицею «Пори року еладрінів». Ваша риса «Транс» дає змогу змінювати пору року.\n\nЯк і інші ельфи, еладріни можуть жити понад 750 років.
hf21fda8cg4f60g9873gab75g019ed5359331	MORFOLOGIK_RULE_UK_UA	Можлива механічна помилка	Феєлоні	Знайдено потенційну орфографічну помилку.	Феллоні, Фелоні, Феє лоні	Еладріни — ельфи Феєлону, царини небезпечної краси й безмежної магії. Завдяки цій магії вони здатні вмить переходити з місця на місце. Кожен еладрін співзвучний з емоціями, утіленими у Феєлоні як пори року, і ця спорідненість впливає на його настрій та зовнішність. Пора року еладріна може змінюватися, хоча дехто назавжди зберігає одну. Виберіть свою пору року або киньте кістку за таблицею «Пори року еладрінів». Ваша риса «Транс» дає змогу змінювати пору року.\n\nЯк і інші ельфи, еладріни можуть жити понад 750 років.
hf21fda8cg4f60g9873gab75g019ed5359331	MORFOLOGIK_RULE_UK_UA	Можлива механічна помилка	еладріна	Знайдено потенційну орфографічну помилку.	Аладдіна, Аладіна, Лавріна, Ларіна, Шадріна	Еладріни — ельфи Феєлону, царини небезпечної краси й безмежної магії. Завдяки цій магії вони здатні вмить переходити з місця на місце. Кожен еладрін співзвучний з емоціями, утіленими у Феєлоні як пори року, і ця спорідненість впливає на його настрій та зовнішність. Пора року еладріна може змінюватися, хоча дехто назавжди зберігає одну. Виберіть свою пору року або киньте кістку за таблицею «Пори року еладрінів». Ваша риса «Транс» дає змогу змінювати пору року.\n\nЯк і інші ельфи, еладріни можуть жити понад 750 років.
hf21fda8cg4f60g9873gab75g019ed5359331	MORFOLOGIK_RULE_UK_UA	Можлива механічна помилка	еладрінів	Знайдено потенційну орфографічну помилку.	Лаврінів	Еладріни — ельфи Феєлону, царини небезпечної краси й безмежної магії. Завдяки цій магії вони здатні вмить переходити з місця на місце. Кожен еладрін співзвучний з емоціями, утіленими у Феєлоні як пори року, і ця спорідненість впливає на його настрій та зовнішність. Пора року еладріна може змінюватися, хоча дехто назавжди зберігає одну. Виберіть свою пору року або киньте кістку за таблицею «Пори року еладрінів». Ваша риса «Транс» дає змогу змінювати пору року.\n\nЯк і інші ельфи, еладріни можуть жити понад 750 років.
hf21fda8cg4f60g9873gab75g019ed5359331	MORFOLOGIK_RULE_UK_UA	Можлива механічна помилка	еладріни	Знайдено потенційну орфографічну помилку.	Лавріни, Шадріни	Еладріни — ельфи Феєлону, царини небезпечної краси й безмежної магії. Завдяки цій магії вони здатні вмить переходити з місця на місце. Кожен еладрін співзвучний з емоціями, утіленими у Феєлоні як пори року, і ця спорідненість впливає на його настрій та зовнішність. Пора року еладріна може змінюватися, хоча дехто назавжди зберігає одну. Виберіть свою пору року або киньте кістку за таблицею «Пори року еладрінів». Ваша риса «Транс» дає змогу змінювати пору року.\n\nЯк і інші ельфи, еладріни можуть жити понад 750 років.
h89d1cdf7g6826g2911g126fga606244e1e51	MORFOLOGIK_RULE_UK_UA	Можлива механічна помилка	Фейський	Знайдено потенційну орфографічну помилку.	Бейський, Гейський, Зейський, Рейський	Фейський крок
ha24097bdgd8ffgd254g21f7gd89a7e5394d9	MORFOLOGIK_RULE_UK_UA	Можлива механічна помилка	Еладрін	Знайдено потенційну орфографічну помилку.	Ларін, Аладдін, Аладін, Елдарів, Лаврін, Шадрін	Еладрін
h623638f6g1485g2672g2bfcg30f7140b3b47	MORFOLOGIK_RULE_UK_UA	Можлива механічна помилка	Еладріни	Знайдено потенційну орфографічну помилку.	Лавріни, Шадріни	Еладріни — ельфи Феєлону, царини небезпечної краси й безмежної магії. Завдяки цій магії вони здатні вмить переходити з місця на місце. Кожен еладрін співзвучний з емоціями, утіленими у Феєлоні як пори року, і ця спорідненість впливає на його настрій та зовнішність. Пора року еладріна може змінюватися, хоча дехто назавжди зберігає одну. Виберіть свою пору року або киньте кістку за таблицею «Пори року еладрінів». Ваша риса «Транс» дає змогу змінювати пору року.\n\nЯк і інші ельфи, еладріни можуть жити понад 750 років.
h623638f6g1485g2672g2bfcg30f7140b3b47	MORFOLOGIK_RULE_UK_UA	Можлива механічна помилка	Феєлону	Знайдено потенційну орфографічну помилку.	Феллону, Фелону, Феє лону	Еладріни — ельфи Феєлону, царини небезпечної краси й безмежної магії. Завдяки цій магії вони здатні вмить переходити з місця на місце. Кожен еладрін співзвучний з емоціями, утіленими у Феєлоні як пори року, і ця спорідненість впливає на його настрій та зовнішність. Пора року еладріна може змінюватися, хоча дехто назавжди зберігає одну. Виберіть свою пору року або киньте кістку за таблицею «Пори року еладрінів». Ваша риса «Транс» дає змогу змінювати пору року.\n\nЯк і інші ельфи, еладріни можуть жити понад 750 років.
h623638f6g1485g2672g2bfcg30f7140b3b47	MORFOLOGIK_RULE_UK_UA	Можлива механічна помилка	еладрін	Знайдено потенційну орфографічну помилку.	Ларін, Аладдін, Аладін, Елдарів, Лаврін, Шадрін	Еладріни — ельфи Феєлону, царини небезпечної краси й безмежної магії. Завдяки цій магії вони здатні вмить переходити з місця на місце. Кожен еладрін співзвучний з емоціями, утіленими у Феєлоні як пори року, і ця спорідненість впливає на його настрій та зовнішність. Пора року еладріна може змінюватися, хоча дехто назавжди зберігає одну. Виберіть свою пору року або киньте кістку за таблицею «Пори року еладрінів». Ваша риса «Транс» дає змогу змінювати пору року.\n\nЯк і інші ельфи, еладріни можуть жити понад 750 років.
h623638f6g1485g2672g2bfcg30f7140b3b47	MORFOLOGIK_RULE_UK_UA	Можлива механічна помилка	Феєлоні	Знайдено потенційну орфографічну помилку.	Феллоні, Фелоні, Феє лоні	Еладріни — ельфи Феєлону, царини небезпечної краси й безмежної магії. Завдяки цій магії вони здатні вмить переходити з місця на місце. Кожен еладрін співзвучний з емоціями, утіленими у Феєлоні як пори року, і ця спорідненість впливає на його настрій та зовнішність. Пора року еладріна може змінюватися, хоча дехто назавжди зберігає одну. Виберіть свою пору року або киньте кістку за таблицею «Пори року еладрінів». Ваша риса «Транс» дає змогу змінювати пору року.\n\nЯк і інші ельфи, еладріни можуть жити понад 750 років.
h623638f6g1485g2672g2bfcg30f7140b3b47	MORFOLOGIK_RULE_UK_UA	Можлива механічна помилка	еладріна	Знайдено потенційну орфографічну помилку.	Аладдіна, Аладіна, Лавріна, Ларіна, Шадріна	Еладріни — ельфи Феєлону, царини небезпечної краси й безмежної магії. Завдяки цій магії вони здатні вмить переходити з місця на місце. Кожен еладрін співзвучний з емоціями, утіленими у Феєлоні як пори року, і ця спорідненість впливає на його настрій та зовнішність. Пора року еладріна може змінюватися, хоча дехто назавжди зберігає одну. Виберіть свою пору року або киньте кістку за таблицею «Пори року еладрінів». Ваша риса «Транс» дає змогу змінювати пору року.\n\nЯк і інші ельфи, еладріни можуть жити понад 750 років.
h623638f6g1485g2672g2bfcg30f7140b3b47	MORFOLOGIK_RULE_UK_UA	Можлива механічна помилка	еладрінів	Знайдено потенційну орфографічну помилку.	Лаврінів	Еладріни — ельфи Феєлону, царини небезпечної краси й безмежної магії. Завдяки цій магії вони здатні вмить переходити з місця на місце. Кожен еладрін співзвучний з емоціями, утіленими у Феєлоні як пори року, і ця спорідненість впливає на його настрій та зовнішність. Пора року еладріна може змінюватися, хоча дехто назавжди зберігає одну. Виберіть свою пору року або киньте кістку за таблицею «Пори року еладрінів». Ваша риса «Транс» дає змогу змінювати пору року.\n\nЯк і інші ельфи, еладріни можуть жити понад 750 років.
h623638f6g1485g2672g2bfcg30f7140b3b47	MORFOLOGIK_RULE_UK_UA	Можлива механічна помилка	еладріни	Знайдено потенційну орфографічну помилку.	Лавріни, Шадріни	Еладріни — ельфи Феєлону, царини небезпечної краси й безмежної магії. Завдяки цій магії вони здатні вмить переходити з місця на місце. Кожен еладрін співзвучний з емоціями, утіленими у Феєлоні як пори року, і ця спорідненість впливає на його настрій та зовнішність. Пора року еладріна може змінюватися, хоча дехто назавжди зберігає одну. Виберіть свою пору року або киньте кістку за таблицею «Пори року еладрінів». Ваша риса «Транс» дає змогу змінювати пору року.\n\nЯк і інші ельфи, еладріни можуть жити понад 750 років.
hee892110g8f20gdbb7g60f8g274ed51075aa	MORFOLOGIK_RULE_UK_UA	Можлива механічна помилка	Фейський	Знайдено потенційну орфографічну помилку.	Бейський, Гейський, Зейський, Рейський	Фейський крок
hd5282a6cg61c4g9090gb19ag4594d3d35701	MORFOLOGIK_RULE_UK_UA	Можлива механічна помилка	Фейський	Знайдено потенційну орфографічну помилку.	Бейський, Гейський, Зейський, Рейський	Фейський крок: осінь
hb284f5d4gf341g5049g2ce3g9ea223e41a38	MORFOLOGIK_RULE_UK_UA	Можлива механічна помилка	Фейського	Знайдено потенційну орфографічну помилку.	Бейського, Гейського, Зейського, Рейського	Одразу після застосування Фейського кроку виберіть до двох видимих істот у межах 10 футів. Вони повинні успішно виконати кидок протидії мудрістю, інакше будуть причаровані вами на 1 хвилину або доки ви чи ваші супутники не завдасте їм шкоди.
h9aebcc08g580fg3628g9378gf3b3f0400749	MORFOLOGIK_RULE_UK_UA	Можлива механічна помилка	Фейський	Знайдено потенційну орфографічну помилку.	Бейський, Гейський, Зейський, Рейський	Фейський крок: літо
heaea9b90g45ccg4408gc5e5g09ea686c3a9c	MORFOLOGIK_RULE_UK_UA	Можлива механічна помилка	Фейський	Знайдено потенційну орфографічну помилку.	Бейський, Гейський, Зейський, Рейський	Фейський крок: весна
h5e6a75a1ga1edg6dcfge091g620017e990cc	MORFOLOGIK_RULE_UK_UA	Можлива механічна помилка	Фейський	Знайдено потенційну орфографічну помилку.	Бейський, Гейський, Зейський, Рейський	Фейський крок: зима
hfa86f65dg33d6g9ea6g0948gfbf198214a31	MORFOLOGIK_RULE_UK_UA	Можлива механічна помилка	Фейський	Знайдено потенційну орфографічну помилку.	Бейський, Гейський, Зейський, Рейський	Застосовуючи Фейський крок, перед телепортацією виберіть одну видиму істоту в межах 5 футів. Вона повинна успішно виконати кидок протидії мудрістю, інакше боятиметься вас до кінця вашого наступного ходу.
hccff7485gca62gd284gdabagfbef3ee11653	MORFOLOGIK_RULE_UK_UA	Можлива механічна помилка	Фейський	Знайдено потенційну орфографічну помилку.	Бейський, Гейський, Зейський, Рейський	Фейський крок: зима
h9cda9df5g341bg90cag16e9gfc25dc9df498	MORFOLOGIK_RULE_UK_UA	Можлива механічна помилка	Фейський	Знайдено потенційну орфографічну помилку.	Бейський, Гейський, Зейський, Рейський	Застосовуючи Фейський крок, ви можете торкнутися однієї згодної істоти в межах 5 футів. Замість вас телепортується вона й з’являється у вибраному вами видимому вільному просторі в межах 30 футів.
h4a8a3d05ged7ag55e3g1276g814259823391	MORFOLOGIK_RULE_UK_UA	Можлива механічна помилка	Фейського	Знайдено потенційну орфографічну помилку.	Бейського, Гейського, Зейського, Рейського	Одразу після застосування Фейського кроку кожна вибрана вами видима істота в межах 5 футів зазнає вогняної шкоди в кількості, що дорівнює вашому бонусу спеціалізації.
h8774fb9bg4691ge891gcd62g04a6e30adc85	COMMA_PARENTHESIS_WHITESPACE	Оформлення	 ,	Поставте пробіл після коми, а не перед комою.	,	"Відверніть увагу ворогів ілюзією. Ви й ваші союзники маєте <LSTag Tooltip=""Advantage"">перевагу</LSTag> в <LSTag Tooltip=""AttackRoll"">кидках атаки</LSTag>, якщо нападник перебуває в межах [1] від ілюзії та ціль також перебуває в межах [1] від неї."
h07de6d7ag5621g4204g93bdg12d04e9defa9	comma_after_do_togo_chasu	Пунктуація	після того як	Перед «як» переважно ставимо кому. Але коли цей зворот вживають як складений сполучник, зокрема на початку речення, комою його не розривають.	після того, як	"Один раз за хід, після того як власник виконає <LSTag Type=""Spell"" Tooltip=""Shout_Dash"">Ривок</LSTag> або подібну дію, він може <LSTag Type=""Spell"" Tooltip=""Projectile_MAG_Mobility_JumpOnDash_Action"">стрибнути в довжину</LSTag> на відстань до 30 футів, витративши лише 10 футів руху."
heb8ccc52g26b4gf1c4g7dfbge1ff8af766c2	MORFOLOGIK_RULE_UK_UA	Можлива механічна помилка	колольної	Знайдено потенційну орфографічну помилку.	колосальної, колоїдної, Колодної, Окольної, голільної, золильної, золільної, кокільної	Ви можете закликати сили природи, щоб виявити сильні та слабкі сторони здобичі. Поки істота позначена вашою «Мисливською міткою», ваші атаки зброєю ігнорують її опір до забійної, колольної та рубальної шкоди.
h3f4c0be2gf28cg9925g8be8g0c8a747faf6e	COMMA_PARENTHESIS_WHITESPACE	Оформлення	 ,	Поставте пробіл після коми, а не перед комою.	,	"Ви можете застосовувати <LSTag Type=""Spell"" Tooltip=""Shout_PackHowl_Barbarian"">Підбурливе виття</LSTag>, а ваші союзники мають <LSTag Tooltip=""Advantage"">перевагу</LSTag> в <LSTag Tooltip=""AttackRoll"">кидках атаки</LSTag> проти ворогів у межах [1] від вас."
h162775ecg7b9egc133g5182g07c9126dbe3d	COMMA_PARENTHESIS_WHITESPACE	Оформлення	 ,	Поставте пробіл після коми, а не перед комою.	,	"Поки ви перебуваєте <LSTag Type=""Status"" Tooltip=""RAGE"">в люті</LSTag>, ви можете застосовувати <LSTag Type=""Spell"" Tooltip=""Shout_PackHowl_Barbarian"">Підбурливе виття</LSTag>, а ваші союзники мають <LSTag Tooltip=""Advantage"">перевагу</LSTag> в <LSTag Tooltip=""AttackRoll"">кидках атаки</LSTag> проти ворогів у межах [1] від вас."
h162775ecg7b9egc133g5182g07c9126dbe3d	COMMA_PARENTHESIS_WHITESPACE	Оформлення	 ,	Поставте пробіл після коми, а не перед комою.	,	"Поки ви перебуваєте <LSTag Type=""Status"" Tooltip=""RAGE"">в люті</LSTag>, ви можете застосовувати <LSTag Type=""Spell"" Tooltip=""Shout_PackHowl_Barbarian"">Підбурливе виття</LSTag>, а ваші союзники мають <LSTag Tooltip=""Advantage"">перевагу</LSTag> в <LSTag Tooltip=""AttackRoll"">кидках атаки</LSTag> проти ворогів у межах [1] від вас."
hbb5691a5g5880g56bdg40c2g576cef554451	COMMA_PARENTHESIS_WHITESPACE	Оформлення	 .	Не ставте пробіл перед крапкою.	.	"Витратьте очки чародійства, щоб створити <LSTag Tooltip=""SpellSlot"">чарунку заклять</LSTag>. Інша чарунка того самого рівня не матиме ефекту, доки ви не використаєте цю."
hc69907d4g8c9eg708ag8797ge1e6e4d47653	MORFOLOGIK_RULE_UK_UA	Можлива механічна помилка	-го	Знайдено потенційну орфографічну помилку.	ГО, го, его, ВГО, Уго, ого, Аго, МГО	"Витратьте [1] очок чародійства, щоб розблокувати <LSTag Tooltip=""SpellSlot"">чарунку заклять</LSTag> [2]-го рівня. Створення іншої чарунки того самого рівня не матиме ефекту, доки не буде використана ця."
h112c7e0eg78abgd915gaaeag4b58bbd6c408	COMMA_PARENTHESIS_WHITESPACE	Оформлення	 .	Не ставте пробіл перед крапкою.	.	"Коли ви використовуєте цю дію, на вас не поширюється обмеження <LSTag Type=""Status"" Tooltip=""ONE_SPELL_WITH_A_SPELL_SLOT_PER_TURN"">«Одне закляття з чарункою за хід»</LSTag>."
h0fab1115gf226ge8beg030ag68b6e3209ba0	MORFOLOGIK_RULE_UK_UA	Можлива механічна помилка	стихійників	Знайдено потенційну орфографічну помилку.	стихійних, стихійний, стихійні, стихійним, стихійними, стихійної, птахівників, вибійників	Прикликання малих стихійників: кислота
hd306880fga010ga0ccgee6agf2546072d84f	MORFOLOGIK_RULE_UK_UA	Можлива механічна помилка	стихійників	Знайдено потенційну орфографічну помилку.	стихійних, стихійний, стихійні, стихійним, стихійними, стихійної, птахівників, вибійників	Прикликання малих стихійників: холод
h4873e0cdg3743g9b38gd242g3b9762fc3916	MORFOLOGIK_RULE_UK_UA	Можлива механічна помилка	стихійників	Знайдено потенційну орфографічну помилку.	стихійних, стихійний, стихійні, стихійним, стихійними, стихійної, птахівників, вибійників	Прикликання малих стихійників: вогонь
hdc99cc75g8f81g0397g1018gfde4fcc5be57	MORFOLOGIK_RULE_UK_UA	Можлива механічна помилка	стихійників	Знайдено потенційну орфографічну помилку.	стихійних, стихійний, стихійні, стихійним, стихійними, стихійної, птахівників, вибійників	Прикликання малих стихійників: блискавка
h94c82192gf055gfc18gd5bfgfcedb51b258c	MORFOLOGIK_RULE_UK_UA	Можлива механічна помилка	стихійників	Знайдено потенційну орфографічну помилку.	стихійних, стихійний, стихійні, стихійним, стихійними, стихійної, птахівників, вибійників	Ціль прикликання малих стихійників
h20a9acf5g3464g7749g7665g0da6684092ca	MORFOLOGIK_RULE_UK_UA	Можлива механічна помилка	стихійників	Знайдено потенційну орфографічну помилку.	стихійних, стихійний, стихійні, стихійним, стихійними, стихійної, птахівників, вибійників	"Істота перебуває в еманації <LSTag Type=""Spell"" Tooltip=""Target_ConjureElementals_Minor_Container"">Прикликання малих стихійників</LSTag>: земля під нею є важкопрохідною місцевістю, і вона зазнає додаткової шкоди від атак заклинача."
h8933e173gb36agbf40ge97fg7e76f31c0d5c	COMMA_PARENTHESIS_WHITESPACE	Оформлення	 .	Не ставте пробіл перед крапкою.	.	"Уражену істоту переслідують її найгірші кошмари.<br><br>Вона зазнає [1] за хід і має <LSTag Tooltip=""Disadvantage"">заваду</LSTag> в <LSTag Tooltip=""AbilityCheck"">перевірках характеристик</LSTag> та <LSTag Tooltip=""AttackRoll"">кидках атаки</LSTag>."
h0650634eg327bg1450gbcb7g99af88fe9574	UK_SIMPLE_REPLACE_SOFT	Інше	безкоштовно	«безкоштовно» — нерекомендоване слово, кращий варіант: безплатно.	безплатно	Виберіть два закляття Чарівника зі школи вашого підкласу, кожне з яких має бути не вище рівня 2, і безкоштовно додайте їх до своєї книги заклять.\n\nКрім того, коли ви отримуєте доступ до нового рівня чарунок заклять у цьому класі, ви можете безкоштовно додати одне закляття чарівника з цієї школи до своєї книги заклять. Вибране закляття має бути рівня, для якого у вас є чарунки заклять.
h0650634eg327bg1450gbcb7g99af88fe9574	UK_SIMPLE_REPLACE_SOFT	Інше	безкоштовно	«безкоштовно» — нерекомендоване слово, кращий варіант: безплатно.	безплатно	Виберіть два закляття Чарівника зі школи вашого підкласу, кожне з яких має бути не вище рівня 2, і безкоштовно додайте їх до своєї книги заклять.\n\nКрім того, коли ви отримуєте доступ до нового рівня чарунок заклять у цьому класі, ви можете безкоштовно додати одне закляття чарівника з цієї школи до своєї книги заклять. Вибране закляття має бути рівня, для якого у вас є чарунки заклять.
h2062d507ga208geb5bg6efbgb6d4495bc37f	MORFOLOGIK_RULE_UK_UA	Можлива механічна помилка	Дампір	Знайдено потенційну орфографічну помилку.	Ампір, Вампір, Дамір, Дам пір	Дампір
hdabd9808g7c04g0dd6g69e1g9203e3e1b10f	MORFOLOGIK_RULE_UK_UA	Можлива механічна помилка	Дампіри	Знайдено потенційну орфографічну помилку.	Вампіри	Дампіри — живі люди з вампірськими здібностями, прокляті моторошним голодом. Більшість дампірів жадають крові, але деякі живляться снами, життєвою енергією чи іншими джерелами життєвої сили. Кожен дампір мусить вибрати: боротися за контроль над своїм голодом чи піддатися хижацьким поривам.
hdabd9808g7c04g0dd6g69e1g9203e3e1b10f	MORFOLOGIK_RULE_UK_UA	Можлива механічна помилка	дампірів	Знайдено потенційну орфографічну помилку.	вампірів	Дампіри — живі люди з вампірськими здібностями, прокляті моторошним голодом. Більшість дампірів жадають крові, але деякі живляться снами, життєвою енергією чи іншими джерелами життєвої сили. Кожен дампір мусить вибрати: боротися за контроль над своїм голодом чи піддатися хижацьким поривам.
hdabd9808g7c04g0dd6g69e1g9203e3e1b10f	MORFOLOGIK_RULE_UK_UA	Можлива механічна помилка	дампір	Знайдено потенційну орфографічну помилку.	ампір, вампір, Дамір, дам пір	Дампіри — живі люди з вампірськими здібностями, прокляті моторошним голодом. Більшість дампірів жадають крові, але деякі живляться снами, життєвою енергією чи іншими джерелами життєвої сили. Кожен дампір мусить вибрати: боротися за контроль над своїм голодом чи піддатися хижацьким поривам.
h9bbb65acg9a53g5e2fg3d2bg72c88bd8aa4c	MORFOLOGIK_RULE_UK_UA	Можлива механічна помилка	Дампір	Знайдено потенційну орфографічну помилку.	Ампір, Вампір, Дамір, Дам пір	Дампір
he3f7387fg90edg9ee5ga8a0g4c1f567b531b	MORFOLOGIK_RULE_UK_UA	Можлива механічна помилка	Дампіри	Знайдено потенційну орфографічну помилку.	Вампіри	Дампіри — живі люди з вампірськими здібностями, прокляті моторошним голодом. Більшість дампірів жадають крові, але деякі живляться снами, життєвою енергією чи іншими джерелами життєвої сили. Кожен дампір мусить вибрати: боротися за контроль над своїм голодом чи піддатися хижацьким поривам.
he3f7387fg90edg9ee5ga8a0g4c1f567b531b	MORFOLOGIK_RULE_UK_UA	Можлива механічна помилка	дампірів	Знайдено потенційну орфографічну помилку.	вампірів	Дампіри — живі люди з вампірськими здібностями, прокляті моторошним голодом. Більшість дампірів жадають крові, але деякі живляться снами, життєвою енергією чи іншими джерелами життєвої сили. Кожен дампір мусить вибрати: боротися за контроль над своїм голодом чи піддатися хижацьким поривам.
he3f7387fg90edg9ee5ga8a0g4c1f567b531b	MORFOLOGIK_RULE_UK_UA	Можлива механічна помилка	дампір	Знайдено потенційну орфографічну помилку.	ампір, вампір, Дамір, дам пір	Дампіри — живі люди з вампірськими здібностями, прокляті моторошним голодом. Більшість дампірів жадають крові, але деякі живляться снами, життєвою енергією чи іншими джерелами життєвої сили. Кожен дампір мусить вибрати: боротися за контроль над своїм голодом чи піддатися хижацьким поривам.
hbd07df0ag30b5g6e8eg97fcg0d3596e797e9	MORFOLOGIK_RULE_UK_UA	Можлива механічна помилка	Дампір	Знайдено потенційну орфографічну помилку.	Ампір, Вампір, Дамір, Дам пір	Дампір
hb903494eg4f8egb72cgce52gb886ab263759	MORFOLOGIK_RULE_UK_UA	Можлива механічна помилка	Дампіри	Знайдено потенційну орфографічну помилку.	Вампіри	Дампіри — живі люди з вампірськими здібностями, прокляті моторошним голодом. Більшість дампірів жадають крові, але деякі живляться снами, життєвою енергією чи іншими джерелами життєвої сили. Кожен дампір мусить вибрати: боротися за контроль над своїм голодом чи піддатися хижацьким поривам.
hb903494eg4f8egb72cgce52gb886ab263759	MORFOLOGIK_RULE_UK_UA	Можлива механічна помилка	дампірів	Знайдено потенційну орфографічну помилку.	вампірів	Дампіри — живі люди з вампірськими здібностями, прокляті моторошним голодом. Більшість дампірів жадають крові, але деякі живляться снами, життєвою енергією чи іншими джерелами життєвої сили. Кожен дампір мусить вибрати: боротися за контроль над своїм голодом чи піддатися хижацьким поривам.
hb903494eg4f8egb72cgce52gb886ab263759	MORFOLOGIK_RULE_UK_UA	Можлива механічна помилка	дампір	Знайдено потенційну орфографічну помилку.	ампір, вампір, Дамір, дам пір	Дампіри — живі люди з вампірськими здібностями, прокляті моторошним голодом. Більшість дампірів жадають крові, але деякі живляться снами, життєвою енергією чи іншими джерелами життєвої сили. Кожен дампір мусить вибрати: боротися за контроль над своїм голодом чи піддатися хижацьким поривам.
h94129971gc83fgd6adgd6e8g3b455c734e19	MORFOLOGIK_RULE_UK_UA	Можлива механічна помилка	Дампір	Знайдено потенційну орфографічну помилку.	Ампір, Вампір, Дамір, Дам пір	Дампір
h3279c950ge636gc867g40ffg899c6928c2a3	MORFOLOGIK_RULE_UK_UA	Можлива механічна помилка	Дампіри	Знайдено потенційну орфографічну помилку.	Вампіри	Дампіри — живі люди з вампірськими здібностями, прокляті моторошним голодом. Більшість дампірів жадають крові, але деякі живляться снами, життєвою енергією чи іншими джерелами життєвої сили. Кожен дампір мусить вибрати: боротися за контроль над своїм голодом чи піддатися хижацьким поривам.
h3279c950ge636gc867g40ffg899c6928c2a3	MORFOLOGIK_RULE_UK_UA	Можлива механічна помилка	дампірів	Знайдено потенційну орфографічну помилку.	вампірів	Дампіри — живі люди з вампірськими здібностями, прокляті моторошним голодом. Більшість дампірів жадають крові, але деякі живляться снами, життєвою енергією чи іншими джерелами життєвої сили. Кожен дампір мусить вибрати: боротися за контроль над своїм голодом чи піддатися хижацьким поривам.
h3279c950ge636gc867g40ffg899c6928c2a3	MORFOLOGIK_RULE_UK_UA	Можлива механічна помилка	дампір	Знайдено потенційну орфографічну помилку.	ампір, вампір, Дамір, дам пір	Дампіри — живі люди з вампірськими здібностями, прокляті моторошним голодом. Більшість дампірів жадають крові, але деякі живляться снами, життєвою енергією чи іншими джерелами життєвої сили. Кожен дампір мусить вибрати: боротися за контроль над своїм голодом чи піддатися хижацьким поривам.
h478ee9d3gc755g31adg5217g5f2438fc24d4	MORFOLOGIK_RULE_UK_UA	Можлива механічна помилка	Жінка-дроу	Знайдено потенційну орфографічну помилку.		Жінка-дроу
h1536d1d3ge2e9ge28dg516eg94798f8d7ebe	MORFOLOGIK_RULE_UK_UA	Можлива механічна помилка	Ґруумша	Знайдено потенційну орфографічну помилку.	Аркуша, Труша, Груша, Румуна, Арфуша, Фрума, Грубша, Грубіша	Орки ведуть свій рід від Ґруумша — могутнього бога, що мандрував безкраїми просторами Матеріального плану. Ґруумш наділив своїх дітей дарами, які допомагають їм мандрувати великими рівнинами, просторими печерами та бурхливими морями й протистояти чудовиськам, що там причаїлися. Навіть присвячуючи себе іншим богам, орки зберігають дари Ґруумша: витривалість, рішучість і здатність бачити в темряві.\n\nЗазвичай орки високі й кремезні. Вони мають сіру шкіру, гострі вуха й помітні нижні ікла, схожі на невеликі бивні. У деяких світах юним оркам розповідають про великі мандри й випробування предків. Натхненні цими оповідями, багато хто з них замислюється, коли Ґруумш покличе їх повторити героїчні діяння давнини й чи виявляться вони гідними його прихильності. Інші орки радо лишають старі оповіді в минулому й торують власний шлях.
h1536d1d3ge2e9ge28dg516eg94798f8d7ebe	MORFOLOGIK_RULE_UK_UA	Можлива механічна помилка	Ґруумш	Знайдено потенційну орфографічну помилку.	Ґрунт, Ґрунту, Ґрунті, Тріумф, Аркуш, Ґрунти, Груш, Румун	Орки ведуть свій рід від Ґруумша — могутнього бога, що мандрував безкраїми просторами Матеріального плану. Ґруумш наділив своїх дітей дарами, які допомагають їм мандрувати великими рівнинами, просторими печерами та бурхливими морями й протистояти чудовиськам, що там причаїлися. Навіть присвячуючи себе іншим богам, орки зберігають дари Ґруумша: витривалість, рішучість і здатність бачити в темряві.\n\nЗазвичай орки високі й кремезні. Вони мають сіру шкіру, гострі вуха й помітні нижні ікла, схожі на невеликі бивні. У деяких світах юним оркам розповідають про великі мандри й випробування предків. Натхненні цими оповідями, багато хто з них замислюється, коли Ґруумш покличе їх повторити героїчні діяння давнини й чи виявляться вони гідними його прихильності. Інші орки радо лишають старі оповіді в минулому й торують власний шлях.
h1536d1d3ge2e9ge28dg516eg94798f8d7ebe	MORFOLOGIK_RULE_UK_UA	Можлива механічна помилка	Ґруумша	Знайдено потенційну орфографічну помилку.	Аркуша, Труша, Груша, Румуна, Арфуша, Фрума, Грубша, Грубіша	Орки ведуть свій рід від Ґруумша — могутнього бога, що мандрував безкраїми просторами Матеріального плану. Ґруумш наділив своїх дітей дарами, які допомагають їм мандрувати великими рівнинами, просторими печерами та бурхливими морями й протистояти чудовиськам, що там причаїлися. Навіть присвячуючи себе іншим богам, орки зберігають дари Ґруумша: витривалість, рішучість і здатність бачити в темряві.\n\nЗазвичай орки високі й кремезні. Вони мають сіру шкіру, гострі вуха й помітні нижні ікла, схожі на невеликі бивні. У деяких світах юним оркам розповідають про великі мандри й випробування предків. Натхненні цими оповідями, багато хто з них замислюється, коли Ґруумш покличе їх повторити героїчні діяння давнини й чи виявляться вони гідними його прихильності. Інші орки радо лишають старі оповіді в минулому й торують власний шлях.
h1536d1d3ge2e9ge28dg516eg94798f8d7ebe	MORFOLOGIK_RULE_UK_UA	Можлива механічна помилка	Ґруумш	Знайдено потенційну орфографічну помилку.	Ґрунт, Ґрунту, Ґрунті, Тріумф, Аркуш, Ґрунти, Груш, Румун	Орки ведуть свій рід від Ґруумша — могутнього бога, що мандрував безкраїми просторами Матеріального плану. Ґруумш наділив своїх дітей дарами, які допомагають їм мандрувати великими рівнинами, просторими печерами та бурхливими морями й протистояти чудовиськам, що там причаїлися. Навіть присвячуючи себе іншим богам, орки зберігають дари Ґруумша: витривалість, рішучість і здатність бачити в темряві.\n\nЗазвичай орки високі й кремезні. Вони мають сіру шкіру, гострі вуха й помітні нижні ікла, схожі на невеликі бивні. У деяких світах юним оркам розповідають про великі мандри й випробування предків. Натхненні цими оповідями, багато хто з них замислюється, коли Ґруумш покличе їх повторити героїчні діяння давнини й чи виявляться вони гідними його прихильності. Інші орки радо лишають старі оповіді в минулому й торують власний шлях.
h449084fbgb69ag0519ge52dg161d6d97eae4	MORFOLOGIK_RULE_UK_UA	Можлива механічна помилка	Ґруумша	Знайдено потенційну орфографічну помилку.	Аркуша, Труша, Груша, Румуна, Арфуша, Фрума, Грубша, Грубіша	Орки ведуть свій рід від Ґруумша — могутнього бога, що мандрував безкраїми просторами Матеріального плану. Ґруумш наділив своїх дітей дарами, які допомагають їм мандрувати великими рівнинами, просторими печерами та бурхливими морями й протистояти чудовиськам, що там причаїлися. Навіть присвячуючи себе іншим богам, орки зберігають дари Ґруумша: витривалість, рішучість і здатність бачити в темряві.
h449084fbgb69ag0519ge52dg161d6d97eae4	MORFOLOGIK_RULE_UK_UA	Можлива механічна помилка	Ґруумш	Знайдено потенційну орфографічну помилку.	Ґрунт, Ґрунту, Ґрунті, Тріумф, Аркуш, Ґрунти, Груш, Румун	Орки ведуть свій рід від Ґруумша — могутнього бога, що мандрував безкраїми просторами Матеріального плану. Ґруумш наділив своїх дітей дарами, які допомагають їм мандрувати великими рівнинами, просторими печерами та бурхливими морями й протистояти чудовиськам, що там причаїлися. Навіть присвячуючи себе іншим богам, орки зберігають дари Ґруумша: витривалість, рішучість і здатність бачити в темряві.
h449084fbgb69ag0519ge52dg161d6d97eae4	MORFOLOGIK_RULE_UK_UA	Можлива механічна помилка	Ґруумша	Знайдено потенційну орфографічну помилку.	Аркуша, Труша, Груша, Румуна, Арфуша, Фрума, Грубша, Грубіша	Орки ведуть свій рід від Ґруумша — могутнього бога, що мандрував безкраїми просторами Матеріального плану. Ґруумш наділив своїх дітей дарами, які допомагають їм мандрувати великими рівнинами, просторими печерами та бурхливими морями й протистояти чудовиськам, що там причаїлися. Навіть присвячуючи себе іншим богам, орки зберігають дари Ґруумша: витривалість, рішучість і здатність бачити в темряві.
h498af51ag51c8geb62g0208g43489e7a4c7c	MORFOLOGIK_RULE_UK_UA	Можлива механічна помилка	Ґруумша	Знайдено потенційну орфографічну помилку.	Аркуша, Труша, Груша, Румуна, Арфуша, Фрума, Грубша, Грубіша	Орки ведуть свій рід від Ґруумша — могутнього бога, що мандрував безкраїми просторами Матеріального плану. Ґруумш наділив своїх дітей дарами, які допомагають їм мандрувати великими рівнинами, просторими печерами та бурхливими морями й протистояти чудовиськам, що там причаїлися. Навіть присвячуючи себе іншим богам, орки зберігають дари Ґруумша: витривалість, рішучість і здатність бачити в темряві.\n\nЗазвичай орки високі й кремезні. Вони мають сіру шкіру, гострі вуха й помітні нижні ікла, схожі на невеликі бивні. У деяких світах юним оркам розповідають про великі мандри й випробування предків. Натхненні цими оповідями, багато хто з них замислюється, коли Ґруумш покличе їх повторити героїчні діяння давнини й чи виявляться вони гідними його прихильності. Інші орки радо лишають старі оповіді в минулому й торують власний шлях.
h498af51ag51c8geb62g0208g43489e7a4c7c	MORFOLOGIK_RULE_UK_UA	Можлива механічна помилка	Ґруумш	Знайдено потенційну орфографічну помилку.	Ґрунт, Ґрунту, Ґрунті, Тріумф, Аркуш, Ґрунти, Груш, Румун	Орки ведуть свій рід від Ґруумша — могутнього бога, що мандрував безкраїми просторами Матеріального плану. Ґруумш наділив своїх дітей дарами, які допомагають їм мандрувати великими рівнинами, просторими печерами та бурхливими морями й протистояти чудовиськам, що там причаїлися. Навіть присвячуючи себе іншим богам, орки зберігають дари Ґруумша: витривалість, рішучість і здатність бачити в темряві.\n\nЗазвичай орки високі й кремезні. Вони мають сіру шкіру, гострі вуха й помітні нижні ікла, схожі на невеликі бивні. У деяких світах юним оркам розповідають про великі мандри й випробування предків. Натхненні цими оповідями, багато хто з них замислюється, коли Ґруумш покличе їх повторити героїчні діяння давнини й чи виявляться вони гідними його прихильності. Інші орки радо лишають старі оповіді в минулому й торують власний шлях.
h498af51ag51c8geb62g0208g43489e7a4c7c	MORFOLOGIK_RULE_UK_UA	Можлива механічна помилка	Ґруумша	Знайдено потенційну орфографічну помилку.	Аркуша, Труша, Груша, Румуна, Арфуша, Фрума, Грубша, Грубіша	Орки ведуть свій рід від Ґруумша — могутнього бога, що мандрував безкраїми просторами Матеріального плану. Ґруумш наділив своїх дітей дарами, які допомагають їм мандрувати великими рівнинами, просторими печерами та бурхливими морями й протистояти чудовиськам, що там причаїлися. Навіть присвячуючи себе іншим богам, орки зберігають дари Ґруумша: витривалість, рішучість і здатність бачити в темряві.\n\nЗазвичай орки високі й кремезні. Вони мають сіру шкіру, гострі вуха й помітні нижні ікла, схожі на невеликі бивні. У деяких світах юним оркам розповідають про великі мандри й випробування предків. Натхненні цими оповідями, багато хто з них замислюється, коли Ґруумш покличе їх повторити героїчні діяння давнини й чи виявляться вони гідними його прихильності. Інші орки радо лишають старі оповіді в минулому й торують власний шлях.
h498af51ag51c8geb62g0208g43489e7a4c7c	MORFOLOGIK_RULE_UK_UA	Можлива механічна помилка	Ґруумш	Знайдено потенційну орфографічну помилку.	Ґрунт, Ґрунту, Ґрунті, Тріумф, Аркуш, Ґрунти, Груш, Румун	Орки ведуть свій рід від Ґруумша — могутнього бога, що мандрував безкраїми просторами Матеріального плану. Ґруумш наділив своїх дітей дарами, які допомагають їм мандрувати великими рівнинами, просторими печерами та бурхливими морями й протистояти чудовиськам, що там причаїлися. Навіть присвячуючи себе іншим богам, орки зберігають дари Ґруумша: витривалість, рішучість і здатність бачити в темряві.\n\nЗазвичай орки високі й кремезні. Вони мають сіру шкіру, гострі вуха й помітні нижні ікла, схожі на невеликі бивні. У деяких світах юним оркам розповідають про великі мандри й випробування предків. Натхненні цими оповідями, багато хто з них замислюється, коли Ґруумш покличе їх повторити героїчні діяння давнини й чи виявляться вони гідними його прихильності. Інші орки радо лишають старі оповіді в минулому й торують власний шлях.
hefd844a2gf6d5g1299g89e1ge8acaed81bb9	MORFOLOGIK_RULE_UK_UA	Можлива механічна помилка	Ґруумша	Знайдено потенційну орфографічну помилку.	Аркуша, Труша, Груша, Румуна, Арфуша, Фрума, Грубша, Грубіша	Орки ведуть свій рід від Ґруумша — могутнього бога, що мандрував безкраїми просторами Матеріального плану. Ґруумш наділив своїх дітей дарами, які допомагають їм мандрувати великими рівнинами, просторими печерами та бурхливими морями й протистояти чудовиськам, що там причаїлися. Навіть присвячуючи себе іншим богам, орки зберігають дари Ґруумша: витривалість, рішучість і здатність бачити в темряві.
hefd844a2gf6d5g1299g89e1ge8acaed81bb9	MORFOLOGIK_RULE_UK_UA	Можлива механічна помилка	Ґруумш	Знайдено потенційну орфографічну помилку.	Ґрунт, Ґрунту, Ґрунті, Тріумф, Аркуш, Ґрунти, Груш, Румун	Орки ведуть свій рід від Ґруумша — могутнього бога, що мандрував безкраїми просторами Матеріального плану. Ґруумш наділив своїх дітей дарами, які допомагають їм мандрувати великими рівнинами, просторими печерами та бурхливими морями й протистояти чудовиськам, що там причаїлися. Навіть присвячуючи себе іншим богам, орки зберігають дари Ґруумша: витривалість, рішучість і здатність бачити в темряві.
hefd844a2gf6d5g1299g89e1ge8acaed81bb9	MORFOLOGIK_RULE_UK_UA	Можлива механічна помилка	Ґруумша	Знайдено потенційну орфографічну помилку.	Аркуша, Труша, Груша, Румуна, Арфуша, Фрума, Грубша, Грубіша	Орки ведуть свій рід від Ґруумша — могутнього бога, що мандрував безкраїми просторами Матеріального плану. Ґруумш наділив своїх дітей дарами, які допомагають їм мандрувати великими рівнинами, просторими печерами та бурхливими морями й протистояти чудовиськам, що там причаїлися. Навіть присвячуючи себе іншим богам, орки зберігають дари Ґруумша: витривалість, рішучість і здатність бачити в темряві.
he31c01dfg72adg4db2g94c1gbc12a3a0e8c6	MORFOLOGIK_RULE_UK_UA	Можлива механічна помилка	Дампір	Знайдено потенційну орфографічну помилку.	Ампір, Вампір, Дамір, Дам пір	Дампір
h35285b67g36d4g40a2gb3cdg7f02716f722d	MORFOLOGIK_RULE_UK_UA	Можлива механічна помилка	Дампіри	Знайдено потенційну орфографічну помилку.	Вампіри	Дампіри — живі люди з вампірськими здібностями, прокляті моторошним голодом. Більшість дампірів жадають крові, але деякі живляться снами, життєвою енергією чи іншими джерелами життєвої сили. Кожен дампір мусить вибрати: боротися за контроль над своїм голодом чи піддатися хижацьким поривам.
h35285b67g36d4g40a2gb3cdg7f02716f722d	MORFOLOGIK_RULE_UK_UA	Можлива механічна помилка	дампірів	Знайдено потенційну орфографічну помилку.	вампірів	Дампіри — живі люди з вампірськими здібностями, прокляті моторошним голодом. Більшість дампірів жадають крові, але деякі живляться снами, життєвою енергією чи іншими джерелами життєвої сили. Кожен дампір мусить вибрати: боротися за контроль над своїм голодом чи піддатися хижацьким поривам.
h35285b67g36d4g40a2gb3cdg7f02716f722d	MORFOLOGIK_RULE_UK_UA	Можлива механічна помилка	дампір	Знайдено потенційну орфографічну помилку.	ампір, вампір, Дамір, дам пір	Дампіри — живі люди з вампірськими здібностями, прокляті моторошним голодом. Більшість дампірів жадають крові, але деякі живляться снами, життєвою енергією чи іншими джерелами життєвої сили. Кожен дампір мусить вибрати: боротися за контроль над своїм голодом чи піддатися хижацьким поривам.
h79606373g3860g4fcag9d5cg6a9759d91e00	MORFOLOGIK_RULE_UK_UA	Можлива механічна помилка	Дампір	Знайдено потенційну орфографічну помилку.	Ампір, Вампір, Дамір, Дам пір	Дампір
h0c09ad89g401cg4189g99c8g8286f4e0483a	MORFOLOGIK_RULE_UK_UA	Можлива механічна помилка	Дампіри	Знайдено потенційну орфографічну помилку.	Вампіри	Дампіри — живі люди з вампірськими здібностями, прокляті моторошним голодом. Більшість дампірів жадають крові, але деякі живляться снами, життєвою енергією чи іншими джерелами життєвої сили. Кожен дампір мусить вибрати: боротися за контроль над своїм голодом чи піддатися хижацьким поривам.
h0c09ad89g401cg4189g99c8g8286f4e0483a	MORFOLOGIK_RULE_UK_UA	Можлива механічна помилка	дампірів	Знайдено потенційну орфографічну помилку.	вампірів	Дампіри — живі люди з вампірськими здібностями, прокляті моторошним голодом. Більшість дампірів жадають крові, але деякі живляться снами, життєвою енергією чи іншими джерелами життєвої сили. Кожен дампір мусить вибрати: боротися за контроль над своїм голодом чи піддатися хижацьким поривам.
h0c09ad89g401cg4189g99c8g8286f4e0483a	MORFOLOGIK_RULE_UK_UA	Можлива механічна помилка	дампір	Знайдено потенційну орфографічну помилку.	ампір, вампір, Дамір, дам пір	Дампіри — живі люди з вампірськими здібностями, прокляті моторошним голодом. Більшість дампірів жадають крові, але деякі живляться снами, життєвою енергією чи іншими джерелами життєвої сили. Кожен дампір мусить вибрати: боротися за контроль над своїм голодом чи піддатися хижацьким поривам.
hcbcb6f63g49c5g4888gbb49g9e267fd66112	MORFOLOGIK_RULE_UK_UA	Можлива механічна помилка	Дампір	Знайдено потенційну орфографічну помилку.	Ампір, Вампір, Дамір, Дам пір	Дампір
h43b28878g821bg49faga46cgacaaa21bdd48	MORFOLOGIK_RULE_UK_UA	Можлива механічна помилка	Дампіри	Знайдено потенційну орфографічну помилку.	Вампіри	Дампіри — живі люди з вампірськими здібностями, прокляті моторошним голодом. Більшість дампірів жадають крові, але деякі живляться снами, життєвою енергією чи іншими джерелами життєвої сили. Кожен дампір мусить вибрати: боротися за контроль над своїм голодом чи піддатися хижацьким поривам.
h43b28878g821bg49faga46cgacaaa21bdd48	MORFOLOGIK_RULE_UK_UA	Можлива механічна помилка	дампірів	Знайдено потенційну орфографічну помилку.	вампірів	Дампіри — живі люди з вампірськими здібностями, прокляті моторошним голодом. Більшість дампірів жадають крові, але деякі живляться снами, життєвою енергією чи іншими джерелами життєвої сили. Кожен дампір мусить вибрати: боротися за контроль над своїм голодом чи піддатися хижацьким поривам.
h43b28878g821bg49faga46cgacaaa21bdd48	MORFOLOGIK_RULE_UK_UA	Можлива механічна помилка	дампір	Знайдено потенційну орфографічну помилку.	ампір, вампір, Дамір, дам пір	Дампіри — живі люди з вампірськими здібностями, прокляті моторошним голодом. Більшість дампірів жадають крові, але деякі живляться снами, життєвою енергією чи іншими джерелами життєвої сили. Кожен дампір мусить вибрати: боротися за контроль над своїм голодом чи піддатися хижацьким поривам.
hc27be60bgb35eg487dga123gd0fbacd7784b	MORFOLOGIK_RULE_UK_UA	Можлива механічна помилка	Дампір	Знайдено потенційну орфографічну помилку.	Ампір, Вампір, Дамір, Дам пір	Дампір
he55303e9g532dg411eg855ag9d677ac4ded9	MORFOLOGIK_RULE_UK_UA	Можлива механічна помилка	Дампіри	Знайдено потенційну орфографічну помилку.	Вампіри	Дампіри — живі люди з вампірськими здібностями, прокляті моторошним голодом. Більшість дампірів жадають крові, але деякі живляться снами, життєвою енергією чи іншими джерелами життєвої сили. Кожен дампір мусить вибрати: боротися за контроль над своїм голодом чи піддатися хижацьким поривам.
he55303e9g532dg411eg855ag9d677ac4ded9	MORFOLOGIK_RULE_UK_UA	Можлива механічна помилка	дампірів	Знайдено потенційну орфографічну помилку.	вампірів	Дампіри — живі люди з вампірськими здібностями, прокляті моторошним голодом. Більшість дампірів жадають крові, але деякі живляться снами, життєвою енергією чи іншими джерелами життєвої сили. Кожен дампір мусить вибрати: боротися за контроль над своїм голодом чи піддатися хижацьким поривам.
he55303e9g532dg411eg855ag9d677ac4ded9	MORFOLOGIK_RULE_UK_UA	Можлива механічна помилка	дампір	Знайдено потенційну орфографічну помилку.	ампір, вампір, Дамір, дам пір	Дампіри — живі люди з вампірськими здібностями, прокляті моторошним голодом. Більшість дампірів жадають крові, але деякі живляться снами, життєвою енергією чи іншими джерелами життєвої сили. Кожен дампір мусить вибрати: боротися за контроль над своїм голодом чи піддатися хижацьким поривам.
h02db6a63g3c71g5feeg9f17g4e0f97b6aa19	COMMA_PARENTHESIS_WHITESPACE	Оформлення	 ,	Поставте пробіл після коми, а не перед комою.	,	"Між вами та вашою твариною-компаньйоном міцний зв’язок. Ваш модифікатор мудрості додається до його <LSTag Tooltip=""ArmourClass"">Рівня захисту</LSTag>, кидків атаки та шкоди."
hbd1c29f3g9d49g7f6bgd0f5g7628a41aeced	MORFOLOGIK_RULE_UK_UA	Можлива механічна помилка	лютоворона	Знайдено потенційну орфографічну помилку.	люто ворона	"Прикличте лютоворона, який літає й атакує ворогів <LSTag Type=""Spell"" Tooltip=""Target_Beak_Raven_Summon_BeastMaster"">дзьобом</LSTag>. Вилітаючи з досяжності ворога, він не провокує <LSTag Tooltip=""OpportunityAttack"">принагідних атак</LSTag>."
hbd1c29f3g9d49g7f6bgd0f5g7628a41aeced	COMMA_PARENTHESIS_WHITESPACE	Оформлення	 .	Не ставте пробіл перед крапкою.	.	"Прикличте лютоворона, який літає й атакує ворогів <LSTag Type=""Spell"" Tooltip=""Target_Beak_Raven_Summon_BeastMaster"">дзьобом</LSTag>. Вилітаючи з досяжності ворога, він не провокує <LSTag Tooltip=""OpportunityAttack"">принагідних атак</LSTag>."
hbd1c29f3g9d49g7f6bgd0f5g7628a41aeced	COMMA_PARENTHESIS_WHITESPACE	Оформлення	 .	Не ставте пробіл перед крапкою.	.	"Прикличте лютоворона, який літає й атакує ворогів <LSTag Type=""Spell"" Tooltip=""Target_Beak_Raven_Summon_BeastMaster"">дзьобом</LSTag>. Вилітаючи з досяжності ворога, він не провокує <LSTag Tooltip=""OpportunityAttack"">принагідних атак</LSTag>."
h1944ab59g9198g6ac4gba4ag5a0efe856cbb	COMMA_PARENTHESIS_WHITESPACE	Оформлення	 .	Не ставте пробіл перед крапкою.	.	"Прикличте чорного ведмедя, який шматує ворогів <LSTag Type=""Spell"" Tooltip=""Target_Claws_Bear_Black_Summon"">кігтями</LSTag> й збиває їх з ніг <LSTag Type=""Spell"" Tooltip=""Rush_Rush_Boar_Summon"">натиском</LSTag>."
hd5b90e52gc2cagaf46gca4cg4997c18e17fb	COMMA_PARENTHESIS_WHITESPACE	Оформлення	 .	Не ставте пробіл перед крапкою.	.	"Прикличте кабана, який проштрикує ворогів <LSTag Type=""Spell"" Tooltip=""Target_Tusk_Boar_Summon"">іклом</LSTag> і збиває їх з ніг <LSTag Type=""Spell"" Tooltip=""Rush_Rush_Boar_Summon"">натиском</LSTag>."
hafbed588gb94eg788agb035g22cf2f434eb4	COMMA_PARENTHESIS_WHITESPACE	Оформлення	 .	Не ставте пробіл перед крапкою.	.	"Прикличте вовчого павука, який атакує ворогів <LSTag Type=""Spell"" Tooltip=""Target_Bite_GiantSpider_Summon"">укусом</LSTag> і збиває їх з ніг <LSTag Type=""Spell"" Tooltip=""Rush_Rush_Boar_Summon"">натиском</LSTag>."
h67d9ca78g7e48g27e7g2e6bg3fd979f583a5	COMMA_PARENTHESIS_WHITESPACE	Оформлення	 .	Не ставте пробіл перед крапкою.	.	"Прикличте вовка, який шматує ворогів <LSTag Type=""Spell"" Tooltip=""Target_Bite_Wolf_Summon"">укусом</LSTag> і збиває їх з ніг <LSTag Type=""Spell"" Tooltip=""Rush_Rush_Boar_Summon"">натиском</LSTag>."
he9d03706g649dg72b5g3adeg7dd6358e9597	MORFOLOGIK_RULE_UK_UA	Можлива механічна помилка	кі	Знайдено потенційну орфографічну помилку.	Кі, і, які, її, зі, ні, ці, ті	Ви можете метати пекучі заряди магічного сяйва.\n\nВи отримуєте новий варіант атаки, доступний під час дії «Атака». Це особлива далекобійна атака закляттям із дальністю 30 футів. Ви володієте нею й додаєте свій модифікатор спритності до її кидків атаки та шкоди. Вона завдає променевої шкоди, а її кістка шкоди — d6. Ця кістка змінюється зі здобуттям рівнів монаха, як указано у стовпці «Бойові мистецтва» таблиці монаха.\n\nКоли у свій хід ви виконуєте дію «Атака» й застосовуєте в її межах цю особливу атаку, можете витратити 1 очко кі, щоб двічі здійснити цю атаку вторинною дією.\n\nОтримавши особливість «Додаткова атака», ви можете використати цю особливу атаку для будь-якої атаки в межах дії «Атака».
hb2e332fcgcd11g8a05g95d2g1993d892d032	MORFOLOGIK_RULE_UK_UA	Можлива механічна помилка	кі	Знайдено потенційну орфографічну помилку.	Кі, і, які, її, зі, ні, ці, ті	Ви навчаєтеся спрямовувати кі в пекучі хвилі енергії. Одразу після виконання дії «Атака» у свій хід ви можете витратити 2 очки кі, щоб проказати «Палючі руки» вторинною дією.\n\nВи можете витратити додаткові очки кі, щоб проказати «Палючі руки» як закляття вищого рівня. Кожне додаткове очко підвищує рівень закляття на 1. Максимальна загальна кількість очок кі, яку можна витратити на закляття, дорівнює половині вашого рівня монаха.
hb2e332fcgcd11g8a05g95d2g1993d892d032	MORFOLOGIK_RULE_UK_UA	Можлива механічна помилка	кі	Знайдено потенційну орфографічну помилку.	Кі, і, які, її, зі, ні, ці, ті	Ви навчаєтеся спрямовувати кі в пекучі хвилі енергії. Одразу після виконання дії «Атака» у свій хід ви можете витратити 2 очки кі, щоб проказати «Палючі руки» вторинною дією.\n\nВи можете витратити додаткові очки кі, щоб проказати «Палючі руки» як закляття вищого рівня. Кожне додаткове очко підвищує рівень закляття на 1. Максимальна загальна кількість очок кі, яку можна витратити на закляття, дорівнює половині вашого рівня монаха.
hb2e332fcgcd11g8a05g95d2g1993d892d032	MORFOLOGIK_RULE_UK_UA	Можлива механічна помилка	кі	Знайдено потенційну орфографічну помилку.	Кі, і, які, її, зі, ні, ці, ті	Ви навчаєтеся спрямовувати кі в пекучі хвилі енергії. Одразу після виконання дії «Атака» у свій хід ви можете витратити 2 очки кі, щоб проказати «Палючі руки» вторинною дією.\n\nВи можете витратити додаткові очки кі, щоб проказати «Палючі руки» як закляття вищого рівня. Кожне додаткове очко підвищує рівень закляття на 1. Максимальна загальна кількість очок кі, яку можна витратити на закляття, дорівнює половині вашого рівня монаха.
hb2e332fcgcd11g8a05g95d2g1993d892d032	MORFOLOGIK_RULE_UK_UA	Можлива механічна помилка	кі	Знайдено потенційну орфографічну помилку.	Кі, і, які, її, зі, ні, ці, ті	Ви навчаєтеся спрямовувати кі в пекучі хвилі енергії. Одразу після виконання дії «Атака» у свій хід ви можете витратити 2 очки кі, щоб проказати «Палючі руки» вторинною дією.\n\nВи можете витратити додаткові очки кі, щоб проказати «Палючі руки» як закляття вищого рівня. Кожне додаткове очко підвищує рівень закляття на 1. Максимальна загальна кількість очок кі, яку можна витратити на закляття, дорівнює половині вашого рівня монаха.
h1fe50343g3067g0a7cg5c9egd0f5250b5e84	MORFOLOGIK_RULE_UK_UA	Можлива механічна помилка	кі	Знайдено потенційну орфографічну помилку.	Кі, і, які, її, зі, ні, ці, ті	Ви навчаєтеся створювати сферу світла, що вибухає руйнівним спалахом. Дією ви магічно створюєте сферу й метаєте її у вибрану точку в межах 150 футів, де вона на коротку, але смертоносну мить вибухає сферою променевого світла.\n\nКожна істота у цій сфері радіусом 20 футів повинна успішно виконати кидок протидії статурою, інакше зазнає 2d6 променевої шкоди. Істоті не потрібно виконувати кидок, якщо вона перебуває за повним непрозорим укриттям.\n\nВи можете збільшити шкоду сфери, витрачаючи очки кі. Кожне витрачене очко, щонайбільше 3, збільшує шкоду на 2d6.
h41750364g33fcg4cefg8a48ge532dc677bbf	MORFOLOGIK_RULE_UK_UA	Можлива механічна помилка	кі	Знайдено потенційну орфографічну помилку.	Кі, і, які, її, зі, ні, ці, ті	Спрямуйте кі в пекучу хвилю енергії. Вивільніть полум’я з простягнутих рук, завдаючи кожній цілі [1] і підпалюючи все займисте.
h0089c30fg8c4dg346dg41fag7df171fac04f	MORFOLOGIK_RULE_UK_UA	Можлива механічна помилка	пагорбової	Знайдено потенційну орфографічну помилку.	пагорбові, па горбової	Риса: Удар велетнів\n\nВи хоч і не велетень, але виросли серед велетнів. Можливо, ви були сиротою, яку прийняла співчутлива родина кам’яних велетнів і виховала як рідну дитину. А можливо, ви жили в загубленому доісторичному закутку світу, серед велетнів, страхітливих потвор і велетенських динозаврів.\n\nЩось у вашому оточенні — можливо, їжа чи вода, якими ви живилися, стихійна магія вашої домівки або зелене благословення росту — наділило вас надзвичайними для вашого народу розмірами. Завдяки цій магії ви навчилися втілювати міць велетнів. Ви звикли рухатися світом, значно більшим за вас, і це позначилося на ваших уміннях, ставленні та поглядах на життя.\n\nУдар велетнів. Раз за хід, коли ви влучаєте в ціль атакою зброєю ближнього бою або далекобійною атакою метальною зброєю, то можете наділити атаку додатковим ефектом відповідно до вибраної переваги: хмарної, вогняної, морозної, пагорбової, кам’яної або штормової.
h20d64b0eg7b2agba83g768eg034f36f19ad9	MORFOLOGIK_RULE_UK_UA	Можлива механічна помилка	Шадаркаї	Знайдено потенційну орфографічну помилку.	Шадурка	Шадаркаї
h446ae020gdccdg2b5bgde5ag55622edba1a8	MORFOLOGIK_RULE_UK_UA	Можлива механічна помилка	Шадаркаї	Знайдено потенційну орфографічну помилку.	Шадурка	Шадаркаї — ельфи Тінепаду, яких спершу привела до цього моторошного виміру Вороняча королева. Упродовж століть одні з них і далі служили їй, а інші вирушили на Матеріальний план, щоб кувати власну долю.\n\nКолись шадаркаї належали до фей, як і решта їхніх ельфійських родичів. Тепер, перетворені похмурою енергією Тінепаду, вони існують у стані між життям і смертю.\n\nШадаркаї мають попелястий відтінок шкіри, а в Тінепаді також марніють, віддзеркалюючи похмуру природу цього безрадісного плану.\n\nЯк і інші ельфи, шадаркаї можуть жити понад 750 років.
h446ae020gdccdg2b5bgde5ag55622edba1a8	MORFOLOGIK_RULE_UK_UA	Можлива механічна помилка	Тінепаду	Знайдено потенційну орфографічну помилку.	Тіне паду	Шадаркаї — ельфи Тінепаду, яких спершу привела до цього моторошного виміру Вороняча королева. Упродовж століть одні з них і далі служили їй, а інші вирушили на Матеріальний план, щоб кувати власну долю.\n\nКолись шадаркаї належали до фей, як і решта їхніх ельфійських родичів. Тепер, перетворені похмурою енергією Тінепаду, вони існують у стані між життям і смертю.\n\nШадаркаї мають попелястий відтінок шкіри, а в Тінепаді також марніють, віддзеркалюючи похмуру природу цього безрадісного плану.\n\nЯк і інші ельфи, шадаркаї можуть жити понад 750 років.
h446ae020gdccdg2b5bgde5ag55622edba1a8	MORFOLOGIK_RULE_UK_UA	Можлива механічна помилка	шадаркаї	Знайдено потенційну орфографічну помилку.	Шадурка	Шадаркаї — ельфи Тінепаду, яких спершу привела до цього моторошного виміру Вороняча королева. Упродовж століть одні з них і далі служили їй, а інші вирушили на Матеріальний план, щоб кувати власну долю.\n\nКолись шадаркаї належали до фей, як і решта їхніх ельфійських родичів. Тепер, перетворені похмурою енергією Тінепаду, вони існують у стані між життям і смертю.\n\nШадаркаї мають попелястий відтінок шкіри, а в Тінепаді також марніють, віддзеркалюючи похмуру природу цього безрадісного плану.\n\nЯк і інші ельфи, шадаркаї можуть жити понад 750 років.
h446ae020gdccdg2b5bgde5ag55622edba1a8	MORFOLOGIK_RULE_UK_UA	Можлива механічна помилка	Тінепаду	Знайдено потенційну орфографічну помилку.	Тіне паду	Шадаркаї — ельфи Тінепаду, яких спершу привела до цього моторошного виміру Вороняча королева. Упродовж століть одні з них і далі служили їй, а інші вирушили на Матеріальний план, щоб кувати власну долю.\n\nКолись шадаркаї належали до фей, як і решта їхніх ельфійських родичів. Тепер, перетворені похмурою енергією Тінепаду, вони існують у стані між життям і смертю.\n\nШадаркаї мають попелястий відтінок шкіри, а в Тінепаді також марніють, віддзеркалюючи похмуру природу цього безрадісного плану.\n\nЯк і інші ельфи, шадаркаї можуть жити понад 750 років.
h446ae020gdccdg2b5bgde5ag55622edba1a8	MORFOLOGIK_RULE_UK_UA	Можлива механічна помилка	Шадаркаї	Знайдено потенційну орфографічну помилку.	Шадурка	Шадаркаї — ельфи Тінепаду, яких спершу привела до цього моторошного виміру Вороняча королева. Упродовж століть одні з них і далі служили їй, а інші вирушили на Матеріальний план, щоб кувати власну долю.\n\nКолись шадаркаї належали до фей, як і решта їхніх ельфійських родичів. Тепер, перетворені похмурою енергією Тінепаду, вони існують у стані між життям і смертю.\n\nШадаркаї мають попелястий відтінок шкіри, а в Тінепаді також марніють, віддзеркалюючи похмуру природу цього безрадісного плану.\n\nЯк і інші ельфи, шадаркаї можуть жити понад 750 років.
h446ae020gdccdg2b5bgde5ag55622edba1a8	MORFOLOGIK_RULE_UK_UA	Можлива механічна помилка	Тінепаді	Знайдено потенційну орфографічну помилку.	Тіне паді	Шадаркаї — ельфи Тінепаду, яких спершу привела до цього моторошного виміру Вороняча королева. Упродовж століть одні з них і далі служили їй, а інші вирушили на Матеріальний план, щоб кувати власну долю.\n\nКолись шадаркаї належали до фей, як і решта їхніх ельфійських родичів. Тепер, перетворені похмурою енергією Тінепаду, вони існують у стані між життям і смертю.\n\nШадаркаї мають попелястий відтінок шкіри, а в Тінепаді також марніють, віддзеркалюючи похмуру природу цього безрадісного плану.\n\nЯк і інші ельфи, шадаркаї можуть жити понад 750 років.
h446ae020gdccdg2b5bgde5ag55622edba1a8	MORFOLOGIK_RULE_UK_UA	Можлива механічна помилка	шадаркаї	Знайдено потенційну орфографічну помилку.	Шадурка	Шадаркаї — ельфи Тінепаду, яких спершу привела до цього моторошного виміру Вороняча королева. Упродовж століть одні з них і далі служили їй, а інші вирушили на Матеріальний план, щоб кувати власну долю.\n\nКолись шадаркаї належали до фей, як і решта їхніх ельфійських родичів. Тепер, перетворені похмурою енергією Тінепаду, вони існують у стані між життям і смертю.\n\nШадаркаї мають попелястий відтінок шкіри, а в Тінепаді також марніють, віддзеркалюючи похмуру природу цього безрадісного плану.\n\nЯк і інші ельфи, шадаркаї можуть жити понад 750 років.
h84ef52e7gf3a5gf5e8g24a0g6b3f04519e4b	MORFOLOGIK_RULE_UK_UA	Можлива механічна помилка	Шадаркаї	Знайдено потенційну орфографічну помилку.	Шадурка	Шадаркаї
hae52b795gd7a8gaf4fg82deg89900f2668fe	MORFOLOGIK_RULE_UK_UA	Можлива механічна помилка	Шадаркаї	Знайдено потенційну орфографічну помилку.	Шадурка	Шадаркаї — ельфи Тінепаду, яких спершу привела до цього моторошного виміру Вороняча королева. Упродовж століть одні з них і далі служили їй, а інші вирушили на Матеріальний план, щоб кувати власну долю.
hae52b795gd7a8gaf4fg82deg89900f2668fe	MORFOLOGIK_RULE_UK_UA	Можлива механічна помилка	Тінепаду	Знайдено потенційну орфографічну помилку.	Тіне паду	Шадаркаї — ельфи Тінепаду, яких спершу привела до цього моторошного виміру Вороняча королева. Упродовж століть одні з них і далі служили їй, а інші вирушили на Матеріальний план, щоб кувати власну долю.
hf18a93cfg2936gc7bagafbcg0a4234767285	MORFOLOGIK_RULE_UK_UA	Можлива механічна помилка	Шадаркаї	Знайдено потенційну орфографічну помилку.	Шадурка	Шадаркаї
h08121305g3bafgf931g892bga7643105c0e6	MORFOLOGIK_RULE_UK_UA	Можлива механічна помилка	Шадаркаї	Знайдено потенційну орфографічну помилку.	Шадурка	Шадаркаї — ельфи Тінепаду, яких спершу привела до цього моторошного виміру Вороняча королева. Упродовж століть одні з них і далі служили їй, а інші вирушили на Матеріальний план, щоб кувати власну долю.
h08121305g3bafgf931g892bga7643105c0e6	MORFOLOGIK_RULE_UK_UA	Можлива механічна помилка	Тінепаду	Знайдено потенційну орфографічну помилку.	Тіне паду	Шадаркаї — ельфи Тінепаду, яких спершу привела до цього моторошного виміру Вороняча королева. Упродовж століть одні з них і далі служили їй, а інші вирушили на Матеріальний план, щоб кувати власну долю.
hbd729210g3700g0c6dgfe28g7b0dc91aaae7	MORFOLOGIK_RULE_UK_UA	Можлива механічна помилка	темнозір	Знайдено потенційну орфографічну помилку.	темно зір	Печерний зір. Ви отримуєте темнозір на 60 футів. Якщо ви вже маєте темнозір з іншого джерела, його дальність збільшується на 60 футів.\n\nКидок каменя. Вторинною дією ви можете взяти камінь і виконати ним магічну атаку, вибравши один із двох варіантів: далекобійну беззбройну атаку, що використовує вашу силу, або далекобійну атаку закляттям, що використовує вашу базову характеристику проказування. Обидва варіанти мають дальність 60 футів. У разі влучання камінь завдає 1d10 силової шкоди, а ціль повинна успішно виконати кидок протидії силою, інакше набуде стану повалення. Кількість застосувань цієї вторинної дії дорівнює вашому бонусу спеціалізації, а всі витрачені застосування відновлюються після довгого відпочинку.
hbd729210g3700g0c6dgfe28g7b0dc91aaae7	MORFOLOGIK_RULE_UK_UA	Можлива механічна помилка	темнозір	Знайдено потенційну орфографічну помилку.	темно зір	Печерний зір. Ви отримуєте темнозір на 60 футів. Якщо ви вже маєте темнозір з іншого джерела, його дальність збільшується на 60 футів.\n\nКидок каменя. Вторинною дією ви можете взяти камінь і виконати ним магічну атаку, вибравши один із двох варіантів: далекобійну беззбройну атаку, що використовує вашу силу, або далекобійну атаку закляттям, що використовує вашу базову характеристику проказування. Обидва варіанти мають дальність 60 футів. У разі влучання камінь завдає 1d10 силової шкоди, а ціль повинна успішно виконати кидок протидії силою, інакше набуде стану повалення. Кількість застосувань цієї вторинної дії дорівнює вашому бонусу спеціалізації, а всі витрачені застосування відновлюються після довгого відпочинку.
h0a69a08cgd46bg610cg36d9g3f28fabc55f5	MORFOLOGIK_RULE_UK_UA	Можлива механічна помилка	темнозір	Знайдено потенційну орфографічну помилку.	темно зір	Ви проявили фізичні таланти, притаманні кам’яним велетням, і отримуєте такі переваги:\n\nПечерний зір. Ви отримуєте темнозір на 60 футів. Якщо ви вже маєте темнозір з іншого джерела, його дальність збільшується на 60 футів.\n\nКидок каменя. Вторинною дією ви можете взяти камінь і виконати ним магічну атаку, вибравши один із двох варіантів: далекобійну беззбройну атаку, що використовує вашу силу, або далекобійну атаку закляттям, що використовує вашу базову характеристику проказування. Обидва варіанти мають дальність 60 футів. У разі влучання камінь завдає 1d10 силової шкоди, а ціль повинна успішно виконати кидок протидії силою, інакше набуде стану повалення. Кількість застосувань цієї вторинної дії дорівнює вашому бонусу спеціалізації, а всі витрачені застосування відновлюються після довгого відпочинку.
h0a69a08cgd46bg610cg36d9g3f28fabc55f5	MORFOLOGIK_RULE_UK_UA	Можлива механічна помилка	темнозір	Знайдено потенційну орфографічну помилку.	темно зір	Ви проявили фізичні таланти, притаманні кам’яним велетням, і отримуєте такі переваги:\n\nПечерний зір. Ви отримуєте темнозір на 60 футів. Якщо ви вже маєте темнозір з іншого джерела, його дальність збільшується на 60 футів.\n\nКидок каменя. Вторинною дією ви можете взяти камінь і виконати ним магічну атаку, вибравши один із двох варіантів: далекобійну беззбройну атаку, що використовує вашу силу, або далекобійну атаку закляттям, що використовує вашу базову характеристику проказування. Обидва варіанти мають дальність 60 футів. У разі влучання камінь завдає 1d10 силової шкоди, а ціль повинна успішно виконати кидок протидії силою, інакше набуде стану повалення. Кількість застосувань цієї вторинної дії дорівнює вашому бонусу спеціалізації, а всі витрачені застосування відновлюються після довгого відпочинку.
h2881887ega98fgbae6g4968geb831b2e271d	MORFOLOGIK_RULE_UK_UA	Можлива механічна помилка	пагорбового	Знайдено потенційну орфографічну помилку.	па горбового	Риса: Життєва сила пагорбового велетня
hf41a61b1g3797gaf57g5c43gf6237bafb864	MORFOLOGIK_RULE_UK_UA	Можлива механічна помилка	пагорбового	Знайдено потенційну орфографічну помилку.	па горбового	Життєва сила пагорбового велетня
h0397fcaag1719g76a6g53f7g803d71e9392d	MORFOLOGIK_RULE_UK_UA	Можлива механічна помилка	пагорбовим	Знайдено потенційну орфографічну помилку.	па горбовим	Ви проявили стійкість, притаманну пагорбовим велетням, і отримуєте такі переваги:\n\nТвердиня. Коли на вас діє ефект, який мав би надати вам стан повалення, ви можете реагуванням утриматися на ногах. Ви не набуваєте стану повалення.\n\nЗалізний шлунок. Щоразу, коли ви відновлюєте власні очки здоров’я, додатково відновлюєте кількість очок здоров’я, що дорівнює вашому модифікатору статури.
