contentuid	source	translation
h6b384962g5a7bg33e2g8993g0708cacc7834	Rule: Equipping Weapons	Правило: екіпірування зброї
haf418bd4gaf68g349dge3fbg4db2a9970409	Dodge	Ухилення
h4d9f934eg7721gfb63gcff8gb411e659dc78	Rule: One Spell with a Spell Slot per Turn	Правило: одне закляття з чарункою заклять за хід
hb60d9b3bg491bg7056g1bd9gc752b67bfd56	Cleave	Прорубування
h240aa2f4g6571ge23eg8142g83ee7b985b8d	Graze	Ковзний удар
hdbe460a9gf800gdb75g15bbg2b81a80fe8ab	Nick	Надріз
h64e7021cg8b69g3f60gde38gd59f3cdc5846	Push	Натиснути
haf74199bg92cbg93dega0fbgebb535603f83	Sap	Знесилення
hb839de91gb995ge42eg62b9g1dd41fe4da4b	Slow	Сповільнення
ha395ebeag3995g70fage1d7g718229b74f9b	Topple	Підсічка
hdfca5f76g305cgff0cg0532gbc6b23ff9367	Vex	Збентеження
h3a51e8b8gf631gf9b1g55bdg6af9de9235ef	Greataxe, Halberd	Велика сокира, алебарда
hfdefde84gd74bg13d6g3599g34e7bc9cbafe	Glaive, Greatsword	Глефа, дворучний меч
h0de5940ag21a0gff32gb8dfg01c84e54f73e	Dagger, Light Hammer, Sickle, Scimitar	Кинджал, легкий молот, серп, ятаган
h6fd4a879g6dd9g5936gc329gc012af72f9c6	Greatclub, Pike, Warhammer, Heavy Crossbow	Велика довбня, піка, бойовий молот, важкий арбалет
h05a1ab8cg6b39gabd2g55c7g3a1f851c31fb	Mace, Spear, Flail, Longsword, Morningstar, War Pick	Булава, спис, ціп, довгий меч, ранкова зірка, бойова кирка
h53e29765gaf78g1680g5805g24b5594244ac	Club, Javelin, Light Crossbow, Longbow, Musket, Whip	Палиця, дротик, легкий арбалет, довгий лук, мушкет, батіг
h8ab19fdega28dg1fd1g0de1gc672bac4e6d3	Quarterstaff, Battleaxe, Maul, Trident	Бойовий посох, бойова сокира, молот, тризуб
hd724f72fgcda8gb6acgb5c4gd95d169dd0b4	Handaxe, Shortbow, Rapier, Shortsword, Hand Crossbow, Pistol	Ручна сокира, короткий лук, рапіра, короткий меч, ручний арбалет, пістоль
h6e0a316bg6ce3gc18fgb7c0ge96c73d6dfa0	Weapon Mastery	Майстерність зброї
he54ffab7g9288g792age85bg3fc0a39a63db	Level 1: Rage	Рівень 1: Лють
h8abec533g47afgabaag5370ga724a70ed863	Level 1: Unarmoured Defence	Рівень 1: Захист без обладунку
hfc1b8fd5g336eg3648g3224g9cae0aaac491	Level 2: Danger Sense	Рівень 2: Відчуття небезпеки
hb6dea583g9359gddf3g2360g74669f67b1a6	Level 3: Primal Knowledge	Рівень 3: Первинне знання
h3fa58ccfg135bg7a66g14degc3c8b5bb8261	Level 5: Fast Movement	Рівень 5: Швидке пересування
h7c047839g4177g2aaega022g36a5cb07886a	Level 7: Feral Instinct	Рівень 7: Тваринний інстинкт
h28d4b453gc36cg810egf9e2g1dbff5d018d8	Level 7: Instinctive Pounce	Рівень 7: Інстинктивний напад
hb6144726g336aga60cg63d6gf6c4bc669e6a	Level 9: Brutal Strike	Рівень 9: Жорстокий удар
hf41a9d96ge143g36f0g9f1eg51d9ca5a4cee	Reckless Attack: Forceful Blow	Зухвала атака: силовий удар
hebd8f833g052cg4774g5e19geb34be606a5f	Reckless Attack: Hamstring Blow	Зухвала атака: удар по сухожиллю
h2fea2840g0902gdf2bg7797g549c20c3d6e3	Forceful Blow	Сильний удар
hd5311cf0g6f4fg9a03g45f9gf5ba41e2994c	Hamstring Blow	Удар підколінного сухожилля
hebad3866ga362g915cge97fg661e8b92ea36	Level 11: Relentless Rage	Рівень 11: Невпинна лють
h784061e1gf2a8g748bg99cfg9e391dd4569c	Level 3: Frenzy	Рівень 3: Шал
h7f8570c9g2cd6g2327g3c99g18d5c393bf5e	Level 6: Mindless Rage	Рівень 6: Сліпа лють
h42189866g05d1g89b4g6e9dg1f97d248b2a9	Level 10: Retaliation	Рівень 10: Відплата
hc8de1446g6777ge942g7572g5cd9d6cc8f14	Boot of the Giants	Велетів копняк
hd75d1783g8062gae55g78a6g651f55455f7f	Level 2: Jack of All Trades	Рівень 2: Майстер на всі руки
h6002075bg4feegb25ag03b5g8e88a4351c0f	Level 5: Font of Inspiration	Рівень 5: Джерело натхнення
h3c4853cag177dg4ea8g0c15gde7e940ee735	Font of Inspiration	Джерело натхнення
he36b3403gbab9gf77fg17fbg32e95953478c	Level 7: Countercharm	Рівень 7: Непричарування
hf8844bacg4eb3geecdg5fbagf17d5ba9d6b0	Countercharm	Непричарування
h3169b2acg5134gbc8dge8fagb01eabf3a278	Level 3: Beguiling Magic	Рівень 3: Зваблива магія
he30a14f7gb323g888eg2ff5g04b0a7374497	Beguiling Magic: Charmed	Зваблива магія: причарування
haac5a803g73dfg5282g175eg12c90e9a77cd	Beguiling Magic: Frightened	Зваблива магія: переляк
h1e9e444agc6b5g3056g6b60g447875f0ec07	Level 3: Mantle of Inspiration	Рівень 3: Покрова натхнення
hcc01542ag2ea8ge230g53b5g6bae54a352d2	Level 3: Cutting Words	Рівень 3: Гостре слівце
hfac955c9g640eg8dc8gfdefgfa559fa195f8	Extra Attack (Cantrip)	Додаткова атака (Замовляння)
h1a1b446eg2636gca22g7bafg910726511c02	Aid	Поміч
he6319c8dga9bagd985gfc80gc057d99c3f06	Aid	Поміч
hbdf4d91ege560gf373gb78fgc694716131ec	Word of Radiance	Слово сяйва
h0dd0eba8g9b93g7909g9d9cg2a09e01a4c46	Level 1: Divine Order: Protector	Рівень 1: Божественний порядок: Захисник
h5eae110bgf170g8febg7b95gaf9957eab275	Guidance	Направляння
hf42e4215gdaa7g8b2cg6d6cg34b3a7233576	Light	Світло
h08e84982gdf0fgadf1g29d5g02cc8281827c	Bursting Sinew	Вибухові жили
hf2980afegb1f3g08e3g5b30g296c1e8141b7	Resistance	Опір
h3dc64960ga68egb106gddd9g8a83f2e5394a	Sacred Flame	Священний вогонь
h37124d24g1b0dg1b86g632dg14623f5d21b6	Spare the Dying	Пощада
h31c6269fga1bfge0a9gb4bfg7f845b81b38a	Thaumaturgy	Чудотворство
h4d2d81f9g6a4cg493ege377gd246536aefa0	Toll the Dead	Подзвін
h5d663b96gee20gd7abg28bdgde325d686903	Divine Order	Божественний порядок
hc0f7da49g83b0g2364gd22fg0e72e6d0f671	Level 1: Divine Order: Word of Radiance	Рівень 1: Божественний порядок: Слово сяйва
h4d5b8b7cg1eddg15a0g6e0cgb4e68f50ee06	Level 1: Divine Order: Guidance	Рівень 1: Божественний порядок: Направляння
h865f785bge303g1b8ag2f0egee91191a55fd	Level 1: Divine Order: Light	Рівень 1: Божественний порядок: Світло
h0bfe486dga99eg5aefg818agacd35ff6e130	Level 1: Divine Order: Bursting Sinew	Рівень 1: Божественний порядок: Вибухові жили
hd5ac78c8g2d8cg02bag6ebbg2f9ccd67bc36	Level 1: Divine Order: Resistance	Рівень 1: Божественний порядок: Опір
h63c03147gca42g60bdgfa7ag47ceb695bc38	Level 1: Divine Order: Sacred Flame	Рівень 1: Божественний порядок: Священний вогонь
hf2f5e5c4g141ag2b8egb90cg9ff6727b6910	Level 1: Divine Order: Spare the Dying	Рівень 1: Божественний порядок: Пощада
h50136471gff21g505fg888cgf856fc01281a	Level 1: Divine Order: Thaumaturgy	Рівень 1: Божественний порядок: Чудотворство
h9b0eeaeeg6a13gc99dg6669gc97c57ec0db5	Level 1: Divine Order: Toll the Dead	Рівень 1: Божественний порядок: Подзвін
h84a7d362gf65ag0f66g6103g7d1f4fc707d2	Level 2: Channel Divinity	Рівень 2: Боже наснаження
h0fdb1f5ag867fg21d4g6beeg681eae4df812	Divine Spark	Божественна іскра
h49ee25b5g5f2age7acga266g96075d1e4240	Divine Spark: Heal	Божественна іскра: зцілення
h7b82bf91ge1b7g4b75g2472g3c3dbf201a2d	Divine Spark: Radiant Damage	Божественна іскра: променева шкода
h9db3b3abg7a4dg3f7fg42a9g43591b76887d	Divine Spark: Necrotic Damage	Божественна іскра: некротична шкода
hb1119630g31c7g738eg4a76g56eb77fe86bc	Level 7: Blessed Strikes: Divine Strike (Radiant)	Рівень 7: Благословенні удари: Божественний удар (променева шкода)
ha5f17982g16bdg018bg655eg1db1622f5096	Level 7: Blessed Strikes: Divine Strike (Necrotic)	Рівень 7: Благословенні удари: Божественний удар (некротичний)
hdbdc1e3fg886agebc7gf898gdd7b5aea06a3	Level 7: Blessed Strikes: Potent Spellcasting	Рівень 7: Благословенні удари: Дужі замовляння
h4bebd04fg3a81gc270gd50bga237aecd8ef8	Blessed Strikes	Благословенні удари
hb6ac0f1cg84d4g5137g1a23g92f5941f06dc	Level 5: Sear Undead	Рівень 5: Обпалити нежить
hd9e8561fg5920g7f26g9d66g15b2d44e24f3	Spare the Dying	Пощада
hd085b0deg3cc9g0858gdf14geef98a4164c3	Word of Radiance	Слово сяйва
hf652a768gef39g78fdg661dg8ddbb887d3f3	Level 3: Disciple of Life	Рівень 3: Поборник життя
h45db170cgfec9gad8eg1591gd99ec7aa2b2c	Level 6: Blessed Healer	Рівень 6: Благословенний цілитель
hae1dce65g444ag6a6egf7d3g354c47c64531	Preserve Life	Збереження життя
haed19d90g7118gfa81g42d5gba4d717eba4c	Blooded	Закривавлений
h12e63398gc863ged08g09d8g9e2fffc91af3	Channel Divinity	Боже наснаження
h39b48f39g9a41g2ba3g3567g7ab1cb265f82	Level 3: Warding Flare	Рівень 3: Охоронний спалах
h67f1e6b2g8adcge989g555ag3cbae9d62375	Level 6: Improved Warding Flare	Рівень 6: Покращений охоронний спалах
h772e3772g49fdg8cf4g0f02g893153584b30	Warding Flare	Охоронний спалах
h03dc1992g1d8agc3e0ga6bbg22607e81d966	Warding Flare (Ally)	Охоронний спалах (Союзник)
hcb0f1d4dg6ea8gf1eag5e72g32b56f306af2	Warding Flare (Self)	Охоронний спалах (на себе)
hdc4e30afg0702g20ddgf4a5g1751c8b46770	Level 3: Invoke Duplicity	Рівень 3: Дволикість
h002b7ed0g2d07g9ecbg0301g13b767a04c7e	Level 6: Trickster’s Transposition	Рівень 6: Переміщення хитруна
ha73b8276g56b2g1bdegc73bgf16610d268ab	Trickster’s Transposition	Переміщення хитруна
h63129871gfb37gc314g1fdfg9b10303bcc26	Level 1: Bardic Inspiration	Рівень 1: Бардівське натхнення
h9e25c63eg08ebg12a0gfefega65d73c0d540	Level 3: War Priest	Рівень 3: Капелан
h3c0eb0ffga3ccgcf65g862bg01f7c36b74b8	War Priest	Капелан
h7ea2f219gec23g1a96ga5efgce5d1bc88951	War Priest Extra Attack Charge(s)	Заряд додаткової атаки капелана
h4dc018cagbaa3ga624g7da2g0a6dab9353ce	Level 3: Guided Strike	Рівень 3: Направлений удар
h81ab1ec4g5097gf34cg7f12g4d040607771b	Guided Strike (Self)	Керований удар (самостійно)
h900f0f0bgcd61g0708g6d02gf89738f718de	Level 6: War God’s Blessing	Рівень 6: Боже благословення війни
h3bb1c07ag3913g5b74g9454gdcebc7737556	Shield of Faith: War God’s Blessing	Щит віри: благословення бога війни
hcaeae1ebgf2c5gb598g6716gb1b7c699916c	Spiritual Weapon: War God’s Blessing	Духовна зброя: благословення бога війни
h002f5e57g1181g2dbbg226fgf29f606b801c	Steel Wind Strike	Удар сталевого вітру
h84a10acdg5e1fgb4f6g3b55g7f5134f52d10	Mind Spike	Прокол розуму
hd666f94dg1a88g5b93g7dcbgfbc951360305	Synaptic Static	Синаптичний розряд
hc29da1ffgb5d5g29c2g97c3g2050946f5a23	Mind Spike	Прокол розуму
h0eb6a1ccg061cg7757g2ce7gb1ae17ae8a0f	Synaptic Static	Синаптичний розряд
h32658116g9dc9g1364g0f58g311a9cad82b8	Level 3: Mind Magic	Рівень 3: магія розуму
h75bd2293g6a4eg35b3g4781gf184d224ea59	Level 6: Unfettered Mind	Рівень 6: Нестримний розум
hf5d6de51g8683g514bgcfd2gd52016de99fe	Starry Wisp	Зоряний вогник
h6d4e8665g6567g3bc4gd9f1g206db8efad20	Starry Wisp	Зоряний вогник
h8d4a4bb1g65b7g5025g4514gdfa80f1282ba	Thunderclap	Рокіт грому
hbd2e3aa0g3258g4710g9504gbadee9cd0ea6	Level 1: Druidic	Рівень 1: Друїдська мова
h1193aa13ge0d7ge702g2f85ga0c0527d229d	Level 1: Primal Order: Warden	Рівень 1: Первісний порядок: охоронець
hdc66e2feg6dc9g8e0dg69c3g1ac135e77240	Level 1: Primal Order: Guidance	Рівень 1: Первісний порядок: Направляння
hf498864agc7beg3cdbgca11g269c576f1a01	Guidance	Направляння
h4e0c0b74gabceg8644g0a67g8c877d23dd83	Level 1: Primal Order: Poison Spray	Рівень 1: Первісний порядок: Отруйний пирск
h3635dadfgfe4eg55c4g39dfgaf968256d2d8	Poison Spray	Отруйний пирск
h5307ff13g4736g2ce2ga66fg11f20a990de2	Level 1: Primal Order: Produce Flame	Рівень 1: Первісний порядок: Творення вогню
h5169409cg04adgc907gd30eg09ebe8d3738c	Produce Flame	Творення вогню
h55c47b09ga380g8cf2g15b8g2bedd46fe8e9	Level 1: Primal Order: Resistance	Рівень 1: Первісний порядок: Опір
h69ae862bga7a4g2605g04a4gd9317e169763	Resistance	Опір
hd0c364a3g050eg598bgd2fdg4c1b525be149	Level 1: Primal Order: Shillelagh	Рівень 1: Первісний порядок: Ґирлиґа
h599263a1g8987g0f3dgf199g149b6068247f	Shillelagh	Ґирлиґа
hab8ea7d9g7419g79d4ge012g86380a295a02	Level 1: Primal Order: Spare the Dying	Рівень 1: Первісний порядок: Пощада
hf5a7c07dg5d75g8b41g3ce4g8e350dae85b9	Spare the Dying	Пощада
hd5bb58c8g9203g4533gc615ga31bea2a2187	Level 1: Primal Order: Starry Wisp	Рівень 1: Первісний порядок: Зоряний вогник
h8891553bg7ca5g791ag4b95g5a72f6e71ed4	Starry Wisp	Зоряний вогник
hc7a0905fg5836g8050gb036gd435c6a53ffd	Level 1: Primal Order: Thorn Whip	Рівень 1: Первісний порядок: Терновий батіг
h1793f9fbgf70agf3acge48bg70b646b51326	Thorn Whip	Терновий батіг
h566f5dd1g1db3g0d0age62cg0ff1909892ef	Level 1: Primal Order: Thunderclap	Рівень 1: Первісний порядок: Рокіт грому
hf81ea6f0gb2bcg2e34g72c5gfeb99fd56826	Thunderclap	Рокіт грому
ha16fbd5eg7072g66aeg7f0eg739d38d2a607	Primal Order	Первісний порядок
hb670c3bdg0b18g5834g24e2gce9406adf925	Wild Shape Charge	Заряд дикої подоби
h8f1b692bg604cgb34cg9e64g7c5d22aebe85	Level 2: Wild Shape	Рівень 2: Дика подоба
h1505dff7gb11cg17eageb5dg29f041ed571a	Level 2: Wild Shape	Рівень 2: Дика подоба
h8e8ebc40g6f5cg5d29gc885g2f7fb0f2899b	Wild Shape Vitality	Життєва сила Дикої подоби
h8a519044g61f3g7166g3e0cg6c97799602e4	Wild Shape: Badger	Дика подоба: борсук
h9c56ac47g3984g90a8g0115g3a3000abd94a	Wild Shape: Polar Bear	Дика подоба: полярний ведмідь
h55c8bb9fgab04g0e14gce66g6d7734c64973	Wild Shape: Cat	Дика подоба: кіт
h4bd8abf4gf0adgc66cgc5bag97c641b5e998	Wild Shape: Deep Rothé	Дика подоба: глибинний ротей
hb0d5b816gde08g18fag0b3dg87d87c0c5144	Wild Shape: Dire Raven	Дика подоба: лютоворон
h5290eb7agca74g04fdg1c90gf56091132a96	Wild Shape: Giant Spider	Дика подоба: великий павук
h78df260fgc265gf45fg5e7eg3a5e3f320112	Wild Shape: Dire Wolf	Дика подоба: лютововк
h3d5751c2gc7e1ge1c7g2187gc1dfba8f54e2	%%% EMPTY	ПУСТО
hfad853e7g6d71gc847gc4e1g6c0f425eab30	Wild Shape: Badger	Дика подоба: борсук
h94425109g11ccg2387g6f3ag6e092535cfc7	Wild Shape: Bear	Дика подоба: ведмідь
h125b5a75g4894g085age46age0c6df5c916e	Wild Shape: Black Bear	Дика подоба: чорний ведмідь
hc5ea7296g02acg34fdgfa7ag6fdba9447454	Wild Shape: Grey Bear	Дика подоба: сірий ведмідь
h57fcc347g64cfgce00g9684gdc1711bf0132	Wild Shape: Polar Bear	Дика подоба: полярний ведмідь
hb16c19a4gbaaege05bg81b8g91dc2a6ce3ba	Wild Shape: Boar	Дика подоба: вепр
h5ea20feag7ba3g2debga31dg2a7068efca9a	Wild Shape: Deep Rothé	Дика подоба: глибинний ротей
h2a2047d4g2ebbg73b4gae60g085e395a05a1	Wild Shape: Spider	Дика подоба: павук
h43604180gb8bag2721g1fb6g15bf4761d06f	Wild Shape: Rat	Дика подоба: пацюк
h2478c66ag72fbg9200g36ecga9a3f81bd052	Wild Shape: Dire Raven	Дика подоба: лютоворон
head73bd1g04bfg7aedgaa38g5e91178238da	Wild Shape: Wolf	Дика подоба: вовк
h356d9ca7gde59g20cdg3b43g5d69b5e91166	Wild Shape: Dire Wolf	Дика подоба: лютововк
hc9efa391g3349g9633gd775ge547b21394a6	Wild Shape: Sabre-Toothed Tiger	Дика подоба: шаблезубий тигр
hf4e0bdf5g2bedgdb25gd9c5ge125ee988248	Wild Shape: Panther	Дика подоба: пантера
h4a06421fg399bge851g94a3gc50cf5ac4685	Wild Shape: Dilophosaurus	Дика подоба: дилофозавр
h98a60dc7g4df3g01fbg8fd5g832b47cc24aa	Wild Shape: Owlbear	Дика подоба: ведмесич
h4171bc8fg8509g75b1g344ag4875cb305165	Wild Shape: Air Myrmidon	Дика подоба: повітряний мірмідон
hd2efd2eag8f2ag8c20g6458g2d2ee404e737	Wild Shape: Earth Myrmidon	Дика подоба: земляний мірмідон
ha20f8cafgc437g2e56ga015ge90f46a9fa2e	Wild Shape: Fire Myrmidon	Дика подоба: вогняний мірмідон
hd1247016g50d4g5313gc5d9g817268c918e1	Wild Shape: Water Myrmidon	Дика подоба: водяний мірмідон
hdcc80e1bg50d8g4d7egf3c5gd88613415b9a	Wild Shape: Dire Wolf	Дика подоба: лютововк
h0fbca55age4a4g5797ga82fge26fc359b66c	Wild Shape: Wolf	Дика подоба: вовк
h4838ee09g3746g4dc0g2baeg7a9ddd9bf1d4	Wild Shape: Dire Raven	Дика подоба: лютоворон
h2a5396efg111ag7d25gf58fgce2d27775b14	Wild Shape: Rat	Дика подоба: пацюк
h82d61545g3d50gbd71gb81cg49ba5440aca5	Wild Shape: Spider	Дика подоба: павук
he834ae45gcae8gf3bag6df2ga3f6b92b7407	Wild Shape: Deep Rothé	Дика подоба: глибинний ротей
h434d69begc8f3gbd6cg78e1gc7b1896221ee	Wild Shape: Boar	Дика подоба: вепр
h5cdd815bge132g3d37gdabfg758fee1fd2ff	Wild Shape: Polar Bear	Дика подоба: полярний ведмідь
h267295feg37f1gf983g6cedg02a6401df1fd	Wild Shape: Grey Bear	Дика подоба: сірий ведмідь
hd15c9166gcb1dg4177g3646gbdb76e9200cc	Wild Shape: Black Bear	Дика подоба: чорний ведмідь
h8d42344bg665dge300g935bg0d9887bee468	Wild Shape: Bear	Дика подоба: ведмідь
h59a5a380g59f1gfdb0g9a4fgef72e80eb679	Wild Shape: Badger	Дика подоба: борсук
h556b4fb3g5a97gb81cg3f21gd57ac1f02a0d	%%% EMPTY	ПУСТО
h978ef6fag7931g203cg08ccge7b0c344b3e8	Level 3: Circle Forms	Рівень 3: Подоби кола
h50a84c2agc47eg3409gfbf3g8b9efe860b49	Level 7: Elemental Fury: Potent Spellcasting	Рівень 7: Стихійна лють: Дужі замовляння
h623803a7gceadgfb71gf1d2g9f3e3921f3f2	Level 7: Elemental Fury: Primal Strike (Cold)	Рівень 7: Стихійна лють: первинний удар (холод)
he3035afbgf846g4686gf4e6gc39575739bed	Level 7: Elemental Fury: Primal Strike (Fire)	Рівень 7: Стихійна лють: первинний удар (вогонь)
hd0a6f226g6b60g6204gb543g086832d392ff	Level 7: Elemental Fury: Primal Strike (Lightning)	Рівень 7: Стихійна лють: первинний удар (блискавка)
h193b9818gd62dg67b7gf4e0g1d6b13d33a89	Level 7: Elemental Fury: Primal Strike (Thunder)	Рівень 7: Стихійна лють: Первісний удар (Грім)
h86990efage02cg7a58gc14dgac02e5274f97	Level 5: Wild Resurgence	Рівень 5: Дике відродження
h4fc2af8fg81c5g79b5g40c7gfd252be60f4c	Wild Resurgence	Дике відродження
h8d0f6247g32e9g935cg8e24g277269d5eee0	Circle of the Moon Spells	Закляття Кола місяця
h81a318d3g7d25ge9f7g6cb8g0d641f9d7d75	Fount of Moonlight	Джерело місячного сяйва
h7a281f4cgfc20gce12g5a55ge741d085a992	Fount of Moonlight	Джерело місячного сяйва
hc9501eaeg3c65g8261gbbbegc5a79478ce47	Fount of Moonlight	Джерело місячного сяйва
h4d3aa54bg7cf4g12d5g0d79g21d13c55e1c1	Level 6: Improved Circle Forms	Рівень 6: Покращені форми кіл
h7f91f61fg551cg9fe6g9a0cg340e7bc48a41	Level 10: Moonlight Step	Рівень 10: Місячний крок
h9203385fgb0d0gc75egca31g0264dad5cc14	Moonlight Step	Місячний крок
hcf67e29ag6032g30cfgf7dbg0fb20210f91d	Moonlight Step Charge	Місячний крок
h539b326cga713g3705gbe13g1aa9f8c71bde	Level 2: Tactical Mind	Рівень 2: Тактичний розум
h25de2a50g4c8dg2b55gea44gd2074336ba6a	Second Wind Charge	Заряд другого дихання
h33994fb3gfae3gde33g720fg2e4b5fa64c9d	Level 5: Tactical Shift	Рівень 5: Тактичний зсув
h32fafe3dg30eeg2c3agc543g698e6d46c741	Tactical Shift	Тактичний зсув
h62511cd9g27d2g5cbcga820gbb50c459d998	Level 9: Indomitable	Рівень 9: Невгамовність
h858b33e5g3b62g9b7fg692fg50cb883ac903	Tactical Master: Push	Майстер тактики: поштовх
h6c90bdcbg9d73g2f85g8df7g47fbedfb078f	Level 9: Tactical Master	Рівень 9: майстер тактики
h53c4a6c9g7930g55a2ga6d9g74f864e922d2	Tactical Master: Sap	Тактичний майстер: сап
h1bcf613agff33gdd61g8288g83128f467505	Tactical Master: Slow	Майстер тактики: повільно
h412ee86dgfedcga2beg54adgbd1f6bc466f9	Rule: Strength Requirement (Splint Armor)	Правило: вимоги до сили (шинова броня)
h1855925eg36d7g774cg4917gc8135001356f	Rule: Strength Requirement (Plate Armor)	Правило: вимоги до сили (пластинчатий обладунок)
h1378b9e1g8e8cgbb1eg3cb7g5aad15a2e9d3	Level 3: Remarkable Athlete	Рівень 3: Видатний спортсмен
h070ecbffg0669ge021gd9f2gf9d31bf77f88	Remarkable Athlete	Видатний спортсмен
hdc98f803g35c5gf1e3g8979g2a5e77165301	Level 10: Heroic Warrior	Рівень 10: Героїчний воїн
h6ae0967eg345cg0ef5g653cg5c51675a3b5a	Heroic Warrior: Reroll Attacker's Die	Героїчний воїн: перекинути кістку нападника
h81c64052g4f2bg8257g3f1ag716712683b25	Heroic Warrior: Reroll with Advantage	Героїчний воїн: перекинути з перевагою
h40d89fa7ga96bgd2a5g9917g93f8ac20286b	Heroic Inspiration	Героїчне натхнення
h82e9547dg2a57g3068g6744g22536b77a26f	Level 10: Eldritch Strike	Рівень 10: Містичний удар
h4f0291dage2acga1e7g22a4ga4748a927a0d	Extra Attack 2 (Cantrip)	Додаткова атака 2 (замовляння)
hea3538f1g6d4fgd692gdf5cg16c0c6d70258	Extra Attack 2 (Cantrip)	Додаткова атака 2 (замовляння)
h66ceeddfg85e7gf6e6g45fdgf681167aa694	Level 10: Improved Combat Superiority	Рівень 10: Покращена бойова першість
h1a9ea1d9gcca2gd533gd087g0e05473a8b97	Level 1: Unarmored Defense	Рівень 1: захист без броні
h9693b20eg4b48g52f3g8ec0gd315398b9984	Level 1: Martial Arts: Dextrous Attacks	Рівень 1: Бойові мистецтва: спритні удари
h0bdd8181g1932g81d9g02c5g5f889a86df8f	Level 1: Martial Arts: Martial Arts Die	Рівень 1: Бойові мистецтва: кістка Бойових мистецтв
hb6bd2af0gd6f7g18c7g118fgea0d3d7cc5c5	Level 1: Martial Arts: Bonus Unarmed Strike	Рівень 1: Бойові мистецтва: додатковий удар голіруч
hd1fc430dg69bagc256g2318g1055bfa2fc27	Patient Defense	Виважений захист
hdd4e66dbg0ac9g5c5dg463eg6076392563ce	Step of the Wind	Вітровий крок
h554e1c9cgf636g08a4gf6ebg1d3611ee623a	Step of the Wind	Вітровий крок
h8e2c71efgf381g9eb7gaf5cg2760015a45e2	Dash	Біг
h78c4f622gbb2cg3636gb74cg733fbf8d0b37	Disengage	Відступ
h62169240g157dg0599gc2d2g3c5611236273	Level 2: Unarmored Movement	Рівень 2: Рух без броні
hdd7cc0dcg93b5g2722g9ad5g75eb1fd5edf9	Level 6: Unarmoured Movement	Рівень 6: Рух без обладунку
hbb2da776g993fg5373g95abg3f33446175c5	Level 10: Unarmoured Movement	Рівень 10: Рух без обладунку
hfe07c960gd6d9ga0e1g4facgbbfc0b0a2079	Level 2: Uncanny Metabolism	Рівень 2: Надприродний метаболізм
h6d5fdddcg3d1bg2ed8g0bebgcfcf2293742c	Uncanny Metabolism	Надприродний метаболізм
h399b9569g4416g07fbg0cd6ga4f008d8e40c	Level 3: Deflect Attacks	Рівень 3: Відбити атаки
h45c562c6gf2cag3a18gb7a8g96ddfe88db60	Deflect Attacks	Відбити атаки
h2abe271ag6c58g52b7g96c5ge33fc7fc4c92	Deflect Attacks: Redirect	Відбити атаки: перенаправити
hd8199896gbae1g11ceg6ba1g523b41f8b9ef	Deflect Attack: Redirect	Відбиття атаки: переспрямування
ha8c51db9g127cg0f8dgf557g402626436b8c	Level 4: Slow Fall	Рівень 4: Повільне падіння
h726e4c54g614fg70ccg5ebag4c572b51fbe4	Level 6: Empowered Strikes	Рівень 6: посилені удари
hc6a55712gd62cgd5e7g68d8g0007496a3e1e	Level 9: Acrobatic Movement	Рівень 9: Акробатичні рухи
hcb9a361cg3dadgecb2gdae1g23fc5f5c3919	Level 7: Evasion	Рівень 7: Верткість
h33c22a3cg9bbaga9c8g65e2g0701352832a0	Level 10: Heightened Focus	Рівень 10: Посилений фокус
hddf40c2dge503g0c52g70e0g81df540da740	Heightened Focus	Посилений фокус
hb0d0ae76g515agec5dg8b3fgfef5c6b386f3	Level 10: Self-Restoration	Рівень 10: Самовідновлення
hb6524b85g7c46g835fg5ec8g505bf3a2d396	Level 10: Purity of Body	Рівень 10: Тілесна чистота
hc41f1b91gbedcg876fg1542g2c46f2f4be27	Level 3: Shadow Arts	Рівень 3: тіньове мистецтво
hf18cec4dgc5a5gd248gadb2gacd0002e8ee0	Elemental Attunement	Налаштування на стихії
h103f93c5g91eeg4b52g3977gd60b8e4ef8da	Elemental Attunement: Acid	Налаштування стихій: кислота
h1778d7a2g0b0cga6a0gcfcdg8f6f656d1e50	Elemental Attunement: Cold	Налаштування стихій: холод
h5644171bg3f2cg52f1gc8dcgc1e6b38d6a9b	Elemental Attunement: Fire	Налаштування стихій: вогонь
h60fd53fcgbe77gcb48gd29dg52f09c53ad87	Elemental Attunement: Lightning	Налаштування стихій: блискавка
h459ce897gc32bgf940g855egc984bd313c7c	Elemental Attunement: Thunder	Налаштування стихій: Грім
h5c61ee4bg56f8gfe0fgb3c5g7712a4e3d87e	Elemental Attunement	Налаштування на стихії
he11f6bc3ga347g550fg0466g52c1a9c5aad4	Elemental Attunement: Cold	Налаштування стихій: холод
hb648df73g12d6gb0b3g24e3g1c88ad261547	Elemental Attunement: Fire	Налаштування стихій: вогонь
habb49dadg47e5gc5bag6c56g45bf51c0e30c	Elemental Attunement: Lightning	Налаштування стихій: блискавка
h33483b7agbd7cg35c6gf796g0a198715f127	Elemental Attunement: Thunder	Налаштування стихій: Грім
h1441fb09g0c66g1899g0bf1g7aee316c859c	Elemental Strikes: Pull	Стихійні удари: тяга
h02454f9dg7610g957dg5d40g829bab542a09	Elemental Strikes: Push	Стихійні удари: поштовх
habf53306g66b3gb76ag5a1bgf0e155fe7d9b	Elemental Burst	Стихійний вибух
h13e2605fg4015g36b3g1800g126360f78534	Elemental Burst: Acid	Стихійний вибух: кислота
heb32a441g2a41g2be1g94a8gfb7868573b40	Elemental Burst: Cold	Стихійний вибух: холод
h20cb80c4gd3bag353egbaeagfc09e502126d	Elemental Burst: Fire	Стихійний вибух: вогонь
hb75cfe1fg5fb8gb857g1067ge5e38e4b4046	Elemental Burst: Lightning	Стихійний вибух: блискавка
ha9461978g325bg8b56g0b7fga747967bcf5b	Elemental Burst: Thunder	Стихійний вибух: грім
hd0321dfag2f41g5984g2a27g4ba878286102	Level 11: Stride of the Elements	Рівень 11: Поступ стихій
hbe92a07bg1800gd2e8g079fg1e0f39ce73ce	Wholeness of Body	Тілесна гармонія
h4feabb8egaa22g3d36gc857g512930772995	Level 6: Wholeness of Body	Рівень 6: Тілесна гармонія
h25c230c0g01dbg6406g2c50gfc3e4aa92e7f	Wholeness of Body	Тілесна гармонія
hbbdecd13gacf6ga6bcge4dfga9e9fdd39678	Level 11: Fleet Step	Рівень 11: Прудкий крок
h0e9a944dgb216gb539gf48dg822147b343bd	Rule: Strength Requirement (Heavy Melee Weapon)	Правило: вимога до сили (важка зброя ближнього бою)
h73497683g65cdged9eg85abge93a8ba9aede	Rule: Dexterity Requirement (Heavy Ranged Weapon)	Правило: вимога до спритності (важка зброя дальнього бою)
hc453b2f8ga64fg8d50g0cb0g4a53f20b32d9	Level 3: Channel Oath	Рівень 3: Обітне наснаження
h77c3bd23ge0bdg1ed9gc503g1a06cc920d08	Level 2: Paladin’s Smite	Рівень 2: Кара паладина
h39de8d3fgd862g0342g0a3ag9205f4e7bf55	Paladin’s Smite	Кара паладина
hd777f361gcaa7g7dbegeb0agb9179de1ba4b	Level 5: Faithful Steed	Рівень 5: Вірний скакун
h1e887af9gf132g931bgf5ffgfd331943059d	Faithful Steed	Вірний скакун
h75d1a2deg8c23gb291g4a07g0b23ca7da55c	Find Steed	Знайти скакуна
h969b831eg23d1g5115g756bg2f5d95f425ab	Find Steed	Знайти скакуна
h1a6f7528gc5efg5c9bge4f9gf7eb55315d54	Steed Action Point	Очко дії скакуна
he8975525g4266g8430g813bg4d65176a35f5	Slam	Гепак
he8006ed5gf2f6gd6ceg798dg91c566666c82	Dodging	Ухилення
h3d4848abgc60eg631cgc713g605af144c9ee	Level 9: Abjure Foes	Рівень 9: Відлякування ворогів
ha4ade769g56f1g989dg4a5dgc980f0453d08	Abjure Foes	Відлякування ворогів
hdd546b3bg87ddg0b0eg91d9g7dd5bb69d0d5	Level 11: Radiant Strikes	Рівень 11: Сяючі удари
h36197b70g60e1g9d30g020ag5ebf5202eade	Level 7: Relentless Avenger	Рівень 7: Невтомний месник
hd54cf49fg52f9gc82fg23ddg240455666d75	Relentless Avenger Foe	Невблаганний ворог-месник
h8a2bbcc7gff7eg7312gb3f5g2e15ba81d07c	Favored Enemy	Улюблений ворог
hdfdce3a3g8fd1g0e71gf799gc4b6e93e4494	Level 1: Favored Enemy	Рівень 1: Улюблений ворог
h24da6064ga265g8748g66eeg77bdfbf8fe00	Level 6: Roving	Рівень 6: мандрівка
hbe5c5e5fgade6g8f34g4b09g1cee59ffe473	Level 10: Tireless	Рівень 10: Невтомність
h3229a845gf19dg1318g1141gf2138b76791c	Tireless	Невтомність
h18c4df3eg4eabg12a1gbab7g044c7be445a5	Tireless	Невтомність
h2f7f0018g2af3g31ccg0cdbgcc4bb940f132	Tireless	Невтомність
hcff76038gf183g3e0cg380cgd7a4d9b485d4	Ranger	Слідопит
h051d1aa3gfcbeg10d5g5326g1eec2d4e3962	Level 7: Exceptional Training	Рівень 7: Виняткове навчання
he1cd6837ge579g13b4g4394g33ea8c725e00	Level 11: Bestial Fury	Рівень 11: Звіряча лютість
h1fe98af2g42d0g348cga592g953cb60ce5e7	Level 3: Companion's Bond	Рівень 3: Зв'язок із супутником
hb6c39153g0c9dg0ddeg1910g4688906cf811	Level 3: Dread Ambusher	Рівень 3: Моторошний напад
hbfb12c80g2d3cg0fc7ga570g61985f1e0903	Dreadful Strike	Жахливий удар
h5f7c0abdg7063gcfe9g177egb32caeb5c2c3	Dreadful Strike (Melee)	Жахливий удар (ближній бій)
hf3f8bd9cg3004g6dbbg08e2g587dc0432a14	Dreadful Strike (Ranged)	Жахливий удар (дальній бій)
h44cf5afdg1bddgc6d5g9577gcc6cc00bfd12	Level 7: Iron Mind	Рівень 7: Залізний розум
hd3f07304gfb55ge28ega3f7g0cf1292516a3	Level 11: Stalker’s Flurry	Рівень 11: Шквал переслідувача
hfd10997cg1b63g1960g4918ga9e47736c018	Level 11: Superior Hunter’s Prey	Рівень 11: Покращена здобич мисливця
h2484eb83g2df9g26e8gd9a4g528b38f355d5	Superior Hunter’s Prey	Покращена здобич мисливця
h6d51897ag955egeb37g57b9g59eddbb044d1	Steady Aim	Стійке прицілювання
h8cfd42a3ge9ddg2a7bg7928g2b06b4cc30ec	Steady Aim	Стійке прицілювання
h4c5295e0g7006g010bg62b8gfa3c901f3027	Level 3: Steady Aim	Рівень 3: Стійке прицілювання
hdd434d50g0d94g6819ge916g55203c553e86	Level 7: Reliable Talent	Рівень 7: Надійні навички
h21f511b2g92a9g1aafg61d4g9e8e4ad1e872	Level 5: Uncanny Dodge	Рівень 5: Неймовірне ухиляння
he94ba142g4f1bg9badge483g5c206c0854b1	Level 7: Evasion	Рівень 7: Верткість
h0523c40bg9f42g36bcg9e1cg6081c59ba79a	Level 11: Improved Sneak Attack	Рівень 11: Покращений підступний удар
h29957e67gbc02g6407ga341g2f35096e19da	Level 9: Magical Ambush	Рівень 9: Магічна засідка
hfa85e2b2g9e54g0b5ag0128gfecef70e4d09	Level 3: Mage Hand Legerdemain	Рівень 3: Хитра магічна рука
hd3262b0cgdce0gf4d4g8fc6g529f4ebed5df	Level 3: Assassinate: Initiative	Рівень 3: Убити: ініціатива
he1d36468gaf5dg2d18ge59agffc2c79d636d	Level 3: Assassinate: Surprising Strikes	Рівень 3: Вбити: несподівані удари
hc2fcccc7g38b5gff46g5362gc9de3dd4f7ea	Level 3: Assassin’s Tools	Рівень 3: інструменти вбивці
hbd7ad3e9g7a42gc5e6gc2fdga2aedc0b75ce	Use Poisoner’s Kit: Poison	Скористатися набором отруйника: отрута
h5a82f53dg51e2g741cg6a2dg0b0bcdccd4fd	Use Poisoner’s Kit: Toxin	Скористатися набором отруйника: токсин
h38a88f4cg35f3g31d8g00d6g8d7544ea0cd0	Use Poisoner’s Kit	Скористатися набором отруйника
heebd36b4ga479g75bcg0438gf61e56996e7a	Roving Aim	Рухоме прицілювання
h6eedf8b2gca4cg0d52g60e6g6356346c4feb	Roving Aim	Рухоме прицілювання
h6e517fa0g6790g8599ga038gec0254c7fae0	Level 9: Roving Aim	Рівень 9: Рухоме прицілювання
he1072514g2359gf4c9g9ab0gf2fd8d2183ce	Level 3: Fast Hands	Рівень 3: Швидкі руки
h3cad8c7eg48eeg5692g23c0g79706df73d92	Level 3: Second-Story Work	Рівень 3: Висотні роботи
h2fc3807bg34e4gbdbeg88f4gb50fa0facd7e	Throw: Fast Hand	Кидок («Спритні руки»)
h60ea26b2gbcebg085dg4445g8f07a9d3ff4c	Paladin	Паладин
h7cb6863bgbcc6g197agc84bg25e1ade48c39	Innate Sorcery	Вроджене чародійство
h59e594d8g8dd2ga3b4gd22fgc151ebfb31cd	Innate Sorcery	Вроджене чародійство
h82f19e57gbf88g3a8bg03e7g5886ec5f6ac0	Innate Sorcery	Вроджене чародійство
hf7441cebg5087gb813g35d8g6732e3fae8e6	Sorcery Point(s)	Очко(и) чародійства
hc9e4f723g5054g3b21ga6bage65df9a6ae78	Metamagic	Метамагія
ha0496c74g4123g62d8ge5a6ga853a650ab6c	Sorcerous Restoration	Чародійське відновлення
hea7a291eg87bag417cg8ac2gdece9fc65308	Level 7: Sorcery Incarnate	Рівень 7: Втілене чаклунство
h186d2005gce77g5134gd47dgcd1286eb95f5	Sorcerous Burst	Чародійський спалах
h1e350658g92b2g40abg4e13g0a0194995e34	Arcane Vigor	Містична снага
h20d548d9g2600gaf44geda5gd71ed6825255	Magical Cunning	Магічна кмітливість
hbe38acefg243eg2454ge187g5d1c50d4bb2b	Level 1: Eldritch Mind	Рівень 1: Потойбічний розум
ha12d8231ga51ag15b0gaa53g6e00282dc4a2	Level 1: Pact of the Blade	Рівень 1: Лезова угода
he1bd3e3eg338fg58d5g3de3g9be05e9302e7	Level 1: Pact of the Chain	Рівень 1: Заковна угода
h9e2924dag8101gd3b2g68a2g6add03aed4dd	Level 1: Pact of the Tome	Рівень 1: Книжна угода
h25396b5dgdf7bg8d51g09d5g87f669d3be25	Level 1: Armour of Shadows	Рівень 1: Тіньова броня
h25cfc459ge325g3d22g7037g9a95573234b1	Level 2: Agonising Blast	Рівень 2: Нещадний промінь
h56007d5dgf3f2gc9c2g10eegc2fef230c9e6	Level 2: Devil's Sight	Рівень 2: Диявольський зір
hf94f288fge015g4a15g6c34g367d15c45d89	Level 2: Eldritch Spear	Рівень 2: Містичний спис
hc803f28bg3024g3fd8gc979gbeb1263f4991	Level 2: Mask of Many Faces	Рівень 2: Маска багатьох облич
ha97e7097gda9cgc3eegbb86g9bf88d36ee68	Level 2: Otherworldly Leap	Рівень 2: Дивовижний стрибок
hd47c4e1cg1e7ag651cg8c57g7deb405ec80c	Level 2: Repelling Blast	Рівень 2: Відбивний промінь
h425487e0g16b7ga256gb63ag56872a5ea672	Level 5: Eldritch Smite	Рівень 5: Потойбічна кара
hc0ad688dged59g744fgf3e6g1e706f4ee29c	Level 5: One with Shadows	Рівень 5: Єднання з тінню
hb2501172gdfd6gb7ebg0621ga38a34e3f573	Level 5: Thirsting Blade	Рівень 5: Спраглий клинок
h0c1dba3ag239egef50g0d52g47241e4e6016	Level 5: Investment of the Chain Master	Рівень 5: Наснаження господаря ланцюга
he5f3196agc9ccg5177gedd9ged594f4d1f5a	Level 5: Gift of the Depths	Рівень 5: Дар глибин
h307a5339gff1ag9485g5387gfb0813a818b3	Level 7: Whispers of the Grave	Рівень 7: Шепіт з могили
hd7310e4agc213gc092gf6fag5e8c8130b34d	Level 9: Gift of the Protectors	Рівень 9: Дар захисників
hd84b885bge9e8g3573gd4ffg49076a30df65	Prerequisite: Level 2+ Warlock	Необхідна умова: чаклун рівня 2+
hecbef4dfg8243g14d6g9693gac003507a80f	Prerequisite: Level 2+ Warlock	Необхідна умова: чаклун рівня 2+
h2c66be28g9561g15fcg3b9dga1250371427d	Prerequisite: Level 2+ Warlock	Необхідна умова: чаклун рівня 2+
h5998bc9cg0a28g94afg1a59g5ef2c18cef61	Prerequisite: Level 2+ Warlock	Необхідна умова: чаклун рівня 2+
h2d4bd307g5d48gebb2g299bg828ff537fd3c	Prerequisite: Level 2+ Warlock	Необхідна умова: чаклун рівня 2+
h35ea3bedgaf6dg4319gd657g95569aedae04	Prerequisite: Level 2+ Warlock	Необхідна умова: чаклун рівня 2+
h284ddfa3g663ag50c2g07e9g9ac8fe753bcd	Prerequisite: Level 5+ Warlock, Pact of the Blade Invocation	Необхідна умова: чаклун рівня 5+, виклик «Пакт клинка».
h5c37c62dg8f18g4212gc85fgb76c2c9723ec	Prerequisite: Level 5+ Warlock	Необхідна умова: чаклун рівня 5+
h8d4f86adg3e6fg113dg666fg926e6f0083ba	Prerequisite: Level 5+ Warlock, Pact of the Blade Invocation	Необхідна умова: чаклун рівня 5+, виклик «Пакт клинка».
hde2d1489gd4e5gf6f4g63e9g804d8eb5d149	Prerequisite: Level 7+ Warlock	Необхідна умова: чаклун 7+ рівня
ha94435d8g091cgce68gaca4gc20e3eea7844	Prerequisite: Level 5+ Warlock, Pact of the Chain Invocation	Необхідна умова: чаклун рівня 5+, заклик до пакту ланцюга
h5c3434c5ge1cfg2712gf301g25080935ac60	Prerequisite: Level 5+ Warlock, Pact of the Tome Invocation	Необхідна умова: чаклун рівня 5+, пакт виклику фоліанта
h79064293gdc22g33fcgf577g81a7411a9720	Prerequisite: Level 9+ Warlock	Необхідна умова: чаклун рівня 9+
hb8aec518g6d45g1454g58cbgbac23fec6617	Level 9: Lifedrinker	Рівень 9: Життєпивця
hb7444fe8g6554g6a31ged37g03cc050ef8d3	Prerequisite: Level 9+ Warlock, Pact of the Blade Invocation	Необхідна умова: Чорнижник рівня 9+, Пакт виклику Клинка
hd69af339g9d2bg91b6gba38g8dbeb8503f7b	Level 12: Devouring Blade	Рівень 12: Поглинаючий клинок
hc579ca24g72d1g35dfg46c5g5274d47b30cc	Prerequisite: Level 12+ Warlock, Thirsting Blade Invocation	Необхідна умова: чаклун рівня 12+, виклик Спраглий клинок
h007cf464gd375gf74bg38ccgdc14ddbc38cf	Level 1: Beast Speech	Рівень 1: Звірина мова
h0f9d1ae5g4592g2f49gb8c7g87c552837f15	Level 1: Beguiling Influence	Рівень 1: Вабливий вплив
h6657b78egb581g0244g06feg115830c4d5fe	Level 2: Thief of Five Fates	Рівень 2: Крадій п’яти доль
h96b23ed5g9f6eg5ed9gc731gf83643845844	Prerequisite: Level 2+ Warlock	Необхідна умова: чаклун рівня 2+
hda228a0eg1468g0defg7675gfa912f042658	Level 5: Mire the Mind	Рівень 5: Затуманити розум
h8dd81e23g9a97gc012g10f6g34aea3e1b3be	Prerequisite: Level 5+ Warlock	Необхідна умова: чаклун рівня 5+
hdb88100cgafa2g940ag4433gb000edb33a07	Level 5: Sign of Ill Omen	Рівень 5: Недобра прикмета
h1b7fb0eag8d29g4cf4g04fag91b2e056cf0c	Prerequisite: Level 5+ Warlock	Необхідна умова: чаклун рівня 5+
hda504259gf2e4g3266g40fdge92c642b1182	Level 5: Book of Ancient Secrets	Рівень 5: Книга прадавніх таємниць
hdc954407ge07fg170agc027gb3ac7e6afda9	Prerequisite: Level 5+ Warlock	Необхідна умова: чаклун рівня 5+
h0738ad5cg28e2g4092gfc87gc94c75bc8f5b	Level 7: Dreadful Word	Рівень 7: Жаске слово
h1e82dd96g79f2g67a9g365dgc089cab1b728	Prerequisite: Level 7+ Warlock	Необхідна умова: чаклун 7+ рівня
h1fb30dc3ge20dgcb22g34d0gcdd0e387793b	Level 7: Sculptor of Flesh	Рівень 7: Сницар плоті
hd6f07d39ge321g7e13gcdabgbcbf12aaa406	Prerequisite: Level 7+ Warlock	Необхідна умова: чаклун 7+ рівня
h5ebc0953g6724g72fageab4g7f5682f9fb32	Level 9: Minions of Chaos	Рівень 9: Прислужники хаосу
hf1a63187g9766gc5aeg0b86g693324a45025	Prerequisite: Level 9+ Warlock	Необхідна умова: чаклун рівня 9+
h3098d03bg9b76gd04eg7ef8g689022ec62ad	Invocation: Gift of the Protectors	Інвокація: дар захисників
had9ee1e5g5369g47b5g65c4g37b956523a59	Mind Sliver	Уламок розуму
h63854322g2981gf688g3b17g3be3eb3cbaea	Eldritch Blast	Містичний промінь
ha82b5e6dgb4b1gb2a1g8b53g475515ffec20	Booming Blade	Гуркітливе лезо
hde7eade7g981dg355bg6e30g0089c6fe0377	True Strike (Melee)	Певний удар (ближній бій)
hc48575fbg3411gc50ag88aeg18f05fb53a0f	True Strike (Ranged)	Певний удар (дальній бій)
h1b185049g69f6gd479g03c1g85c564525648	Eldritch Smite	Потойбічна кара
h3793d1a6gc4b8g72a7geb63gdab6620030e7	Eldritch Smite	Потойбічна кара
h96af7feag9483ge79egf274ga41eefe9ae04	Eldritch Smite	Потойбічна кара
h94488385g3579gb95bga59ag7e9114cbe4d1	Eldritch Smite: Reaction	Потойбічна кара: реагування
hecfe0232g690bg7d4cg4846gf2a7cf8ec8c8	Eldritch Smite: Reaction	Потойбічна кара: реагування
hadfb9c0egff7fgfa1eg62abgf89d0d720111	Eldritch Smite: Reaction	Потойбічна кара: реагування
h90aeb23egee85gab21g41b9g52b42e64cb53	Eldritch Smite: Reaction	Потойбічна кара: реагування
h736c0facgf8fdg1f25g787bg0dc22143c55e	Eldritch Smite: Reaction	Потойбічна кара: реагування
hccbfc687g197cgaf11g2e5cg2aa9a4c51ef2	Eldritch Smite: Reaction	Потойбічна кара: реагування
h24650f10g65f0gdad5g30cdg3e4777297c7c	Level 2: Scholar	Рівень 2: Вчений
h2f5671feg10a3g6221g9db1gcd1af3a88f5b	Level 2: Expertise	Рівень 2: Експертність
h1d573d0cg0ef8gc58cg5d87gf7b0ce7fc23d	Level 10: Magical Secrets	Рівень 10: Магічні таємниці
hd4f3b039g6204g1bbagd21fgb72f806b54d8	Level 3: Combat Inspiration	Рівень 3: Бойове натхнення
hd0e61f8bg955fgda33g3e08gc99c259c8a16	Level 3: Blessings of Knowledge	Рівень 3: Благословення знань
ha8b64524g7467g0f1eg9214gbd3da8ce6302	Level 1: Expertise	Рівень 1: Експертність
hac07bd19g5886gc2efgf8dfgb838d23ca0bd	Level 5: Cunning Strike	Рівень 5: Хитрий удар
h2d4d8d0bgd8f1g3ea1g0101ga6595c40a70f	Cunning Strike: Poison	Хитрий удар: Отрута
h14896c14gd1f3gead8g4a00g37ead89aa9ae	Cunning Strike: Trip	Хитрий удар: підсічка
hceff31b1g6ebfg0d4cg2043g91b11847623c	Cunning Strike: Withdraw	Хитрий удар: відхід
he11ccf69g4145g3cbfg6094gf14d8136626c	Withdraw	Вилучити
h3952e016gc549gd27fgc618ga417ad5120c1	Prerequisite: Level 1+ Warlock	Необхідна умова: чаклун рівня 1+
he0d8fa8bgadb5g8c7fga076gbec7aa4441cb	Prerequisite: Level 1+ Warlock	Необхідна умова: чаклун рівня 1+
h30fd69d5ge1a6gda26g435dgb055ede6ab30	Prerequisite: Level 1+ Warlock	Необхідна умова: чаклун рівня 1+
h9216324dgcc3bg6778ga40aga3796b155c0c	Prerequisite: Level 1+ Warlock	Необхідна умова: чаклун рівня 1+
h29e638a5g9fe4gca09gb884g608413f8e11f	Prerequisite: Level 1+ Warlock	Необхідна умова: чаклун рівня 1+
h74e5b82bg3e1eg42d0g108ag8296ce9e9f59	Prerequisite: Level 1+ Warlock	Необхідна умова: чаклун рівня 1+
h89cc571cg9734g0e75g9d8fg69ec4116823f	Prerequisite: Level 1+ Warlock	Необхідна умова: чаклун рівня 1+
hda66831fg300fg893ega428gd807bb12f766	Acolyte	Послушник
hd660fd06g45aeg25f4g7e9dg6fd338c66f83	Origin Feat: Magic Initiate (Cleric)	Риса походження: Магічний хист (Клірик)
ha980b3fbg98dcgc88eg9edbg89be32a4b191	Magic Initiate (Cleric): Cantrip	Магічний хист (клірик): замовляння
hd57d4d53gfb82gc5e5ge39eg18ccf99d11ac	Magic Initiate (Cleric): Cantrip 2	Магічний хист (клірик): Замовляння 2
he64b4a45gba6eg30a6g9703gb0f13f9230e8	Magic Initiate (Cleric): Cantrip	Магічний хист (клірик): замовляння
hd21b5377g2221gaafdga39bgea72f3a697d1	Magic Initiate (Druid): Cantrip	Магічний хист (друїд): замовляння
h3522b895gaf8eg23c8ge2a5g19305a3832ce	Origin Feat: Magic Initiate (Druid)	Риса походження: Магічний хист (Друїд)
h3be2808fgdf36g2f49g651dgd7072fe1c369	Magic Initiate (Druid): Cantrip	Магічний хист (друїд): замовляння
hcf7beb3cg8662gd7d0ga3aag9f047d9b8897	Magic Initiate (Wizard): Cantrip	Магічний хист (чарівник): замовляння
h948ef541g3485gbf64g5f3ag0b03af06a06a	Magic Initiate (Cleric): Spell	Магічний хист (клірик): закляття
hc1a2947cg6d72g0cb9g22eagc5ff105e4237	Magic Initiate (Druid): Spell	Магічний хист (друїд): закляття
hc6335af1g4129g0308g8518g3cb980ec4a55	Magic Initiate (Wizard): Spell	Магічний хист (чарівник): закляття
h711b7815g70c9g4712ga219g0ff6e0b8c207	Magic Initiate: Acid Splash	Магічний хист: Кислотні бризки
h70fd1410g49a4g44d1g9f8eg7f6bc1c21fea	Magic Initiate: Friends	Магічний хист: Друзі
ha6ce862fg4edeg49f7g9320gb8580541d70a	Magic Initiate: Fire Bolt	Магічний хист: Вогняний заряд
h97d2ab9cgaaf9g4bd4gb544g5862fb5d10b9	Magic Initiate: Dancing Lights	Магічний хист: Танцюючі вогні
hc5fa63acg91f7g498fg8be8g4f77f6e608e1	Magic Initiate: Chill Touch	Магічний хист: Крижаний дотик
h8cab8439g423ag41e7ga45bg7c1a4c23cde3	Magic Initiate: Bursting Sinew	Магічний хист: Вибухові жили
h4def798ag029dg4d00g8d1eg8929e03098d6	Magic Initiate: Booming Blade	Магічний хист: Гуркітливе лезо
h83dc6116g533dg4e65g8c4ag7f3230f15b56	Magic Initiate: Blade Ward	Магічний хист: Оберіг від зброї
hc43d9642g1590g42d6gbab6ga3dc6574eb50	Magic Initiate: Guidance	Магічний хист: Направляння
haada0dc8gc767g45e4g98c2g6c5644d040c1	Magic Initiate: Green-Flame Blade	Магічний хист: Клинок зеленого полум’я
h1e7a31c9g35c0g4b54g8f69g25b327a4c999	Magic Initiate: Light	Магічний хист: Світло
hee3244d3g6916g4229gb4b7gd98a4f519f8e	Magic Initiate: Mage Hand	Магічний хист: Рука мага
hd455a5aag6fb4g48ccgbec8gdf13c11a88ab	Magic Initiate: Mind Sliver	Магічний хист: Уламок розуму
h965b7dc5ga4acg4b60g9e4bgcd236212e8b4	Magic Initiate: Minor Illusion	Магічний хист: Мала ілюзія
hcb1e67e1g69e7g4710g9cd5ga81a12763305	Magic Initiate: Poison Spray	Магічний хист: Отруйний пирск
hf6e4b463g8945g4e41g8f63g065eb4ecdd0b	Magic Initiate: Produce Flame	Магічний хист: Творення вогню
h4f7e0ea1g2ff6g48b2g937bg7cc4f590d0e7	Magic Initiate: Prestidigitation	Магічний хист: Фокуси
h893b82a7g6490g43ebg981ag9315af05142b	Magic Initiate: Ray of Frost	Магічний хист: Струмінь морозу
heda822d9g6ca8g4d69g862cg8e593ceb6f22	Magic Initiate: Resistance	Магічний хист: Опір
h04241b75g4f7eg40dagbac2g1acb8e2326f5	Magic Initiate: Sacred Flame	Магічний хист: Священний вогонь
hdd5d9c2cg059eg4e76gb6b6g01e4d851171d	Magic Initiate: Shillelagh	Магічний хист: Ґирлиґа
h4527bdb1gf97cg4adcg9003g64255fe6abdf	Magic Initiate: Shocking Grasp	Магічний хист: Шоковий хват
h29d6991cg8d76g4e4bga787g7f988a72fe15	Magic Initiate: Spare the Dying	Магічний хист: Пощада
hb163e2e9gb2d2g4adeg8801g80dbb2b50492	Magic Initiate: Starry Wisp	Магічний хист: Зоряний вогник
h9f283e92g10dfg43b6g837dg39ee82977d4b	Magic Initiate: Sword Burst	Магічний хист: Вибух меча
h66c0ac32gf014g42dag9841g3b01a76087d3	Magic Initiate: Thaumaturgy	Магічний хист: Чудотворство
hc3c05220gcdefg4521g8152g4898ef5b675d	Magic Initiate: Thorn Whip	Магічний хист: Терновий батіг
h663fe553g789ag4344gba16g9856c5fe1f6c	Magic Initiate: Thunderclap	Магічний хист: Рокіт грому
h8a1afdf9g8010g4ad9gbda9ged21cac57381	Magic Initiate: Toll the Dead	Магічний хист: Подзвін
hfc64fd6bgba50g4748gaa9fg22adb16ff81b	Magic Initiate: True Strike	Магічний хист: Певний удар
hc24e0712g664bg4e59gad6fg394d985f4bfb	Magic Initiate: Vengeful Blade	Магічний хист: Мстивий клинок
he02ce6f7gdbe0g4af4g8e20g9e0b3c31c653	Magic Initiate: Word of Radiance	Магічний хист: Слово сяйва
hb0e3941dgfac2g426ag9ccdgee197b362bd8	Magic Initiate: Holy Word	Магічний хист: Святе слово
h749a56acgdc0fg4869g9757g0be1a08703ea	Magic Initiate: Frightful Start	Магічний хист: Жахливий початок
h21645e9ag9d9cg418aga245g6a9015289552	Magic Initiate: Animal Friendship	Магічний хист: Дружба тварин
hdf583f63gea12g4423g9944g3daa981713d3	Magic Initiate: Create or Destroy Water	Магічний хист: Створення чи знищення води
hcc29c239gc13fg4023gb368g06aa956b1eb2	Magic Initiate: Command	Магічний хист: Наказ
hce902b37g2b1fg4c69gb496g34f99e16b2db	Magic Initiate: Colour Spray	Магічний хист: Барвистий пирск
hc3ea7a0bg4a33g447egab4cg59b3544f61a4	Magic Initiate: Cloak of Shadow	Магічний хист: Плащ тіні
h20d0eed4gb780g487cg8ab2g2a8f0df204ec	Magic Initiate: Chromatic Orb	Магічний хист: Хроматична куля
hbcff1db6g661fg44b2gaa19ge984fa1cedb3	Magic Initiate: Charm Person	Магічний хист: Причарування особи
h32091888g9007g441cgb899gf48ab4745ec0	Magic Initiate: Burning Hands	Магічний хист: Палючі руки
hb964961egd956g43e4gb1f4gbbd5199911f7	Magic Initiate: Bless	Магічний хист: Благословення
hcf286fcbga673g4b58g9ca2g7cb218338271	Magic Initiate: Bane	Магічний хист: Бейн
h40603322g7144g4076ga600g816c1a3bf347	Magic Initiate: Cure Wounds	Магічний хист: Зцілення ран
h21dc2164g914fg40f1g96f0g6370fd2112f5	Magic Initiate: Entangle	Магічний хист: Заплутування
h1b472549g17edg4c6bgac27gf0b44463bc4c	Magic Initiate: Expeditious Retreat	Магічний хист: Стрімкий відступ
hffc26135gf1a3g4a40ga837gc93edb478e30	Magic Initiate: Faerie Fire	Магічний хист: Чарівний посвіт
h4ded108bga017g4608gbf95g21aa64af5306	Magic Initiate: False Life	Магічний хист: Удаване життя
haba60ef6g99aag4749g96b9g8d1f04316129	Magic Initiate: Feather Fall	Магічний хист: Легкість пір'їни
h38f40cc0g5620g4711g8d56gdd9c138dc7bf	Magic Initiate: Find Familiar	Магічний хист: Пошук джурозвіра
hf8e02fcbgdb8bg4268gb21cg13293d623b07	Magic Initiate: Fog Cloud	Магічний хист: Хмара туману
h7fe00d2bgea8ag4b0fgbbacgdbf44e74157c	Magic Initiate: Goodberry	Магічний хист: Добряниця
hc6e80bc7gdc11g4a8egafadg36b0c70eecad	Magic Initiate: Grease	Магічний хист: Жир
h06ce1335g4a93g488eg9ce8g7f24e3f055ce	Magic Initiate: Guiding Bolt	Магічний хист: Вказівний заряд
h050d8dc6gbc79g42dbg906dg75bd310a68ea	Magic Initiate: Healing Word	Магічний хист: Цілюще слово
h3ea7727eg6fb7g4437g8abfg5b8b01c08404	Magic Initiate: Hideous Laughter	Магічний хист: Невтримний регіт
hdc5cb67eg6726g4f71ga0a5g19d3f916892d	Magic Initiate: Ice Knife	Магічний хист: Льодяний ніж
h86f50d94gf85eg4f54g9043g7300025a6b85	Magic Initiate: Inflict Wounds	Магічний хист: Завдання ран
h57c34580gbbf4g41acgbcb6g5f4b946ba3e2	Magic Initiate: Jump	Магічний хист: Стрибок
h931b6d31gbc0cg42a0ga0fdg6bf79513d2f8	Magic Initiate: Longstrider	Магічний хист: Довгоніг
h3cb9ecd6gc656g434eg9178g4828fbd9e74c	Magic Initiate: Mage Armor	Магічний хист: Магічна броня
hc12ab9b5ga37dg4463g97c9gcfaef383ed25	Magic Initiate: Magic Missile	Магічний хист: Магічний залп
h7380d024gd726g4ecbgaf7bg7053d764150b	Magic Initiate: Protection from Evil and Good	Магічний хист: Захист від зла й добра
h8ec3e1ffgcbf4g4037g9bc0g84441c8fa842	Magic Initiate: Ray of Sickness	Магічний хист: Струмінь хвороби
h124523e9g22fbg4ef6g9eadg44197da47bfb	Magic Initiate: Sanctuary	Магічний хист: Прихисток
h2cd9127cg7278g4d0fgb936g380f15ea9889	Magic Initiate: Shield	Магічний хист: Щит
h2ad87388g142dg4348gbbedg0e1f69d37af7	Magic Initiate: Shield of Faith	Магічний хист: Щит віри
h11e7e65ag5981g4ae2g8c38gc618d023f94b	Magic Initiate: Sleep	Магічний хист: Сон
hcacff426g1d0ag44e6g9598gd4e780c75798	Magic Initiate: Speak with Animals	Магічний хист: Розмова з тваринами
h5aa03de7gf337g42a1gb453ge89a6f671278	Magic Initiate: Thunderwave	Магічний хист: Громохвиля
h4a25b113gd59eg4b37gb1fag1d64b4e65972	Magic Initiate: Wardaway	Магічний хист: Відгін
h4a465394gc707g4e0bga071g165709a73a35	Magic Initiate: Witch Bolt	Магічний хист: Відьомський розряд
hb75003cbgf00cga299gd802g14c70c5d2869	Charlatan	Шарлатан
h4b835e70g04c6g5a06g0c6dg1a3127667686	Criminal	Злочинець
h71130c00gf7fegc295g7a78g226b23bab525	Entertainer	Артист
h08144bfegc7fbg3b4cg2a08gf4711304db2f	Folk Hero	Народний герой
h8872efb5g9022g184cg8400gc8622021c434	Guild Artisan	Ремісник
h68877c75g37c1gbf22gf33fg60fb10459cda	Noble	Шляхтич
hdffa4c4fgb9e6g20ebg7a88g407a2ca29c32	Outlander	Чужинець
h95a25eaegdeafgb7b8g4801g7a8367fc65a7	Sage	Мудрець
h8109bc16gabcag925cgdd47gb46dba14be0c	Soldier	Військовий
hc87a3f0fgaf2eg6057g69fbg9ba7b0e2f7bb	Urchin	Безхатько
h15a25456g93c5g2128g2199gd75ca7acd724	Origin Feat: Skilled	Походження Риса: Умілець
h0b1ce19fg660ag4802g476bg8c05a68222d8	Skilled: Acrobatics	Обдарований: Акробатика
h0c81c67cgb4c6g4561g00beg5a12ada00691	Skilled: Animal Handling	Обдарований: Розуміння тварин
h29993998g99bdg851dg0dccgdbf3b1370e56	Skilled: Arcana	Обдарований: Магія
h0fa6c280g9e87g0644g135bg21f0cdf93433	Skilled: Athletics	Обдарований: Атлетика
hfbd6a1b1g89fag83a8g0e7ege0255b94efda	Skilled: Deception	Обдарований: Обман
h90eb1d04g6929gc5d6gea2ag4c14b8d10050	Skilled: History	Обдарований: Історія
h2493bc3cgd699g2700g7ba2g908cbedeae7a	Skilled: Insight	Обдарований: Проникливість
h4466962dg5878ge4ddg2288gbc90cd13da1b	Skilled: Intimidation	Обдарований: Залякування
h97ae1233gb416g9366g5de6g48653fa24df6	Skilled: Investigation	Обдарований: Розслідування
h34cec7c2g780cg0070g2be3gfc093346a1ef	Skilled: Medicine	Обдарований: Медицина
hada03c6fg8b80g6cfbg761eg6ec6542cc0a5	Skilled: Nature	Обдарований: Природа
h8521f637ga957g4fdeg40bbg3e8514ee2243	Skilled: Perception	Обдарований: Відчуття
h3644d11cg3f56gfa05g9d01g8c44cbf8f993	Skilled: Performance	Обдарований: Виступ
h4e284e1cg7a31g63cag5ccegeaa125cdbdf0	Skilled: Persuasion	Обдарований: Переконання
hceae7ad3gf0dbgdd24gcc1bg7bd21312fc0a	Skilled: Religion	Обдарований: Релігія
hc931f53agbc8egb132g41cdg19cd166d6f7b	Skilled: Sleight of Hand	Обдарований: Спритність рук
h9eb6dc6dg1471g2dbcg9f1bgee4b610efd55	Skilled: Stealth	Обдарований: Скрадання
hb990e3c4g5425g1524gfedcg5f20ce20597d	Skilled: Survival	Обдарований: Виживання
h8f8e4f76g9279geaf4g3be8g75fcc8975180	Skilled	Обдарований
haccfb564g42d5gbcf1g17e3g6bd3bb113a44	Acrobatics	Акробатика
hc355df2ag0123g443bg998cg11187bf11a5a	Animal Handling	Розуміння тварин
h722b6a69g3477g36dbg1e4fg04643c68b1f7	Arcana	Таїнства
h5329602dgbdb7gdf54g164cg7babc0547f88	Athletics	Атлетизм
h4a18bdbcg2f07g8fc3ga383g3bf38d934d97	Deception	Обман
h15608410g73bagc53bg53f2ga41d7d3b2f96	History	Історія
h41367f77g2252gf46bg7c6bge19d48c4f278	Nature	Природа
h459ce53fg7791g1cd0g378eg2c1353e49c4f	Perception	Відчуття
h5b423612ge7e5g8736gd607g7c134dc79c3a	Performance	Артистичність
hdc9b288fg9711g7a53gfe81g9448c4523a2c	Persuasion	Переконливість
h57eaf745g2783g5cc4gc9f6gd12380a0934f	Religion	Релігія
h87e650ddg0175gc7f8g135eg826bd05429d2	Sleight of Hand	Спритність рук
h237ebf10g65d4g5de2ga9f8g4aeae8f52710	Stealth	Непомітність
hcaedae0bg8d89g5535gef15ge3bead7cac7b	Survival	Виживання
h96a2be22g2936g6b20g8c6fga91b0ccaa06d	Insight	Проникливість
h4107cf58gb2cdgcf41g08c5gcb3b1ab720a4	Intimidation	Залякування
h4ba0cf67g55f2ge128g4fefg499a17387298	Investigation	Обстеження
h58264943ge8a3g47cdg09c2gd71af9051c26	Medicine	Медицина
h641b1b35g1b60g780egb004g145a37f818b3	Origin Feat: Alert	Походження Риса: Пильний
h45825d61g1009g094fgd261g57f7112238f9	Origin Feat: Musician	Походження: музикант
h65160f8dg63e2g4feeg3550g6feca8c4a710	Encouraging Song	Підбадьорлива пісня
he19df11dgdf2cg862cgbb31g4b99b16b69d4	Origin Feat: Tough	Риса походження: Гартований
h7cf9e06ag9d1dga32egceb0gbe819d69f976	Origin Feat: Savage Attacker	Риса походження: Лютий нападник
h4c3975fag2626gb08fg2d75g1948720b803b	Haunted One	Нав'язливий образ
h474bba76g8c7bgfd74gc3c7g3360b0f62570	Origin Feat: Lucky	Походження Риса: Щасливчик
h9adf9274g7e39g2ca0g6e19gf06b6f52aea1	Origin Feat: Lucky	Походження Риса: Щасливчик
h6406ffe0g3bf9g37c9g6ad7g2ba1f01b1075	Origin Feat: Tavern Brawler	Походження Риса: Забіяка
h2d1c35beg6336gdd1eg258dg69afd0b6b19f	Athlete	Атлет
h4fa37f8dgea0ag8e9eg9222g12cdf8ef50af	Feat: Athlete	Риса: Атлет
hf57c9070gd267g0022g18deg38ad134018ab	Charger	Нестримний
hbc6e4744g6835g4d25g3453g224b9eed2a70	Feat: Charger	Риса: Нестримний
hafd66c3cg4becg70e3gdeb1g96e635182645	Crossbow Expert	Експерт з арбалетів
h2b11e796g7a1fga346gb3e4g85e96274b6ef	Feat: Crossbow Expert (Wounding)	Риса: експерт з арбалетів (поранення)
h9dde7fdcgac74g74cag98d7g044c58ef3023	Feat: Crossbow Expert (Point-Blank)	Риса: Експерт з арбалетів: упритул
h32eff9e8g416dgc4dagd8e6g74260b215e68	Defensive Duellist	Захисне фехтування
h208b7de3g5f3cge001gfe82gdd2940dee59c	Feat: Defensive Duellist	Риса: Захисне фехтування
hfa2c5254ge5fag62b7gffb6g392787c61974	Dual Wielder	Двозбройне фехтування
h720a62a8g5de9g9909gb1cagf61131cf2df9	Feat: Dual Wielder (Bonus Attack)	Риса: Двозбройне фехтування (додаткова атака)
h7ed3574cg898aga3cage4bcg72bfa5e60a5c	Feat: Dual Wielder	Риса: Двозбройне фехтування
hb2bf6fc5g6c41geefag4186g751dda5c0a20	Off-Hand Attack (Dual Wielder)	Атака другою рукою («Двозбройне фехтування»)
hfba39959g9b2dg1bffgffd6g069588fe122e	Dungeon Delver	Дослідник підземель
h3e8e3421g4852g1a98g9d7cgf3947ee60a89	Durable	Міцний
h3f1eb96eg51f4gaf8cg5396g435ffda2161a	Great Weapon Master	Майстер великої зброї
h349877e7geb40gb92agf0ebg6d7a8824b88d	Feat: Great Weapon Master	Риса: Майстер великої зброї
h3b239dc5gf9c8g1abcgc84eg956c665ab218	Feat: Heavily Armoured	Риса: Знавець важких обладунків
h9d48061fg5f17gd0d7gcc47g4d36f5a2b812	Heavily Armoured	Знавець важких обладунків
h839231bbgeb1bg509bgdb9cge3286fb2cd64	Heavy Armour Master	Майстер важких обладунків
h05dbc595g938dgf8c5geb8ag232d7f8f255a	Feat: Heavy Armour Master	Риса: Майстер важких обладунків
h494aa429g631cgf105g1994g4c64836d3f3d	Lightly Armoured	Знавець легких обладунків
h97c3576bg651bg7e79g4da8g9dde54eb141f	Feat: Lightly Armoured	Риса: Знавець легких обладунків
heb622813gde8ag8560g8db8ga20dd3f55a1c	Mage Slayer	Убивця магів
h686b506cg3f99g1c96gdcfcgfd54e5d46f19	Feat: Mage Slayer	Риса: Убивця магів
h64d74f86g3068g8d76g0cd1g2ed854b87962	Guarded Mind	Захищений розум
hf3cb4188g698ag0e09ge5b7g7087f12e55e8	Feat: Martial Adept	Риса: Бойове захоплення
h8c96ebffgfa30ge6e9g2670ge4e2af8fb180	Feat: Medium Armour Master	Риса: Майстер середніх обладунків
h9f345cf4g20e3g3adbg0568g4c6d7a467ed6	Speedy	Швидкий
h8eacabe1gf4e0g46a9g32adg16f61a4b3530	Moderately Armoured	Знавець середніх обладунків
h064d8f79g7d9eg262fg76e0g2d04ce1515a6	Feat: Speedy	Риса: Швидкий
hcece8c3cgbda0g0cf1g3872g9d5fba9e3f61	Feat: Moderately Armoured	Риса: Знавець середніх обладунків
hae25381bgef2fgb3e0ga319g98ed9f6981b8	Lucky	Удача
h03f42ae5g766bg7991gbcd3gacac23773d6c	Musician	Музикант
hd0637db0gbaaag6a4eg8e04g319e2086edb5	Savage Attacker	Лютий нападник
hb4c3b9b7g429bg1543gc57cg6b3b5b25dd7e	Tavern Brawler	Забіяка
h3cebc5b8g1e08g6174g4093gbb24e545e462	Polearm Master	Майстер держакової зброї
h0e159707gedcdgecceg7084geda7d6596f4b	Feat: Polearm Master	Риса: Майстер держакової зброї
h8279b78cg9f64gf40egab20gf3b5ab80bc72	Feat: Resilient (Charisma)	Риса: стійкість (харизма)
h5e27ad01ga610ga42cgc65dg1ce99d93cdf8	Origin Feat: Magic Initiate (Wizard)	Риса походження: Магічний хист (Чарівник)
h264cac24g55adg2b42g5689g9ac57b287ff0	Feat: Resilient (Constitution)	Риса: стійкий (Статура)
h4d896d4bg38ffgb852ge9c4g321634de4a1d	Feat: Resilient (Dexterity)	Уміння: стійкість (спритність)
h28f453f2gecbagbf36g9580ga18155f4ed7c	Feat: Resilient (Intelligence)	Риса: стійкість (розум)
ha5d92735g8afdga8f3ge1c5g5b06d62a50e6	Feat: Resilient (Strength)	Риса: стійкість (сила)
he4365c80ga72cgc5ebg1ae0g6a84db454a82	Feat: Resilient (Wisdom)	Риса: стійкість (мудрість)
h1015def7gafdbg59d8g86d2g26b83e1c4b9e	Sentinel	Вартовий
h7e48c498g5f4dgcd45g58fdgd35b898ea7df	Feat: Sentinel (Vengeance)	Риса: Вартовий (Помста)
h23b78c62ge069ge2ccg2684g43996096895b	Feat: Sentinel (Opportunity Advantage)	Риса: Вартовий (перевага можливості)
h5fb8bed9g9cd0g8557g68degf654e2c0ae58	Feat: Sentinel (Snare)	Риса: Вартовий (Пастка)
h90887d29g0a12g4a4eg7f87ga23f7765f7dc	Sharpshooter	Влучний стрілець
ha55fe95cgd504gfcc1gb585g1162cb7cffcc	Feat: Sharpshooter	Риса: Влучний стрілець
hcf7e607eg1421g2fc9g4205gd10b92961b19	Shield Master	Майстер щитів
h99a1f866g5649g1e74gc90fgd29c50fa0426	Feat: Shield Master	Риса: Майстер щитів
h7703cd86g07afg9672g1765g96366fbc1138	Shield Bash: Shove	Удар щитом: відштовхування
hf85d24eegb746gb3e4g54ddg00cde5bd922f	Shield Bash: Prone	Удар щитом: повалення
hc89bef70gb4acgcaf4g1bd4gc4db62830233	Spell Sniper	Влучний заклинач
h83a93112gc496g26f6g27f3ge5d63171ca0b	Feat: Spell Sniper (Ranged)	Риса: Влучний заклинач (далекобійні атаки)
hdfe62e0fgf3abgc70ag0019g4af2fcfb5109	War Caster	Бойовий заклинач
h1e8be1d2gda52g488egf12aga4dbd08a8b2c	Weapon Master	Майстер зброї
h70813330g91cdg841fgd506g43cca562e934	Feat: Spell Sniper (Melee)	Риса: Влучний заклинач (ближній бій)
he811ea2cg5f7ega90cgc208g301ddc5eb96c	Feat: War Caster	Риса: Бойовий заклинач
h6f27cfe3g88f5geb3eg8790gd6ce157dfac9	Feat: Weapon Master	Риса: Майстер зброї
hed4fadaag2f33gc2b5g10bcg877f54981719	Path of the World Tree	Шлях Світового Дерева
h7f11fde8g7022gc624gc07cg0bf0afe43eb0	Level 3: Vitality of the Tree	Рівень 3: Життєвість дерева
h39e02d12g9361g9427gcabbg9c625c015d9e	Level 6: Branches of the Tree	Рівень 6: Гілки Дерева
h73b80082g2131g52abg5e7bg5ef03ffa6906	Level 10: Battering Roots	Рівень 10: Таранні корені
h460429dfgc912g3f17g81b4g0b1e6420baf6	Vitality Surge	Прилив життєвих сил
haa81c0f2ge2b2gd7b9gc090gd87edfd50eab	Vitality Surge	Прилив життєвих сил
hc60cc039g3202g31b4gacf6gcd33f83a5892	Life-Giving Force	Життєдайна сила
h89126fa9g133eg379eg0309gc7c31b95136d	Branches of the Tree	Гілки Дерева
hf26f1c7dg99f2g62d7g6798gaf1e5640053f	Battering Roots: Push	Таранні корені: поштовх
hd109b0dbg19e8ga1d2g4826gc3978e7b2e7f	Battering Roots: Topple	Таранні корені: повалення
hbc51a963g20c5g876cgc0b3g1fda844b3830	Life-Giving Force	Життєдайна сила
h0742adb9g8528gcb3ag3596ge883d9faa6ab	Branches of the Tree	Гілки Дерева
hb477d444g2e4egabe4g8bd0g64d34fe959ee	Level 3: Divine Fury	Рівень 3: Божественна лють
h8561dec8g58feg3afcgc909g7b495a11aeec	Level 3: Warrior of the Gods	Рівень 3: Воїн богів
h37bdd6afg8377ga414g06b2gd12131f14c73	Level 6: Fanatical Focus	Рівень 6: Фанатичний фокус
h9ac99198g4fe0gd34bg57a0g52acb98ed35f	Level 10: Zealous Presence	Рівень 10: Присутність ревнителя
hfa0367c5gd524g439egbb91gf1d01da462a1	Path of the Zealot	Шлях Ревнителя
h3e0f83eag20c7gefccg3505g67e905536f9c	Divine Fury: Radiant	Божественна лють: променева шкода
hc0013b90g841eg2935g8b77g5e53735b98a6	Divine Fury: Necrotic	Божественна лють: некротична
hf168720fgd4dbgc575ge2c3g9a0841c3efc9	Warrior of the Gods	Воїн богів
h9ae5d499g6937g51d5g2d3eg9854133655cd	Warrior of the Gods	Воїн богів
hdefa5de2gb9bfgc136gf8e6gf90eb2739837	Fanatical Focus	Фанатичний фокус
hf40dc054gd469gf99cg895bgc27babafe771	Zealous Presence	Присутність ревнителя
h509f959fg0fe6gec34gedb0gc6a719773d5b	Zealous Presence	Присутність ревнителя
h284201cfg7ef2g3386g799dgb94060c50b96	Level 3: Dazzling Footwork	Рівень 3: Сліпуча робота ніг
h75cac7b5gabc0ge6d4gcf1bg66c77bcb1d31	Level 6: Inspiring Movement	Рівень 6: Надихальний рух
h1af76b4dg4b9cga7cdgf8e7g353530ee4ff9	Level 6: Tandem Footwork	Рівень 6: Злагоджений крок
h5336df21g7ddfg1231gfc57ga39ec7e78e9d	Agile Strikes	Спритні удари
heb20c7adg4399g29d8g90d1g05ee938a1427	College of Dance	Колегія танцю
hccb47037gb339g8c2eg956ag7d3cea211410	Melee Unarmed Attack Bonus	Бонус за беззбройну атаку ближнього бою
h16eb0ddag455fgabbag65b4g954af483e6b1	Agile Strikes	Спритні удари
h02d0f03dgbaeegc343ge0f3gc9b59d3458f4	Inspiring Movement	Надихальний рух
h5c2fd98dg730eg0f81g45d9g556839f62f6a	Inspiring Movement	Надихальний рух
hdd7ddd39gf7b8g5306g8adcg34646c6a8890	Tandem Footwork	Злагоджений крок
h92f7f7b1gd3ccg8bd7gc59bgddaff5a65f29	Inspiring Movement	Надихальний рух
h7fda03e0g1c44gfb83gc8c5g36e83d6dc3c8	Tandem Footwork	Злагоджений крок
h928f834egd673g4226g8299gfefdeb81958c	Spellthief	Чарокрад
h01dfd531g605ag4c72gb4edg3846ab351eae	Hunting Longbow	Мисливський довгий лук
he018a0b1gcff3g09b2g3d95g49a55c223a0c	Aura of Vitality	Аура життєвої сили
h06e857edg3356g18f5gad4dge59b7d353e05	Aura of Vitality	Аура життєвої сили
hcd295819g3730gdba8g00feg2eb175ed488a	Aura of Vitality	Аура життєвої сили
h10f0c6e7g3eeeg6cabg6a7bg95d88196fabb	Aura of Vitality	Аура життєвої сили
hc1029c6cgd7aeg2b99gd806g90045f611089	Aura of Vitality	Аура життєвої сили
h6bbeea0cgfb9cg7197g9d87gc41ed5911b46	Blade Ward	Оберіг від зброї
h6ad2bdeag8e58g6b4fg3462g9aff44485001	Reaper Made Manifest	Прояв женця
h8ccd7ec2g9ed6g29bdgcacfg269b2a087595	%%% EMPTY	ПУСТО
h2bed4266gaf46g07f6g40a0gfb3ed759c291	Steadfast	Стійкість
h83b85c59gb22dg5169g66f4ge07c7b7871db	Blinked to the Ethereal Plane	У Етерному вимірі
hd678ff27gf310g1345ge315g9600ee9eb47f	Chromatic Orb	Хроматична куля
h4872fd6fg03e8g3270gef5eg17b2579e7b54	Chromatic Orb: Acid	Хроматична куля: кислота
hfa1c18cdgeabfg85efg3a71gd46ceebc5ade	Chromatic Orb: Cold	Хроматична куля: холод
h474abec9g9b82g3768gcbe8g52802bbfa5bb	Chromatic Orb: Fire	Хроматична куля: вогонь
h33d569dfgf7b9g9c83gb501g45f35a97b5ad	Chromatic Orb: Lightning	Хроматична куля: блискавка
h4bf024c1gf01fg22f3g2229gbb7c9750d10b	Chromatic Orb: Poison	Хроматична куля: отрута
hb2960ca9g49d7g3639g1356g1d818e28a64a	Chromatic Orb: Thunder	Хроматична куля: грім
h3f315172g0ecag6f6ag14c9g3d5db880a811	Cloud of Daggers	Хмара кинджалів
h81c2ba2bgde76gcf4dgb0feg9c1e82f5c048	Move Cloud of Daggers	Перемістити хмару кинджалів
h933efb07gb6d9g6ac3g1616gcb30169f9ef8	Move Cloud of Daggers	Перемістити хмару кинджалів
hf9903a34g76c3gfdf1g4be2g6ded0a0cde47	Move Cloud of Daggers	Перемістити хмару кинджалів
h91d412b9gc3c1g03ddg9d69g14b5660c1d16	Move Cloud of Daggers	Перемістити хмару кинджалів
haaf05dcegc1c7g957cg76bagbacf907adfb7	Move Cloud of Daggers	Перемістити хмару кинджалів
h37831829g4ea6g1feeg1915gea8f0fa699b7	Colour Spray	Барвистий пирск
h36775801gf2edg8e9egebabg494ae7137454	Colour Spray	Барвистий пирск
h42379051g6231g2155g0496gf8997d265fb7	Colour Spray	Барвистий пирск
h26b3432cgad7cgf53ag486dg94a645b313b6	Colour Spray	Барвистий пирск
h8071e9a3ge1f2gc3ceg9e5cgfe38c1049dda	Colour Spray	Барвистий пирск
hddcc10f2gfedfg2db7g09f0g30494e6b25b9	Colour Spray	Барвистий пирск
h5b521bc0g991ag1509g1532g7a7432c14232	Cone of Cold	Конус холоду
hdc0383dag5a23gd42dg0b27g00f90507d3e4	Contagion: Blinding Sickness	Зараза: сліпуча недуга
h8eb0c380gc532g2b56ge76ag79d1d658cdbf	Contagion	Зараза
h526796c0g7033g01b1g9d4eg2dad2e203b62	Contagion: Filth Fever	Зараза: пропасниця
hfc1438b7g6f56g436cg9eccga92207802562	Contagion: Flesh Rot	Зараза: гангрена
hc7ef25e5g5059gb4b2gb313g2514a5bee4a9	Contagion: Mindfire	Зараза: запалення мозку
h0ce6273dg8fb2g5e40gb370g2250273aca87	Contagion: Seizure	Зараза: трясця
h823faaa9gdffegae75g4029g9f85e40f34e7	Contagion: Slimy Doom	Зараза: слизька содуха
hbbf1f04agbf84gc26dg88e5gcf9c77ec4031	Bestow Curse	Накладання прокляття
h1868d945g0cffgb3bdgfc02g47ef00410e4a	Bestow Curse: Strength Disadvantage	Накладання прокляття: завада силі
hd520eb50g1135g76ecg17c0g2ede9c90321e	Bestow Curse: Dexterity Disadvantage	Накладання прокляття: завада спритності
h699855b2gc301gbd0dgad64g427100acec91	Bestow Curse: Constitution Disadvantage	Накладання прокляття: завада статурі
hfcc0a78fgbd96g2086ga6bfg2cfec04edd2d	Bestow Curse: Intelligence Disadvantage	Накладання прокляття: завада інтелекту
h59135973g61e6g7083g01cag90826d98bab7	Bestow Curse: Wisdom Disadvantage	Накладання прокляття: завада мудрості
h8732bd5dg5f3cgfb87gb512gfda761f8c710	Bestow Curse: Charisma Disadvantage	Накладання прокляття: завада харизмі
h1d14466cgc566g3697g7afcg23f2cda6b626	Bestow Curse: Attack Disadvantage	Накладання прокляття: завада атаці
h60de7a54g35b6gffcag2182gf832019fac15	Bestow Curse: Additional Damage	Накладання прокляття: додаткова шкода
h9961c64ag4195gb937g4da3g2313af9bbb31	Bestow Curse: Dread	Накладання прокляття: жах
h7857474dg4e6bgab4cgc9c8g1f39398bde4c	Bestow Curse: Dread	Накладання прокляття: жах
h11d7d8f1g23a0gf9a4gf2a3ge05280ee0ccb	Bestow Curse: Additional Damage	Накладання прокляття: додаткова шкода
h18946b2fg2799g5d8cg1191ga2ad1070c791	Bestow Curse: Attack Disadvantage	Накладання прокляття: завада атаці
h48d03ba3g804fg652dg12b7g4a3946dd70bb	Bestow Curse: Charisma Disadvantage	Накладання прокляття: завада харизмі
hb6067f83ga83eg2305g1b53geefaa2c43f57	Bestow Curse: Wisdom Disadvantage	Накладання прокляття: завада мудрості
hda9ed1dagfaa2ge452g0aa6g30341cf8bef5	Bestow Curse: Intelligence Disadvantage	Накладання прокляття: завада інтелекту
h2b722fa9ge1fcgdec8gaf5ag936948724f78	Bestow Curse: Constitution Disadvantage	Накладання прокляття: завада статурі
h44e7ec16gb1b1g3723g68a5gbfb6ea5ffd15	Bestow Curse: Dexterity Disadvantage	Накладання прокляття: завада спритності
ha29f6dc9gfcf4g2493g23cbg8a60b97c11b0	Bestow Curse: Strength Disadvantage	Накладання прокляття: завада силі
hd7230d6bg2475g7ee0gd19eg41d41b35912b	Bestow Curse	Накладання прокляття
ha3fdc893gcf78gc804gf587gdbeacfc06c65	Darkness Recast	Повторне проказування Пітьми
hc846b26dgef48g7d56g1bb9g632994732104	Gust of Wind Recast	Повторний «Порив вітру»
hadf8e795g3f57g1ec6g0288gfd8ec498c690	Darkness Recast	Повторне проказування Пітьми
h99ed2837g02ccg455dg2e23gad3d13fc9b06	Darkness Recast	Повторне проказування Пітьми
h48d3643fg9150g4323g6a3bg15e71e622720	Darkness Recast	Повторне проказування Пітьми
h272e8b3fg32bcg9272g86a0g32a43e6b7889	Darkness Recast	Повторне проказування Пітьми
hb302549egc54bg5a4dgbcedg1c098cc541f2	Hex	Прокльон
h94cfdb63g5f9bgb908ga1b4g49a999286692	Hex (Strength)	Прокльон (сила)
h987bc8d8gdf36gc7bcg7594gb66a908bf0c3	Hex (Dexterity)	Прокльон (спритність)
h8ce4327cg50e9g7d5cgb46eg76e0ef7894c5	Hex (Constitution)	Прокльон (статура)
h4aac8b8dg3ce0g0e28g52dag466801c17de1	Hex (Intelligence)	Прокльон (інтелект)
h08459485g468fg19f8gdfa0gde729a573bdd	Hex (Wisdom)	Прокльон (мудрість)
hd84f5047g0e76gc836g35b5gbe6d305fb2a7	Hex (Charisma)	Прокльон (харизма)
hc1eccf67g50eag9cf5ga136gc2f32f4d87ca	Hex	Прокльон
hd19154f9g67bbga673gb1a8g0f17ebdb7005	Hex	Прокльон
h25a3dfe9g20e9gf9e2ge187g319f2447e505	Reapply Hex	Повторний прокльон
h0ac3faf5gc801gba36g36e2ge50c0d3cbe3d	Reapply Hex (Strength)	Повторний прокльон (сила)
hfe462b8cgfce2gf331g69a8gfd66b9d06b2c	Reapply Hex (Dexterity)	Повторний прокльон (спритність)
h4428d231g6bedg24dcg58d3g1a2c9a1125e7	Reapply Hex (Constitution)	Повторний прокльон (статура)
h339ecf93g2f0ag416fge58ag903ed30bf51f	Reapply Hex (Intelligence)	Повторний прокльон (інтелект)
h430a3b34g7f89g31cdg2b02ga2a3fbaf7812	Reapply Hex (Wisdom)	Повторний прокльон (мудрість)
h5aaf0080ge420g749fga2c5g922dd7ab9bc1	Reapply Hex (Charisma)	Повторний прокльон (харизма)
h6f62ceafgc618g1146g5257g5408af5dab65	Reapply Hex (Charisma)	Повторний прокльон (харизма)
hfa7f6205ge320g224eg9c60g341254b00f5d	Reapply Hex (Wisdom)	Повторний прокльон (мудрість)
h86c9143ega058g12f9g6c50ga755dfac9985	Reapply Hex (Intelligence)	Повторний прокльон (інтелект)
hc51bf50bg7affgbbefgf975ga57d608a8b19	Reapply Hex (Constitution)	Повторний прокльон (статура)
h08115bbbgf0d0gd268g5ce9g6d73edc1f0dc	Reapply Hex (Dexterity)	Повторний прокльон (спритність)
h365cad4egf41dg3be3g2556g60c4f94dca47	Reapply Hex (Strength)	Повторний прокльон (сила)
hb33f8a62gdd36gf6d9gacb0ge5a98eab7ecd	Reapply Hex	Повторний прокльон
h7416be09g20a9ga121g5136g174293a1df26	Hex	Прокльон
h315de182g2122gf2a7g83aagb2576755b5ee	Hex	Прокльон
hc904ec1agac4cgacb6g35dfg81038f9c3e4f	Hex (Charisma)	Прокльон (харизма)
h830830a0g7b58gd836gd2ceg2928e77472c1	Hex (Wisdom)	Прокльон (мудрість)
hbea57063g0a4cg9437g0425g09d1d0f11ebd	Hex (Intelligence)	Прокльон (інтелект)
h5237054dgbd17gc3dagc39cg00fae637b62d	Hex (Constitution)	Прокльон (статура)
h4237c162g3b21g9ad5gbb24gfcac91a66def	Hex (Dexterity)	Прокльон (спритність)
h380fb49dg3e47g7b02gf89dge802681c350e	Hex (Strength)	Прокльон (сила)
h5d17bbf7gb793g42b6gacefg8a899ba5c4ab	Hex	Прокльон
hd1b1e771ga064g2c5ag80c8g726d183e2ca2	Misty Step	Маревний крок
h09849cf3g915cg6336g4661g24f50ca9686e	Hellcrawler	Пеклолаз
h700842fbg53dbga933g834eg687da2c5ce10	Shadow Teleportation	Тіньова телепортація
h8b4da624g88c6g4d24gc2b9g01b029e8ac84	Shadow Teleport	Тіньовий телепорт
h8665cfd2gcdeeg2327g103cg20dfb27f2288	Shadow Teleport	Тіньовий телепорт
h6be1083eg310ag11e6g4f3bg3586f4ae7246	Ethereal Jaunt	Етерний хід
h1785347fg2b9egdb19g2afdg3bc79075ff41	Ethereal Jaunt	Етерний хід
hcb0d96ffg7517gb4c2g0af2g93cb73a687f4	Shadow Teleport	Тіньовий телепорт
h3a655c13g144fg3a01g4382gc6ee6a07b664	Shadow Teleport	Тіньовий телепорт
h390480b0g8f9fg5e94g1ba4g8e67566c3cce	Shadow Teleportation	Тіньова телепортація
h31098a1egf55bg9a74gf0f4ga0bac9f7d37a	Hellcrawler	Пеклолаз
h6e1403d1gbd2egd8fbge956ga08f199a8661	Misty Step	Маревний крок
he922cbadga1cagc50eg44aagb22738ab6296	Phantom Steed	Примарний скакун
h0f489216gb640gb35fg24f2ge484d18842ab	Phantom Steed	Примарний скакун
h017b9fabgf86fg784ag16d2g0ce3617ead28	Snilloc's Snowball Swarm	Сніжковий рій Снілока
hd9de5da7g002ag9970g205agdaf99dc1ddd9	Snilloc's Snowball Swarm	Сніжковий рій Снілока
h2bbc0ae7ged33gb46fg82a1ge5f25d92f4a0	Vitriolic Sphere	Їдка сфера
hbdd2851fgaad9g9c74g84a7g3b02ca7cb05a	Vitriolic Sphere	Їдка сфера
h520061aagfd3bg1e64g6e2dg7bfb16deeec1	Tasha's Mind Whip	Батіг розуму Таші
h045ce8b1g3aa7gda4dgce76ge7dd467da035	Tasha's Mind Whip	Батіг розуму Таші
h3729f6f3g8054gfc05g7817g8f510f005496	Green-Flame Blade	Клинок зеленого полум’я
h959cb550g10b0g1785ga0e3gd4203b55f7b8	Sword Burst	Вибух меча
h8155116dgb434g017cg6396g666179cd6bbd	Feat: Ritual Caster	Риса: Знавець ритуалів
hca029b39g4097g0379g6a74gd52bb5fd4a04	Feat: Dungeon Delver	Риса: Дослідник підземель
h1e93417ag9497g58f3ge9aag2e54d8ba4076	Feat: Durable	Риса: Міцний
h566e69efg081cg4f88g70abg51276f90b3b7	Level 2: Ritual Adept	Рівень 2: Адепт ритуалів
h7e928dcfg9f9cg0dd6g966egff06f62b9e21	Level 3: Potent Cantrip	Рівень 3: Сильні замовляння
h480dcb8bge39dg992bgfa3bg9f0cf957ce9c	Level 6: Sculpt Spells	Рівень 6: Виплітання заклять
h4df2acb8g6e7eg6b07ga5afg05bc5f965277	Level 10: Empowered Evocation	Рівень 10: Посилене втілення
haf5be1bagceecg0615g9988g0af66eb534ad	Evoker	Втілювач
ha6d01a56gfaf0g86a4g2382g2a35c4b61006	Fighting Style: Archery	Стиль бою: стрільба з лука
h8ce9b68cg7cf7gd7e9gf97cg858986c85631	Fighting Style: Defence	Стиль бою: Захист
hc04efb72g5cb0g6a76g382bg0ec7961b5cbd	Fighting Style: Duelling	Стиль бою: дуель
ha6c87343g6e71g7201g8527g497e52c85300	Fighting Style: Great Weapon Fighting	Стиль бою: чудовий бій зброєю
he0410f21gce36gc8d3g92efgc5ac77312265	Fighting Style: Protection	Бойовий стиль: захист
h83c327a7g73d2g3cd4g5cd3g80e43c101d1d	Fighting Style: Two-Weapon Fighting	Стиль бою: бій двома зброєю
h69e7fd0agdd1bg3905gad72g557418af9202	Fighting Style: Blind Fighting	Стиль бою: Бій наосліп
hd08c1324g269cg7152g313bg4e06de33fc52	Fighting Style: Interception	Стиль бою: Перехоплення
h9ce496e3g82adg5203g54a1gf6d3f0b7bfe3	Fighting Style: Thrown Weapon Fighting	Стиль бою: бій метальною зброєю
h50d829e8g75c2gf73cgee0fgb100f1e4a832	Fighting Style: Unarmed Fighting	Стиль бою: Беззбройний бій
h55628146g051fgf97agdef9g4359a2f1d8f0	Feat: Actor	Риса: Актор
h662f011dg6d26gcaa0g9ddbg1bec71384d88	Origin Feat: Healer	Риса походження: Цілитель
h7a075b74g69cagbeefg56f7gb257dbe077ac	Battle Medic	Бойовий медик
h7ca7faf7g389dge7bag91abg08e0440c9ca6	Healer's Kit	Набір цілителя
h7617ab21g9a01g5fbcg9493ga7c3ac3dc194	Poisoner's Kit	Набір отруйника
ha2477884g01b8g19b8g2ca3g0ae325883ca5	Healer 	Цілитель
h871f4affg0f96gce2fg8f99g76c6d4b04da1	Player's Handbook: Origin Feats	Посібник гравця: досягнення Походження
hc54d8cd4g6034g8a1ag1af3g0f14cef04940	Player's Handbook: General Feats	Посібник гравця: Загальні досягнення
hd28472dcg3ccag8ba5g3424g645e17f370db	Feat: Crusher	Риса: Ломака
h0f24fc73ge6b5g8e1fg0b3eg4216fa3191e9	Feat: Piercer	Риса: Проколювач
h540810fdg8dc8g2211g0121gd8e6f4397c51	Feat: Slasher	Риса: Рубака
h02827ffcg5d6bg438bg7f75g9b6516ac3842	Crusher	Ломака
hdd11c1e7geb40g6616g906dgcfc584d52dda	Piercer	Проколювач
h538ab943g74c6g0712gaaccgc23a7c3fb624	Slasher	Рубака
h2bcebb1fgce9aga6edgfb96gb1208491f0c1	Feat: Mounted Combatant	Риса: Кінний боєць
hadc251cegfa83ge72dgb40fg8799ee8d6cfe	Steed Attack	Атака скакуна
h6f880a83gf538g3473g56f7g616ba93a3e5b	Feat: Poisoner	Риса: Отруйник
h98f7bf60g0be6g2f80g7ff8g89648f02353b	Mounted Combatant	Кінний боєць
hd96c9a15gcab7gfe30g113bg3a931597f197	Use Poisoner’s Kit	Скористатися набором отруйника
h6b917f97g0e9egc17ag8e8cg647d97a99967	Use Poisoner’s Kit: Poison	Скористатися набором отруйника: отрута
h1c64e7ffg27dfg1336g4d10g922cd9e93f4f	Use Poisoner’s Kit: Toxin	Скористатися набором отруйника: токсин
h32a854e4gba0ag03e3g6c4agac345edd3b25	Poisoner	Отруйник
hc782e27cga896ge43ag0c4agb3058242abbb	Player's Handbook: Origin Feats	Посібник гравця: досягнення Походження
hc7971da0g5d1bgf514g6294gfba09c9f94ab	Player's Handbook: General Feats	Посібник гравця: Загальні досягнення
hcbf50aebge043ge664g7bbegc0c0e3941aef	Level 3: Circle of the Land Spells	Рівень 3: Закляття Кола землі
hfcdb19afgd772g8c06gc034g42384d832b3b	Level 3: Circle of the Land Spells	Рівень 3: Закляття Кола землі
h571a7b7dg53fbg6786ge07dg6b9749737b6d	Circle of the Land Spells	Закляття Кола землі
h60146c67g6a55gece0g343eg45527c9e429a	Circle of the Land Spells: Arid Land	Закляття Кола землі: посушливий край
hd1d44523g69ccgf313g036bga0c866484988	Circle of the Land Spells: Polar Land	Закляття Кола землі: полярний край
hc4166e3bg3c8fgd921g84f9g8a343922a258	Circle of the Land Spells: Temperate Land	Закляття Кола землі: помірний край
h4c72b567g1ff6gde9ag626fg50843dbe309d	Circle of the Land Spells: Tropical Land	Закляття Кола землі: тропічний край
h2fad506dgc3b4g8cf6g2268g89dd01b7b7be	Circle of the Land Spells: Arid Land	Закляття Кола землі: посушливий край
h58de7593g077bg934ag945fg4fe25fcdc09e	Circle of the Land Spells: Polar Land	Закляття Кола землі: полярний край
h088b6f4dg6df4g191egb507g382423e458d7	Circle of the Land Spells: Temperate Land	Закляття Кола землі: помірний край
hb15d992cg437fg17e9g455bg7ba99f72dc7c	Circle of the Land Spells: Tropical Land	Закляття Кола землі: тропічний край
h59bddf9bg3094g2868gce0dgb0fbfbb3fdd4	Elemental Fury	Стихійна лють
h2b54832cgd102gec1dg521dgc5239b16c5b9	Land’s Aid	Допомога землі
h971b2780g3870g87c7g5557ge1126bfcc79b	Level 10: Nature’s Ward	Рівень 10: Охорона природи
h993714a3gef7eg3fa3g8208g34aa994bdb90	Circle of the Sea	Коло моря
h098af219gb42agf6c9gb202g7d21b599c435	Level 3: Wrath of the Sea	Рівень 3: Гнів моря
hf1921250gb124g8471g9413g503117f1b821	Wild Shape: Sea	Дика подоба: море
h2441e241g48f9g90deg04f4gc1d4278870d3	Wild Shape: Sea	Дика подоба: море
h3c20f33cgc7dag94d0ge8cag9a5b89fd4b90	Wrath of the Sea	Гнів моря
hb8de1b6fge14agdb53gd966gfe3270131b62	Level 6: Aquatic Affinity	Рівень 6: Спорідненість до водних організмів
h52d70b1eg7be8gdc25g22fcg6446989e556c	Level 10: Stormborn	Рівень 10: Народжений бурею
h7f73ecccg72adgef93gb362g40f93abb7b1c	Psi Warrior	Пси-воїн
hf1367018g2ff0g0c06g94e6g7b5a5f21d863	Warrior of Mercy	Воїн Милосердя
h25af72e1gf482g34a9g529cg6374b4fb3326	Oath of Glory	Обіт Слави
h7448ea4fg8ab9g8b26gf04dg6a7767cae2dd	Fey Wanderer	Фейський мандрівник
h2c7c5414g15dagaf08gfc1fg11fb9d066b49	Soulknife	Клинок душі
hba0867adg6296gbd1cg160cg13de0e01f398	Level 3: Psionic Power	Рівень 3: Псіоніка
hb9f5892dg60a5g8c87g7282g224efd74a6fb	Level 1: Second Wind	Рівень 1: Друге дихання
h8bf4bd01g12ddg80fag3922gb5bd2d3c378f	Protective Field	Захисне поле
h50cf5378ga381gc18fg0f16g6bba3d2edf30	Psionic Power	Псіоніка
h7e07ba43g48ccgb3bag0de0g3c6c93d8eabb	Psionic Strike	Псіонічний удар
h87667666gffa0g8813gb1a6gcf359a467b69	Psionic Strike on Critical	Псіонічний удар при критичному влучанні
h112e5aabgae68g5b63g8e95g3c2e5fd8ebb8	Telekinetic Movement	Телекінетичний рух
hb9f6e95bg1ecbg4d70g2b47g004a19f989d8	Level 7: Psi-Powered Leap	Рівень 7: Псіонічний стрибок
h82e5f786g25beg91b9g6a62g3f5142f4ec41	Psi-Powered Leap	Псіонічний стрибок
h890ef36dga451ge5acgb49dg6c441e309f11	Level 7: Telekinetic Thrust (Prone)	Рівень 7: Телекінетичний поштовх (Повалення)
heae343e1g10f2g46fcgb78cgffc541e0c708	Level 7: Telekinetic Thrust (Push)	Рівень 7: Телекінетичний поштовх (поштовх)
hd22b82f8g71dfg62f2g255eg6bc04daa6824	Level 10: Guarded Mind	Рівень 10: Захищений розум
h5e6a1a90gcd9dg5b91g933bg187d515e3a9e	Level 3: Hand of Harm	Рівень 3: Згубна долоня
h74bafa69ge700g8ad5g174dg42eb6622d0eb	Hand of Harm	Згубна долоня
h16671b9ag2412g026aga841ga2feaa5f408b	Hand of Harm on Critical	Згубна долоня на Критичному
h88dd0cdfgc1deg9209g9c35g14ede2f5ccbb	Level 3: Hand of Healing	Рівень 3: Цілюща долоня
h32916177g482ag7227g21aagbd4d6aed7f71	Hand of Healing	Цілюща долоня
hb7d53c92gd795g4719g0be5g78a9b3fa1a4a	Level 3: Implements of Mercy	Рівень 3: Знаряддя милосердя
hf114f234gb61fg2c9cg3fbeg05b349dd435f	Level 6: Physician’s Touch	Рівень 6: дотик лікаря
h5e476a49g95c8g6d46g4a14g10e6a16853c0	Level 11: Flurry of Healing and Harm	Рівень 11: Шквал зцілення та шкоди
h71d21302ge040g032cg8f4egbd6bca2cfd63	Flurry of Healing and Harm	Шквал зцілення та шкоди
h42f9b6e7gffe1gc587g6bc6g8fecaef7c546	Flurry of Harm	Шквал кривди
h67d63e21g64a9g3fd1g0869gb6cda96834a4	Flurry of Healing	Шквал зцілення
h23e44250ge3f6g6cdfg67abgd60e473e7182	Oath of the Glory Tenets	Засади Обіту слави
h1f4761f8g70f7ge58fg4098g3ada7c0d7a24	Level 3: Inspiring Glory	Рівень 3: Надихальна слава
h03040e0bgc3c2g707bg30dcgcf793eb4b7da	Level 3: Peerless Athlete	Рівень 3: Неперевершений спортсмен
hadc15c48g3bdeg8e40g44fagefe0290db6ee	Level 7: Aura of Alacrity	Рівень 7: Аура готовності
h39f392e7g879agff67g5eafg1fbe11db0e2a	Level 3: Oath of Glory Spells	Рівень 3: Закляття Обіту слави
he69c1c77gfc97gb4e2g7877gb843a6c497b6	Inspiring Glory	Надихальна слава
hb9b1e9b0g8892g5337gacb7g38aabc6e1177	Inspiring Glory	Надихальна слава
h142d77edg6f50gc87fg72f5g3158719e648d	Aura of Alacrity	Аура готовності
h28c5c053g608eg5d6cg49bdg9f3b8000ddfc	Level 3: Dreadful Strikes	Рівень 3: Жахливі удари
h4b83ca6ag67bbga7f4gb3acgd0dc994c7828	Level 3: Fey Wanderer Spells	Рівень 3: Закляття фейського мандрівника
h4d499d8ag414fg53a9g921age039dc3c0999	Level 3: Otherworldly Glamour	Рівень 3: Потойбічний гламур
h96a833b9g92f8g5154g4eefg6f117854d8dc	Level 7: Beguiling Twist	Рівень 7: Заманливий поворот
h9dab7504gf784g5021g0203g9af9fa141199	Level 11: Misty Wanderer	Рівень 11: Туманний мандрівник
hca8dab54g1bbegcd4bg350agf4c1e9eb7523	Misty Step	Маревний крок
h632d7b10g746bg45b9gef79gab9b0940bbe2	Level 3: Psychic Blades	Рівень 3: Психічні клинки
h47241e4bg6824g8819g634eg085cabe63335	Level 3: Psionic Power	Рівень 3: Псіоніка
hbbc444d1gb077g0152ga3a4gb6e3870b0ab6	Level 3: Psi-Bolstered Knack	Рівень 3: Псіонічно підсилена вправність
hd37bdacag5d81g33e4gfebeg8a73e82f76c0	Level 9: Psychic Teleportation	Рівень 9: Психічна телепортація
h3580697bg942bgc735g6a43g973225efaf2b	Level 3: Homing Strikes	Рівень 3: Самонавідні удари
h688284efg92e3g531egd411g61df3c36b276	Level 9: Psychic Veil	Рівень 9: Психічна завіса
h71aac9ecg0f80gd235g2f2agef4ffc97d6a4	Homing Strikes	Самонавідні удари
he29c5d51gec42gc381gbc4bg435221bc0568	Psychic Teleportation	Психічна телепортація
h535f8fd1g0766g1526ge835g936f753a3b27	Psychic Blades	Психічні клинки
hd00572e3g8539gf0b2ga34cg5f825b6672dd	Psychic Veil	Психічна завіса
hae54a45dgb7adgc45dg59cag1d1146c839dc	Psychic Blades	Психічні клинки
h00d90ea3g3a77g156ege571g7795f88dc0b3	Psionic Power	Псіоніка
h43839460gafc1g5826gd796g265c77684acc	Dismiss Psychic Blades	Прибрати психічні клинки
h98ffe421g17f7g0329g024bg3e174475a832	Extend Rage	Подовжити лють
h12ea65c7g08eega4d5gb643g2f478032d14d	Aberrant Sorcery	Аберрантне чаклунство
h65ae228fgd955g4d7fg5f83g914fe7e83123	Level 3: Psionic Spells	Рівень 3: Псіонічні закляття
hc47eeb0bg59b3g6c84g97bbg6e37b0afac07	Level 6: Psionic Sorcery	Рівень 6: псіонічне чаклунство
h50cb5cf3g3c73g27b1gaca7g9a573996ab32	Level 6: Psychic Defenses	Рівень 6: Психічний захист
hb9ab7ccag545bgfa3age395g6151554c8b9d	Level 3: Clockwork Spells	Рівень 3: Закляття заводного механізму
hfd40eb1dg31b8ge687g72f6g0d0e8189a3d0	Level 3: Restore Balance	Рівень 3: Відновлення рівноваги
h0760afc2g8dcegf074g4f57g884f001c7d9e	Level 6: Bastion of Law	Рівень 6: Бастіон закону
h129f9c6ag91ebg3ef2gb8e5g098fd3be5d35	Clockwork Sorcery	Механічне чаклунство
hdcacc812gc374g969dg7744ge4d90251ef2c	Restore Balance	Відновлення рівноваги
h0ed6c9e8gda3agd358gefd4gde8c0591a01e	Restore Balance: Negate Advantage	Відновити баланс: позбавити переваги
h19f611d1g3d11g7a46g194eg9cb9032b0e08	Restore Balance: Negate Disadvantage	Відновлення рівноваги: скасування завади
hf99f0430gcf80g65cag1938ge75ef3c48bfe	Bastion of Law	Бастіон закону
h6b29df7eg3f06gf064ge8b2g8615908c2d76	Bastion of Law: 1	Оплот Закону: 1
hc2662321g26c1g22a8g5c8aga0faf465d71b	Bastion of Law: 2	Бастіон Закону: 2
hbec0cb5dg9b75ga185g2c1dgfaf65e5abe35	Bastion of Law: 3	Бастіон Закону: 3
hd7bd558fg31f6g5181g4f70g8d12f9f3ec62	Bastion of Law: 4	Бастіон Закону: 4
h40769efdg15a5g05b0ga0cfgfc303873f1b3	Bastion of Law: 5	Бастіон Закону: 5
hfc97be68g0890g2eb4g60ceg4fcde289a6f3	Level 3: Draconic Resilience	Рівень 3: Драконяча стійкість
h7a832abfgfed6g1f5fgab2ag1ba65771f70f	Level 3: Tides of Chaos	Рівень 3: Хвилі хаосу
hdc8c75ffg7a02g2926g526bgd090debe8ddf	Level 3: Wild Magic Surge	Рівень 3: Сплеск дикої магії
h244e3990gdb04g5925g28c5g71c83b2f29f9	Tides of Chaos Charge	Заряд хвиль хаосу
h3cab5040g2f51gf20bg9f65ge152e797670f	Level 6: Bend Luck	Рівень 6: Вузда удачі
h3fa61546gfe2agba6cga260g8953a67a0644	Level 11: Controlled Chaos	Рівень 11: Керований хаос
h7e8a436fg7af5g1f7eg57f2g2e9aeaf85bd9	Level 6: Elemental Affinity (Damage)	Рівень 6: спорідненість стихій (шкоди)
hd62b7853g8592g9285gb42bgac6b36b210fb	Level 6: Elemental Affinity (Resistance)	Рівень 6: спорідненість стихії (опір)
h2adc185egdb92gc42cgef83gd94b5364f467	Paladin's Smite	Кара паладина
h22e041e9g38f5g44c4ga023g152c8451beae	Bernard	Бернард
hbc769f65g2e00g4787gb697gd955581a5567	Guardian of the Enchanted Tower	Страж зачарованої вежі
hb352a2d9g2b29g035bgcae6ge065a7ef8fe8	Level 3: Archfey Spells	Рівень 3: Закляття Архіфея
h46177747g5549g5775gad78g65fbcd1fc3a6	Level 3: Steps of the Fey	Рівень 3: Кроки фей
h6115b3f2g010ag8559g7318gc2394c1971ed	Level 6: Misty Escape	Рівень 6: Імлиста втеча
h308c54bfg7af4ga905g67ffg8c054f26beab	Level 10: Beguiling Defenses	Рівень 10: Обманливий захист
h832c95cdged4dg5872g8888g502dc91b83e0	Refreshing Step	Відновлювальний крок
h7abb1184g0680g881dg18abgfc004e48f6e5	Refreshing Step	Відновлювальний крок
h756fd0efg7178gaf40g2209ge695b89e27d9	Taunting Step	Глузливий крок
ha4fa9aabgb628g9f25g60a6g8ef2736d6490	Taunting Step	Глузливий крок
h81e4c4fcge764ge0d3g745cgea094c73c3cc	Disappearing Step	Зникальний крок
h417a65f0geb7ag67d8g7e8eg6c0ea35a7357	Dreadful Step	Моторошний крок
h30f638b6g1b28g3f1fgb8cbge2ee1097d9ae	Dreadful Step	Моторошний крок
hf54c9af9g03dcg0142g4026g6139efcbb06e	Beguiling Defenses	Обманливий захист
h6a16f7e0g2947g3fdfgcea2g6f2905fb534c	Beguiling Defenses	Обманливий захист
hc3053d70g9f50g8beeg6377g17705d962791	Celestial Patron	Небесний покровитель
hff333ee0g15bdgad7fg8fefg3ee93e01df77	Level 3: Celestial Spells	Рівень 3: Закляття небесного покровителя
hf6fabff6g83a2gbd76gb861g272a6aa3b80c	Level 3: Healing Light	Рівень 3: Цілюще світло
h0c3b5562gfcc3gad99gd963g1df27e943cd2	Level 6: Radiant Soul	Рівень 6: променева Душа
heab6ca12g945dg3d00g4c47g4b04d1d8218e	Level 10: Celestial Resilience	Рівень 10: Небесна стійкість
h57173a7egcdf0g4150gbb9eg91bada654a99	Healing Light	Цілюще світло
h58ef9ee0gc980ga2beg9382g25dbf67b4b32	Healing Light	Цілюще світло
h482a7463gb3a7g35cfgba9fg3f522b1db925	Celestial Resilience	Небесна стійкість
h9a77bd65gc6e8gc16bgece1g0bad2814b83d	Celestial Resilience	Небесна стійкість
h2959b164gbec0g86fag029fgac4b296abbc5	Breath Weapon	Дихальна зброя
hbf57bf77g6e32gc55agf5aeg088b18b87af5	Draconic Flight	Драконячий політ
h04d12438g816egd954g86bbg8f4cbbdf21c0	Draconic Flight	Драконячий політ
h61572b1ag95dagea9dga452g714442dc8cbd	Draconic Flight	Драконячий політ
h71c75422gccadg03e2gacb5g05a65c1f8188	Resourceful	Винахідливий
h229c085dgef48gd2b7ga8b1g7ed5f027b17a	Heroic Inspiration: Reroll with Advantage (Attack Roll)	Героїчне натхнення: перекинути з перевагою (кидок атаки)
hd3b6f9bdga558g9498gb53egf8707edcbf80	Heroic Inspiration	Героїчне натхнення
h046f2142g4017g500fg9e5cg829c2bf7808e	Adrenaline Rush	Приплив адреналіну
hff787feeg6644g2b33g0be6g8fd958b702b8	Adrenaline Rush	Приплив адреналіну
hf861876fg4ca8gf9c0g6492g1bb8a0a92ebb	Adrenaline Rush	Приплив адреналіну
hebe3b6e0g1e21g24c8g8ce2gd9aaa9e5dde4	High Elf Cantrip	Замовляння високих ельфів
h9b697d45g3dd3gf371g2860g7b65899c8fc7	Resistance	Опір
h10997edbg285bg8db6g0718gb2e6c09ff676	Level 3: Dark One’s Blessing	Рівень 3: Благословення Темного
hde74c01eg8bb3gbf23g8416g7da16527c0d5	Dark One’s Blessing	Благословення Темного
hbbedb4f1g60d4g6ed0gb97bg90c73d16c026	Level 6: Dark One’s Own Luck	Рівень 6: Власна удача Темного
h975e39acg9a17g2ad0g477cgf30fdb0bf07d	Level 10: Fiendish Resilience	Рівень 10: Нечиста стійкість
hbfafa7a4g3ea7g96f1gcfebg2da208843ab2	Level 3: Mortal Reminder	Рівень 3: Смертельне нагадування
h2af9e353ga54bg35f7gcc87g05adfcd9b61a	Level 6: Entropic Ward	Рівень 6: Перемінний оберіг
he825a41dg5c3bgb501g5e02gc52e109b7efa	Level 10: Thought Shield	Рівень 10: Щит думки
hb863e7fcg144ag2f29gf920g0935073a7b56	Level 10: Eldritch Hex	Рівень 10: Потойбічне прокляття
h8c7613e8g0898g642cg3ecagacb04ea736f7	Eldritch Hexed: Strength	Потойбічне прокляття: Сила
ha93766bcge230gbf23g5b7cgae5b74ac50c3	Eldritch Hexed: Dexterity	Потойбічне прокляття: спритність
ha5080f3bg7a16gdf7cg0ad8gf7cb0751f103	Eldritch Hexed: Constitution	Потойбічне прокляття: Статура
h9d72d302gdd5dg712agaafdg2baf7f5356d6	Eldritch Hexed: Intelligence	Потойбічне прокляття: Інтелект
hf2ca41adg3416g331eg5d18g8165647c1fa4	Eldritch Hexed: Wisdom	Прокляття потойбіччя: мудрість
hb09d35e6g4dd1g0784g8c7fgc7f20e0d9670	Eldritch Hexed: Charisma	Потойбічне прокляття: Харизма
h2fccb783g0014g25e8g73fbg7879e3ab30ce	Level 10: Illusory Self	Рівень 10: Ілюзорне я
he7cabbf1ge807gac91g4abcgfb35ab2c9647	Hit Point Dice: D6	Кістки здоров’я: d6
h5ef2c7b9g9a55g39f5g3136gac436a7a1d84	Hit Point Dice: D8	Кістки здоров’я: d8
hc0a574f2g927fg6104gda6dg115f48564c90	Hit Point Dice: D10	Кістки здоров’я: d10
ha21b6867g8c9ag6927g327eg5540215147d3	Hit Point Dice: D12	Кістки здоров’я: d12
hda98b41agfc26g23d3g9dafg4d09cb0cc2d8	Use Hit Point Dice	Використати кістки здоров’я
h9a5993cagb688g4704g8ed3gd3d161fe6ef5	Use Hit Point Dice: D6	Використати кістки здоров’я: d6
h3e687a50gd1a3g26feg6792ged6ab0a5dc00	Use Hit Point Dice: D8	Використати кістки здоров’я: d8
h9df0d5e3gb8b4g35c0g6ef3gc428f067f2a7	Use Hit Point Dice: D10	Використати кістки здоров’я: d10
hd6b15ae8g883dgdf02gd6abg7ee0b10eb571	Use Hit Point Dice: D12	Використати кістки здоров’я: d12
h4fbdbfa6g8ef2g4e61g0c7bg465466a0df32	Rule: Hit Point Dice	Правило: гральні кістки
hc1919180g48a0ga814g77dega72819b9d91a	Heroic Inspiration: Reroll with Advantage (Saving Throw)	Героїчне натхнення: перекинути з перевагою (кидок протидії)
h3f7b8985g6d22gafeag4f95gff41b038514a	Interception	Перехоплення
h07ec80cfg5173g412ag13f9g0b0939797d6c	Draconic Resilience: Hit Points	Драконяча стійкість: очки здоров'я
h70590391g8a16g000bg3b85gb758c7f01fc9	Draconic Resilience: Hit Points	Драконяча стійкість: очки здоров'я
h90381d36g6a66g678dgc622g940db553e2a2	Feat: Fey Touched	Риса: Торкнутий феями
h373ea885g4542g96b0g1626g9afe46582637	Feat: Shadow Touched	Риса: Торкнутий тінню
h3e078741g3071gaa98ga931g651f9cac58d8	Fey Touched	Торкнутий феями
h45c39024gdfe0g1fbeg74d2g67115110174b	Shadow Touched	Торкнутий тінню
hc8800178g3eabg44b8g93a8g0d839444e75f	Fey Touched: Animal Friendship	Торкнутий феями: Дружба тварин
hdc7ba426ge98dg4316g94c9g943ef2f71ef1	Fey Magic: Animal Friendship	Фейська магія: Дружба тварин
hbe627f0bg708bg47b4gba79gf882af49eaca	Fey Touched: Bane	Торкнутий феями: Бейн
hf80f1d43g98c1g4673gb72fgdffcfee338d2	Fey Magic: <LSTag Type="Spell" Tooltip="Target_Bane">Bane</LSTag>	Фейська магія: <LSTag Type="Spell" Tooltip="Target_Bane">Бейн</LSTag>
h8b1e18f1g4012g4e69gb0a3g8425b829678e	Fey Touched: Bless	Торкнутий феями: Благословення
h87ead348ga862g462agbdd2g7079cbc25ffe	Fey Magic: Bless	Фейська магія: Благословення
h184c59beg8cefg4990ga08bg9f97071dab68	Fey Touched: Charm Person	Торкнутий феями: Причарування особи
hd754a089gcc84g46b1gb5d1gf25f7a821bb1	Fey Magic: Charm Person	Фейська магія: Причарування особи
h5f709a6dg1beeg401dgac54g6745b0befb35	Fey Touched: Command	Торкнутий феями: Наказ
h5702aa7bgc62dg498dgb2feg449b551cc59f	Fey Magic: Command	Фейська магія: Наказ
haa6cb53ega264g466egae57g0fd95c9d62e4	Fey Touched: Compelled Duel	Торкнутий феями: Насильний двобій
hb21ce401g18b9g45c9g80cdg70f83e883cb9	Fey Magic: Compelled Duel	Фейська магія: Насильний двобій
he981e206gd26fg4370gb1a0g19058c7e847c	Fey Touched: Dissonant Whispers	Торкнутий феями: Нерозбірливий шепіт
h2713c54cga6ddg44bfgbd2fg22ad3a219a9e	Fey Magic: Dissonant Whispers	Фейська магія: Нерозбірливий шепіт
h665b240bge251g4890gbb5cg7879ce993465	Fey Touched: Heroism	Торкнутий феями: Героїзм
h1f496538gbf09g4d50gaffdg135542e5928e	Fey Magic: Heroism	Фейська магія: Героїзм
h58b730d5g4dcbg4b48g971cg5b740e2ffc3d	Fey Touched: Hex	Торкнутий феями: Прокльон
h4fbc6dd5g38b2g47f9g9735g678004c05e74	Fey Magic: Hex	Фейська магія: Прокльон
hdd4dbdd2g4659g4a31g8aa0gc4c445c1be33	Fey Touched: Tasha's Hideous Laughter	Торкнутий феями: Огидний сміх Таші
h23321941gc35bg4651g9eb6gf98a34d2777f	Fey Magic: Tasha's Hideous Laughter	Фейська магія: Огидний сміх Таші
hbb161f9ega89fg403eg823fge6c45b2fb19b	Fey Touched: Hunter's Mark	Торкнутий феями: Мітка мисливця
h57d8ec12g3ceeg4061gaf4eg0e05c40d93ef	Fey Magic: Hunter's Mark	Фейська магія: Мітка мисливця
h62dc921dgae66g4db2ga508g1e377eaf2e8c	Fey Touched: Sleep	Торкнутий феями: Сон
h3db64f18g5e4dg4e28g992ag1e784239f0a8	Fey Magic: Sleep	Фейська магія: Сон
h4ce0ba4bg2079g403cg83a5g54abfdb0d35f	Fey Touched: Speak with Animals	Торкнутий феями: Розмова з тваринами
hced8ae2egc19bg42fbg92dbg72edc975847f	Fey Magic: Speak with Animals	Фейська магія: Розмова з тваринами
h960b967fgb408g48dbgb993gf63379043e63	Shadow Touched: Cloak of Shadow	Торкнутий тінню: Плащ тіні
h34439d3ag8594g4874g9ca5g56e52762b609	Shadow Magic: Cloak of Shadow	Тіньова магія: Плащ тіні
h88e4b50cg73bdg46deg82a9g19b90a463135	Shadow Touched: Colour Spray	Торкнутий тінню: Барвистий пирск
h07573fd6g637bg4a9eg99f4ge58d387e8342	Shadow Magic: Colour Spray	Тіньова магія: Барвистий пирск
h551dff5egdb3fg4e5ega360ge241592e4da6	Shadow Touched: Disguise Self	Торкнутий тінню: Маскування
h70ce5477gbb1cg40f6g841agc7cebcf0e7cc	Shadow Magic: Disguise Self	Тіньова магія: Маскування
hbbc31f40ga186g46d4gbeadgb81be01d433d	Shadow Touched: False Life	Торкнутий тінню: Удаване життя
hb88252c9g43aeg4312g85deg472a9430cfae	Shadow Magic: False Life	Тіньова магія: Удаване життя
hdc840f83g6ad0g4288g88b6gcca1b7dcad99	Shadow Touched: Hungering Blade	Торкнутий тінню: Голодний клинок
hf1657fa1g090bg436ag8f9fg502202b9b2f7	Shadow Magic: Hungering Blade	Тіньова магія: Голодний клинок
hb35411e3g6de2g4ec5g8a5fg844b807cd1dc	Shadow Touched: Inflict Wounds	Торкнутий тінню: Завдання ран
h23b5cf8bgb1a2g4710g80e0gb9671a8df06c	Shadow Magic: Inflict Wounds	Тіньова магія: Завдання ран
h065d0fb7gf230g4f4bgb93eg770449c981b0	Shadow Touched: Ray of Sickness	Торкнутий тінню: Струмінь хвороби
h97a5bcafge6d2g4934ga19bg37906036d192	Shadow Magic: Ray of Sickness	Тіньова магія: Промінь хвороби
h46162844g8514g42c9g8a0bg5ec0e854c4ee	Shadow Touched: Wrathful Smite	Торкнутий тінню: Гнівна кара
h6d721699g12f1g47a5g9e59gb8faf326752a	Shadow Magic: Wrathful Smite	Тіньова магія: Гнівна кара
h217127dag7542g9cacg618cg5aa51ecced4b	Feat: Inspiring Leader	Риса: Природжений лідер
h38de6e70g3483gb2a8gf232gce6933397614	Inspiring Leader	Природжений лідер
h67402ac7g0551gf435g6451g8cdb39545b19	Inspiring Leader	Природжений лідер
hea65502fg6391g1f02gf466g3d9d8f544c0b	Inspiring Leader	Природжений лідер
h722f5cc4g1b03ga262gffdfg044c2f2f2f85	Feat: Skill Expert	Риса: Експерт з навичок
h1c29dc7ag7a83g1964gab06g26984b4238e0	Skill Expert	Експерт з навичок
h0c144373g63c1g842bg99b7g472028280932	Feat: Skulker	Риса: Скрадник
h3590e174g151cg1c92gb9f4gb875191a6261	Skulker	Скрадник
h7c85fa7fgebf4g2fbcg397bg07dedebf1d32	Flame Blade	Вогняне лезо
h49c4cec7gb617g6a1eg491fgb75829e376fa	Feat: Dragon Fear	Риса: Драконячий страх
h430183d9g2467g740eg12f4g394e373bda31	Dragon Fear	Драконячий страх
hf77239c8gc341gd005gafa4g973247f6b867	Dragon Fear	Драконячий страх
h5029006cg1d84g898agfbf2g6cbc772fdf9b	Xanathar's Guide to Everything	Довідник Ксанатара про все
ha022bdf2g8459g8f09g9f3eg1fb7dd37302a	Xanathar's Guide to Everything	Довідник Ксанатара про все
h8f0ab00ag0746gf074g340age19b8809a448	Dragon Hide	Драконяча шкура
h15c9cd37ga045g7431ge7e7g0c7fa387fb99	Feat: Dragon Hide	Риса: Драконяча шкура
hff5fa241g78c2g2414gf5caga9f8235efc8d	Feat: Dragon Hide	Риса: Драконяча шкура
h2f58c2a0g1fd8gcbc6g65e4g15015618e4f6	Feat: Dwarven Fortitude	Риса: Карлицька стійкість
h399266afg5858g5079g1067g6fd5b17e38ef	Dwarven Fortitude	Карлицька стійкість
h59ec731bg946dg1c9eg2b5fg04fb49032eb0	Feat: Elven Accuracy	Риса: Ельфійська точність
h871574cdg815eg20feg9c4bg90c69f23267f	Elven Accuracy	Ельфійська точність
h9e85d1b6g9ae7gbd03g0979g143f269618f6	Feat: Fade Away	Риса: Зникнення
he5681483gc147g2847g3d00g9d1fbf8ceb55	Fade Away	Зникнення
h33e4840fg9b06g37ddg46b2g81f0faa0ab99	Mage Slayer	Убивця магів
h533e7ae0g8d45gc06bg5b2dg17156082d092	Fade Away	Зникнення
hb58ca71cg198agc573gb1c7g7c178be23f23	Fade Away	Зникнення
h9f87a9d2g9d12g4c2cg64e6g15737cbc6441	Feat: Flames of Phlegethos	Риса: Полум’я Флеґетосу
h39fb369dg4fccg4963gd303g8b939bce8d8f	Flames of Phlegethos	Полум’я Флеґетосу
hb537b09ag83a8g4f18gf705gc5ec2b658965	Flames of Phlegethos	Полум’я Флеґетосу
h3502d470g3a45gf7d7g2d8dgb6979a6b5440	Flames of Phlegethos	Полум’я Флеґетосу
h8da0ffe6gfac9g6966g9355g3d3ff1aeff52	Feat: Infernal Constitution	Риса: Пекельна статура
h9870add4g87a1g306fg4d11g7626059e8997	Infernal Constitution	Пекельна статура
he3cdc39cg8e39gb2e3gc628g38d8698d6dfb	Feat: Orcish Fury	Риса: Оркська лють
h09b6e651g8c58gb250g73d8gf855f2d9b768	Orcish Fury	Оркська лють
he151a721gdcf4gc33fg689cg1cae9782fe92	Squat Nimbleness	Спритність малих народів
h1dbe3f90g3d47gc1cagd861g317e83891368	Feat: Squat Nimbleness	Риса: Спритність малих народів
h35050c0eg78deg45e0g4f6fg8c9ef353a3a9	Eldritch Adept	Потойбічний адепт
h417312b5gae0dgc1a6gfa11g6ce1f7d0f573	Fighting Initiate	Бойовий адепт
h4998c762g7d6egdfc2g2fd6gdf770ccc5c4d	Metamagic Adept	Адепт метамагії
hc21b0d36g2755g50e6ge494g02f450138ec2	Tasha’s Cauldron of Everything	Ташиний котел усього
hce732cf1g4e06ge110g8d34g08c428a3b974	Tasha’s Cauldron of Everything	Ташиний котел усього
h0cb1e09cg436bgc901g0c7cg06f2eb6a1066	Dragon's Terror	Драконячий жах
h0d2663e7ga6eag1b82g8e4bg4351babc6226	Origin Feat: Cult of the Dragon Initiate	Риса походження: Посвячений Культ Дракона
hee930e39g569egbf9bgf8d4gce1dcff3b5cd	Heroic Inspiration	Героїчне натхнення
h07d286f6gc9ceg419dgb13dg7480d479c810	Forgotten Realms: Heroes of Faerûn: Origin Feats	Забуті Королівства: Герої Фаеруну: Риси походження
hab576294g3e47gcbbeg44c0g9dc38a2a3ab6	Forgotten Realms: Heroes of Faerûn	Забуті Королівства: Герої Фаеруну
h131adc06g9cd1g7b27g9571g87157dc4b980	Cult of the Dragon Initiate	Посвячений Культу Дракона
h9882b9efg772bg815eg465bg5671d559ae9f	Origin Feat: Emerald Enclave Fledgling	Риса походження: новак Смарагдового анклаву
hff02d5beg6459g3c3ag3b99gadddccb29990	Emerald Enclave Fledgling	Новак Смарагдового анклаву
h0c7893begd4c4gb155gaa06gc35e907bc369	Harper Agent	Агент Арфістів
ha3dd6113g523fga059ga221g580b213b88b8	Lords' Alliance Agent	Агент Альянсу лордів
h32098dd3g6f72g92eag10cbg76fc72c357c4	Origin Feat: Harper Agent	Риса походження: Агент Харпер
hb61939ecg2158g4da3gadf9g7aace51ea588	Origin Feat: Lords’ Alliance Agent	Риса походження: агент Альянсу володарів
he4b058a0g2cdbgba7agf3cfg71fa968bbd61	Lords' Alliance Agent	Агент Альянсу лордів
h9fa0d3deg53aag92d4g5ba5g0185574f2cd7	Lords' Alliance Agent	Агент Альянсу лордів
ha118d2a1gbbb4gcfd3g1676g37accfee78d4	Purple Dragon Rook	Тура Пурпурового Дракона
h460435aaga1b3g7abbg15e5g3ca6334b18ec	Origin Feat: Purple Dragon Rook	Риса походження: Тура Пурпурового Дракона
hbd9d344cgf966g1f1ag6c2ag2c71696c22ea	Rallying Cry	Гуртувальний клич
h37427b79gd475g84c7g03e9g66f300db641b	Spellfire Spark	Іскра чаровогню
hd178e099gb659g6341ga121g62c3fe95197b	Origin Feat: Spellfire Spark	Риса походження: Іскра чаровогню
h8b6799cbg2042gdd00gaddeg24b4180f6ca3	Magic Absorption	Чарівне поглинання
h7a0876d7g8491g0bbeg8ee3g09ef60d525a6	Spellfire Flame	Полум'я чарівного вогню
h55a0b294g7523g791cgb041gfe4ae841cef0	Magic Absorption	Чарівне поглинання
h1683d699gbd26g0b5fg3b54g431044aa2005	Tyro of the Gauntlet	Неофіт Панцерної Рукавиці
h892adbd2g77e7g3445g2923gacaeb87d4b31	Zhentarim Ruffian	Зентаримський головоріз
hcdc555cfg9d57g4360g3b62gca191ef8dbeb	Origin Feat: Tyro of the Gauntlet	Риса походження: Учень Рукавиці
hc035112fg126ag11d6gfb7dg336a2c68d5d8	Origin Feat: Zhentarim Ruffian	Походження: Жентарімський головоріз
h2be276d9g9017gecc8g9365g09bb5b15e42e	Stand as One	Станьте як один
h45c64306g0c10g4b75g2a61ga03cdc9f028f	Family First	Сім’я понад усе
h0d3b5485g5c57gea41ga802gd8b3685f8840	Family First	Сім’я понад усе
h97952f3cg6278g1f14ge37fg872fa1c84f63	Farmer	Фермер
h2ab2a67bgf459gef48gcc42g14876f553c65	Inspiration from Background	Натхнення з фону
hb07fe333g4275g1c07gea70g9c7c1eced411	Inspiration from Background	Натхнення з фону
hfb98470dgc1a0gda55g59fbgedacd498ecb1	Guide	Провідник
h0fa8ec83g19fag6182gb455g1d2c24eddba3	Hermit	Самітник
h1696d2f4g7bc6gd4a6gfafbg09abc3a4acdc	Merchant	Торговець
h75361877g462ag56f8g1373ge76df7dda28e	Sailor	Моряк
h27dc6fe0gecf0gbd0fg3e2eg5238adc0ffe1	Scribe	Писар
h1f45de0dg88e1g0733gfc1fg831305fea871	Wayfarer	Мандрівник
he12b9f94g6f02gff63gc972g8305903353f4	Chondathan Freebooter	Чондатанський флібустьєр
ha0d25efeg81cagb1eag57a7gc306ed49c4ed	Dead Magic Dweller	Мешканець зони мертвої магії
h0bf7e770g96a0g3f97g6ab1g8d7f9041630c	Dragon Cultist	Культист Дракона
h90ac0b94ga91cg1944g4476gd94460ac409f	Emerald Enclave Caretaker	Доглядач Смарагдового анклаву
hdca03596gcde4g4b29g8a36g81f8496c69a4	Flaming Fist Mercenary	Найманець "Полум'яного кулака"
h105bb9d9g609ag49cfg2111g5249b2b04f14	Genie Touched	Торкнутий джином
h9cef8d1ag8ca9gc531gcb6fg4f3bce89a4a8	Harper	Арфіст
h3da2c0c2ge282gffe0g4fc2gbb39fdf2759a	Ice Fisher	Крижаний рибалка
hc067f1degeab6gcb46ge111g828cec427e50	Knight of the Gauntlet	Лицар Панцерної Рукавиці
h1ec0a941gc588ga341g98c0g61f235c0bedd	Lords' Alliance Vassal	Васал Альянсу Лордів
ha3b66239g0fceg1dd7gf543g116ada2a1fc1	Moonwell Pilgrim	Прочанин місячних криниць
h2b4ab32dg3157gd5f2g6219g187c4cdef9f7	Mulhorandi Tomb Raider	Мулхорандський розкрадач гробниць
h21f658cdg376fg2dd1gdeaeg3ea987213e26	Mythalkeeper	Хранитель міфалю
h099b8c13g6adeg4d63g45deg207f06214cb4	Purple Dragon Squire	Зброєносець Пурпурового Дракона
h625450b8g42bdgc0cag5d94g932492b64ed0	Rashemi Wanderer	Рашеменський мандрівник
h02a4f737g934ag8c5fg60d4gbe36054837ed	Shadowmasters Exile	Вигнанець Володарів Тіней
hbefddbd1g977eg0ac2g94b5g9fadf9b4b0ba	Spellfire Initiate	Посвячений у чаровогонь
h502820d0g8b37g078bg65f7g4a80446379d8	Zhentarim Mercenary	Найманець Зентариму
h6c0d30c6gd6bagd6f9g6ed0g7d30fcd174dd	Feat: Cold Caster	Риса: Заклинач холоду
h046e98e9gd6d2gf0ecga207gad73de421d8c	Feat: Dragonscarred	Риса: Позначений драконами
h956022bdge5c5g1d50gfb23ga2e9b937150f	Feat: Enclave Magic	Риса: Магія анклаву
h7330e7c6gc771g8abbg45f0g15512946f998	Feat: Fairy Trickster	Риса: Фейський штукар
h077c85ecg890cg792bg6840gee3051f5be3e	Feat: Genie Magic	Риса: Магія джина
h8ee570adg0fe2g0097g40e1g8134e53943ad	Feat: Harper Teamwork	Риса: Злагодженість Арфістів
h4aee3eacgaf72gc757g8d80g048d0a64e805	Feat: Lordly Resolve	Риса: Лордська рішучість
h75370f04gff6egfa29g73e5g4e8d6739e8fa	Feat: Mythal Touched	Риса: Торкнутий міфалом
h3860f913g1f6fg4b18g9ecfgabcab0169949	Feat: Order's Resilience	Риса: Стійкість Ордену
h9c38c422gaf7bg5622gf3baga2123af217ab	Feat: Purple Dragon Commandant	Риса: Комендант Пурпурових Драконів
h9de5f3bdgd036g8fc7gc000g9f162c3acfc6	Feat: Spellfire Adept	Риса: Адепт чаровогню
h2d5b87b6g1172g67b5gcfefg0bf170e5aaef	Feat: Zhentarim Tactics	Риса: Тактика Зентариму
h32fd92c5gd42cg926fgb1adg572674b52c38	Feat: Dragonscarred (Acid Resistance)	Риса: Драконошрамний (кислотостійкість)
hca54a12agc1f9g2a70g2257g737e96e7df9b	Feat: Dragonscarred (Cold Resistance)	Риса: Драконошрамний (Холод Стійкість)
h0a63962age9c8g7392g84a8g55d4962d5732	Feat: Dragonscarred (Fire Resistance)	Риса: Драконошрамний (вогнестійкість)
h7dded34cg6b05gddbbg76fcg1c9672c5bb9f	Feat: Dragonscarred (Lightning Resistance)	Риса: Драконошрамний (Блискавка Стійкість)
h8e3378b3gc69bgb63dgcd15gad7e31607dfd	Feat: Dragonscarred (Poison Resistance)	Риса: Драконошрамний (Стійкість до отрути)
h6546b917g1c6dg4ca0g0808g9c4689c5032e	Flustering Strike	Хвилюючий удар
h5f50ef61g2ff2g155dg73ecgcdb03dd1d00d	Flustering Strike	Хвилюючий удар
h2c67fd73g9c3bg2dc8gf508gba72fd03b787	Encourage Ally	Підбадьорити союзника
h5d1b146eg0fd5g7577gcd29g2497b1c1beae	Standard Bearer	Прапороносець
h11b2630egba57g41bfg86afga1a03173230e	Encourage Ally	Підбадьорити союзника
h84f4adf1gf6eag1710g1245gca69206d05fe	Encourage Ally	Підбадьорити союзника
h1bca3b80g61b0g1241gad6dg59a5b944962e	Retaliate	Відплатити
h7266774agddd3g954ag8493g86532999d2ae	Forgotten Realms: Heroes of Faerûn: General Feats	Забуті Королівства: Герої Фаеруну: Загальні риси
hb3bd7f59g0610g8deag20d1ga4bb317c1e9b	Forgotten Realms: Heroes of Faerûn: General Feats	Забуті Королівства: Герої Фаеруну: Загальні риси
h29ab3531g02fbgac9egf6b3g45f445778cb6	Cold Caster	Заклинач холоду
h1c19b94dg0f16g1ad9ge5e7g35a02c85c163	Dragonscarred	Позначений драконами
h2fc939d2gdb2egc680g11d6gd7ecee244590	Enclave Magic	Магія анклаву
hb79bd3d9g613dg22a6gdf89ged7bb1cc5f1d	Fairy Trickster	Фейський штукар
h2aff44fbga1d3g84a9g91cege594afc8805c	Genie Magic	Магія джина
h2f66b26dg1725g05e8g8305g92b9060c4712	Harper Teamwork	Злагодженість Арфістів
h073d0597g8104g5749g9c62g13790ccd3f2b	Lordly Resolve	Лордська рішучість
h4da279bag6b5fg0d46gfa98g0b2a70b0ce8e	Mythal Touched	Торкнутий міфалом
h9cc613dfgb0bcgce96gb19bg02330e4dff7a	Orders Resilience	Стійкість Ордену
h322b2b28g4f47gfef1g0501g09a299ea04dd	Purple Dragon Commandant	Комендант Пурпурових Драконів
he27e1f66g8aceg44b2gecc9g07a86e98de57	Spellfire Adept	Адепт чаровогню
h868d132cgda3cg9662gc17ega94ac1ad380e	Zhentarim Tactics	Тактика Зентариму
hca895012gaf5dg78a6g7a2eg37692b43b104	Feat: Deadly Archery	Риса: Смертельна стрільба
h1f3d47b6gbc1fgf224g07d7g6347072349e6	Feat: Dragon-Slayer	Риса: Драконоборець
hedc33adbg89b5ge699g0a6bgf060748fb8bb	Feat: Gleam of Wrath	Риса: Відблиск гніву
h12c8377bg73a7g1523gd2f7gce9b3dfd5731	Feat: Nimbleness	Риса: Спритність
h4796f67cg2656g7e4fg0832gdc67d0ccef8e	Feat: Fierce Shot	Риса: Лютий постріл
hef1660acg903fg1237g99f8g6b9c3a3e042b	Deadly Archery	Смертельна стрільба
h8bfddb10g014ag1ffagebccgfc7f04dceadc	Deadly Archery	Смертельна стрільба
h93af975eg1568g7912g8166g2000a25d6098	Gleam of Wrath	Відблиск гніву
hcd7ebaacgd104g7c94g39abga1726e706521	Gleam of Wrath	Відблиск гніву
hec257629g3869gaf27g7d40g1a0a389564d4	The Lord of the Rings Roleplaying	Володар кілець Рольова гра
h5660c039gdc35g3a65gfe67gdd812981ab72	The Lord of the Rings Roleplaying	Володар кілець Рольова гра
h8e50ea07g829fg41c1gfdaeg0618e6beca34	Deadly Archery	Смертельна стрільба
h6e348a1aga0b0g9788gb85dgeba21fa79668	Dragon-Slayer	Драконоборець
h27541f87g50d6gf441gbab6geae246f77643	Fierce Shot	Лютий постріл
h2ffcb591g0cc8ga4f6g50f8g0b3e5ae7dcf0	Gleam of Wrath	Відблиск гніву
hbae36f77gae16gae82g11feg104123766490	Nimbleness	Спритність
hc2022d67g4441g1ca0g979ag85847dde7f08	Celestial Revelation	Небесне одкровення
hee581120gaebcg3ad5ge885ge712f8b5c11f	Healing Hands	Цілющі руки
h30e3e09dgcb39g8c25g0d8egb9b774233e0b	Celestial Revelation	Небесне одкровення
h3f49f80egbab5g00d8gc75fg71bb7b054fc6	Inner Radiance	Внутрішнє сяйво
hfae2afebg7426gcf8cg5c76g65cdce3c393d	Heavenly Wings	Небесні крила
h618cb471geddfg2d11g70feg9e12919e4a68	Necrotic Shroud	Некротичний саван
h34ab3782g568fg1b60g9a2eg148d28686613	Heavenly Wings	Небесні крила
hb450a1d2g4f77g57dbg4c25gd3acee588f18	Inner Radiance	Внутрішнє сяйво
h5455adb5gc4c2g9159g585eg6c24762cbd53	Necrotic Shroud	Некротичний саван
h14b0a7adg6f8dg3aefgbc10ge9f1398e2825	Inner Radiance	Внутрішнє сяйво
h6ef5198eg577fg6ca6gc4d9gb725efc2c584	Mind Sliver	Уламок розуму
h8c610e61ga284gbdd9gf4c4gc19e363942ea	College of the Moon	Колегія Місяця
h9223661bgace2gba01g10dcgfc1ea09add5a	Level 3: Moon's Inspiration	Рівень 3: Натхнення Місяця
haca3aef8ga626gc323g22acg746bfa4a9426	Level 3: Primal Lore	Рівень 3: Первісне знання
h3911c437g16cagdddcgede4gaa0c643aec8c	Level 6: Blessings of Moonlight	Рівень 6: Благословення місячного сяйва
h4b8c5fb1g0cb0gdf42g5d1bgd60b7110c837	Inspired Eclipse	Натхненне затемнення
ha0ddac76g013eg8574g0831g4fde2e2fef92	Inspired Eclipse	Натхненне затемнення
h9f1b45feg3a13g4bccg4842g98f511ae2e02	Lunar Vitality	Місячна живучість
h6088fb76ga8b7g5ae5gfb3eg1af90e35d769	Lunar Vitality	Місячна живучість
hc939b12eg2ee5g197bgc522ga5abc592a4b0	Lunar Vitality	Місячна живучість
h97618a1dg57f7g2acfg001dg5ba785249fde	Blessings of Moonlight	Благословення місячного сяйва
h010a539fg50d1ga5d6g15a9g504704ac4e2c	Banneret	Знаменосець
h40c5a6a5g42eagbba6g5c64g5ece9eb7fe14	Level 3: Knightly Envoy	Рівень 3: лицарський посланник
h3f223b42g605egefc2g504ag6ef36cc460ed	Level 3: Group Recovery	Рівень 3: Групове відновлення
hc240e7f1g2979geff6gfcc4g1d63a78b39bd	Level 7: Team Tactics	Рівень 7: Командна тактика
h4def2360g5a4cgbe2fge70fgbe9d99d7fa1f	Level 10: Rallying Surge	Рівень 10: Гуртувальний порив
h20c820b5g9ed5g6cf5gf004ge0cc7d3c1bb8	Group Recovery	Групове відновлення
hed379247g311dgc5a8g87cag1e9a14eb6346	Rallying Surge	Гуртувальний порив
hcc7a8ccdg1f74g8794gabebg481d991a2048	Team Tactics	Командна тактика
ha112c9d1gc29dg2a81g78e9g5ee83dc15b44	Level 3: Frigid Explorer	Рівень 3: Дослідник криги
hf2ce8883g7e85g48fcgfb85geaec662b97b7	Level 3: Hunter's Rime	Рівень 3: Паморозь мисливця
h61ea7154gfc5cg2d12gf82ega36108b6e52c	Level 3: Winter Walker Spells	Рівень 3: Закляття зимового мандрівника
h225798f8g19eag252fgafe7gb82f389f37c8	Level 7: Fortifying Soul	Рівень 7: Зміцнення душі
hd373a822gfb21g38dfge5a8g77c001185e3a	Level 11: Chilling Retribution	Рівень 11: Морозна відплата
hd3324082ga20dg104bg944cg8e9d750a54a5	Hunter's Rime	Паморозь мисливця
hfb12d0cdg48ffg1464gb153g8e462f617426	Hunter's Rime	Паморозь мисливця
hbf27e726g8355g4950ga017g8d4589b1b9aa	Fortifying Soul	Зміцнення душі
haf330cbag9da5g81b9gc9c4g13038dc4bc59	Fortifying Soul	Зміцнення душі
h1b6a7023gadf1g5468g1b86gda2cac4d8e2b	Have Advantage on saving throws to avoid or end the Frightened condition	Перевага на кидки протидії, щоб уникнути або завершити стан переляку
hcf64a967g8805ge99bg1ff7ga0cb9cd0764c	Chilling Retribution	Морозна відплата
h2dc72da7geb6fg6757g65b9g28c64f77f068	Chilling Retribution	Морозна відплата
h4ff1d8aeg3628g34f5gd2e0gf05e758e89f6	Chilling Retribution	Морозна відплата
h6c8f835eg0910g6b96ga78bg651c0ba6cd54	Winter Walker	Зимовий мандрівник
hfc2052ffgc5b0gbd9agca4bg0c13d926684c	Oath of the Noble Genies	Обіт Шляхетних Джинів
hb164a5bag7669g815dg9cbcg748f8e4a9d39	Oath of the Noble Genies Tenets	Засади Обіту шляхетним джинам
h971f55edg2fffg4d13geef5ga5900f12d913	Level 3: Elemental Smite	Рівень 3: Стихійна кара
hf359a230g9c7ag4b00g9797g85e2e40e5b9f	Level 3: Genie Spells	Рівень 3: Закляття джинів
h9ef367bcg743fg6596ga14cgdc4842c967b1	Level 3: Genie's Splendor	Рівень 3: Пишнота джина
h1ad2ebf2gb473g88deg2fb9gc419b2fa63cf	Level 7: Aura of Elemental Shielding	Рівень 7: Аура стихійного захисту
h7ce47465gdfeag71dcgb0bdgeadc0c987cab	Dao’s Crush	Тиск дао
hd20d93a6g9ec6gc3cdg1890g0e70817191af	Djinni’s Escape	Втеча джина
h41d151e2g9ff2g7903gdcffg74d3df5ec77f	Efreeti’s Fury	Лють іфрита
h48d5140cg0c24ga6cfg77d7g5b5aac3590e3	Marid’s Surge	Сплеск марида
h19a32ab1gef64g369egfeb4ge2bbdbae8999	Djinni’s Escape	Втеча джина
h2f104997g62ecgd0e7g3258g0be25d035207	Djinni’s Escape	Втеча джина
hab8ce398geb65gdcbbgc14ega6cd5dd5da1c	Aura of Elemental Shielding	Аура стихійного захисту
hd699c237g9c18g83b1g6f1dg6cc399770254	Level 3: Bladesong	Рівень 3: Клинковий спів
h55238b55g2b39g51dcg5270gfe86eeeec5e8	Bladework	Майстерність клинка
h2bf11353gf199g41edg8f9eg584aaad22078	Level 3: Training in War and Song	Рівень 3: Навченість у війні та співі
hede4cb27g87edg8c8fg8923ga74ca862fc12	Bladesinger	Співець клинка
h4876a353g9a95g73aag2414g5dbd7bc595cb	Scion of the Three	Нащадок Трійці
hfffd3126gea34g1eb6g8f8dge04162d1ab9b	Level 3: Bloodthirst	Рівень 3: Жага крові
h7fa7c6fagab40g7237g2bd1g55927793880a	Level 3: Dread Allegiance	Рівень 3: Моторошна відданість
h61d8213ag34d1ge059g35c8g26bc6021371c	Level 9: Strike Fear	Рівень 9: Вдарити страх
h736d5bdeg69c8gbab3g930bg6890a9ba3432	Cunning Strike: Terrify	Хитрий удар: залякування
ha452dc39g9152gfd66g823bg912ea1d1d763	Bloodthirst	Жага крові
h055feb92gbffeg6927gaafbg9aa2a91bc4cb	Bloodthirst (1/2)	Кровожага (1/2)
h0f8f6fcfga64egf53bg718egd42ff95fd724	Bloodthirst (1/4)	Кровожага (1/4)
h3afdceeegb918g70fcg89fagf3a2ca1e6ad3	Bloodthirst (1/10)	Кровожага (1/10)
h25f424bdge5bbge3afg2726g10a7f60a2e85	Bloodthirst Sneak Attack (1/2)	Кровожерний підступний удар (1/2)
ha3a302a9gfc50gf0b4gf483gbefeaaefaf57	Bloodthirst Sneak Attack (1/4)	Кровожерний підступний удар (1/4)
h4b0fe9b5gc4bagd6ecg1fa4g6c637b6c2348	Bloodthirst Sneak Attack (1/10)	Кровожерний підступний удар (1/10)
hd359e4cbgb627ga19fg33d9g819888bf29c9	Dread Allegiance	Моторошна відданість
h6d6ec091g6782g7736g3633g063bf2cee187	Dread Allegiance: Bane	Моторошна відданість: Бейн
h51a11419g7905g3848gd5bfgf6d72fd1a609	Dread Allegiance: Bhaal	Моторошна відданість: Баал
h23fa8e89g70f4g44b2g3bceg2ab0350c9dde	Dread Allegiance: Myrkul	Моторошна відданість: Міркул
h9a96305agf2f9g7267gdc69g37c278977066	Dread Allegiance: Bane	Моторошна відданість: Бейн
h3d0aa39dg266bg7c47g97e8g8d257554171a	Dread Allegiance: Bhaal	Моторошна відданість: Баал
hb44a03abgc118ge0f2g55eegf877db7779de	Dread Allegiance: Myrkul	Моторошна відданість: Міркул
h4d43ff27g7af4g7c74gd48dg5f5bf9706659	1	1
h5d10607dg8858g0d58gde8bgfe26a1630521	Level 3: Spellfire Burst	Рівень 3: Чаровогняний вибух
h792eabcbgff7bgb40dg8713g68bba5de6f04	Level 3: Spellfire Spells	Рівень 3: Чаровогняні закляття
h1381ca97g4947g98bdg940ag252c0d161fbf	Level 6: Absorb Spells	Рівень 6: поглинання чар
h602c4560gbaadg43f4gca20g38ba13dd40b6	Spellfire Burst	Чаровогняний вибух
ha9f42619g46e1gf33agd7f6gca23d5d634b0	Spellfire Burst	Чаровогняний вибух
h33522f06g6cadgaee9g398eg0bd52adb964b	Bolstering Flames	Зміцнювальне полум’я
hcbc34c94g87dagca44ge6bcg1c07a081e603	Radiant Fire: Fire	Променевий вогонь: вогонь
h14663f97g9c94ge2fegb1d6g11e9d19efb32	Radiant Fire: Radiant	Променевий вогонь: сяйво
h9de61a36g2e2dgb757g472cge372a5d76c6d	Bolstering Flames	Зміцнювальне полум’я
hebae72e1ga142gbc3dg8f84ge0a92b2e9d8e	Spellfire Sorcery	Чаклунство чаровогню
hd858b0fag8269g3078g7c9aga7aa5e71ba17	Gunslinger	Стрілець
h8e96cab4g48c9gd240gfed5g58286ad0f05c	Level 1: Quick Draw	Рівень 1: Швидке вихоплення
hc58f9b38gf7dag2ca0g6cb2g22cf805f0366	Level 2: Critical Shot	Рівень 2: Критичний постріл
h7d983a4eg695fg923dg4a7fg825cd8f6143f	Level 2: Risk	Рівень 2: Ризик
he5fbff85g7fc3g5a80ge481g51072629781a	Level 5: Gut Shot	Рівень 5: Постріл у живіт
ha0793978g9cb2g100fg7822gda43641de6da	Gut Shot	Постріл у живіт
hf4d391c4gb00agbe23gc911g1d8d9c6ca9ec	Level 11: Overkill	Рівень 11: Надмірна шкода
he8361fb8g999fg30ceg5b76g9c0e5da35ec7	Level 9: Critical Shot	Рівень 9: Критичний постріл
h4fb0f4d8g4a69gae26g0f0fg98c78bd0a838	Finger Guns	Пальці-пістолети
hc7fb5801ga410g0b94g4884g81b249ee370c	Giant Ancestry	Велетенське походження
heaf54f1fg5a38gb0bcgce29ga8bbc11c1a24	Large Form	Велика подоба
h423aa2bdgc981gde37g9921g76d99865cb47	Cloud’s Jaunt	Хмарна мандрівка
he859361dg2b9agac3fg2bdcg3f27f7143f6a	Storm’s Thunder	Грім бурі
h72da1e02g769fgc8d7g7225g3cd201f1dbdb	Fire’s Burn	Опік вогню
h1d1c4cffgbb73g4ef9g71d5gd8a78baa4388	Frost’s Chill	Холод морозу
hfe86680bged34g3e7ag4b91g82b68408be4c	Hill’s Tumble	Перекид пагорба
h5739f3d4gb5c6g5f9agc4b7g7c8095805ed8	Stone’s Endurance	Витривалість каменю
h0bd2a433g5363g8187gc1ffg0d26612f57e4	Storm’s Thunder	Грім бурі
h955ac611g781fg6ebfge3d7gd118e6f415a5	Large Form	Велика подоба
hb1ace68ega6a4gd1e5g3bb4g470b754bbd3b	Bite the Bullet	Зціпити зуби
h954e64afgfcbegba5ag9418g03aeba64afba	Blindfire	Стрільба наосліп
h6aee83f0gafd8gb807g3a1bg78fbd25f3f9b	Dodge Roll	Перекат
h251764bbg0827g7973g1fa1g06a686073a3e	Bite the Bullet	Зціпити зуби
h86d52560g0e7fga4d6g37b2gbf26b4ebf7bc	Blindfire	Стрільба наосліп
h0c28325bgfcc5ga21cgf52eg7ebe1e5e3de6	Risk Dice	Ризикові кістки
h181a6b08gd85dg6c1eg30edgfaac60114965	Grazing Shot	Ковзний постріл
hfa0d0b7bg176fg70c4g5fd6gdcbb10cd700b	Maverick Spirit	Маверік Дух
h6da5659ag3c1cg9cb9g8b92g4c66945a42fc	Skin of Your Teeth	Шкіра ваших зубів
h92d115e1gde3cg3ce4g07ebg1a8454c06194	Level 10: Risk Taker	Рівень 10: Ризик
ha818ea6cg6ab5g343dga9bag8a6101e2e6ac	Level 3: Poker Face	Рівень 3: Незворушне обличчя
hf4b9bf75gff89ga519g3c73g4e032d899801	Level 3: Liar’s Dice	Рівень 3: Кістки брехуна
h0602a34cg6491g63b2g1d28g66f745219e94	Level 6: Risky Business	Рівень 6: Ризикований бізнес
h43421e50g805fg598bg75d5g05e5b202e34a	Risky Business	Ризикований бізнес
h8416536fg8e84gf01eg11c4g49188075bb83	Liar’s Dice	Кістки брехуна
hb4ca4223gcc87g7a48g70f8ge8b72f98226f	Jackpot	Джекпот
h42c83e2fgb526ge712gd8fbg5dd17226f6f9	Bust	Погруддя
h852be075ged2egce53g06ddg5c3bd7f0ea3c	Risky Business	Ризикований бізнес
hb415e825g6438g17d3g2957g78ef9a062b18	Skin of Your Teeth (Risk Taker)	Шкіра ваших зубів (Ризикувальник)
h498a6304ge277g7fbcg5ab2g9164df541234	Maverick Spirit (Risk Taker)	Дух одинака (Ризикувальник)
he1d26149g3d4dgbec3g0b58g70c8afd98072	High Roller	Великий гравець
hd5cd42c6g00b9gf97bg188bgb80ad6f17e94	Spellslinger	Чаростріл
hcf49c14dg93ceg7906g770dg50e2ea6a3c87	White Hat	Білий капелюх
h39141f86g1ee2ga21ag8d53ga05af28fd1f7	Pistol	Пістоль
h1060906fg1496g1454g9846g4f2197c2c188	Firearm	Вогнепальна зброя
h7ded197eg2127g6036ge3dcgb2d60fbb65bf	Firearm	Вогнепальна зброя
he70e8fadg370cg0fbbgffa4gbdf8dc36cb12	Firearm Expert	Експерт з вогнепальної зброї
h4e6ec503g245cg8614g1c81g7087625fa70e	Firearm Expert	Експерт з вогнепальної зброї
h61b78046g443bg1d02ge5bbgfe44da9ef621	Musket	Мушкет
hae35f153g7a35g4565ga666g79bb16da7dd3	Dragon Shape	Подоба дракона
hb5de1336geb7cg937fg5ba9g13226b34f6df	Breath Weapon	Дихальна зброя
ha7a4dc42gd5c2g913bg0030gb9bacfc6f4d8	Dragon Shape	Подоба дракона
h8a2a463cg9e0fg4e84gefd3g2307577a9b84	Circle of Dragons	Коло драконів
hea0350ecg3563gf151g3949ge2a04d0eb3da	Level 3: Draconic Lore	Рівень 3: Драконічні знання
h8ea85d5eg5bc3gd5aagf3e6g7179f506b3ef	Level 3: Dragon Shape	Рівень 3: Подоба дракона
h1dfb4f40g1c13gaa7fg1d57g9a9c0d160f6b	Level 6: Improved Dragon Shape	Рівень 6: покращена форма дракона
hd3ad95cbg5d22g8cf8g0922gb17a3e44311f	Level 10: Draconic Magic	Рівень 10: магія дракона
he87fc2b8g89e0g6349gbba8g169827090bfc	Highway Rider	Дорожній вершник
hf94de242ge211g147egfef6gf0c946d2ffe0	Level 3: Hair Trigger	Рівень 3: Чутливий спуск
hcc27b910g6850g1264gef1agb05f75743b92	Level 3: Trusty Mount	Рівень 3: Надійний скакун
h97981f9bgce50gd7e8g2a87gceb5d667aef5	Level 3: Ride Them Down	Рівень 3: Зім’яти на скаку
hcf021de0g26a4ge1e4ge868g80ee6afb7879	Level 9: Horse Lord	Рівень 9: Володар коней
h2881789ag8c50g0643gc4afgdefe86565759	Horse Lord	Володар коней
h7b19797cg51e0ge287ge71eg179578a32576	Horse Lord	Володар коней
hfdbc8b12gdf41gcf0fg7579g6557c7859eb6	Hair Trigger	Чутливий спуск
he20aedbcg8a55ge2e1gc6e1g892e80b9dd06	Hair Trigger	Чутливий спуск
h613fc304gdb88g758bgc98cg5ab761c0998b	Hair Trigger	Чутливий спуск
h63ce4017geac0gc60egf8b5g9dce552352fa	Level 3: Bonus Proficiency	Рівень 3: Додаткова майстерність
h07ffaea2g95cdgb266g0772gc36a0178e777	Level 3: Born to the Saddle	Рівень 3: Народжений до сідла
hb0de3a5fgafe3g904agae5fgdfc2d5a9d82b	Level 3: Unwavering Mark	Рівень 3: непохитний знак
hbb926017g2b0agbe90g66bcgbf207e483612	Level 7: Warding Maneuver	Рівень 7: Охоронний маневр
hd234d1a5g51feg1581ga07ag43fc0a63f55a	Level 10: Hold the Line	Рівень 10: Тримати стрій
h7d3eb606ga301ge0f4g8d8ag0eb706dd27d1	Warding Maneuver	Охоронний маневр
hf11839f6g011fg9755gabadga421a00c9ed3	Hold the Line	Тримати стрій
h19db7115g1409g1483g8306g3b0909c3bde9	Cavalier	Кавалер
h62929300g0a1ag65dcg0311gee7ce76b7030	Rune Knight	Рунний лицар
h8810d94cg3f6ag7eebgb3e6g1e498faee90a	Level 3: Rune Carver	Рівень 3: Різьбяр рун
h234cd41egb166g8eb3g6939g36498884c3ea	Level 3: Giant’s Might	Рівень 3: Міць велета
h2c76a4f7g48d1g3368ga27agbd1576843d8d	Level 7: Runic Shield	Рівень 7: Рунічний щит
h4e152278g0424g0354g3000g79c86331ed68	Level 10: Great Stature	Рівень 10: Великий зріст
hb3ae9e73g81e6g120dg8548g27684eff651f	Invoke Cloud Rune	Активувати хмарну руну
h3a4d5e28gabe3g3168ge119g17a00c4aa941	Invoke Fire Rune	Викликати вогняну руну
h06dee418g7023gcae2g1dd4g7246a7a21faf	Fire Rune	Вогняна руна
h99fb6d15gdad4gf9ebgb1f5gfc423b34bdf4	Frost Rune	Руна Морозу
hd49600e9gaa19g5b9bgab38g6740603067eb	Invoke Frost Rune	Активувати руну морозу
ha9c39a13gb33cg2948g41efg78e3649d79ac	Invoke Stone Rune	Активувати руну каменю
hea790591g5d78g720ag188bgcefd45615ff0	Invoke Hill Rune	Активувати руну пагорба
hea634b92g74a3g2000gc22bgfecaeff7c7dd	Invoke Storm Rune	Активувати руну бурі
h3d68e61ag18degff1egcb3cg93abd525a72f	Storm Rune	Штормова руна
ha67185a5gec5fg7accg1041g41f8330b1d17	Storm Prophetic: Disadvantage	Пророцтво бурі: завада
ha906615bge33ag2df4g32dbg148dd65b9aac	Storm Prophetic: Advantage	Пророцтво бурі: перевага
h1c85d7b8gf5dcge550gda8dgd5776880afb3	Storm Prophetic: Advantage	Пророцтво бурі: перевага
h8eb71fdcge67eg9086g4432gf36ff5890bba	Storm Prophetic: Disadvantage	Пророцтво бурі: завада
h87466615g2070gcbacg5d8ag5f7ab7b958fe	Giant’s Might	Міць велета
h37b450b1g8badgbc5bg97c2g324b484cc3e8	Runic Shield	Рунічний щит
ha4dc5a17g4a69gb755g889cg187ead2dfb7f	Giant’s Might	Міць велета
h4a3c73bbg633cg224dg4073g6346f0550299	Great Stature	Великий зріст
h59e2bd3dg4c8fgb3e9g4be1g17c0354f71d2	Rune	Руна
hffe0a439g2edag0f4bg85dbg933db0b1a8b0	Runic Shield	Рунічний щит
hf3b2ff84g1b07ga3eag2125ge551077a6e4d	Pact Weapon	Прикута зброя
h6c75a711gccb2g34c5g5489gfbaf6012200e	Pact Weapon: Necrotic Damage	Зброя договору: некротична шкода
hcd88f337g7b53g35deg791bgf37bf6314ed5	Pact Weapon: Psychic Damage	Зброя договору: психічна шкода
ha2a934dbg1420gf4c4g7431gcf508603657a	Pact Weapon: Radiant Damage	Зброя договору: променева шкода
h93c42699gb5efg50eeg700ag91b482874bb9	Bind Pact Weapon (Necrotic Damage)	Прив’язати зброю договору (некротична шкода)
hbe8ae593g19c8gc31cg51cdg845945c5b41b	Bind Pact Weapon (Psychic Damage)	Прив’язати зброю договору (психічна шкода)
h8697b53cg246dg4397g9db8gc35b4035bc5b	Bind Pact Weapon (Radiant Damage)	Прив’язати зброю договору (променева шкода)
hcdf4a03bg59c5gb1b2g3204g37cf5a2339c0	Arcane Shot	Магічний постріл
h368dfb6eg54d1g9117gae02g8877cb540a10	Level 6: Spellshot	Рівень 6: Заклятопостріл
ha7014351gc454g307agb356g37500f5752d7	Level 10: Counter-Mage	Рівень 10: Контрмаг
hfee38a66g5042g2c16g753dg9b88aa769f46	Antimagic Shot	Антимагічний постріл
he97ec05ag27f2gdd59g1ebag5d02ea37d3df	Can’t cast spells or take the Magic action	Не може чаклувати чи виконувати магічну дію
h5ef73b58ga233g8fccg4389gcd443dd5c7d7	Inured to Magic	Привчений до магії
h8b3f5c04g14b9gb9e9ga359g59e1d9f1e059	Perforating Shot	Перфораційний постріл
hcf85f5ddg214egc39bga0e8g7ee910e3ffec	Level 3: Lay Down the Law	Рівень 3: Викласти закон
h2139a63fg2249g7d98g6477g5d54183f38fa	Level 3: Steely-Eyed	Рівень 3: Зі сталевим поглядом
h407e34cdg1410g60d5g4b25g40b46482b638	Level 6: Reach for the Skies	Рівень 6: досягти небес
h7390394ag82b5g779agf749ga74a63ce3d77	Level 10: Long Arm of the Law	Рівень 10: Довга рука закону
haf0939dagb276gb13ag4577g77395d115791	Lay Down the Law	Викласти закон
h371a2c88g5d5cg916fgf8e7gbccc5378504c	Lay Down the Law	Викласти закон
h99d927b5gafddg8654g1453g82bbe0c6e89f	Illrigger	Ілріґер
h9b53ce98gbf9cg2509g1a23g24549bd6fad7	Level 1: Baleful Interdict	Рівень 1: Згубна заборона
h0294b05egc63bg881age868g1c91eaec6dab	Seal	Печатка
hecedcd5eg3f81g2638g3af5gefcca2c219fb	Burning Seals: Fire	Пекучі печатки: вогонь
hfca57e47ged90g177fgfc94gdd2a6f69f1a8	Burning Seals: Necrotic	Пекучі печатки: некротична енергія
h4b36c8d5g7a7fgf9degbde8ga2790584725d	Place Seal	Розмістити печатку
h1ad18073g65adg793ege0dbg830abdc2841d	Interdicted	Заборонено
h95248f4cg57e8g073dgc8a1gfbf3d472edee	Regain seals	Відновити пломби
ha681b28ag70a2g67d8g9448g35565a4a34e5	Burning Seals: Fire	Пекучі печатки: вогонь
ha828937bg7769gb132g7f34g228ed13a6541	Burning Seals: Necrotic	Пекучі печатки: некротична енергія
h4c1994b8gf35cg365bg459eg53670e2a390f	Level 2: Unfettered	Рівень 2: Неприборканий
h173e97b1g24c4gd71cg2b14gc7e43d9e037a	Level 2: Lissome	Рівень 2: Гнучкий
hdf198f7dg49f7g0b3cg9da5g4e2dae846d69	Level 2: Lies	Рівень 2: Брехня
h6db51716g1e60ga51dg64d5g8dce1924d495	Level 2: Inexorable	Рівень 2: Невблаганний
hb58aa744g9557g7770g99f4g200999b88429	Level 2: Brutal	Рівень 2: жорстокий
h58aa4956gcc27g9d75g019cgd0340e796f47	Level 2: Bravado	Рівень 2: Бравада
h4645bf49gb7f4g564bgeb3fgfb357d560904	Combat Mastery: Lies	Бойова майстерність: Брехня
hb8cf1d46g6834g9baagbf6dg50299be625eb	Combat Mastery	Бойова майстерність
h67853750g16c0g9b13gc3efgbaba43af6259	Level 2: Abating Seal	Рівень 2: Ущільнення
h565e4f77gf679gd18fgcb9bg38afc492e620	Level 2: Bedevil	Рівень 2: Морочення
h70a4510cgf224gfccfg83dbge051b2c47f34	Level 2: Soul Eater	Рівень 2: Пожирач душ
h16cf04ffg2962g897ag364fgea809b7c8c16	Level 2: Styx’s Apathy	Рівень 2: Апатія Стікса
hfa888bb3gb8a0ge2a8g81c2g00ae8844f692	Level 7: Acheron’s Chain	Рівень 7: Ланцюг Ахерона
h4087e43dg1626g7141gb492g08612b1d6f08	Level 7: Conflagrant Channel	Рівень 7: Полум’яне спрямування
h5ead3298gb213gac53g0d3egaf553c018315	Level 7: Shadow Shroud	Рівень 7: Тіньовий саван
hf6bff230g1643g366bg93ffg3c9d643ce07c	Level 7: Unleash Hell	Рівень 7: Звільніть пекло
he8bb0a53gb20cg63a2g3f35gf408f22a699e	Level 7: Vengeful Shot	Рівень 7: Мстивий постріл
h368ac3efg0988g4f4ag0fa9g6819e55d1577	Unleash Hell: Fire	Вивільнити пекло: вогонь
hebd66c01g7f34g9436g6f68gde5a37620a3f	Unleash Hell: Necrotic	Вивільнити пекло: некротична енергія
had6ccb0dg99e0ge0b3gfe64g2cc75c0d28a0	Unleash Hell: Fire	Вивільнити пекло: вогонь
hdad51f43g5e81g7f25g4fa0gb0809a43973d	Unleash Hell: Necrotic	Вивільнити пекло: некротична енергія
h3518e2eeg9593gae20g3e88gff65f6d3e6bb	Abating Seal	Ущільнення
he0219d6eg9988g1637g2557g9b2d2d0fa8aa	Bedevil	Морочення
h84a9d67fge555g185dg5c83g4c97364a1cef	Soul Eater	Пожирач душ
h83e42a83g88c6gd1e9g8c16gbff3333ac045	Styx’s Apathy	Апатія Стікса
h7e6eebc1g195fg638eg046cg1602e8341a8b	Acheron’s Chain	Ланцюг Ахерона
h8b1d72d3gf86ag8352gbc15ga4b6db6acf02	Conflagrant Channel	Полум’яне спрямування
h1f95a7f0g7d0fgabfagfa1cg5cbc0b67b2bb	Shadow Shroud	Тіньовий саван
hea661ec8gedc0g2cfagc3ffg287756f25a33	Shadow Shroud	Тіньовий саван
h5b9a73a3g7b6fg13b5gc7c3gdf58090d1c36	Vengeful Shot	Мстивий постріл
hdcff639cge97ag87c0gca5dgb607adff562c	Vengeful Shot	Мстивий постріл
h2ab85095gd8e1gd4f8g159bg5479bf29202f	Interdiction	Заборона
h79d9540bg9852g5efdg3c46g65c5ac3dee8d	Level 6: Infernal Conduit	Рівень 6: Пекельний провідник
h467e4d93g2c88g87degd375gc54b5a65a88d	Devour	Зжерти
h6b7c5b42gc865g9a66g25bcgcf6498b47b95	Invigorate	Наснажити
h29248f55g9799g09d8ge529g06704f76d155	Level 10: Blood Price	Рівень 10: Кривава ціна
h8a78754bge4a1gbe50g8f26g0bd670acd7cc	Blood Price: D8	Ціна крові: D8
h357af6fegcc60g52adgea2agd98b8ed57793	Blood Price: D6	Ціна крові: D6
h89f9d62cgd6f0g46b6g9bdbgeb45a121b113	Blood Price: D10	Ціна крові: D10
h018dfa63g9034g560eg6daegcc0414738e0e	Blood Price: D12	Ціна крові: D12
hf204ad45gef57gf823g5fbdg2aadc2b21ace	Level 11: Terrorizing Force (Cold)	Рівень 11: Тероризуюча сила (холод)
h8942f538g5702g7f64g961agb06622c01a69	Level 11: Terrorizing Force (Fire)	Рівень 11: Тероризуюча сила (Вогонь)
hcef63acbg72bag27f7g9fadgf2d9d61c668d	Level 11: Terrorizing Force (Necrotic)	Рівень 11: Тероризуюча сила (некротична)
ha7401e8dg37d9g7b31g97c4gc53803a8288b	Level 11: Terrorizing Force (Poison)	Рівень 11: Тероризуюча сила (отрута)
hd8fa84e9gb7b9g487bgeb2agb80c8a9a3f17	Precepts of Blood	Заповіді крові
h6266397ag443dg94a5g8c87g09accc415506	Level 3: Exsanguinate	Рівень 3: Знекровити
hea106602g9f5dg8754g958dg4324799b9073	Exsanguinate	Знекровити
hb5dc95fdga8fdga177gedf9g3d1def6b18b4	Exsanguinate	Знекровити
hf1c1d608gab6fgea97g5ce7g12f4e4ddb16c	Level 3: Sutekh’s Blessing	Рівень 3: Благословення Сутеха
h08b904f9gd5aeg7159g0bb5g4f1a264718cc	Level 3: Embolden Allies	Рівень 3: Підбадьорити союзників
h3193c1b1g81cegd32cg4ceag8e352d5d18eb	Embolden Allies	Підбадьорити союзників
ha3823257g1d27g9d0egeff1gb7b607bf03f2	Embolden Allies	Підбадьорити союзників
h51e32293ge4aagbb61g14d2g23c2e8863236	Level 7: Blood for Blood	Рівень 7: Кров за кров
h36291e60ge6ddg0237g008dgbfdf54c658c5	Blood for Blood	Кров за кров
h7aa1b008g6ca0g4a20g5979g21ad1d5571fd	Blood for Blood	Кров за кров
h608611fbg8b32g738cg8750g599765b12de7	Level 11: Bloodstroke	Рівень 11: Кривавий удар
h76541450ge22fg5ec9g80fag5c97af69f959	Bloodstroke	Кривавий удар
h6648aa69gf7b4gfd26gf073gf24f1802047b	Bloodstroke	Кривавий удар
h7403d9e2gd4ffg8c95g6874gba9be784c5c0	Sanguine Knight	Кривавий лицар
h0fb52a6cg7299ga6c5g1b3cgb4993c55834e	Precepts of Deception	Заповіді обману
h02827317g8f4fgf0ebgdc73g2e240e81362a	Level 3: Moloch’s Blessing	Рівень 3: Благословення Молоха
h6dff901fgee2cg0571g1cd5g5cccc5298b3e	Level 3: Charm Enemy	Рівень 3: Причарування ворога
he8f7350dgec9cga3c4g613agaeb7f4a54136	Level 3: Honey-Sweet Blade	Рівень 3: Медово-солодкий клинок
h2cf5b57fgaa9bg9d02g3619g774b755bf5d6	Honey-Sweet Blades	Медово-солодкі леза
haaa5a699g83efg4475gf3ccge6f351a2d6a3	Honey-Sweet Blades	Медово-солодкі леза
h5a374292g71a7g1e85g586dgd611bb96eb66	Level 11: Incontrovertible 	Рівень 11: Незаперечний
h33cd96c8gfef6g7cc3gbc1bgefa0775f3774	Incontrovertible	Незаперечний
hfe8a7f83g582fg2d6cgbfc2g68f60a961dab	Level 7: Intransigent	Рівень 7: Непримиренний
h778d0370g733dgefbfg0390g325187e3b8f4	Hellspeaker	Пекломовець
h40728f51gaea4g5667gc83agba62cf124604	Precepts of Pride	Заповіді гордості
h87611e23g6851gdd85gb4aagc5494b4af22b	Level 3: Dispater’s Blessing	Рівень 3: Благословення диспатера
h764b69fagcd7ag05fdgf7dag5bd26082ad00	Level 3: Devastator	Рівень 3: Руйнівник
hed5241fcg4e7bg125eg7f8fg43f7f8fbd64a	Level 3: Grand Strategist	Рівень 3: Великий стратег
h9dbc5d36ge613gcbd5ga51cg3c2f03e86ea8	Level 7: Dispater’s Supremacy	Рівень 7: перевага диспатера
hac72ef57geda5gbcb7gefd0gd8f3ef7ecd35	Devastator	Руйнівник
ha7727e9ag0c15g6933gae63g6fa84b4bf2d4	Grand Strategist	Великий стратег
h56bd8cdag4e64g6c53ga757gdf3238045217	Devastator	Руйнівник
h3ead5e5egb4bfg7aa8g3997g651f56f21c32	Grand Strategist	Великий стратег
h452f19f2ga929gf880gace7g93748aa82758	Devastator: Melee Weapon Attack	Руйнівник: атака зброєю ближнього бою
h60349a20g9e96g7eeeg2508g7315db437183	Devastator: Ranged Weapon Attack	Руйнівник: атака зброєю дальнього бою
h4dc2f45dg35b4g1e82ga16cg73f1f783e261	Painkiller	Знеболювач
h7dba3450g39bag19d3g835ag2ab113b94f26	Precepts of Shadow	Заповіді тіні
h019023d4g5948g3c2ag571bg962e5e390492	Level 3: Marked for Death	Рівень 3: Позначено на смерть
h474f2848gc11cga707gce0ag47a7c29bf27f	Level 3: Strike from the Dark	Рівень 3: Удар із темряви
h000d2b9cg5e7egc014gf141ga2c0e4d9fc4f	Level 3: No Escape	Рівень 3: Не втекти
h5b1941eeg9c53g0d48g2159g640b7817db72	Level 7: Hell’s Assassin	Рівень 7: пекельний вбивця
h07d4538fg06e1g87c9geff7gba8b3b97a65f	Umbral Killer	Тіньовий убивця
h5265c616g7dacgad00gefc6ge34e7ec6e7f4	Umbral Killer	Тіньовий убивця
h59478469g65f2gdc36g0515g15430765aa77	Level 11: Umbral Killer	Рівень 11: Тіньовий убивця
hf7851a9dg2c90ga420g9853gd855b8d447bc	Strike from the Dark	Удар із темряви
h6185df85g28ceg3fe6g4e39g5afb82fc5604	No Escape	Не втекти
h581f8d48gd1d3g12bag5dbegf06507357e90	No Escape	Не втекти
he467cf73g1f92gd216gb3e7g005114acd9e7	No Escape	Не втекти
h2fe200c7ga105g2c4eg493fg373d790dcb13	Shadowmaster	Володар тіней
h913a1845g6aeeg56e5g1083g84f2c46ab26a	Hellfire	Пекельний вогонь
h65da4e4ag4859ga026g9095g2e8a3e5e278f	Vengeful Blade	Мстивий клинок
h849f035fg71b5g26c9g150agde667249cbbd	Vengeful Blade	Мстивий клинок
hdbf6d84ag617agac46g1387g023f6c217ca0	Vengeful Blade	Мстивий клинок
hc58d9767g1e05ga4fbg2a36g65ca51bde0df	Vengeful Blade	Мстивий клинок
h5632b4f6g50degba74g0caaga04a7e569f75	Vengeful Blade Damage	Шкода Мстивого клинка
h144805ebgf1c3gf55bg8676gdc4af6ca5ea9	Vengeful Blade Damage	Шкода Мстивого клинка
h3078333fg393bg6e2agaff6gd37adce9760c	Vengeful Blade Damage	Шкода Мстивого клинка
h8d142314g1c16g6319gcdcag74ad54f9f60e	Vengeful Blade	Мстивий клинок
h89a134d0g96d7ga7b7g8000gde7bf71cecdc	Hell’s Lash	Батіг Пекла
h79277297gd000gacc5g0460g0f13305310f6	Hell's Lash	Батіг Пекла
hfd5e585egb97dg0f1dg5612g9096a1551c2e	Architect of Ruin	Архітектор руїни
haa18eb10gdcc4g80abg983dg6a81f3fa8b0c	Precepts of Ruin	Заповіді Руїни
h01f5bb00ga933g06e9g6166g6a590fca24a4	Level 3: Asmodeus’s Blessing	Рівень 3: Благословення Асмодея
h90cf32b2gf820g9778g512fge7868eab0c47	Level 3: Spellblade	Рівень 3: Чароклинок
h136b52acg55efge3ecge543gaf51e46232a0	Spellblade	Чароклинок
ha475d6ebg3a6bgaa0fgbbb4g76088c3aea4b	Level 7: Hellish Versatility	Рівень 7: Пекельна універсальність
h9727eb4bg1c42g18b1gb937gf2efc10d9fec	Level 7: Axiomatic Seals	Рівень 7: Аксіоматичні печатки
h528f5094gf88ag08d3ge649gc14b423059e7	Level 11: Submit	Рівень 11: Покора
h8c14193dg02e1g6afbg94c5g63fe44038fa3	Axiomatic Seals: Fire	Аксіоматичні печатки: вогонь
h3e91d02cg9178geb72g919bgd2f45a5bb6ea	Axiomatic Seals: Necrotic	Аксіоматичні печатки: некротична шкода
h4272602ag3fa1g398bgb969g13be228622d0	Deprecated	Застаріле
h1fb22109gb584g03f6g66f8g5a967386d305	Deprecated	Застаріле
hd9a3ce8dg39a9gb357gf766g5a7a8e8a2b47	Magic Initiate: Cleric	Магічний хист: клірик
hafe8b652g4e6agf0fdg68cdgfa9f15790432	Magic Initiate: Druid	Магічний хист: друїд
hc0b48f30g3f17g3a7fg830dgd6bcb23043d6	Deprecated	Застаріле
h3199ad9dg3293g80a6g74adg1bf55e642821	Deprecated	Застаріле
h14abb3cdgc934g76a7g47aeg2111983c2f7a	Deprecated	Застаріле
hd8bfa253g9a70g0b3dga7f3g8b52b646dc9a	Deprecated	Застаріле
h01e4f65cg7f45g4509g7911g655523dbfc23	Magic Initiate: Wizard	Магічний хист: чарівник
hb45ab210g4dfeg44aage273g11ab2c83f7b8	Warding Seals	Охоронні печатки
h40874a69g2e20g65d7g2444g9bccdb153fa5	True Name	Справжнє ім'я
h8fa0180fg1bfeg4cb6g825fgb20e099e6947	Seal Siphon	Висмоктування печатки
h80d34500g1a50gfebfgbc79g489d53187849	Potent Seal	Потужна печатка
h7bd07a28g0708gce97gcd12g1214c3b46634	Potent Seal: Fire	Потужна печатка: вогонь
h3818e721gc46cgdf03g0154g3b1f329fee61	Potent Seal: Necrotic	Потужна печатка: некротична шкода
h9c8bbd0bg3615g8088gcb16g45f0854801b0	Resistance	Опір
hb17d4643gb09cgb61dgd738g55246f4a2fcf	Resistance	Опір
h9b77345dg3b14g2b92g2dcegb47d678b5d96	Prestidigitation: Ignite	Фокуси: запалити
h304c8356g8ee7gee35g4f51gd593700b631e	Prestidigitation	Фокуси
h7dcf36cegab2dgf436g83fag871c5d97b6a7	Prestidigitation: Snuff	Фокуси: загасити
h765e1e3cg4b04g748dg2d8bgdf11cdf13716	Prestidigitation: Clean	Фокуси: очистити
h1a950eaag6cb3g9b5cgfb98gc721a9abd164	Summon Fey: Red Cap	Викликати фейську істоту: червоношапку
h7223d543gf408g50fagb634g0ce2909ad820	Fey Step	Фейський крок
ha15a12feg6a51ge73cg4860ged2d9bd42e58	Summoner’s Spellcasting Ability Bonus	Бонус базової характеристики проказування заклинача
hbc64cea5g7abcg4ee4g6f8cg7e90db0c0465	Summon Beast: Giant Eagle	Викликати звіра: велетенського орла
h05ec30e1g135dg784fg23d3gbe0b26cab88f	Level 3: Improved Illusions	Рівень 3: Покращені ілюзії
hacd218b6g8afbg65f2g4b21g9d52b7e777f8	Level 6: Phantasmal Creatures	Рівень 6: Фантазмові істоти
h6057aef1gc72eg192ag3affgca7098f7a4c4	Summon Beast: Giant Eagle (Illusion)	Викликати звіра: велетенського орла (ілюзія)
h32ce3bc3gbd08g5553gcc7dga7ed37159c2b	Summon Fey: Red Cap (Illusion)	Викликати фейську істоту: червоношапку (ілюзія)
h5e364771gbbf3gcea4gc521g7ebe73137887	Illusionist	Ілюзіоніст
hf232e287g63a4g3aa2g6f5fg25aabe4d8c7e	Feat: Altered	Риса: Змінений
ha288579eg93c9g19b4gd809gcbf44c5b3b6b	Feat: Charm Twister	Риса: Плетільник оберегів
h62e3caedgde0fgd173g13ddg989c09ea72d8	Feat: Grave Keeper	Риса: Хранитель могил
h5edcd5f5g2597g4cb6g5ebcg6f37e6b6f496	Experiment	Піддослідний
h8de8eb2bg4b97gfd23gf17fg132f6e2c9157	Rest Warden	Вартовий спочинку
h49b1f4ebg0b80g1cbbg3266g01728d057db5	Feat: Swift Witchcraft	Риса: Швидке чаклування
h485ec73fg065ag11a4g6c56g26237d4aa777	Feat: Death Defier	Риса: Непідвладний смерті
hbf7fe4b1g71e7g88d5g300dgca4d09fd7f60	Death Defier	Непідвладний смерті
hc19ea2ecg9a08gebf9gd8dbg264ac39f1d4e	Death Defier	Непідвладний смерті
h6b9942c5g3516g176fg224dg36bf0a71d821	Wicker Weaver	Плетільник оберегів
h417af85ag7511g8d7ag32c6g96d4b8febe56	Altered	Змінений
hc64822f1g7cc1ga5c5g36f2g38615ca2fa8b	Charm Twister	Плетільник оберегів
h9a29ca57g6b16g45d2gd6b2g59beaebcff8a	Grave Keeper	Хранитель могил
hbc8108d4gfe3cg400bg087fg1b35d6a3ae28	Death Defier	Непідвладний смерті
hb62d358fga20fg4314g8013g4f3aaddafafa	Swift Witchcraft	Швидке чаклування
h7f01c4e8gfd6bgf1bfg447bga0765ad58bc4	The Crooked Moon	Кривий місяць
h04efcf78gd463gee8ag06bcg23514d83c9a2	The Crooked Moon	Кривий місяць
h8c3059c7g991dgb256g6789g777eedf802cd	Astral Domain	Астральний домен
hc89f541bg33a9g6e04g2561g6e4b1e11a18e	Astral	Астрал
h6da1597ag642dg0e69g9c1cg73fd7e25fe9f	Level 3: Astral Domain Spells	Рівень 3: Закляття астрального домену
h84a93262ga4eag809fg7a75gd6a9a6da35cf	Level 3: Create Void	Рівень 3: Створити порожнечу
hf2358cb4g9ac5g070fg4962g945473af7540	Level 3: Planar Reach	Рівень 3: Планарне охоплення
h02d3ddc5gfa53g6d67g4b7cgfd71aa6b71d7	Level 6: Spatial Exchange	Рівень 6: Просторовий обмін
h0058e102gbba8ge20eg2cd0gc0bfb13819ea	Create Void	Створити порожнечу
h9ce455eag578bgd8baged3cg2295ac52dd7b	Planar Reach	Планарне охоплення
hc2e55bdeg5106gd40agd099gff2986e993e4	Spatial Exchange	Просторовий обмін
h42221b4agb3bdgef46gaa3ag9261ebba0bea	Circle of the Unbroken	Коло незламних
h6b046ff8ga327gdc59g8f4fgebc351482d81	Level 3: Improved Shillelagh	Рівень 3: Покращена ґирлиґа
he9c252edgc46cg4450gfb88g57508151df65	Level 3: Circle of the Unbroken Spells	Рівень 3: Закляття Кола незламних
h8ed0d8e9g85baga28cg5d7eg2778cf1bbf0a	Level 3: Wild Recovery	Рівень 3: Дике відновлення
h7fe6e3e8gb94ag15c5g406eg227fcfa3c807	Level 6: Shillelagh mastery	Рівень 6: Майстерність ґирлиґи
hd5f1b8cag18ffgb6f6g47ffg3b8c0b38f590	Level 10: War Druid	Рівень 10: Військовий друїд
h33d907d8gd0a0gaee7g061fg578448183f33	Improved Shillelagh	Покращений дубець
h698d6323ge92fg1fd9g8d8bg36d7db994d94	Wild Recovery	Дике відновлення
hc064fa21ge684g65c0g9633g796b118177b3	Corrosive Strike	Їдкий удар
h93ef7658ga110g9063ga99fg02ab90d1135d	Poison Mist	Отруйна мла
h420e8530gf543gee3dg23ebg5105a14fcc37	Artificer	Винахідник
h3ff79f84g7162g193bg5ea1g2e4078a61d7e	Level 2: Replicate Magic Item	Рівень 2: Відтворити магічний предмет
h37074410gf258g6103g5302g429531067671	Level 7: Flash of Genius	Рівень 7: Спалах генія
h1dd30fd2g8d32g2cf1g4cbdg6df0134f3697	Level 11: Spell-Storing Item	Рівень 11: Предмет, що зберігає чари
h48281e48g96a3g1f6dgdc66gbdf48065cede	Level 2: Alchemy Jug	Рівень 2: алхімічний глек
hbcfe7e3dg0633g6665g1f15ge22c9cf7dbb7	Level 2: Bag of Holding	Рівень 2: бездонна торба
h90c82523g4a46gb71ag6f88gc835ddaae5d8	Level 2: Goggles of Night	Рівень 2: окуляри нічного бачення
h10e5725bg4bd0g61f2g780ag5b6d6bf91837	Level 2: Magic Shield	Рівень 2: магічний щит
hef24c59dg255fg00dag4607gcb6c909dc686	Level 2: Wand of the War Mage	Рівень 2: жезл бойового мага
h2b9135b0g2582g6163g9b6dgc3583a49f204	Level 2: Magic Weapon	Рівень 2: магічна зброя
ha154c820gb9fcg9b4bgb15fg12ccad5e4c6d	Level 2: Wraps of Unarmed Power	Рівень 2: обмотки сили беззбройного бою
h4dd05c9eg77b9gce4fg1fc8gd73ab0ee9845	Level 6: Magic Armor	Рівень 6: магічні обладунки
hc0a46c23g2511gfbe6g798dg1af91d95f246	Level 6: Helm of Awareness	Рівень 6: шолом пильності
hc5dd5954g8435gfe43ga00fgee1b1e264b58	Level 6: Mind Sharpener	Рівень 6: загострювач розуму
h8ca2e942gfe74g20f3g5b03gaaa73c5316d3	Level 10: Armor of Resistance	Рівень 10: обладунки опору
h33216644g8040g2af7g56f4g08c88f2466f6	Level 10: Ring of Free Action	Рівень 10: перстень вільної дії
h68b7dd57g5b1fg1c11g6a7egfa0f952d5948	Level 10: Ring of Protection	Рівень 10: перстень захисту
h0cdde128gb8edgf880g31f8gff48fb784ff2	Level 6: Lantern of Revealing	Рівень 6: ліхтар викриття
hde22d914g9417gd953g3098g37bd1907e34c	Replicate Magic Item	Відтворити магічний предмет
h01a7e7b1gea71g6833g6445g5ed1f1a2308b	Flash of Genius	Спалах генія
h80f08a5dg837cg81beg15d7g69a6566d7630	Flash of Genius	Спалах генія
h5c3ca15ege3b3ga7adg9a8fg26776947cb0a	Replicate Magic Item	Відтворити магічний предмет
h252b4c35g1a10g73bcgce79g851d9d5ce376	Alchemy Jug	Алхімічний глечик
haeee185bg2557g530dgf876g4f11ecd5ee48	Bag of Holding	Бездонна сумка
head80c96g32cbgb24dgb1fbg9151caa482af	Goggles of Night	Окуляри ночі
h2fbddf04g1f59gb914gedbagb9bff2bbeb7e	Magic Shield	Магічний щит
h4384deb8gd4a7ga350gf2e2g8caf15034794	Wand of the War Mage	Жезл бойового мага
h7a35556fge570gab38gf0edg0b4326380cb9	Magic Weapon	Магічна зброя
hb3ef7ea3g8eb9g0dd5gcb2dg55d37c23c558	Wraps of Unarmed Power	Обмотки сили ударів голіруч
hadc2948cg9997gd815g5d5eg80b24c6d60ef	Magic Armor	Магічні обладунки
h866bec2eg3c08g1950g56d1gc59be810c970	Helm of Awareness	Шолом усвідомлення
h8e87a858gabb8gb553ga5e9gd588c594e0f8	Lantern of Revealing	Ліхтар одкровення
h9748c223gcbccga7c5g7a8dgfd5991c7bf21	Mind Sharpener	Загострювач розуму
h1d1129bbg26a2g8dffgb2fdgf8f7a76ceeb7	Armor of Resistance	Обладунок стійкості
hab73d382g1a8eg63dege86fg9874a3c11c9c	Ring of Free Action	Перстень вільної дії
hd3c53187gc5acg834fg9a70g53edd5e45e58	Ring of Protection	Перстень захисту
h7616ad89g71cag4308g0298ge537bbd04ae3	Alchemist	Алхімік
h6c2794d4g3126g3b3dg2ae1g7f34dee9cdc6	Level 3: Alchemist Spells	Рівень 3: закляття алхіміка
he9d21042g0c4ag847eg705agae859cb223ec	Level 3: Experimental Elixir	Рівень 3: Експериментальний еліксир
h9cb34817gce50g22afg8b5bgdd5576b387bd	Level 5: Alchemical Savant	Рівень 5: Алхімічний учений
h19ac5e59g8da4gab1egdd1ag819d6284a636	Level 9: Restorative Reagents	Рівень 9: Відновлювальні реагенти
ha14eccefg494ag0cf0g8dfbg968982d24b28	Experimental Elixir	Експериментальний еліксир
h041d4fd9g0eccga18eg6fc4g03df5d14df8a	Restorative Reagents	Відновлювальні реагенти
h8311da6cg85dcge0b9g13bage6ae62239bea	Experimental Elixir	Експериментальний еліксир
h643d818cge9a6gc17ag91a1gcc2d7d4de897	Potion of Healing	Цілюще зілля
ha0bb8097ge097g7ba8g86begfb76e22d1f5b	Potion of Speed	Зілля швидкості
h7840502dgd965gff1bg1959g4cc5788a1633	Elixir of Heroism	Еліксир героїзму
he9dd21e8g770ag148agb861g13f25606315d	Potion of Flying	Зілля польоту
hbc5f43fegbdb9gd6d1gc3bagd929971fe088	Potion of Invisibility	Зілля невидимості
hc4519899g1152g99c2g7e55gd65bec475876	Elixir of Peerless Focus	Еліксир незрівнянного зосередження
h1b8d2207g2561g9a35gf63cgb0bf9fbef90e	Elixir of Vigilance	Еліксир пильності
h6e0a384dgd225ge86egd69cg112d2ac7bc0f	Elixir of Bloodlust	Еліксир жаги крові
h2469192dg9405g885bg517dgc323e96a0644	Elixir of Hill Giant Strength	Еліксир сили гірського велета
hc6b55ef9g548egd7b8gd8a3g4b6d580a9b9e	Elixir of the Colossus	Еліксир колоса
h7e88c185gbd54g08f0g41c1ga5e3a0ee30bd	Potion of Feather Fall	Зілля "Легкість пір'їни"
hed809b80g558dgc5ccg48e7g16bd505b61da	Potion of Glorious Vaulting	Зілля надзвичайних стрибків
hf5433434g6271ge302gedbbg79fd7c7dccbb	Arcane Alchemy	Магічна алхімія
h176408ebgc47agbb00g8d78g8675fe6576cd	Level 10: Magic Item Adept	Рівень 10: Адепт магічних предметів
h0b2e5d9fg730eg2907gb1c6g5a314ceeb47c	Level 6: Magic Item Tinker	Рівень 6: майстер магічних предметів
h25aaafe6g04e0ge670gb330gf129adbda2f3	Shadow Gnawer	Тінегриз
h69753443g4b64g24dfg671fg01f0a6c73022	Level 3: Shadow Smoke	Рівень 3: Тіньовий дим
h491afa5eg7b34g23f1g71d1gd3a73f1a0484	Shadow Smoke	Тіньовий дим
h99712a6fge628ga06eg47b4ga89071e28928	Creeping Fog	Повзучий туман
h941c15f0g2e60g0e9fg218dge166bea3e8ed	Consume Darkness	Поглинути темряву
h69bf67ebgf486g254dg8139gcbbd39d66230	Level 6: Creeping Fog	Рівень 6: Повзучий туман
he97e3b0fg6f9cg22aag0fc7gb7945f9ceb17	Level 10: Consume Darkness	Рівень 10: Поглинути темряву
h925aafd9gec3fg0bb7g12d0g081af9525fe1	Requires attunement by a Paladin	Потребує налаштування паладином
h345d4909g3905g0fc0g06eag48597d9a0ed4	Holy Avenger	Святий Месник
h88763505g272bg1df5g5d45gfa5ef421bfec	Holy Avenger	Святий Месник
h56b28652gd66cgff72gb7eaga9c8332947e0	Holy Avenger	Святий Месник
hda8b38bag9499g847bgcf99g9febaba0926a	Level 3: Armorer Spells	Рівень 3: Закляття броняра
h5e04a4b5g175bgdd37g3e7dgce0dab6d5f40	Level 3: Arcane Armor	Рівень 3: Містична броня
hca9785d1g9483g710egfc60ga2d4f1dfeef6	Level 3: Armor Model	Рівень 3: Модель обладунків
h916a21e8gd025g4c4eg788agd117ac8d425a	Armor Model	Модель обладунків
h268b26f7gae12g5da6gc6cbgfc918bbeed59	Dreadnaught	Дредноут
h9d4fd894g81e1g69a7gb31ag685f124bd58d	Guardian	Вартовий
h9a58f47cgb03cg53ddg2bdfgba12dcd9a2e5	Infiltrator	Диверсант
hae5b8629gb6dege582gb0b6g59da26e4eb55	Level 9: Improved Armorer	Рівень 9: Покращений броняр
h47131d60gec85gc936gc2dcgea0e6754c6e8	Armorer	Броняр
hbd193bb1gdcb2g7a86ga1c6gafebb216ece6	Dreadnaught	Дредноут
ha42bd3d5g2ce4ga800g2fcbg8d6d528c77c2	Guardian	Вартовий
heba7c958g5e2egaf60gaed7g5b1af3b11e89	Infiltrator	Диверсант
h097afcaegbffcg54c6g7e95g39e866fdaad8	Force Demolisher: Push	Силовий руйнівник: відштовхування
hc997bdabg8c5dg07ceg15dfgb0f9460ee068	Force Demolisher: Pull	Силовий руйнівник: притягнення
hd6af5f68g9087g1e07g293bga2e94a2ef0a2	Thunder Pulse	Громовий імпульс
h1deb9510g66e8g1014ga617g42de42c8b1ba	Lightning Launcher	Блискавкомет
h64fa93dage730gf474gfa7agc5a1466cbb77	Force Demolisher	Силовий руйнівник
h5817d478g41f5g4062g0496gdf1b77f01ce1	Thunder Pulse	Громовий імпульс
h578b08afg922ag9afbg1ea2ga018092ec265	Lightning Launcher	Блискавкомет
he1017279gb291g6b37gf200ge61712e6f68e	Thunder Pulse	Громовий імпульс
h95594e96g7134g5267g0351g720116b03ad5	Improved Force Demolisher	Покращений силовий руйнівник
hf3fe4a85g4138g5242g327fgacf6ace676c1	Improved Thunder Pulse	Покращений громовий імпульс
h753e23bdg728bg6193g230ag2ac8bdbb0d6b	Improved Lightning Launcher	Покращений блискавкомет
h1fdca66eg9f13g57dbg8cc8g8f067bb4d447	Giant Stature	Велетенський зріст
h53e48d5bg3952g2a28g0b12gf55ed4664386	Thunder Pulse	Громовий імпульс
h67d36ff5g7e58g0847g05abg2265be2e8935	Lightning Launcher	Блискавкомет
hf5b8251dg37fag23degfd61gb647962089e3	Giant Stature	Велетенський зріст
ha072f922ge3c6g116bgc7feg773bb825e8e2	Defensive Field	Захисне поле
h1986e89ag8ebfg5144gcfc6g4888865326e5	Defensive Field	Захисне поле
h90cf192bga720g4832g6e4dg0c99af7066d2	Adrenaline Rush	Приплив адреналіну
heb8b42dfgf791g5695g2d5bg94d944d01b24	Artillerist	Артилерист
hb2e1a5b6gf536gee48g07d0g84251df2a247	Level 3: Artillerist Spells	Рівень 3: Закляття артилеристів
h8972d6f1gb973gb24eg4f39ga448bf22f9f4	Level 3: Eldritch Cannon	Рівень 3: Потойбічна гармата
hc7dd7a10g7e44gb9a6gc6bfgcc7a3d89e928	Level 5: Arcane Firearm	Рівень 5: Магічна вогнепальна зброя
h3b11a6dfg7408ga680gbdf9g27b20bb02003	Level 9: Explosive Cannon	Рівень 9: Вибухова гармата
h3f377196g65a7g4515g06e5gba317fd59da5	Force Ballista	Силова баліста
h03d65a32ga8ccg59e0g4ea5g3121ef238425	Flamethrower	Вогнемет
h702ee012gf2cegac5agc807g4f790f5c4902	Protector	Захисник
ha08d7455g92d8ge864g1342g92dbae05a2cd	Protector	Захисник
h65882d15gbcc1g0a95g4036g27f23ffa539c	Detonate	Підірвати
hd790e5deg5793ge1d8gfbc7gad8509c9beea	Explosive Cannon	Вибухова гармата
h01831d81g2d20g8c48g5e5eg10559d708494	Detonate	Підірвати
h57be1335ga707gde5ag1346g356ac10f28b0	Moon Sickle	Місячний серп
ha29a53f0gdcdag13d4g65a6g4969c1a596e5	Requires attunement by a Druid or Ranger	Потребує налаштування друїдом або слідопитом
h65c236c4gca30g9d80g8ce9geda1067e572a	Moon Sickle	Місячний серп
h463f00d2g43d4g6387ga3e8g5af46bc31369	Mind Sliver (Lingering)	Уламок розуму (тривалий)
h0e4f0ac6g2f7egd603gf1dfgbe7d59c073b3	Circle of Dreams	Коло мрій
h853388a0g259bga78age028g6a93fbf44c57	Level 3: Balm of the Summer Court	Рівень 3: Бальзам Літнього двору
h6002b32ag74ffg3470g0a2cg9afe92b897e5	Level 6: Hearth of Moonlight and Shadow	Рівень 6: Осередок місячного сяйва й тіні
h86d67657g9bf6g0b50g5e7cg56cc562e49a6	Level 10: Hidden Paths	Рівень 10: Приховані шляхи
h2871d8a1gc38dg55beg842agaf4d3298bdd3	Balm of the Summer Court	Бальзам Літнього двору
h90bafc33g2849g9ffbg6757g0471be69d9b7	Hidden Paths	Приховані шляхи
h37aa6b9dgff7fg4b1bgab52g38d4828960cd	Balm of the Summer Court	Бальзам Літнього двору
h8ae6911fg454ag4837gb124g3854cf3dde9a	Balm of the Summer Court	Бальзам Літнього двору
h25cebc5cgd794gb02fg2941g193df53c964f	Hearth of Moonlight and Shadow	Осередок місячного сяйва й тіні
h0bf5656fg0b15g4da8gc1fcg0b504c8b4a4b	Hearth of Moonlight and Shadow	Осередок місячного сяйва й тіні
h447397a3g875fgc842g106dg4b2c03ef1b5b	Hidden Paths	Приховані шляхи
hb6ad15b6g6a5cgc8edg95d4gd631318ac05a	Hidden Paths	Приховані шляхи
h318e3ac4g7a18ga5edgf912g65c014f1354e	Vampiric Bite	Вампірський укус
ha48ff32fg388ag1220g80cbgc8e2ec3cd1c7	Severed from Dreams	Відлучення від снів
hb3e89e41gbe95gff0dgb116gf17d00181a3d	Severed from Dreams	Відлучення від снів
h76b975b4g225dg6d93g8391g805c6fe94d75	Severed from Dreams: Charisma	Відрив від снів: харизма
he10fa554g1d22g52e8ga07ag4d67ea3adba9	Severed from Dreams: Dexterity	Відрив від снів: спритність
h5aaa6305g5e92gf0bbge44cg808c6bfe53e3	Severed from Dreams: Intelligence	Відрив від снів: інтелект
hfa38bd13g00b7g251ag5dcfg7b778b90f0fa	Severed from Dreams: Strength	Відрив від снів: сила
h1bcd11adgf59dg2940g9970gc535b6f03671	Severed from Dreams: Wisdom	Відрив від снів: мудрість
h349db2d2g6007g8ab3g7a65gc8a49bb91090	Severed from Dreams	Відлучення від снів
hf8e05d10g02faga33fg2d55ge9f15c67f8f2	Severed from Dreams: Strength	Відрив від снів: сила
h22d73c13gc15eg0eacg8774ge49e882c482d	Severed from Dreams: Dexterity	Відрив від снів: спритність
h80c38745g80eag0668gc029g08825f3ec1ef	Severed from Dreams: Intelligence	Відрив від снів: інтелект
h0152f209g939bg4575g22f7g26ad677352b5	Severed from Dreams: Wisdom	Відрив від снів: мудрість
hb641ddd6g0950g5b50gf483g681c68224f61	Severed from Dreams: Charisma	Відрив від снів: харизма
h387fbbd8g1993g3f29gb171ge2f1a3b1e7cd	Versatile	Універсальний
h325e735fg2b3bg04e3g4111g0c40750b7fbe	Skillful	Вправний
hffb15f0dg8d46g8ce2g4665g6ab0e628d277	Keen Senses	Гостре чуття
h131208e0g1b65g0338gbc3dg9af0e2d478df	Elven Accuracy	Ельфійська точність
h34159b25g04efg5336ga815g3000f32dc549	Vow of Enmity	Клятва ворожди
h96b414b5gdd91g3ee2g39ccg5cc08f37e532	Way of the Kensei	Шлях Кенсея
h0858dcb4gdc85g9618g56bfg2d778b0aaa09	Level 3: Kensei Weapons	Рівень 3: Зброя кенсея
hf85cf240g294egdc88g9a7bgc4dace0ece7a	Level 3: Agile Parry	Рівень 3: Спритне парирування
h8690c2e3ge55cg1054gfe25g7b4ca4d83ba6	Agile Parry	Спритне парирування
hacd7feafg2cb6g4005g54dag5aaf575140f2	Kensei’s Shot	Постріл кенсея
he2295183g33c5g9814g52d8g80811e5ec84a	Level 3: Kensei’s Shot	Рівень 3: Постріл кенсея
h9a555b37g7fb4g96dcgf889g2b4ef90a9487	Kensei’s Shot	Постріл кенсея
h1dff0d2fgf8b2g562egc63egd2c7a23bebd3	Level 6: Magic Kensei Weapons	Рівень 6: Магічна зброя кенсея
h4beea7d7g7a52g8f66gd6d9g18d9606087f3	Level 6: Deft Strike	Рівень 6: Вправний удар
h9f0d8d5cgc3dag8cb5g882bg29b913bcd705	DeftStrike	Вправний удар
ha09da56fgad39g287dg78e1gbdfa8485c663	Deft Strike	Вправний удар
hee1c032egf866gfdcfg9cfdg173e654a3625	Level 11: Sharpen the Blade	Рівень 11: Нагострити лезо
h670a676agfd61g80b8ga8b3ga28b64195781	Sharpen the Blade	Нагострити лезо
h7e5c8452ge0d5g2610g45eagca1b87277e92	Sharpen the Blade	Нагострити лезо
hed8eb390g17b2g994bg8cfdg02107c263310	Level 3: Battle Smith Spells	Рівень 3: Закляття бойового коваля
h1276ad5dgc82ag3397g6f0bgb0f6dfda70ed	Level 3: Battle Ready	Рівень 3: Готовий до бою
hd5cef72fg7633gfff7g44f5g7c4e863fdc13	Battle Ready	Готовий до бою
h41d2ff5cgefb3g4750gfbbfg9ce76cd22456	Level 3: Steel Defender	Рівень 3: Сталевий захисник
h7b9311b6gf2bag9d7eg4407g3cb8f90b5541	Deflect Attack	Відбити атаку
hf909a1bage22fg8286gcfedg0f187d283bee	Force-Empowered Rend	Підсилене силою роздирання
h0830e0b7g5f29g2f2egddefgdf29c01c0374	Steel Defender	Сталевий захисник
hc3c4873cg8a6ega479gb1f6g3037781e3e20	Steel Defender	Сталевий захисник
h074e1d16gaccag0b0bg55e9g233c194cbe67	Battle Smith	Бойовий коваль
h6d2cfddegb7bag99e2g6ffbg6a101cdf219d	Level 9: Arcane Jolt	Рівень 9: Магічний поштовх
hfcff03d7g3b43gc2c2g568eg228ec39a2a92	Destructive Energy	Деструктивна енергія
hcbe0e0aeg4adbgf201g248cg78fdbe7712a4	Arcane Jolt (Steel Defender)	Магічний поштовх (сталевий захисник)
ha41d11dbgba7eg921eg929fg846ff3d63c75	Destructive Energy (Steel Defender)	Руйнівна енергія (Сталевий захисник)
h10e88f31ga340g7220g57cagf79b60b98df3	Arcane Jolt	Магічний поштовх
h214b31e4g1222g89d1g1c98g859dc68c80f1	Restorative Energy	Відновлювальна енергія
h2f2351eagc707g9459g9834g51d1c7e9978b	Monster Hunter	Мисливець на чудовиськ
h601d5cbag2cd7g2d2ag51c7gedc8460d73bd	Level 2: Studied Response	Рівень 2: Вивчена реакція
h7ed746cbg5755g06c8gb2c6g038076d2cf1f	Level 5: Expert Strike	Рівень 5: Удар експерта
he9610900g31c5gc311g6350gf54444ec26ce	Level 6: Improved Monster Hunting	Рівень 6: покращене полювання на монстрів
hed99b819g6962gbbc5g7eb3gf4fabbc92aaf	Level 9: Knowledgeable Defense	Рівень 9: Обізнаний захист
h01ea6745gf575gdd08g5ff4gb54b6b04ee5f	Carver Guild	Гільдія різьбярів
he299d208g313bg4b8dg9d4eg974da70d0811	Level 3: Equipped for Battle	Рівень 3: спорядження для бою
h07e023ddg7200g1081g75b6gb872827fece1	Level 3: Close Quarters	Рівень 3: Ближній бій
h2a01a6f1ga5a8g118agb925gaeebd140f61f	Level 7: True Grit	Рівень 7: Справжня витримка
hd650c47ag4b95g9d0dg5585g12ccb7b6c4fa	Level 10: Terrorize the Terrors	Рівень 10: Жахати жахіття
h99831797g4294g8465g0eb9g7df78a5c76a0	Close Quarters	Ближній бій
h313bab3cg67c1gfa03ge6f3g354db3046e48	Studied Response (Melee)	Вивчена реакція (ближній бій)
he03aadf1g28cbg5549g778fgff77ace6f7ba	Studied Response (Ranged)	Вивчена реакція (дальній бій)
h87d3e26ag5e53gdf92g801cg4e8c26aac78e	War Caster: Booming Blade	Бойовий заклинач: Гуркітливе лезо
ha738254bg5dbag724ag511ag8d59cf1fed09	War Caster: Green-Flame Blade	Бойовий заклинач: Клинок зеленого полум’я
h7e0866bbgdec1g07c2g7725gef3c6eb68247	War Caster: True Strike	Бойовий заклинач: Певний удар
h664f7fdag1793g4256gd73cga50bae7c538a	War Caster: Vengeful Blade	Бойовий заклинач: Мстивий клинок
h67a39d88g2da4ga80bg2675g4c2a3e61a8ce	War Caster: Shocking Grasp	Бойовий заклинач: Шоковий хват
hb9127c70g1995gf222g6ab6g02340332c0ad	Viking	Вікінг
hf32997c7gc211gb313g3fbcg48944959ce8d	Level 3: Seaborne	Рівень 3: Народжений морем
h0365a5ccg5ec9g7487g0f4fga94912c1e111	Level 3: Viking Weapon Mastery	Рівень 3: Майстерність зброї вікінга
h4fa40dc4g9c70g921bg8267gaeb44665f760	Level 7: Savage Charge	Рівень 7: Дикий натиск
h765b9461g9506gb734gcb45gfb2796d10549	Savage Charge	Дикий натиск
h8e6c5eccg23b9gc208g91f9gd9f773d69192	Level 10: Call of the Northlands	Рівень 10: Поклик північних земель
haa63297agabf6g8665gd863gccf514e607f5	Surprised	Заскоченість
h5a9a1666gd0c6gb6d5g9f5dga7c149830daa	Surprised	Заскоченість
h1311946eg0f6eg3884gb766ga518b4884a4d	Surprised	Заскоченість
hebdf4ecbgcaabg1a81g42d5g735a9adcf945	Ice Elf	Крижаний ельф
hde5c36edg5a0dgf6c3g4376g7f935d4d12ac	Ice Elf	Крижаний ельф
h1bcfb060g8de9ga777gb7c0gf7094b81c5f0	Ice Elf	Крижаний ельф
hc4299a96g2f91ge777g37f1gc3a5dae657c3	Ice Elf	Крижаний ельф
h23fe18adga21bgcce1g94begc4e07deb93fe	Devourer Guild	Гільдія пожирачів
h3fd3cd39g82cdg6ea4gad4age341508f8cce	Level 3: Transmuting Metabolism	Рівень 3: Трансмутаційний метаболізм
hf7edd0e4gc93dg9a16ga571g3e0626bf6d67	Level 7: Synchronized Response	Рівень 7: Синхронізована відповідь
h529b8a58gb300g1753gdff4gbd3ce84b211c	Level 10: Gnawing Hunger	Рівень 10: Гризучий голод
h2f0d1be4g0c48gc8dag5d46gb63613816d4b	Acid Blood	Кислотна кров
hfb4b4347g41f8gc00fg03eagf4da78649103	Acumen	Кмітливість
h0332a04eg8429g6f00gada3gf49674ee7d97	Flight	Політ
h2eddaae5gd399g869eg1cdag9e9a178e24d8	Infused	Насичення
haa67fd1eg0ed5g498egc4f2g2b0c0638ff09	Infused: Acid	Насичення: кислота
h19df2915gdc32g0dd3g5c76gef59b78ad51f	Infused: Cold	Насичення: холод
hb78a3ecdg7a33g2a60g7ee1g414456631317	Infused: Fire	Насичення: вогонь
h7953e4c5g1403g5956g4511gc857d6b9ce40	Infused: Lightning	Насичення: блискавка
h9937e5c1g20b9gf010g9a9ag5025bbaebac2	Infused: Poison	Насичення: отрута
h6537ee84g1c9egec99gef96g0dc4308fed8c	Infused: Thunder	Насичення: грім
h5eb0c1fbg30ddg233fgb6c8gefbdb310cc80	Invisibility	Невидимість
hd01b6b25g66b1g66d5gcfaag271f0d12728a	Might	Міць
hf72e3943ga838g8a6eg437fgf3e3b4cf0bde	Regeneration	Регенерація
h14ef410eg91c7g8763gfe5bge988b17c4434	Resistance	Опір
h18dea430g0a51g9ce2g9dc4g23ab4802a3ec	Acid Blood	Кислотна кров
h65822f22g5c0agbed4ga2dfg8ecf26db28f0	Acumen	Кмітливість
h803ef2b4g9d5fg6bf7gcdfbge5aa148caa9d	Flight	Політ
hf927d573g7918gf498g9bedg56f31a1a2e84	Infused: Acid	Насичення: кислота
hcd3296f0g5c52gf913g920agbba88bdced8b	Infused: Fire	Насичення: вогонь
h7954c79agf580gbf38gb998ga2c34ab9cde5	Infused: Cold	Насичення: холод
h76c971ebgee3fgbdf8gc480g5b0e87d2e46b	Infused: Lightning	Насичення: блискавка
hea98444ag27e9g0fbcg378bg8dec879945da	Infused: Poison	Насичення: отрута
ha8f80da7g749dg53f7g250cgcb2b053e8257	Infused: Thunder	Насичення: грім
h3f4646b9gb34dg645fg078cgf9f1a47d3ede	Might	Міць
h1a8a8630g2403gd97bg04dfg98e96ac14682	Synchronized Response	Синхронізована відповідь
h6c54c1b3g4767g3527g4d8dg0d550177f041	Gnawing Hunger	Гризучий голод
h0cb6fe74ga523ge60dgf112g667d31b003f8	Transmuting Metabolism	Трансмутаційний метаболізм
h3f843ebcg8610ga557g917ag613b7d8001e7	Level 2: Fiendish Vigor	Рівень 2: Диявольська сила
h18b3f8afg5a28g03a8gaefdg39fb7c01b1f4	Prerequisite: Level 2+ Warlock	Необхідна умова: чаклун рівня 2+
he55ef41cg489dg2db3ga14bg076c3922f5be	Level 3: Acolyte of the Occult	Рівень 3: Послушник окультизму
h6d45afc8gf3a4g9b53ge55cgee1e8ff20f84	Level 3: Arcane Interference	Рівень 3: Магічне втручання
hb92bcd84g4cddg1b78g08b9g7f8b71b93820	Arcane Interference (Melee)	Магічне втручання (ближній бій)
h3b16b3ffg2270g1432g326dg3d651266daf9	Arcane Interference (Ranged)	Магічне втручання (дальній бій)
h24d8b18eg6581ged0bg11fbge247a09545db	Level 7: Mage Hunter	Рівень 7: мисливець на магів
ha194a5afge808ga991ga5a2g25513c2f607a	Level 10: Occult Knowledge	Рівень 10: Окультні знання
hb94ed556g5e70g8c49g722fge57833fe8a79	Occultist Guild	Гільдія окультистів
hd5511bb2gf4b8g0709g6e56g92eaa3079df9	Level 3: Apocalypse Domain Spells	Рівень 3: Закляття домену Апокаліпсису
h46ff1dc0g3fb4g0e61g3544g195538ce2ff9	Level 3: Visions of Annihilation	Рівень 3: Видіння знищення
h751150e3g3292g3e58g402ag01d32ccf9a11	Level 3: Doom Song	Рівень 3: Пісня приречення
h936af976g86a3g55a5gd932g3abc43fa4172	Level 6: All Will Be Dust	Рівень 6: Усе стане прахом
hf24a59b2g7e92gd5b5g78b7gd7fdcf01dfd9	Apocalypse Domain	Домен апокаліпсису
h9db7ea7cgcffdgdbaeg920dgbe5a72481ab8	Apocalypse	Апокаліпсис
hf9a730dcg1eb4gd9edg0aa7gb17398270505	Visions of Annihilation	Видіння знищення
h99f00500gb9adga785g718fgd903fd641999	Doom Song	Пісня приречення
h3475c9ecg2cbcge436gbedfg439982b16a38	All Will Be Dust	Усе стане прахом
h35cd62dfga45eg5034g1f95gaecba58e13b1	Visions of Annihilation	Видіння знищення
h28e871c2gfcbag2b14g8a07g144683a3a46e	Visions of Annihilation	Видіння знищення
hc4bc1dcdga064g5d98g2982gae11fa7e91d9	Doom Song Target	Ціль Пісні приречення
hfe532d12gf352g0812g7cdag063a8aa309df	All Will Be Dust	Усе стане прахом
h2a231046g780cge31bg55f1ga77aabad7a20	Doom Song	Пісня приречення
h2515f6efg74e9g6061g08a1g0ec0f22a342d	Create Ice	Створити лід
h22c0c858g3d5ag38b5g51dbg5e6023f8d885	Level 3: Create Ice	Рівень 3: Створити лід
h1e52530fgb6a1g58bcg28c8gf49958042c31	Level 3: Frost Spells	Рівень 3: Морозні закляття
he29b881cg8be9ge597gaa47ge013dbcb923e	Level 3: Frozen Body	Рівень 3: Заморожене тіло
h41c12c6fg7222ge59egf356g102fa92de375	Level 6: Cold-Hearted	Рівень 6: Холодносердий
hafa97bceg97c0gc97dgfa9fg414b6341027f	Cold-Hearted	Холодносердий
h2be99baag9938gfc17g13cfg590c60db09e5	Frost Sorcery	Морозне чаклунство
h2c47e364g0a41g1229g1e15g9ee56517f25c	Voltedge	Блискавкове вістря
h9191c661g0d83g945ag7a11gb64ae36d522c	Voltedge	Блискавкове вістря
h0d9ac304ge050g65c4gadd7gb2db9a3a6388	Grave Domain	Могильний домен
h526ff611g11bfg567cg8e51gf38acce5196d	Grave	Могила
h2cb62f22g7258gc3fcg2b1cgccb378b2f59e	Level 3: Grave Domain Spells	Рівень 3: Закляття Могильного домену
h9091248cg6df4gf72fg6f2ag70c577bab5c1	Level 3: Circle of Mortality	Рівень 3: Коло смертності
h794dc21ag8b55ga792g3b31g88988c279134	Level 3: Path to the Grave	Рівень 3: Шлях до могили
h345ec71fg8b14gc4a2ge4f4g2ae275d3a891	Level 6: Sentinel at Death’s Door	Рівень 6: Вартовий біля дверей смерті
h9f30b48cgc586g9ffdge56fg532847cbc56f	Path to the Grave	Шлях до могили
h95548fa8ge81cgbc76g7f69g8ac91ac34610	Path to the Grave	Шлях до могили
h89b07ad8g5b08g1ce3geeefg28e025c51ec9	Path to the Grave (Radiant)	Шлях до могили (променева шкода)
h7fbdaf7cgb9dfg7914g321dg56535e4ef83f	Path to the Grave (Necrotic)	Шлях до могили (некротична шкода)
h5412be87gc0d6gd027g88dbg46cccbb5f405	Sentinel at Death’s Door	Вартовий біля дверей смерті
h75e81993g498fgad1ag49c0g16b6f5c596f1	Sentinel at Death’s Door	Вартовий біля дверей смерті
h8186b8ecg7248g13b4ge3fbga7dd7bb29966	Sentinel at Death's Door	Вартовий біля дверей смерті
hf4f2bdedgddf2g2241g30f8g9a81f5a1e39e	Sentinel at Death’s Door	Вартовий біля дверей смерті
h766f65e6g3d16g5e40g74e7ga8f8668f8d89	Path to the Grave (Radiant)	Шлях до могили (променева шкода)
hbdf05572gfd6fgc2b8g94f7ga66183c724c7	Path to the Grave (Necrotic)	Шлях до могили (некротична шкода)
hc89a1458g2a97g6f71g4ec2g2f90e1ca5dcf	Pull of Death	Тяга смерті
h36f8ec91gd0ffg30e0g363aga7612313e95b	Hollow Warden	Порожній вартовий
hfbcd8ecag6df7g76eeg5bbdge488cbd2d2ff	Level 3: Hollow Warden Spells	Рівень 3: Закляття Порожнього вартового
h9a3aa8d6g3cb8g0884g6d9eg5f6c2e19ad7b	Level 3: Wrath of the Wild	Рівень 3: Гнів дикої природи
hdce7e79bg8885g6824g9637g6951304ec5c7	Level 7: Hungering Might	Рівень 7: Голодна міць
hf0a74333g96ebgca45ge544g1b9f0f8411cb	Level 11: Rot and Violence	Рівень 11: гниль і насильство
h656241edg097dg71d1gc1ddg80f0965b5079	Wrath of the Wild	Гнів дикої природи
h41856fd8g557fg1204g89c3gd79299a20aba	Wrath of the Wild	Гнів дикої природи
hf1d97e50g4266g20d2gfa31gc28b01a57f91	Prowling Retribution	Відплата мисливця
hcb469b5ag81e6gc10dgf121g03e0273e12e0	Unnerving Aura	Тривожна аура
hccc59875g41d7g8efag4ac7gd30ae86a609f	Hungering Might	Голодна міць
h69a7fb39g6a1dg8cc5g6b7egf436399cf817	Menacing Aura	Загрозлива аура
h82eeb0d5g97f8gb543g1fccgc1ddce66a5b2	Undead Patron	Покровитель-Невмерлий
hf3e7b3e5gd803gdb85g050dg99a565121fbd	Level 3: Form of Dread	Рівень 3: Жаска подоба
hcd558b81gae7eg26dag6eaegf0f7e3dd0197	Level 3: Undead Spells	Рівень 3: Закляття невмерлого покровителя
h51d8435ag421eg4abdg2702ga3868c2dab5c	Level 6: Grave Touched	Рівень 6: Торкнутий могилою
he206cdceg59e4gfa8cg4328gf3d7938622de	Level 10: Necrotic Husk	Рівень 10: Некротичне лушпиння
hcaaac561g47fbgc64dga290gc1f58fa033fa	Astral Flood	Астральний потоп
h7b203ccagf3bbgbc50ge697g2f7d6dd55d71	Usable Classes: Sorcerer, Wizard	Доступні класи: чародій, чарівник
h5cc2b487g9e1cg67f3gff45gb8bebf140d50	Usable Classes: Sorcerer, Wizard	Доступні класи: чародій, чарівник
h81b6ff86g5390gac9bg1d77ga53e64111601	Usable Classes: Sorcerer, Wizard	Доступні класи: чародій, чарівник
hab99ff93g3f23gd11egb0f9gbffa91781c6a	Usable Classes: Artificer, Sorcerer, Wizard	Доступні класи: винахідник, чародій, чарівник
hc5d990c5g4bc9g584ag42c3g14e89f46c133	Usable Classes: Druid, Sorcerer, Wizard	Доступні класи: друїд, чародій, чарівник
hea71fda5ge282g59e5g6655g9ddd810de96b	Usable Classes: Druid, Sorcerer	Доступні класи: друїд, чародій
h9a00c633g9e59gdb51g8d17g33a090a4b718	Usable Classes: Bard, Sorcerer, Wizard	Доступні класи: бард, чародій, чарівник
h3bfc9f9egcbcfgb28fg8505ga053e8195000	Usable Classes: Druid, Sorcerer, Warlock, Wizard	Доступні класи: друїд, чародій, чаклун, чарівник
hdc575017g0d8dgb342gd41bg10a869827f81	Usable Classes: Sorcerer, Warlock, Wizard	Доступні класи: чародій, чаклун, чарівник
hb9aeb007g1897g208eg83f7g7edbb0f8ef8c	Usable Classes: Sorcerer, Wizard	Доступні класи: чародій, чарівник
h112db883g654cga8e4ga30cg28987b743aac	Usable Classes: Bard, Druid, Sorcerer, Wizard	Доступні класи: бард, друїд, чародій, чарівник
h00d06463gd5ceg24d8gecefgfe155fa64a8a	Usable Classes: Druid, Wizard	Доступні класи: друїд, чарівник
h36b518acg95c4ge183g4e63gd3392cb3da45	Usable Classes: Druid, Wizard	Доступні класи: друїд, чарівник
h0be24935g2030g85b3gc306g2bb41fc4e3ae	Usable Classes: Bard, Sorcerer, Wizard	Доступні класи: бард, чародій, чарівник
h5b9af6b6g0fb9g76bfge6acg31f03b6be9ab	Usable Classes: Bard, Sorcerer, Warlock, Wizard	Доступні класи: бард, чародій, чаклун, чарівник
h081d2ca7g938fg7b8cgabc2g3ebfd3f20918	Usable Classes: Bard, Cleric, Druid, Wizard	Доступні класи: бард, клірик, друїд, чарівник
h9ce29b2fg9512g42fcg0bb3g0130eac87437	Usable Classes: Druid, Sorcerer, Wizard	Доступні класи: друїд, чародій, чарівник
hb5449aaeg0cdag7016g618ag5818eb654495	Usable Classes: Artificer, Sorcerer, Warlock, Wizard	Доступні класи: винахідник, чародій, чаклун, чарівник
h8ce9a23egb8a0gb9d7gd45fga0d286bbc402	Usable Classes: Sorcerer, Wizard	Доступні класи: чародій, чарівник
hc21389d1g0818gfd8cg1028g98e4b6dfab5f	Usable Classes: Sorcerer, Warlock, Wizard	Доступні класи: чародій, чаклун, чарівник
h99da7e22g12afgd783gdbf2gc858ed098a7c	Usable Classes: Sorcerer, Wizard	Доступні класи: чародій, чарівник
ha12ea06dg5003g6e60gc979g1f90ad6c1484	Usable Classes: Artificer, Bard, Cleric, Wizard	Доступні класи: винахідник, бард, клірик, чарівник
h53ebe725g777bg732bgd58fg65c4f7d7f4a5	Usable Classes: Artificer, Sorcerer, Wizard	Доступні класи: винахідник, чародій, чарівник
hb1711043gacb3g9782g2cf8g32a2ec0ff2ea	Usable Classes: Bard, Sorcerer, Warlock, Wizard	Доступні класи: бард, чародій, чаклун, чарівник
hdd2cf90fg0261g02b3gae25gfb176a817222	Usable Classes: Bard, Sorcerer, Warlock, Wizard	Доступні класи: бард, чародій, чаклун, чарівник
h62899232g86b6gcbbag7509g512371a04a09	Usable Classes: Druid, Sorcerer, Wizard	Доступні класи: друїд, чародій, чарівник
h92ddaa49ge22bg88d7gdd71g0018b45092c4	Usable Classes: Bard, Sorcerer, Wizard	Доступні класи: бард, чародій, чарівник
h7d350fc2gaf25g08f0g58f4g2246514bfbb4	Usable Classes: Bard, Wizard	Доступні класи: бард, чарівник
he09832a9g1034gf61eg906bg73be5b1aa940	Usable Classes: Bard, Wizard	Доступні класи: бард, чарівник
h871fa494g4b4eg1958g9389g7d0935b4ff7b	Usable Classes: Bard, Cleric, Druid, Warlock, Wizard	Доступні класи: бард, клірик, друїд, чаклун, чарівник
h631b429cg3757gfc36gdba0ga51c780084b6	Usable Classes: Bard, Druid, Sorcerer, Wizard	Доступні класи: бард, друїд, чародій, чарівник
hf991584cg399dge2a2g8552gf07ff0b4b8d3	Usable Classes: Artificer, Cleric, Druid, Ranger, Sorcerer, Wizard	Доступні класи: винахідник, клірик, друїд, слідопит, чародій, чарівник
h8b5be3bcge99dg7031gbde6g1d904a4e7ab7	Usable Classes: Artificer, Wizard	Доступні класи: винахідник, чарівник
h068c31d3g6f3aga38cg1f1bgb356fb37a648	Usable Classes: Bard, Sorcerer, Wizard	Доступні класи: бард, чародій, чарівник
h89e4c126g6369g3dfegb0bdg2f6aceb008b9	Usable Classes: Druid, Sorcerer, Wizard	Доступні класи: друїд, чародій, чарівник
h094ae749g82a5g27f5g5963g3c4b4de8ae2a	Usable Classes: Bard, Sorcerer, Wizard	Доступні класи: бард, чародій, чарівник
h96da94d7gf3f8g932bgd0d2g8c8fecea83ea	Usable Classes: Bard, Sorcerer, Wizard	Доступні класи: бард, чародій, чарівник
hcb7bb507ge7f5g0a9egc740gd2e42ec643dd	Usable Classes: Artificer, Druid, Ranger, Sorcerer, Wizard	Доступні класи: винахідник, друїд, слідопит, чародій, чарівник
h490fc0dege26fg9f86gebe5ge9fe1504744d	Usable Classes: Sorcerer, Warlock, Wizard	Доступні класи: чародій, чаклун, чарівник
h405a2a4dgacbdgeb6bg4dcfg074c58afd9b7	Usable Classes: Bard, Sorcerer, Warlock, Wizard	Доступні класи: бард, чародій, чаклун, чарівник
h498bbe50g966fg2071g8171gfed451e31514	Usable Classes: Sorcerer, Wizard	Доступні класи: чародій, чарівник
h265185b6gb7e4gbe1dgf258g5b026be55064	Usable Classes: Druid, Sorcerer, Wizard	Доступні класи: друїд, чародій, чарівник
hfd8df497g28c9g3b75gc242gfa87f646de28	Usable Classes: Wizard	Доступні класи: чарівник
h76da8d92g272dgb35ag7f49g0604c8aceb3f	Usable Classes: Artificer, Druid, Sorcerer, Wizard	Доступні класи: винахідник, друїд, чародій, чарівник
h43586658g7269g4ac9g84f4g92239e7e5113	Usable Classes: Druid, Sorcerer, Wizard	Доступні класи: друїд, чародій, чарівник
h82fcd113g91bcg7a32g7db2g7a9bb77bc1a9	Usable Classes: Bard, Sorcerer, Warlock, Wizard	Доступні класи: бард, чародій, чаклун, чарівник
h0d09994cgb932g4c8bg28b6g6a5d21972441	Usable Classes: Sorcerer, Wizard	Доступні класи: чародій, чарівник
h41e92c9cgd1e2gd267g02c4geb8bae5ebc9c	Usable Classes: Cleric, Druid, Sorcerer, Wizard	Доступні класи: клірик, друїд, чародій, чарівник
h1e3fa5f7g9907g40dag9d6ag90042eff8573	Hexblade Patron	Покровитель-відьомський клинок
h41b0a1dbg7c44g6848gbf1ag34105de9296b	Archfey Patron	Покровитель-Архіфея
hd55742dag24b8g9010g614cg8ff311ddd61a	Fiend Patron	Покровитель-нечистий
ha989ddfeg14aege15egc09fgf298fc8f086e	Great Old One Patron	Покровитель — Величний древній
h68dcfb27g52ddg20aag7977g147e317f34ce	Level 3: Hexblade Spells	Рівень 3: Закляття Відьомського клинка
hfa17cac1gac88g9d72gf29eg0946ab8c0bb4	Level 3: Hexblade Manifest	Рівень 3: Втілення Відьомського клинка
h1aa8b9e4g53d3g8ae5gbb29g4fe1ab6952bb	Level 6: Life Stealer	Рівень 6: Викрадач життя
h6dea9c47g93a0g6397g3d9eg04b5e5b83704	Level 10: Armor of Hexes	Рівень 10: Обладунок проклять
h8a44a18ag2f79g5f22ga66dgf9d14502995b	Hexblade Manifest	Втілення Відьомського клинка
h26188b0bg7517gb0f4g956fg7f3316d5dd96	Draining Slash	Виснажливий розтин
hc7b0f28egb110gffacg5c7egb0143bdd1014	Harrowing Blade	Страхітливий клинок
hd36755d1g9403g81dbgf4efg2fb565b73a1f	Stymying Mark	Стримувальна мітка
h338cdd4dg57cdg382agd382g6e2930e3713f	Armor of Hexes	Обладунок проклять
h352f1d01g9b89ge024gdb8cg7b67da12f0e0	Draining Slash	Виснажливий розтин
ha104f4d6gd9eeg1862g7452g73819c4c7c2f	Harrowing Blade	Страхітливий клинок
h8af79815gc7d3gf37ag99eage18bc75980e0	Stymying Mark	Стримувальна мітка
h8dcb95d2ga517g32ebg6912g7069289dcf67	Hungering Hex	Голодний прокльон
hca29dcb5g220cg55c3g2c6dgb8a635486d83	Hungering Hex	Голодний прокльон
h10cb65eeg6a98g7720g30f1g78e524e4746c	Feat: Rune Shaper	Риса: Творець рун
h7161b496g15eeg82f5gd23agbcddcc7ddb56	Origin Feat: Strike of the Giants	Риса походження: Удар велетнів
hae3fe0d8g977dg32d2g8d96g1076ec054f12	Rune Shaper: Cloud	Формувач рун: Хмара
hf833f73bg69acga9f0ge44cgf4535aeb7eb0	Rune Magic: Fog cloud	Магія рун: хмара туману
h7e25491bgcdfcgd62fg64efg5de054df9a4b	Rune Shaper: Death	Формувач рун: Смерть
h8fbead88gd309g353bg8b7eg0cdca78e0dc3	Rune Magic: Inflict wounds	Магія рун: Завдання ран
h345b47ffgf22agbac3gddbfge9b02faf01da	Rune Shaper: Dragon	Формувальник рун: Дракон
h54e93aa2g6b82gf83ag6fc0gb3c23e1e69f0	Rune Magic: Chromatic orb	Магія рун: хроматична сфера
he17575f1g698bg2af2gc68agefc0346fff1d	Rune Shaper: Enemy	Творець рун: ворог
h4451430bg74bfg3059g8e83g01757cc64274	Rune Magic: Disguise self	Магія рун: замаскувати себе
hb1bbe7d1g9679g4858g76d5g7ca4dbccfb32	Rune Shaper: Fire	Формувач рун: Вогонь
haed744a2g4c33g682dg931fga03a3cb8accc	Rune Magic: Burning hands	Магія рун: палаючі руки
hd613bb26gebacgd838g6883g5d0665dcc0d3	Rune Shaper: Friend	Формувальник рун: друг
he3c616ddg7a67g533agd502g674ba56b5f05	Rune Magic: Speak with animals	Магія рун: Розмова з тваринами
h45003f12g5083gf487g3135g1f85c593494d	Rune Shaper: Frost	Формувач рун: Мороз
h92a5d377g3049gaa2fg5da1g1684fd0e0522	Rune Magic: Armor of Agathys	Магія рун: Обладунки Агатіс
h01e56ec9g7adfgbda5ge6f7g054b1074d4e7	Rune Shaper: Hill	Формувальник рун: пагорб
h78b41137g5f4ag08e5g9bf9ge8675ebd393a	Rune Magic: Goodberry	Магія рун: Гудберрі
h3b97affag0be7g4766g647fgabd94ceeab08	Rune Shaper: Journey	Творець рун: подорож
h2c48aa26gfa3eg1b84g4eebg5a36ae964f3a	Rune Magic: Longstrider	Магія рун: Довгоніг
h2f95a42aga999g405cg5db7g3c5d7d433885	Rune Shaper: King	Формувальник рун: король
hf7673e7dg1596g8d36g94a7gf2cd7cacba6c	Rune Magic: Command	Рунічна магія: Наказ
h145f13b6g8f61g8a7dg3b9bgedacd9e5018a	Rune Shaper: Mountain	Формувальник рун: Гора
hadaf370fga4c8g2b9aga0adg35693e522349	Rune Magic: Entangle	Магія рун: заплутування
h58c70e9cg31c7g052bga794g85537d9ccf27	Rune Shaper: Stone	Формувальник рун: камінь
hb8909774g6950g5bdeg7ee8g35bfc15c30b8	Rune Magic: Sanctuary	Магія рун: Святилище
hc3be35cdgc708g90d8gd889g4e3c17f9482c	Rune Shaper: Storm	Творець рун: буря
h34391a50g2410g5549g7d21gc1d16ce8f3eb	Rune Magic: Thunderwave	Магія рун: грозова хвиля
h34b412e2gf24ag1cfbg4da2g84045d629db7	Bigby Presents: Glory of the Giants	Біґбі представляє: Слава велетнів
hb799a08cg25f5g214agbad7g45640c6a03d4	Bigby Presents: Glory of the Giants	Біґбі представляє: Слава велетнів
hee3bf9a3g10d7g5e5dgbcf7g322706a2afa1	Rune Shaper	Творець рун
h0312caeage87bg07c0gbc38g2d82406f280f	Goliath	Голіаф
hd9e0aa16gc37bg4b4cg2ebbg38b9bb10a41c	Goliath	Голіаф
hdfda798egce43g07bbgc366gf55a071720ff	Human	Людина
he9f4aef0gbf9dgc383g7636g28f7af45dc34	Human	Людина
ha7f411bcg3f6cg64b1gca4eg2a06ea3eb63b	Human and Others	Людина та інші
h9c1c2999g7b54g854bgfdafg85a366d81a61	Human	Людина
h0ab77ea5gdc5bg9766g3e31gd30e3393b12e	Goliath	Голіаф
h43c8d778g4ffbg6a32ge27eg13e331031c39	Maddala Deadeye	Маддала Мертвоока
h9722e87eg449bg0e97g3b8bge9b1e675afe6	Gale	Ґейл
hbbb38650gbbe2g4f9dg6f66gf5578f1e9053	Wyll	Вілл
hc344cfc5ga758gba8cgf224gb3864fa0208d	Minsc	Мінск
hcf571c87ge866geaedge93eg4b1d41f25793	Goliath	Голіаф
hce152759gc1e1g418cgcf1agfab6759d882e	Giant Ancestry: Cloud Giant	Велетенське походження: хмарний велетень
h297e6dcbgbedbg0037ga402g524f90049893	Giant Ancestry: Fire Giant	Велетенське походження: вогняний велетень
h51b85e6cg91c9g2e69ga921ga3e9856e5b2c	Giant Ancestry: Frost Giant	Велетенське походження: морозний велетень
h1ac94e1cge830g5902g72eag69029753a94b	Giant Ancestry: Hill Giant	Велетенське походження: пагорбовий велетень
h93939658gac4fgd417g1ad0gb5ba75bb2ea6	Giant Ancestry: Stone Giant	Велетенське походження: кам’яний велетень
h9cd64908gcb06gfdd5g1d19g351cc167fcfc	Giant Ancestry: Storm Giant	Велетенське походження: штормовий велетень
h30624b26g7d8bgc040g2e6dgfef7836f5019	Giant Ancestry	Велетенське походження
h7c22fcc1g0e9ag6fd2g21d9g5c933a3fdc0d	Powerful Build	Могутня статура
h7fa26bbcgfc27g49d1g9176g83491cbaf4bf	Human Female 	Людська жінка
h87059730gb37aga16ag3703gbaaea8527528	Celestial Resistance	Небесний опір
h28d61c0bg65ddgf141gf093g53b6a58f6196	Healing Hands	Цілющі руки
h4545e270g8facg12e9geda5gd28be0c71012	Light Bearer	Світлоносець
h1441708fgd061g4a56g61b7gb8e8733cc36d	Aasimar	Асимар
h4a85606fg83fegb919g2561gba3dd6f0fdf8	Aasimar	Асимар
h52005c15gb62ag4e2egb087ge08e4918fcdc	Dhampir	Дампір
hce58bf73g30e5ged4aga02cgfc3a7316df41	Dhampir	Дампір
h52cf869egf5cag4c87g68e9g5b3aec207282	Trace of Undeath	Слід нежиті
h46b0c2f8g60cfgf514g75e0g2b9f80721ed5	Dhampir	Дампір
h290db207g3982g8671gfbdeg7a8b3e079800	Dhampir	Дампір
h877ab541g5ce7g7a78g2577g02cab9025520	Kalashtar	Калаштар
h0a563e02g95f0gd9e3g039ag98f3b4346158	Kalashtar	Калаштар
hd5d6a1b0g7f08g3a12g364agc72eb40de46b	Dual Mind	Подвійний розум
hb34d9e37g9dacgc539ga29dgfa6196ae1daa	Mental Discipline	Розумова дисципліна
ha860cb95g7c9ag10c1g85f5gc9e5b708f2a5	Kalashtar	Калаштар
hfa61106eg95adg47fbg8362gcbea543e7ea6	Kalashtar	Калаштар
heb62505ag46b9gede3gde91gf79191d5fe3f	Level 3: Umbral Sight	Рівень 3: Зір тіні
h340e5304g5b60g19d5gdfcegce1b33d1ff16	Turn off  "<LSTag Type="Image" Info="TutorialDualWieldToggle"/>Toggle Dual Wielding"	Вимкніть "<LSTag Type="Image" Info="TutorialDualWieldToggle"/>Перемикач двозбройного бою"
had2ab3bfgf4fbga6e6gecbdgd688b4b2e4e0	Slasher: Enhanced Critical	Рубака: посилене критичне влучання
hf17a7619g3977g6814g32fbgf85330abba85	Slasher: Hamstring	Рубака: підрізання сухожилля
h3f40a0a2gba17g34abgbc3ag09290e63a9f3	Crusher: Enhanced Critical	Ломака: посилене критичне влучання
he395d87dg4873gcaafg7185g880684e4c5bd	Piercer: Enhanced Critical	Проколювач: посилене критичне влучання
h30872ab2g5b2ag089dg12deg82ee03d2fe8f	Mind Domain	Домен Розуму
h80d2cf8bgc729g9a24gbc58gb659d3b9da3a	Mind	Розум
h72fe5c98g4eeagbdcfg176cg9e7d2200729b	Level 3: Mind Domain Spells	Рівень 3: Закляття Домену розуму
h8f6de0c2g375fgd164gdd46g3b76457a3d70	Level 3: Psychic Feedback	Рівень 3: Психічний зворотний зв'язок
h65dab31ag9d8cg8927g3507g782f6b5249c9	Level 3: Psychic Force	Рівень 3: Психічна сила
h66a70d44ge6f0ga710g9f15ge39c0aaa98f6	Level 6: Gestalt Anchor	Рівень 6: Гештальт-якір
hc9a2be39gbdf5g35d5g580age250f4630342	Psychic Feedback	Психічний зворотний зв'язок
hf5d4f6f7g7924g8f6fg9ab0g9dfcbf96b1f0	Gestalt Anchor	Гештальт-якір
h5523ff58gc19agf695g2c18g98109b1b9045	Gestalt Anchor	Гештальт-якір
h89fdc87bg9104g7a67g82f9gea36ba2329e9	Eldritch Smite (Melee)	Потойбічна кара (ближній бій)
hfcd09315g6bf2g29efgc581g90a0a0b160fa	Eldritch Smite on Critical Hit (Melee)	Потойбічна кара під час критичного влучання (ближній бій)
h0cd27988g7bc2g4ac0g6bafg09eb92cd684f	Eldritch Smite on Critical Hit (Melee)	Потойбічна кара під час критичного влучання (ближній бій)
h2e15736fg5bd6g3f4dg0fc4g819006dce402	Eldritch Smite (Melee)	Потойбічна кара (ближній бій)
h5bda03eag283cgfcf7ga7d9g208fb40a60f2	Eldritch Smite (Melee)	Потойбічна кара (ближній бій)
h16b86fe8gc17cgeb8cg6b91g3ff530eba5fc	Eldritch Smite on Critical Hit (Melee)	Потойбічна кара під час критичного влучання (ближній бій)
h7f4aa580ga87dg16dcgfbe8g89f017ded271	Level 3: Shadow Spells	Рівень 3: Тіньові закляття
h312226b3g88ffg25afg2137g749c468fee54	Level 3: Eyes of the Dark	Рівень 3: Очі темряви
ha1f41cf1g38dagde18ga234gcff8d509b5e3	Level 3: Strength of the Grave	Рівень 3: Могильна сила
h8169cd0cg492cg6dbeg7bafg507ce72f8ac4	Shadow Sorcery	Тіньове чаклунство
h442cd917g6095gef57g713bg55e902c18ad3	Wild Magic Sorcery	Чаклунство дикої магії
h8c43a796gf6abg9b17ga6e7g640846c1d925	Shield Bash (Shove)	Удар щитом (штовх)
he6c26bfag496eg4545g66e5g0166e2cb0452	Shield Bash (Prone)	Удар щитом (Повалення)
h86dd84e2ge406g25feg8fbag707fbd12baf0	Rule: Spell Scrolls	Правило: сувої заклять
h94c617f1g467ag18f3gf740gb5a9fc763e88	Defensive Duellist	Захисне фехтування
hb74c3fd9ga6a8g8c4bg0373g427c3edf70f7	Jump Down	Зістрибнути
hd44fd6ddg1098gdbf5g10d4g8ca7b30d62bc	Jump Up	Стрибок вгору
hcc124e06g703dga91ag38b5g45f683e89b78	Guided Strike (Ally)	Спрямований удар (союзник)
ha40ed69ag0551g5097g5d76g272963c576f1	Commander’s Strike (Melee)	Командирський удар (ближній бій)
h679b8ed8g5188g6efege018gb74b3c65aafc	Commander’s Strike (Ranged)	Командирський удар (дальній бій)
hadc67dd4g058ag4a1ag9cd6g821ef4d45bd6	Commander's Strike Target	Ціль Командирського удару
h1af1fe5bg50e6g268fgff66g9f945c926502	Commander's Strike Target	Ціль Командирського удару
h71081eb5g3790g2aa9g3de0g457518c610e4	Commander's Strike	Наказ командувача
h9570e7b5gd9ceg5a34g04aagac5235955484	Level 6: Expert Divination	Рівень 6: Експерт ворожби
hae8e8ce3g458fg9150gdb09g00c46fe3fe62	Level 3: Portent	Рівень 3: Передбачення
hd419a5dcg621bg5ccagb91bgf4b3862d5fde	Diviner	Ворожбит
hff219b81gb634gcfe0g4f39gf3e454dd21c9	Abjurer	Віднаджувач
hf84da708gedbeg7292g73f4gacc5ef7a3c10	Level 3: Arcane Ward	Рівень 3: Магічний оберіг
h9e3d058egf45cgd35fge3c5g640f4f382fd6	Arcane Ward	Магічний оберіг
h52ee702cg59c6gf498g1afeg1be3716e9325	Recharge Arcane Ward	Відновити магічний оберіг
h21e9c371g94d2g99bbgc117g1f69a24cfd8a	Recharge Arcane Ward	Відновити магічний оберіг
h19c5b950gb887g4a56g312cga3c9a0b8839a	Level 6: Projected Ward	Рівень 6: Спрямований оберіг
h288cd5f8gfde5gf844g35b4g78176c8d8034	Level 10: Improved Abjuration	Рівень 10: Покращене віднадження
h4b6ab214gd4f9gba28g0fb5gc087fbca986d	Devastator: Unarmed Attack	Руйнівник: беззбройна атака
hf9be0a35gce33ga419g1a57gcc67560214a9	Long Jump	Стрибок у довжину
hd667caedgdc28gdefdg4285gcd7ef4a63a22	Step of the Wind Jump	Вітровий крок: стрибок
h7f5a2c22g1d31g7893g11c5gbb065055abeb	Warding Bond	Захисний зв'язок
h9adc4c48gd787g4656g13acg233be42b05a3	Elminster's Elusion	Вислиз Ельмінстера
hb659d87bg7ae8g6489g2b3ege4e114b8699e	Elminster's Elusion	Вислиз Ельмінстера
h39139aafg7efag9037g4297g47b92c38caf8	Level 3: Reaper	Рівень 3: Жнець
hef1552acg9a55g7c16ge056g056772bcc3ec	Spellfire Flare	Чаровогняний спалах
hf91f3fe6gf176g015fg2e8bg8d7e113fb2e5	Spellfire Storm	Чаровогняна буря
h563db1bag0ff4gf88bgaa5dg36f6eab08bb4	Spellfire Storm	Чаровогняна буря
hf91e618bg7cfcg3668g95bbg4b7e8eb659d9	Spellfire Storm: Spell Disruption	Чаровогняна буря: зрив закляття
h2d7fc4afgebcbg804ag8764g1902de76e587	Spellfire Storm: Radiant Damage	Чаровогняна буря: променева шкода
h5acbb969gf7e6g885egf07ag2ca3bb42d3a7	Frightful Start	Жахливий початок
hbca64bf4ga835g10c5gba60g0c68950c7135	Holy Word	Святе слово
h2a918193g01a1gcd83gf729g2e88e3223327	Holy Word	Святе слово
he2351ff1gc2fegeb0ag256cg5f2fee7ff699	Darkbolt	Темна стріла
h1e313479g10bdg79f6gcd1eg8ea0fd340038	Darkbolt	Темна стріла
h64c3d662g403agbd6dgc831g665675b5f32a	Unable to use reactions	Неможливо використовувати реагування
h47e9e8edg7b15gb388g44c7ge5b71376dbe8	Death Armor	Смертельні обладунки
hb2037ed3g9376ge28egdf30gb396e5836806	Death Armor	Смертельні обладунки
h0e05ff53ge761gd35cg2778g68647c918731	Death Armor	Смертельні обладунки
h8f9cfbbcgaa6dgc17bg2d8fg66589650eeb4	Wardaway	Відгін
h739e0b6ag9070g3f0cg30cdg185c98e6150c	Wardaway	Відгін
haac8d098g36f5gfad0g0c19g710686be3050	Aganazzar's Scorcher	Пекучий струмінь Аґанаццара
hd072401cgab74ga74bgb28egccb3e4a6554d	Cloak of Shadow	Плащ тіні
hc9492c94g19bfg3230gbfc3g6cf10c6d02e5	Cloak of Shadow	Плащ тіні
h954ddf9fg7f78ge82dg57c0gb1a304bf4d54	Fire Rune	Вогняна руна
h7db07aaegcba0g874eg8391ge8926782e7f8	Fire Rune	Вогняна руна
h06dbb138g6afagfebbg9a03gd5d229bb475e	Dazing Blast	Ошелешливий вибух
h1d86fe95gbfdbg4380gabf5g485af2f71992	Level 3: Shadow Domain Spells	Рівень 3: закляття тіньового домену
h1064bb85gee8cg09fbge5ebg6e90aa761e30	Shadow Domain	Тіньовий домен
h904f48b3g5c0bg6e25g75bcg2b014d46c23f	Shadow	Тінь
h52d0bda6g4b49g2a89gf69bg489e840efe5a	Level 3: Cover of Night	Рівень 3: Покров ночі
hb2f444e4g0325g881ag13bcgf25bad34406e	Level 3: Lengthen Shadow	Рівень 3: Подовження тіні
hb5ac88b0ga681g79ebg1b09g63b221dbec59	Level 3: Shadow Grasp	Рівень 3: Тіньовий захват
hc2dd73deg615cg8bd1g4aeagcf05e9e5d0ff	Level 6: Fade to Black	Рівень 6: Згасання
hda876b8bgf832g00b4g56d9g44e1bd90c465	Hide	Скрадання
h2748c4afgb7c1g935dg46f9g95303ee42d02	Shadow Grasp	Тіньовий захват
h40671bc4g4e10g2c2egd92cg6a9ae5dc8595	Shadow Grasp	Тіньовий захват
h1d580cb5gc915g8f13g3f12g57d46d07e991	Fade to Black	Згасання
h7eca827eg60a1g2e15ga615g5750ad9f5621	Fade to Black	Згасання
h075cad75ge0b8g8089g7a0bge757b2193df5	Level 10: Divine Intervention	Рівень 10: Божа благодать
hb220d543g0de9ga76cg8f82gc0f939ce0a89	Improved Warding Flare	Покращений охоронний спалах
h717d6a55gf9a8g7d5eg5430gc31fbe95ad80	College of Spirits	Колегія Духів
h1ebd2503g6d9eg64e4g7876gf81e5169c3d1	Level 3: Channeler	Рівень 3: Провідник
h86ac4829gb9e1g65b8gf4b3g9e412c0d7a5e	Guiding Whispers	Спрямувальний шепіт
hf142ccaeg2d4cg6976g4ac2g7597d90fed0d	Level 3: Spirits from Beyond	Рівень 3: Духи з потойбіччя
hc94fe18bg4a60g7150g9266g8db53b913dac	Spirits From Beyond	Потойбічні духи
h3b40a7b0g581fga77bg3d22g30944ffbaf78	Spirits From Beyond: Beloved	Духи з потойбіччя: Коханий
hf382e28aged60gce44g754cg188b504d016d	Spirits From Beyond: Sharpshooter	Духи з потойбіччя: снайпер
h6ea82181ga4bcg90c8g0b02gd8675e5b6aa4	Spirits From Beyond: Avenger	Потойбічні духи: Месник
h39df96a1g0bb3g137cg23aeg512d3de172d2	Spirits From Beyond: Renegade	Духи з потойбіччя: відступник
h00cf74a8g6e1bgfba1g86f5gbc8aca92fe8c	Spirits From Beyond: Fortune Teller	Потойбічні духи: Ворожка
he2f5e421g3789g0097gdfe7gab3e93f549a1	Spirits From Beyond: Wayfarer	Потойбічний дух: мандрівник
h6458540ag501ag8624gecf2g2f8f24c77656	Spirits From Beyond: Trickster	Потойбічні духи: Трикстер
h8b0f281eg7854g1a32gf59fge016a5551f0b	Spirits From Beyond: Shade	Потойбічні духи: Тінь
h1b99642bgb883g462cg638fg192cfcf25647	Spirits From Beyond: Arsonist	Потойбічні духи: підпалювач
h9329b80cg3c57g3510gedb5gde3327d9570b	Spirits From Beyond: Coward	Духи з потойбіччя: Боягуз
hffce3b1cg9e68gb50cgbc7eg803cec074d21	Controlled Channeling	Кероване спрямування
h945acb09g1397g1556g11b6g3c002e37946c	Controlled Channeling: Beloved	Кероване спрямування: улюбленець
hd8ba8bf9gec5fgc971g6414g155bd042f134	Controlled Channeling: Sharpshooter	Кероване спрямування: влучний стрілець
h98f45553g103ag5816g3970ga4819b6d6cb6	Controlled Channeling: Avenger	Кероване спрямування: месник
h39687befg6a05g7279gb83dg79a1db3002ce	Controlled Channeling: Renegade	Кероване спрямування: відступник
h62bc4434g28bdg98c9gcbb8ga8015d78cb4e	Controlled Channeling: Fortune Teller	Кероване спрямування: ворожбит
h29dfe375g8154gf8bcg453cgfa9a2614e7fb	Controlled Channeling: Wayfarer	Кероване спрямування: мандрівник
h45a38cb9gec4fg8cfdge87eg66614158ce7d	Controlled Channeling: Trickster	Кероване спрямування: хитрун
he31164f3gc7eeg457ag9c53ge89b52235660	Controlled Channeling: Shade	Кероване спрямування: тінь
hc2dbe1c0gf4a2g7ed0g532agdde0fc25cd5d	Controlled Channeling: Arsonist	Кероване спрямування: палій
hff226ec3g9b2dg45b2g19dfg56c02c4af940	Controlled Channeling: Coward	Кероване спрямування: боягуз
h23b11d5dg4140gd4e3g0710ge0e1bf4a740e	Unleashing a Spirit	Вивільнення духа
h7f175533g6214gdd3dg85abgf900f49f70ea	Unleashing a Spirit: Beloved	Вивільнення духа: улюбленець
h2d7ed16fgf4dag658eg9a3bg2d0403eee929	Unleashing a Spirit: Sharpshooter	Вивільнення духа: влучний стрілець
he8db4d75g3788gb865gfae8g1e29680df8a8	Unleashing a Spirit: Avenger	Вивільнення духа: месник
h038053e1gcfecgf7dbgde6fg58230daeb450	Unleashing a Spirit: Renegade	Вивільнення духа: відступник
h77672afbg5619g3b1ag237eg9443a77c6090	Unleashing a Spirit: Fortune Teller	Вивільнення духа: ворожбит
h9275efcdg5392ga44cg149cg1a62add6cf2a	Unleashing a Spirit: Wayfarer	Вивільнення духа: мандрівник
hea1ddd9cg5190g336fgf671gcf66a2291763	Unleashing a Spirit: Trickster	Вивільнення духа: хитрун
he46fe671gb7f8g016egffdfgebfe371c4328	Unleashing a Spirit: Shade	Вивільнення духа: тінь
h61d2bdf7g6628g46ddg50d4gb76f3723bdac	Unleashing a Spirit: Arsonist	Вивільнення духа: палій
hf6a2b168g2d98g1bf5g837cg2fceb2ab048d	Unleashing a Spirit: Coward	Вивільнення духа: боягуз
h6d81a250g3cfag76eeg8fe0ga9763c05b980	Level 6: Empowered Channeling	Рівень 6: Уповноважене Ченнелінг
h7502ba87ga4a8g6ef1gd41dgad0795b74d7a	Avenger	Месник
h85cb392fg0a2fg3859g7db8g8b0c9e7dfe2e	Avenger	Месник
ha2864a37g9128g6f44gcbf7gd841c7dd1ee3	Renegade	Відступник
hbff33399g3821g55a5g1421g5be8f35d3981	Renegade	Відступник
had7c3cbeg7e83gce08g901aga518994d49f8	Fortune Teller	Ворожка
h575cf64dg1928g3ab1g38b2gac008a149822	Wayfarer	Мандрівник
h35ce1531gbf74g63ebgb93dge033e33d1130	Shade	Тінь
h4f8f14ccgd5a6gc212g98ebg59206e3227ef	Coward	Боягуз
h48078124g7f94gbb02g1bbeg8729dfed349b	Blade of Radiance	Клинок сяйва
h964e4272gf52dgfcbcgc84eg674db33423b6	Level 3: Sanctified Champion	Рівень 3: Освячений чемпіон
hd4c5ce4dgcb1bg633fg9549gc049d53401cf	Sanctified Blade	Освячений клинок
h690e847bge185g8948g88e3g81fa0004b7a4	Sanctified blade	Освячений клинок
h7a334947g9694gb548gb4e4g4bfde199cc8d	Level 3: Divine Blessings	Рівень 3: Божественні благословення
h61182600gdefdg90cdg3670gd4d17060e741	Level 3: Armor of the Faithful	Рівень 3: Обладунки вірних
h4786c94egf555g6fe0g55b0g55cb3a928893	Level 3: Divine Inspiration	Рівень 3: Божественне натхнення
h797675dag18a1ge22agbb1bgb5b01c18fd4d	Level 3: Rend the Blasphemous	Рівень 3: Роздерти богохульника
h7aef76d5g0c5egb8cfg0085g9e626ecff011	Rend the Blasphemous	Роздерти богохульника
he6e0389bg4b53gc6f7gd3fdg822f50ed705b	Armor of the Faithful	Обладунки вірних
h6f23bbc7ga5a4gcc3dgd44eg45b750c2f618	Armor of the Faithful	Обладунки вірних
hd8d03d73gad13g0cd8g4a62g3287c6ec2cad	Rend the Blasphemous	Роздерти богохульника
he42b6d25ga54ag95feg90bbge79fe3812ac0	Divine Point	Божественне очко
h36a07310gf671gd6d5g26c3ge6250fa1718d	Level 9: Chains of Judgement	Рівень 9: Ланцюги суду
hda7d8a17g6668ga3a6g1781g963016c95096	Level 9: Divine Retaliation	Рівень 9: Божественна відплата
h4991ec40g26c7gc891g8995g3c46491be240	Level 9: Erupting Blades	Рівень 9: Виверження клинків
h53541f0cg04a1g112bge21dg808b86467f1d	Chains of Judgement	Ланцюги суду
haab525c5g6408g1302gb797gcc6ec923a940	Divine Retaliation	Божественна відплата
ha43fceeeg4ad3g069bgbbf5g78b41ca67687	Erupting Blades	Виверження клинків
hf3cc24d4g40efg76d7g744fgfdf00c511218	Path of the Fractured	Шлях Розколотого
h8130ff94gaab7gaff6gf12bgac599c7bd03e	Level 3: Face of Rage	Рівень 3: Обличчя люті
h1f2a95a9gb577g787bgb156g888616ccad6a	Level 3: Mask of Civility	Рівень 3: Маска ввічливості
h9bf00f77g7323g0f09g943dg0f62ae2d5816	Level 6: Brains and Brawn	Рівень 6: Мозок і м'язи
hcb5a649cg1519gbd23g0221g4d0efabd2166	Level 10: Cunning and Brutal	Рівень 10: хитрий і жорстокий
h954836cfg0b63g6106g5d15g224a3463e27e	Face of Rage: Push	Обличчя люті: поштовх
h534ed7cdg1c82g686bg5c11g853eb4fc79da	Face of Rage: Prone	Обличчя люті: повалення
hf0667bf6g77dagda24g515cg27017347e947	Path of the Berserker	Шлях Берсерка
hfe2d7a7cg1f66g7b4cg4485g45ffc2e4f8ca	Path of the Wild Heart	Шлях Дикого Серця
h20c62466g58aegc458g775bg12619ff97e87	Path of the Giant	Шлях Велетня
h64ffc9d5ga96fg168bg296eg9642cbd7f4b0	Path of Wild Magic	Шлях дикої магії
h9c95882dg83f6g1bbdg05f2geae221b89b7a	False Life	Удаване життя
hd981160eg2361g96c5g14b2g6faa8b2cc888	Invocation: False Life	Інвокація: удаване життя
h7706db7cg7c7dgf09bg4d14gc9faed17fc8b	False Life	Удаване життя
h7db1a592ge710g4c16g2014gbe064274b274	Tidal Wave	Припливна хвиля
hec10168bged4egc312g169dgd40b9b631b23	Trollblood Infusion	Вливання тролячої крові
hce516d21g26c1g26cfg3512gdec3165acc58	Trollblood Infusion	Вливання тролячої крові
h8b08b170g8caagfb3fg29fcg67cbdcce5976	Void Strike	Удар порожнечі
hfa2950d9g0184g255ag6ff3gfe24dbf54ebc	Void Strike	Удар порожнечі
h69e1f672gc48fg3f52g323bg3be6611e1538	Murder of Crows 	Вороняча зграя
h9652267bgde21g4799ga95ag6f6fadec6806	Murmurs of Doom	Шепіт приречення
h49cf69a9g3850ga86fg9854g543c73e1e561	Murmurs of Doom	Шепіт приречення
h95738422ged47g3260g1b9dg2cefcd3f0146	Searing Orb	Пекуча куля
h144827a5g121ag0953g6918gbec2aad13de2	Searing Orb	Пекуча куля
hdfa4f375gf615g4ca4g83d9g72b194e8669b	Scroll of Cloak of Shadow	Сувій "Плащ тіні"
h4787af58gb589g4278gafcfg39dfbb20933e	Scroll of Hell's Lash	Сувій "Батіг Пекла"
h7efb8458g9df5g41d1ga0afgd2d654771719	Scroll of Spellfire Flare	Сувій "Чаровогняний спалах"
hfcc54a67g386cg4555g8d89ga075abf80f71	Scroll of Wardaway	Сувій "Відгін"
h45d48dd0g0261g469ag929agaf26bcfb4b9a	Scroll of Aganazzar's Scorcher	Сувій "Пекучий струмінь Аґанаццара"
h4335d661g724ag4efag8e44g360b73743cb6	Scroll of Darkbolt	Сувій "Темна стріла"
h6dc74b36g19fdg40fcgbff7gab2417f68395	Scroll of Dazing Blast	Сувій "Ошелешливий вибух"
h2d0f0f01ga2cfg4ad5ga369g91672fb5295f	Scroll of Death Armor	Сувій "Смертельні обладунки"
hfb9ed428ga689g44f4g81abg6451884c102e	Scroll of Elminster's Elusion	Сувій "Вислиз Ельмінстера"
h6192e9b5g8977g429cgb010g38af763aba20	Scroll of Find Steed	Сувій "Знайти скакуна"
h7c81072bgf346g4f27gb4d8gd92165d9db13	Scroll of Fire Rune	Сувій "Вогняна руна"
h25cabd18g0f77g4c9bgb4b4g2683c7d2a2ac	Scroll of Mind Spike	Сувій "Прокол розуму"
hb51bf2b7g75aeg47ebg9ff7ge3b84584466e	Scroll of Searing Orb	Сувій "Пекуча куля"
h2a8c9d1dg05adg4418ga0fag5df33139674e	Scroll of Snilloc's Snowball Swarm	Сувій "Сніжковий рій Снілока"
h2956727dgcedeg4aebga14eg9e67a637bebe	Scroll of Summon Beast	Сувій "Викликати звіра"
h2802f412g5c46g4e5bgae24g35918b4e76d7	Scroll of Tasha's Mind Whip	Сувій "Батіг розуму Таші"
h804a9ebcg4a39g42b8ga542g639267b37959	Scroll of Astral Flood	Сувій "Астральний потоп"
h1630aef7gc936g4946ga0a9gbf70c40a2178	Usable Classes: Bard, Cleric, Sorcerer, Wizard	Доступні класи: бард, клірик, чародій, чарівник
hd655beafg57e3g4552g9d37g67a7049e1e27	Scroll of Murmurs of Doom	Сувій "Шепіт приречення"
h367a9c18g6d87g4efdg8728gc9fd15827a4e	Usable Classes: Bard, Warlock	Доступні класи: бард, чаклун
h9e0c03abgc377g42a3gb347g290fe5e06c2c	Scroll of Summon Fey	Сувій "Викликати фейську істоту"
h4f00c785g7fadg44b7g98a0g85e5a5fe8f05	Usable Classes: Druid, Ranger, Warlock, Wizard	Доступні класи: друїд, слідопит, чаклун, чарівник
h1fb7c701gc871g4362g96bdg0f65d80431cb	Scroll of Tidal Wave	Сувій "Припливна хвиля"
h746d4594g6849g43f2g8c6bg6c3abf36abce	Usable Classes: Druid, Sorcerer, Wizard	Доступні класи: друїд, чародій, чарівник
ha44c3b97g2d76g4729ga6f6g3cc7b6bec780	Scroll of Trollblood Infusion	Сувій "Вливання тролячої крові"
h4379be35gd68dg43b1gb25cg5cdcb15c5b69	Usable Classes: Bard, Cleric, Druid, Warlock	Доступні класи: бард, клірик, друїд, чаклун
hbeec8e75gd58fg4960gba58ga21977fc95e3	Scroll of Void Strike	Сувій "Удар порожнечі"
h9bcb5012g2665g4b8dgba67gbca63653cdca	Usable Classes: Wizard	Доступні класи: чарівник
h91520a7bg4f44g4ed1g8018g075671f1d306	Scroll of Fount of Moonlight	Сувій "Джерело місячного сяйва"
hcbbdc17dgccb4g448fgb973gdab488542e7d	Usable Classes: Bard, Druid	Доступні класи: бард, друїд
h185fff26gbcedg4e66g92fbg3f2bdd2a122c	Scroll of Murder of Crows	Сувій "Вороняча зграя"
h6888009egf712g4161gaaedgabdba5f5df67	Usable Classes: Druid, Ranger, Sorcerer, Warlock, Wizard	Доступні класи: друїд, слідопит, чародій, чаклун, чарівник
hba6165b1gb19eg4191g9bbdg8789273b4fe5	Scroll of Spellfire Storm	Сувій "Чаровогняна буря"
hd6ae92cdg60f9g47afg988fg10b392c19463	Usable Classes: Sorcerer, Wizard	Доступні класи: чародій, чарівник
hf651f6cag4ca9g4fd5g83e7g9abff23ad945	Scroll of Vitriolic Sphere	Сувій "Їдка сфера"
hcfa316e6g8c9ag4b2bg96f8g2b057b958772	Usable Classes: Sorcerer, Wizard	Доступні класи: чародій, чарівник
h87b9abdbg15d6g4106g87f2g377b6bf7332f	Scroll of Steel Wind Strike	Сувій "Удар сталевого вітру"
h9b163dcdgf8c4g4da3ga132g95dbd23e830a	Usable Classes: Wizard	Доступні класи: чарівник
hb1592619g4e2cg45c4ga433g8a0f0cae796b	Scroll of Synaptic Static	Сувій "Синаптичний розряд"
h6b8c9b31g95bbg4d4cga9a0gf66e4d6187f5	Usable Classes: Bard, Sorcerer, Warlock, Wizard	Доступні класи: бард, чародій, чаклун, чарівник
h679a5d3cgea36g8caagcfd7gebbdee910cc1	Charger: Unarmed Attack	Нестримний: удар голіруч
h22201c0cgc0a5g5477gc910gd1dbcb28c892	Reckless Attack (Unarmed)	Зухвала атака (беззбройна)
h72f074a8gc35ag1dacg638cgaa77b73e11be	Reckless Attack	Зухвала атака
hc91dc46cg504cg46c4g8871ga592835d0949	Wild Magic Surge	Сплеск дикої магії
he691a90cga2c9gccd3g42a4gd122e5addb8d	Wild Magic Surge: 1	Сплеск дикої магії: 1
he04135b5gb4bdg7ef6g903dg79f721e678d7	Wild Magic Surge: 2	Сплеск дикої магії: 2
h10ce0f8dgb205g8791g48d8g83dd4502eef1	Wild Magic Surge: 3	Сплеск дикої магії: 3
h2baa5138g7f32g4883g9735g5325c9522d0e	Wild Magic Surge: 4	Сплеск дикої магії: 4
h82e56d85gc785g489bgbb4ege0a19b8fe6e8	Wild Magic Surge: 5	Сплеск дикої магії: 5
hd99aa48bga5c6g4ac6gb5cage54144031c95	Wild Magic Surge: 6	Сплеск дикої магії: 6
hb2c173fcg575eg44e5ga59fg3b3cefefcad0	Wild Magic Surge: 7	Сплеск дикої магії: 7
h43186f3ag40cbg4598g9a4fgcaff41f1976f	Wild Magic Surge: 8	Сплеск дикої магії: 8
h5d4307efgbca8g4bbdg8d68g77396f91dcb9	Wild Magic Surge: 9	Сплеск дикої магії: 9
h7989306eg4a2dg41adg9f68g038e56a38dad	Wild Magic Surge: 10	Сплеск дикої магії: 10
hc5f19176gf96eg470dgb33dgd67abaa7ef20	Wild Magic Surge: 11	Сплеск дикої магії: 11
h911b9430gdc16g44d3gb551gb1d0463be002	Wild Magic Surge: 12	Сплеск дикої магії: 12
ha9e0e6d0g1774g431fgb80eg59e4a462a0ed	Wild Magic Surge: 13	Сплеск дикої магії: 13
he9b3d4adgade9g4171g9518ge5f02d5df140	Wild Magic Surge: 14	Сплеск дикої магії: 14
hef5f9ba9ge238g4f07gb2bdg869482cb3a8c	Wild Magic Surge: 15	Сплеск дикої магії: 15
hcb3d62c8g153bg4a8dg9a4cgb00f7c9db4f2	Wild Magic Surge: 16	Сплеск дикої магії: 16
hf596b76dga032g4cffga465g4ab733f22b4c	Wild Magic Surge: 17	Сплеск дикої магії: 17
hc69d4034gbf69g49bag86e6g0f0109d305e8	Wild Magic Surge: 18	Сплеск дикої магії: 18
h6b3566acg7d62g4275gbf28g66e172b9b38b	Wild Magic Surge: 19	Сплеск дикої магії: 19
h7cd14cabg1201g4091gad64g60a75120337e	Wild Magic Surge: 20	Сплеск дикої магії: 20
h3c40e1begc18eg451cga2b3gbccce7bb85c8	Wild Magic Surge: 21	Сплеск дикої магії: 21
hac7bc041g88b1g49b0g934fg4a162a2be7ea	Wild Magic Surge: 22	Сплеск дикої магії: 22
hc0ae25cbgae79g465bga74bgbce4c3bf1b28	Wild Magic Surge: 23	Сплеск дикої магії: 23
ha31ba8a2g7b28g47e1g88feg5c4d8b8acf1e	Wild Magic Surge: 24	Сплеск дикої магії: 24
h3c13d23dg756eg4a7dg8293gfcfe0f23e611	Wild Magic Surge: 25	Сплеск дикої магії: 25
hab20c329g2757g440ega8d4g0e07e1303f35	Wild Magic Surge: 26	Сплеск дикої магії: 26
h0a3e0bc7g9d38g4f2ag812egf444a1b03395	Wild Magic Surge: 27	Сплеск дикої магії: 27
h022cdb32g5389g4281g8338g549638563766	Wild Magic Surge: 28	Сплеск дикої магії: 28
h55f51a0eg75feg4865gba6eg358bc477f4cb	Wild Magic Surge: 29	Сплеск дикої магії: 29
h9fc0c99dg8bebg4f4bg8606g042d17e256aa	Wild Magic Surge: 30	Сплеск дикої магії: 30
h052bacebge45bg4843g90e7gc3002671ed4b	Wild Magic Surge: 31	Сплеск дикої магії: 31
h6f9db5d8ge9a4g429ag92f9gc84c9d208323	Wild Magic Surge: 32	Сплеск дикої магії: 32
hd3c5709fgac28g4adfgb8a9g1b4393bc45ea	Wild Magic Surge: 33	Сплеск дикої магії: 33
h0c7bb697g4b7bg43eaga162g2b8ec4389c79	Wild Magic Surge: 34	Сплеск дикої магії: 34
hc9c3ef43gf870g4d46g832egbaf67bb256f5	Wild Magic Surge: 35	Сплеск дикої магії: 35
h9d4224aag171bg45bag888cgcb612da36ff8	Wild Magic Surge: 36	Сплеск дикої магії: 36
h59a19f11gb4ebg4683gb4c8g44b0655734b7	Wild Magic Surge: 37	Сплеск дикої магії: 37
h6908a343g2018g469fgaa1dg4492fe75fbb8	Wild Magic Surge: 38	Сплеск дикої магії: 38
hd62d554fg19cfg4c34g8d6bge1845e2b065c	Wild Magic Surge: 39	Сплеск дикої магії: 39
hd3d38b6agc9c6g48f4g9a75gc00340680aba	Wild Magic Surge: 40	Сплеск дикої магії: 40
h4c26e43bge586g467fg9205g5daf5b9a4dbe	Wild Magic Surge: 41	Сплеск дикої магії: 41
hdd5386dege144g459egbdd0ga5e0df1e9e7d	Wild Magic Surge: 42	Сплеск дикої магії: 42
hd13f1a02g4d0eg4adcg9198g5ddf49d06f92	Wild Magic Surge: 43	Сплеск дикої магії: 43
h580fc2adg9a07g4b84g8406g66cee3940b7f	Wild Magic Surge: 44	Сплеск дикої магії: 44
h850eef46g150cg454aga814g4c76c60acb15	Wild Magic Surge: 45	Сплеск дикої магії: 45
h755d721egdf7cg475cg8c42gc376bbb6af2b	Wild Magic Surge: 46	Сплеск дикої магії: 46
h4b65a709gdc2bg47d7g8c34g18da49aec014	Wild Magic Surge: 47	Сплеск дикої магії: 47
h0422cb7bg7ba7g4b12g8bffg832d3bc36b7e	Wild Magic Surge: 48	Сплеск дикої магії: 48
hdcf69baagf86cg4b41gaee6g0b110d02152c	Wild Magic Surge: 49	Сплеск дикої магії: 49
h30d3eca1gf899g4339g8bc3g1cadc1d6e030	Wild Magic Surge: 50	Сплеск дикої магії: 50
h3110d474g5ad0g4df4ga9efgb02b82a97fb5	Wild Magic Surge: 51	Сплеск дикої магії: 51
he2107db4g1664g4f79gaacag1758b38f0a31	Wild Magic Surge: 52	Сплеск дикої магії: 52
h24b89bb4gd8a9g42fcg820ag8320befe42b1	Wild Magic Surge: 53	Сплеск дикої магії: 53
h9fcf1bb4gf901g4946gba77g007cdfcaa15c	Wild Magic Surge: 54	Сплеск дикої магії: 54
hfdc643bcg3babg4131g9f4bg7dc9a8fc01c4	Wild Magic Surge: 55	Сплеск дикої магії: 55
h3054d95fg8194g4844gbdfagd9ad964d120b	Wild Magic Surge: 56	Сплеск дикої магії: 56
h60eaa46fgd017g4e53g8073g2530d1144555	Wild Magic Surge: 57	Сплеск дикої магії: 57
h6b941fc2g8579g447cga808g27c98979390d	Wild Magic Surge: 58	Сплеск дикої магії: 58
h8917383aga333g4ce8gb10fgf93ff004fb63	Wild Magic Surge: 59	Сплеск дикої магії: 59
h19c1706eg886ag45b2gbceag7c9e8e6bb694	Wild Magic Surge: 60	Сплеск дикої магії: 60
h088d47bfg6808g4533gaec0g5f56a095eab4	Wild Magic Surge: 61	Сплеск дикої магії: 61
h2dfdc35fg3778g4a55g8ba8g0f758f18172a	Wild Magic Surge: 62	Сплеск дикої магії: 62
h3fb43e6age8adg44f4gb372g446fa2f664b6	Wild Magic Surge: 63	Сплеск дикої магії: 63
hf1a0cf79ge96eg46c5gb1e4g4fa9d9a9a4c8	Wild Magic Surge: 64	Сплеск дикої магії: 64
h27cacff3g5518g47bagb42cg08a2ddc140bb	Wild Magic Surge: 65	Сплеск дикої магії: 65
hf4a5969bg59b6g4954gb93fg7b4dbd82afaa	Wild Magic Surge: 66	Сплеск дикої магії: 66
he56a7e5cg4d03g4d50g9c2dg1252906fa219	Wild Magic Surge: 67	Сплеск дикої магії: 67
h763e4709g1f92g48cbgb1d6g76d8586f4f88	Wild Magic Surge: 68	Сплеск дикої магії: 68
h774ea108gebb7g4530g96c4g4a4f8530d16d	Wild Magic Surge: 69	Сплеск дикої магії: 69
h231ffa22gb10cg4e1fg9b11ge342e47b0044	Wild Magic Surge: 70	Сплеск дикої магії: 70
h0c5690acg57b8g4376gbdc4gcb93e5e3eadd	Wild Magic Surge: 71	Сплеск дикої магії: 71
hddb6fbd2g82ecg4cf8g80e6gad8d81e7b943	Wild Magic Surge: 72	Сплеск дикої магії: 72
hd9840361g2bfbg4fe6gbe25g0cc1bb0baac6	Wild Magic Surge: 73	Сплеск дикої магії: 73
h195ec5b4g16e2g4a92gb299g3fa4f039a31e	Wild Magic Surge: 74	Сплеск дикої магії: 74
h9ad47560g92d4g4bf2gb79agf087593164f4	Wild Magic Surge: 75	Сплеск дикої магії: 75
hd8713bdfg0f37g400fga9b9gf1051666d904	Wild Magic Surge: 76	Сплеск дикої магії: 76
h7986d55ag4b99g4f18g8a49g23926f7099d8	Wild Magic Surge: 77	Сплеск дикої магії: 77
h9ced7473g352fg4a27g8da6g9e6fc2ad30f3	Wild Magic Surge: 78	Сплеск дикої магії: 78
h1431c900g7a9ag4dcbg829fg9beb05facf3c	Wild Magic Surge: 79	Сплеск дикої магії: 79
h6612f5d3g8924g4373g8b56g3d9c0cb4fde9	Wild Magic Surge: 80	Сплеск дикої магії: 80
h8b90d907gae26g4ed0gacd8g69cdee3b3374	Wild Magic Surge: 81	Сплеск дикої магії: 81
hb2629a69ge692g4c6dg85b4gdc37f77b4751	Wild Magic Surge: 82	Сплеск дикої магії: 82
h17cda355g1776g4ba1g8e43g05b27e350d5e	Wild Magic Surge: 83	Сплеск дикої магії: 83
hc4507d45gc0bag4bccgb9d8g1a953014319e	Wild Magic Surge: 84	Сплеск дикої магії: 84
h408e7605g1f99g4029g8d7fgec9e3816065b	Wild Magic Surge: 85	Сплеск дикої магії: 85
hc498aa93g38fcg4e64gb4e0ge93e9c0d17ae	Wild Magic Surge: 86	Сплеск дикої магії: 86
he813f8cfg0064g46c4gab4fg7e21ee6f3817	Wild Magic Surge: 87	Сплеск дикої магії: 87
hf2f2a7f2g321fg4fbeg8738gef1fefaba29d	Wild Magic Surge: 88	Сплеск дикої магії: 88
h12c9762dg5f8cg40f6gb17cg935c848f6abd	Wild Magic Surge: 89	Сплеск дикої магії: 89
h1820df21g521eg4257gb040g0cf6524fa4ea	Wild Magic Surge: 90	Сплеск дикої магії: 90
h7cabb53egaec5g4bb6gadbag8ca15a4190c3	Wild Magic Surge: 91	Сплеск дикої магії: 91
heef0635bg9befg4c3eg81dag89f471f87834	Wild Magic Surge: 92	Сплеск дикої магії: 92
h7e7cd1efg5673g41f8gbd84g7d0637e90a92	Wild Magic Surge: 93	Сплеск дикої магії: 93
hf2bee80bg0a49g4a08ga752ga03dd23892bb	Wild Magic Surge: 94	Сплеск дикої магії: 94
h95705cfdg90fcg413agae54g5181ab30dab7	Wild Magic Surge: 95	Сплеск дикої магії: 95
h6a41146ege4b4g43edg9de7g69ad06aa5690	Wild Magic Surge: 96	Сплеск дикої магії: 96
h4597e3beg2c8dg4906g9974g408ed6beab9d	Wild Magic Surge: 97	Сплеск дикої магії: 97
hbdd5fa3fg04c0g410aga5e9gd246de72ee3b	Wild Magic Surge: 98	Сплеск дикої магії: 98
hdcd6f25ag324dg4fd4g976bg746bd5db6f6c	Wild Magic Surge: 99	Сплеск дикої магії: 99
hee3ba1bcg491bg4ccfga01dga481388560d0	Wild Magic Surge: 100	Сплеск дикої магії: 100
hd7c4e9bcgfaa1g320fg0084g4c415302c9e7	Wild Magic Surge: Turn	Сплеск дикої магії: Хід
hbc7e05c5ge02cg94d7g5dc3g686e92bfd461	Wild Magic Surge: Heal	Сплеск дикої магії: Зцілення
h0b8ddabbg0198g0a5cg7a6cg3c0494222ffa	Wild Magic Surge: Heightened Spell	Сплеск дикої магії: посилене закляття
h1c32e506g9819g329fge1c2gf454d3ab2804	Wild Magic Surge: Subtle Spell	Сплеск дикої магії: Непомітне закляття
h0630aaa0g6aa0g06a9ge0fag26faab98fa0c	Wild Magic Surge: Empowered Spell	Сплеск дикої магії: Посилене закляття
h7106d36agc729ga538g1905gc78f61424ecc	Wild Magic Surge: Resistance	Сплеск дикої магії: Стійкість
hbc163433g954fgc50cg70b0g7d2a79b50f85	Wild Magic Surge: Shield	Сплеск дикої магії: Щит
h847f06c4g2fddg015ag538cgf97b698de8f6	Wild Magic Surge: Shield	Сплеск дикої магії: Щит
hb2a8f231g4f09g0714g0977ga484944bbb45	Wild Magic Surge: Quickened Spell	Сплеск дикої магії: прискорене закляття
h70967e04gffcag4f16g93fag7c196b9e4823	Usable Classes: Bard, Cleric, Wizard	Доступні класи: бард, клірик, чарівник
h19eaac92g8ce9g40bcg900cga4ef08faeb00	Usable Classes: Bard, Cleric, Wizard	Доступні класи: бард, клірик, чарівник
hc63b5579g7f2ag4baagb760g89742ef59f21	Usable Classes: Cleric, Paladin, Sorcerer, Warlock, Wizard	Доступні класи: клірик, паладин, чародій, чаклун, чарівник
he2d9401fgf9bag4933g9d4fg8fb89bc284e2	Usable Classes: Cleric, Warlock, Wizard	Доступні класи: клірик, чаклун, чарівник
h10f01d4bg7676g4859ga595g2712bce824c1	Usable Classes: Cleric, Paladin, Warlock, Wizard	Доступні класи: клірик, паладин, чаклун, чарівник
h73c88544g3627g41a6gbe73g7f725f7093ce	Usable Classes: Wizard	Доступні класи: чарівник
h9036825bg9a32g4e70g8c69gf202e0ae6384	Usable Classes: Paladin	Доступні класи: паладин
h5f032521g0f3bg457agaca7g37bad35cd378	Usable Classes: Cleric, Druid, Paladin, Warlock, Wizard	Доступні класи: клірик, друїд, паладин, чаклун, чарівник
h0c4ae731g86b7g4cddg9448g2ec70d8c41e3	Usable Classes: Wizard, Artificer	Доступні класи: чарівник, винахідник
h3caacbafgd256g4d2bga846g1e0e85d5bfd9	Usable Classes: Sorcerer, Wizard	Доступні класи: чародій, чарівник
ha43d0c84g7029g4bb4g91b9g40464ff2451d	Usable Classes: Druid, Sorcerer, Wizard	Доступні класи: друїд, чародій, чарівник
h0f476bcdg9eefg4e31ga725g8d2b8048b540	Usable Classes: Wizard, Artificer	Доступні класи: чарівник, винахідник
he3ed5607gfd3bg4037g8cedg98e1474da744	Usable Classes: Druid, Ranger, Sorcerer, Wizard, Artificer	Доступні класи: друїд, слідопит, чародій, чарівник, винахідник
h850611abg9fa9g4ef3ga920g342e381d85db	Usable Classes: Sorcerer, Warlock, Wizard	Доступні класи: чародій, чаклун, чарівник
h157bc8b6g7bd3g42b6gb126g8844ae4e6897	Usable Classes: Wizard	Доступні класи: чарівник
hf517cb38gb91fg4b74g9651g9d26b04c4a4f	Usable Classes: Sorcerer, Wizard	Доступні класи: чародій, чарівник
hb93accaeg9237g4486g9fefg295f1501c7b3	Usable Classes: Sorcerer, Wizard	Доступні класи: чародій, чарівник
h07c5d370g49d6g4466ga8deg9b86e982e5dd	Usable Classes: Bard, Druid, Sorcerer, Warlock, Wizard	Доступні класи: бард, друїд, чародій, чаклун, чарівник
h5545fdeegaf71g4a87gb389g8b033c437233	Usable Classes: Bard, Sorcerer, Wizard	Доступні класи: бард, чародій, чарівник
h09f480c3g2968g4108g955cg52ea764a99e8	Usable Classes: Sorcerer, Wizard	Доступні класи: чародій, чарівник
ha6524e13ga393g46c6g81ccg8c0505a61fa6	Usable Classes: Bard, Sorcerer, Wizard, Artificer	Доступні класи: бард, чародій, чарівник, винахідник
hfdc5321bg8e80g4295gab40g23fc855ca270	Usable Classes: Bard, Sorcerer, Wizard	Доступні класи: бард, чародій, чарівник
h989195e0gd334g4d2fga48cg60ac72b1b1d9	Usable Classes: Sorcerer, Wizard	Доступні класи: чародій, чарівник
h5198c509gbadfg4c26g8450g1fc86eb31633	Usable Classes: Bard, Sorcerer, Warlock, Wizard	Доступні класи: бард, чародій, чаклун, чарівник
hdf1a248bg7985g430egb25eg7767ee36487c	Usable Classes: Bard, Druid, Ranger	Доступні класи: бард, друїд, слідопит
h976e404eg3fdeg4338gaf2cgf6ba2a469a74	Usable Classes: Cleric, Paladin	Доступні класи: клірик, паладин
h053b6bdfg7d35g445egbe72ge4ed43fd3166	Usable Classes: Bard, Sorcerer, Wizard	Доступні класи: бард, чародій, чарівник
hc6d3f124g2e9cg4554ga6eeg01dcc0ebadba	Usable Classes: Sorcerer, Wizard	Доступні класи: чародій, чарівник
hfa9345e1gc6c2g46a2gb695g7a77a059e302	Usable Classes: Sorcerer, Warlock, Wizard	Доступні класи: чародій, чаклун, чарівник
he9329f83ga933g46dfgabd0g37d583feacd1	Usable Classes: Cleric, Paladin	Доступні класи: клірик, паладин
h61e1a792g9f16g4e16ga50dg0ee6c9c7ccb1	Usable Classes: Bard, Cleric, Druid, Sorcerer, Warlock, Wizard	Доступні класи: бард, клірик, друїд, чародій, чаклун, чарівник
h552f275cgee76g4947ga777g927bce86aa21	Usable Classes: Druid, Ranger, Sorcerer, Wizard	Доступні класи: друїд, слідопит, чародій, чарівник
h54e64aa9g3189g44e2gbf65g0425fd20f75f	Usable Classes: Bard, Sorcerer, Warlock, Wizard, Artificer	Доступні класи: бард, чародій, чаклун, чарівник, винахідник
hc98b225eg8da0g4e31g8bc5g876e89935b90	Usable Classes: Bard, Sorcerer, Warlock, Wizard	Доступні класи: бард, чародій, чаклун, чарівник
hf769e1e7g4972g4edbg966dgd4372642ed9d	Usable Classes: Druid, Ranger	Доступні класи: друїд, слідопит
h701629dfgc58dg4887g8faeg08469d671d32	Usable Classes: Bard, Druid, Sorcerer, Wizard, Artificer	Доступні класи: бард, друїд, чародій, чарівник, винахідник
haedcf633gdecdg416aga1c4gacc76d9402eb	Usable Classes: Sorcerer, Wizard, Artificer	Доступні класи: чародій, чарівник, винахідник
h6b900209g8da2g4792gaf6dge1c9ef17c58a	Usable Classes: Bard, Druid, Ranger, Wizard, Artificer	Доступні класи: бард, друїд, слідопит, чарівник, винахідник
h57f41308g4badg4fe3gaac6gcc36d4dc3d8b	Usable Classes: Sorcerer, Wizard	Доступні класи: чародій, чарівник
h65bcba2fg62dfg4712gaae5g9ffa44f4a2b8	Usable Classes: Bard, Sorcerer, Wizard, Artificer	Доступні класи: бард, чародій, чарівник, винахідник
hd0f8bef5g3744g473bgb6f7g416cd1b21776	Usable Classes: Bard, Warlock, Wizard	Доступні класи: бард, чаклун, чарівник
h9f107cbeg704cg4efdg80f3gae22cf746ff8	Usable Classes: Sorcerer, Wizard	Доступні класи: чародій, чарівник
h4e563d34g5893g4564g93d3gbe30f8798c6d	Usable Classes: Bard, Druid, Sorcerer, Wizard	Доступні класи: бард, друїд, чародій, чарівник
h45afcc46g07e8g413ega467g1230c256bb27	Usable Classes: Sorcerer, Warlock, Wizard	Доступні класи: чародій, чаклун, чарівник
hd6dbd33fg0848g46bdg93d0ga604e88b0045	Usable Classes: Sorcerer, Warlock, Wizard	Доступні класи: чародій, чаклун, чарівник
h29717b0bgc570g4958gae52g7e29bf101fb7	Usable Classes: Wizard	Доступні класи: чарівник
h57a34188gbe1dg4aecg9436g26c503c38ca5	Usable Classes: Sorcerer, Wizard, Artificer	Доступні класи: чародій, чарівник, винахідник
ha55948cag17d3g4aa3gae23ga952030cb26c	Usable Classes: Wizard	Доступні класи: чарівник
ha069636bg3b39g4b50gae6fg37e461b68a60	Usable Classes: Bard, Sorcerer, Wizard, Artificer	Доступні класи: бард, чародій, чарівник, винахідник
hc7c2f070g087bg4664ga8d0gf731f76c0a06	Usable Classes: Sorcerer, Wizard	Доступні класи: чародій, чарівник
hda5eeb36gf99bg4cc8gb43egb740c1c24b98	Usable Classes: Sorcerer, Warlock, Wizard	Доступні класи: чародій, чаклун, чарівник
hea2bda2fgbe08g4ab1g8a22g7f50ccea400e	Usable Classes: Bard, Sorcerer, Wizard	Доступні класи: бард, чародій, чарівник
h0936d3bbg9d40g4b82g991bg63f298cdd927	Usable Classes: Sorcerer, Warlock, Wizard	Доступні класи: чародій, чаклун, чарівник
h25ea32bcgf38dg464dg8a09g608fa6283272	Usable Classes: Paladin, Ranger, Sorcerer, Wizard, Artificer	Доступні класи: паладин, слідопит, чародій, чарівник, винахідник
h99cdb013gd519g46c8g8ee7g88ce569e971b	Usable Classes: Warlock, Wizard	Доступні класи: чаклун, чарівник
he7c90888g22e0g4d75g85f4g768f561d6f30	Usable Classes: Sorcerer, Wizard	Доступні класи: чародій, чарівник
had587edfg3e1eg46a6g88e9gba4983e47b20	Usable Classes: Sorcerer, Wizard	Доступні класи: чародій, чарівник
hbbbaa8ebg9199g46ffgbeafg104d39c86b43	Usable Classes: Druid, Ranger	Доступні класи: друїд, слідопит
h2223a50agc511g4d44gb143g94f0113311a5	Usable Classes: Wizard	Доступні класи: чарівник
h0991a1dfgb4b0g45eagbbb3ga5ae65a31f0e	Usable Classes: Druid, Ranger, Sorcerer, Wizard, Artificer	Доступні класи: друїд, слідопит, чародій, чарівник, винахідник
hca88c584g8a5bg4e69g9eb7g5af56d234776	Usable Classes: Sorcerer, Warlock, Wizard	Доступні класи: чародій, чаклун, чарівник
h37934098g756eg4431gaed9g88557c60ee6e	Usable Classes: Sorcerer, Wizard	Доступні класи: чародій, чарівник
h482dd2dbg9946g4f59g93baga4c4928fd097	Usable Classes: Bard, Cleric, Paladin, Wizard	Доступні класи: бард, клірик, паладин, чарівник
h2c2386e2g0722g480egaa8ag57417fd707f9	Usable Classes: Sorcerer, Warlock, Wizard, Artificer	Доступні класи: чародій, чаклун, чарівник, винахідник
h6d713dd0gf384g4e20g81f0g0a61b2b73a86	Usable Classes: Druid, Sorcerer, Wizard	Доступні класи: друїд, чародій, чарівник
h102dd2b4gf963g41a5g8094g52a0af052bf9	Usable Classes: Wizard	Доступні класи: чарівник
hed54d08eg254egab54g634egc5696f632258	Eldritch Smite (Ranged)	Потойбічна кара (дальній бій)
h11a41e9fgad2fg3cbfg28b3gcc04b63b160f	Eldritch Smite (Ranged)	Потойбічна кара (дальній бій)
h3dadabd2gf927g0c0eg86c7gef99a7a4e7ad	Eldritch Smite (Ranged)	Потойбічна кара (дальній бій)
h8f7262a7gbdd0g1911g5132g67fcc1eacb9e	Eldritch Smite on Critical Hit (Ranged)	Потойбічна кара під час критичного влучання (дальній бій)
h300d9c12g274eg82c1g8ba1g1bcef5722390	Eldritch Smite on Critical Hit (Ranged)	Потойбічна кара під час критичного влучання (дальній бій)
h6a2383deg87c5g61b6g137cgf2184d150d39	Eldritch Smite on Critical Hit (Ranged)	Потойбічна кара під час критичного влучання (дальній бій)
ha351e5dfg5a09g2d6agfd39geb9d1770a8f5	Eldritch Smite (Ranged)	Потойбічна кара (дальній бій)
h7282e855ge2c0g4f40gc42bgdec458d13ad3	Ballistic Smite	Балістична кара
h55e5be08g5ff7g2cf9g5dabg5964e7cfef5a	Ballistic Smite: Acid	Балістична кара: кислота
h40f147a8g98d2gb22dg8665g35bdab166d32	Ballistic Smite: Cold	Балістична кара: холод
hbdc42068gbee7gfa65g006egbbd103dbaeae	Ballistic Smite: Fire	Балістична кара: вогонь
h96c1b9f4g4877g6b3eg89e6gff5592637883	Ballistic Smite: Lightning	Балістична кара: блискавка
hafc90845gfef4gbcabg21e1g4b507cd3aea3	Ballistic Smite: Poison	Балістична кара: отрута
h56c89b94g9c5cg3e99g2ac5gc5f4723f0a66	Ballistic Smite: Thunder	Балістична кара: грім
h6bd9db98g1e8fg33a3g0a09gadb7f2151497	Nick	Надріз
h5e1086d5gb686g5218gd9b8g8728d0edb265	Nick: Off-Hand Attack Used	Надріз: атаку другою рукою використано
h004828cbg6ae4g9d9fgef10g00102cb4f553	Dual Wielder: Off-Hand Attack	Двозбройне фехтування: атака другою рукою
hf7c771bbgba46g05a3g6c15g9c7c4ebba6b6	Absorb Elements	Поглинання стихій
hccbdbb9eg99b6gf54fgce8dg5a4b024a38a8	Absorb Elements	Поглинання стихій
h0d100dc2gb2a7ge09fg624dga1554d1a009c	Absorb Elements	Поглинання стихій
h93909048gc250g4ba0g8188g2450b9be939f	Magic Initiate: Absorb Elements	Магічний хист: Поглинання стихій
hc53cf966gb23fg281eg72e3g7fee38b6dede	Tide of Darkness	Приплив темряви
hde134590g10deg4df4g9d4age5320c74f0fb	Magic Initiate: Tide of Darkness	Магічний хист: Приплив темряви
h74c27673g4c1bga1beg5a49ga7aec2022773	Umbral Tendril	Тіньове щупальце
ha3d984fag9166g3a51gbc9fg45fc0d47e563	Umbral Tendril	Тіньове щупальце
h6c91c1d0geff6g49ddg9fd0gd5d83740ee64	Magic Initiate: Umbral Tendril	Магічний хист: Тіньове щупальце
hbd79e588g85a8ga317gab92g1dc3ec782773	Bound Weapon: Primary	Зв’язана зброя: основна
h6193eaa0gbef3g3810gc2ffg05099e13d0ea	Bound Weapon: Secondary	Зв’язана зброя: другорядна
h886aaa36gd8ecg34edg11dbga02b0ae1f0f9	Bound Weapon: Primary	Зв’язана зброя: основна
h70efd6b7g4433g80c7g7ceeg246f811e2c7c	Bound Weapon: Secondary	Зв’язана зброя: другорядна
h68c0c939g9c12g8d64g237dg0bcc02c524be	Elemental Strikes: Acid	Стихійні удари: кислота
hb2926a7dga9a0g4670g41dfgdf5650a0d520	Elemental Strikes: Cold	Стихійні удари: холод
hf7a5b3f5g2f88g5a34g7903g2114ecd26adf	Elemental Strikes: Fire	Стихійні удари: вогонь
h1cc7d9bbge33egb7e6gcb43g3b381b51b4ab	Elemental Strikes: Lightning	Стихійні удари: блискавка
h4028f5b6g1c7cg62bfgf7ceg0d2244ad20f2	Elemental Strikes: Thunder	Стихійні удари: грім
h890a9938gac70g797cg8e84g4f982f91e71f	Elemental Attunement: Reach	Налаштування стихій: охоплення
h1d8b58e5g0088g74d2g88a9g3d9a8a0831f8	Whip	Батіг
h218a19d0g0293g93efgc43egdb8e4642579a	Whip +1	Батіг +1
hf82478b0g8d8fgb88eg2f66gc23634841932	Whip +2	Батіг +2
heffa3bccgf354g0581ga23dg44eac5095fa6	Cacophonic Shield Aura	Аура какофонічного щита
h2a8fc538g7a44g3571g385dg12e8a9a60425	Cacophonic Shield	Какофонічний щит
h189c7c23gc92fg05ccg593egcb14bf67243c	Cacophonic Shield	Какофонічний щит
h96a4fdcdg6eedg4ccdgb453g193837a217e9	Ashardalon's Stride	Крок Ашардалона
h07bf103cg6fe9g48deg90e6g51cda963e2bb	Ashardalon's Stride Aura	Аура кроку Ашардалона
hefff3653g8439g5d57g7610g02ccec1105b6	Ashardalon's Stride	Крок Ашардалона
hc28f4dcdgd614gc5b0g7be9g946be11c3809	Ashardalon's Stride	Крок Ашардалона
h87a45194g95b7g00ceg2f9eg6c288ed38884	Arcane Vigor: D6	Містична снага: d6
hebba7f87g6370g87ceg8319g29430a465253	Arcane Vigor: D8	Містична снага: d8
h61c3e42cg02b0g7f38gda65gdc3642939a49	Arcane Vigor: D10	Містична снага: d10
h2c125804g85eegc3ecgdd44g25edc8c0bb5c	Arcane Vigor: D12	Містична снага: d12
h68cc0961gb6ceg3e67g1ae5g31162e46016b	Body Warping of Gorgoroth	Викривлення тіла Ґорґорота
h35b9b915g3bf7g0d1dg728fg2be8d9ced715	Body Warping of Gorgoroth	Викривлення тіла Ґорґорота
hfb5ff22bgbb91g4598ga3acg629a9bc0bbf5	Magic Initiate: Body Warping of Gorgoroth	Магічний хист: Викривлення тіла Ґорґорота
hff8c3953ga42fgb3bfgdad0g52582466fdd5	Catapult	Катапульта
h531eb181g2185g4a8eg9a93g7866406491b2	Magic Initiate: Catapult	Магічний хист: Катапульта
hcee9d863gb64eg2f43gf305g608bc4aa5061	Hungering Blade	Голодний клинок
h700ed84bg957fg2a5dg1d50g4d69487d7001	Hungering Blade	Голодний клинок
hb6e6fab4gd077g545dge824g9e58b1ec530c	Hungering Blade: Temporary Hit Points	Голодний клинок: тимчасові очки здоров’я
h4a76861cg2a42g5900gbd08gc593fbb9811e	Thorn Armor	Тернові обладунки
h73991020g32ffg9f15g55bcgd13afd4a160b	Thorn Armor	Тернові обладунки
h56d01007g7639g76b3g6944ge9e37780bfa3	Thron Armor	Трон Броня
h5aaf459egc2f8g443cgbd6cgea65032712ea	Magic Initiate: Thorn Armor	Магічний хист: Тернові обладунки
he4a975ccg5d4fg45f9g97d5g3f061079b267	Magic Initiate: Absorb Elements	Магічний хист: Поглинання стихій
h52a19910g3cc7g493eg8fabg8b7f5c9d64ba	Magic Initiate: Animal Friendship	Магічний хист: Дружба тварин
hd00a8e92gfc21g4f3eg9974gf9e0c3d6edbb	Magic Initiate: Bane	Магічний хист: Бейн
h6dafbdc7g7942g4ac3g9634ga623f2f279cc	Magic Initiate: Bless	Магічний хист: Благословення
hbda17fc5g7024g467aga87bg388df5baebc3	Magic Initiate: Body Warping of Gorgoroth	Магічний хист: Викривлення тіла Ґорґорота
h7a2fb537g5fc5g43f8gab0cgc2fafe4b4935	Magic Initiate: Burning Hands	Магічний хист: Палючі руки
h3b3a5fecgf368g4ca4g838dg229fd96a03af	Magic Initiate: Catapult	Магічний хист: Катапульта
h996d1b8ega8b2g47c0g96c4gaf6bc2f78055	Magic Initiate: Charm Person	Магічний хист: Причарування особи
h15ab5126g2cc1g4af1gba03g00cfda0bb70a	Magic Initiate: Chromatic Orb	Магічний хист: Хроматична куля
h195d1d62g638dg46f4g9ae1g687f458f2200	Magic Initiate: Cloak of Shadow	Магічний хист: Плащ тіні
h77c2c16fg7fa7g45f8g99eeg5093ee84f9d3	Magic Initiate: Colour Spray	Магічний хист: Барвистий пирск
h3c573a5dg1db5g476ega866g1b05ba51908d	Magic Initiate: Command	Магічний хист: Наказ
h4d71670dg87d7g4bccga4bbgbf385cea820f	Magic Initiate: Create or Destroy Water	Магічний хист: Створення чи знищення води
h416d071cgc2fdg4999g885ag8edb4acff79c	Magic Initiate: Cure Wounds	Магічний хист: Зцілення ран
h470526c7g8652g4997g92f7ga0742432639f	Magic Initiate: Disguise Self	Магічний хист: Маскування
h838f68ccgef72g4870ga9e0g4663276becd0	Magic Initiate: Enhance Leap	Магічний хист: Посилений стрибок
h75a2429eg5e2dg4528g91a9gc3a7fe4ecdc1	Magic Initiate: Entangle	Магічний хист: Заплутування
h616e65feg4aa9g4dabg85c6g0011a08ab3c0	Magic Initiate: Expeditious Retreat	Магічний хист: Стрімкий відступ
h115b8b53g622bg479ag9fd7g14390d34dc89	Magic Initiate: Faerie Fire	Магічний хист: Чарівний посвіт
h452ef02bg8072g459eg855cge264eb47d661	Magic Initiate: False Life	Магічний хист: Удаване життя
h9dc30fd4g3582g480bgba3dg482edb0a6f4e	Magic Initiate: Feather Fall	Магічний хист: Легкість пір'їни
hbcd13d7dgb7f9g4220g85dbg19f9150641ef	Magic Initiate: Find Familiar	Магічний хист: Пошук джурозвіра
h06e15584g7b42g42e3g9defgae871657d6f9	Magic Initiate: Fog Cloud	Магічний хист: Хмара туману
he986d9cfge7f4g4d92g9818g7c5d11e3be9a	Magic Initiate: Goodberry	Магічний хист: Добряниця
h1243bcf0g786ag42b5gb4fbg0cbf8d10bf4e	Magic Initiate: Grease	Магічний хист: Жир
hc9d5d758gd8e4g4619g8e9eg9913b4702ebb	Magic Initiate: Guiding Bolt	Магічний хист: Вказівний заряд
h8520752dg87bfg4a3agaa29g10bf5539480e	Magic Initiate: Healing Word	Магічний хист: Цілюще слово
hb920e5dbgbbccg4712g9904g35edd94a4d41	Magic Initiate: Hell’s Lash	Магічний хист: Батіг Пекла
hd623321egb083g4f76g8de6g854fb06bd2fa	Magic Initiate: Ice Knife	Магічний хист: Льодяний ніж
h3e205f1agd960g4959g948fg29bb942db979	Magic Initiate: Inflict Wounds	Магічний хист: Завдання ран
h36704839gee4ag41f3g9e73gc61a6ec696a0	Magic Initiate: Longstrider	Магічний хист: Довгоніг
h67a78096g5504g4397ga7e3g50d4c70ef812	Magic Initiate: Mage Armour	Магічний хист: Магічна броня
h84567768gbb92g4a5cg94a3ga7549989b4f5	Magic Initiate: Magic Missile	Магічний хист: Магічний залп
h1dcac678ge441g4e18ga33fgbbe5e379795d	Magic Initiate: Protection from Evil and Good	Магічний хист: Захист від зла й добра
ha143d206g7a9bg470cg83cdgbc966fec394a	Magic Initiate: Ray of Sickness	Магічний хист: Струмінь хвороби
h7c7f5d5dg08bcg4c63g8114g9f0315f4dcca	Magic Initiate: Sanctuary	Магічний хист: Прихисток
hd50a6304ga5b5g49beg8c6fge702b2220079	Magic Initiate: Shield	Магічний хист: Щит
hd6d90a0dg68a1g49eagb5afg8d748b721221	Magic Initiate: Shield of Faith	Магічний хист: Щит віри
h48c46a3cg3ed8g4cb8g8a9cgfc211a2c0f09	Magic Initiate: Sleep	Магічний хист: Сон
h76a8c640ge73dg4733g817cg19c49fb9c591	Magic Initiate: Speak with Animals	Магічний хист: Розмова з тваринами
h64a62e32ge165g4a0bgba51g3a56f6fbc678	Magic Initiate: Spellfire Flare	Магічний хист: Чаровогняний спалах
h5cfc7c46g0600g459cg9131g7a3b7a33eef5	Magic Initiate: Tasha's Hideous Laughter	Магічний хист: Огидний сміх Таші
h6eeebe55g29fcg4be9g95cfga37c5a2a251e	Magic Initiate: Thorn Armor	Магічний хист: Тернові обладунки
hcde29b6bgba06g491agb023g5f000272d40b	Magic Initiate: Thunderwave	Магічний хист: Громохвиля
hc7c9d88egba6dg4b3dg9f9cgc6db9ab23824	Magic Initiate: Tide of Darkness	Магічний хист: Приплив темряви
hd3f1c3b8gddabg4eb9g9949g8d5cedfb3391	Magic Initiate: Umbral Tendril	Магічний хист: Тіньове щупальце
h40188367g58fcg4db9g9794geffb5d03c4ef	Magic Initiate: Wardaway	Магічний хист: Відгін
hf144efb7g49aeg4bb7ga35fg54d2036d782e	Magic Initiate: Witch Bolt	Магічний хист: Відьомський розряд
h090fc065geb1dge3e6g22b1g1d5d2fa91c92	Laeral's Silver Lance	Срібний спис Лаераля
he19de47agde53g5b49gd45ag019467942cb7	Dragon's Breath	Дихання дракона
h8b5c0d31g91fdg86d0g19aag926c55ff9469	Dragon's Breath	Дихання дракона
hb10c2d2ag537bg8220ge773g2f2eca39fdaa	Dragon's Breath	Дихання дракона
h5739f1d4gcac7g91f1g8878gc76bc894c921	Dragon's Breath	Дихання дракона
h44faa33fgf2e3gd86dg32ffgfdafe83f556a	Dragon's Breath	Дихання дракона
h3d58952cg99d7gd4e9g6ba3gf7ba2d2ccd6e	Dragon's Breath	Дихання дракона
hab751f1dg6ccdg30c4g0159g862e61032821	Dragon's Breath	Дихання дракона
ha1e2ad32g3698gf83fg3528g8d45c9c1bd0e	Elemental Exhalation	Стихійний видих
hdb0aa103g9344gc10cg7143gabd5c9c363de	Elemental Exhalation	Стихійний видих
h3c1b94c0g3b79g0911g3aa7ge6561bd5cb56	Dream	Сон
hb36377c1g08c0g556fge8fbg80cbd9b569ef	Dreaming	Сновидіння
h94c38ff4g24d8gdff5gf15bg1ec208dddd2d	Conjure Woodland Beings Aura	Аура Прикликання лісових істот
h7a848bcagaa30g63d3g3125g77c908213cd3	Conjure Woodland Beings	Прикликання лісових істот
hfefb5384gcdb9g70a3g4fd3g5796fed23526	Awaken	Пробудження
h98169436gc6eagd39ag00f1g64c904ff7649	Awakened	Пробудження
h36f0d51cg768fg6fcegfd4cg9f24f3efb0a1	Bloodthirst	Жага крові
hc7b7932cg1da7g2183g00f2g206583dcf7ef	Fly	Політ
h9de09bd7gc9d1g08d0gcd2fg85f226c678d3	Fly	Політ
h4e086e1dgb445g00e5g933agb84d51e37356	Fly	Політ
h4d6a7f0cg4b59gf232g16f9gaaf7e6aa8dfb	Fly	Політ
h9cf5d531g4949g8b3ag675egdf76db2f6a46	Fire Dance	Танець вогню
h3a8c610bga3d0g98a5g372eg5d265e61eef9	Fire Dance	Танець вогню
h39f64ea5gb60eg3361ga734gb5f1af066885	Fire Dance Aura	Аура танцю вогню
h6f008cdbg3350gd976g5f94g72ed94e99398	Spectral Slash	Примарний розтин
hc78c376dg616ag7239gb066ga93738880899	Spectral Slash Weapon Attack	Збройна атака «Примарний розтин»
h63ced89eg89ebg0483ga272g25ce1e27bec3	Spectral Slash Target	Ціль Примарного розтину
h95052719gb237gac57g92e1g14b60980710f	Spectral Slash Attack	Атака Примарного розтину
hd212fcfagf0edg6619ga792g36f58b10cd9d	Circle of Power	Коло сили
h5f04addfg41ecgbc72gedadga5ba2a2eea90	Circle of Power Aura	Аура Кола сили
h5e4da7bfg3d53g34b0g1618g433a0364acc2	Circle of Power	Коло сили
h27836587g410fg18dbg70f1g00b3cfa0c1c9	Activate Enervation	Активувати виснаження
hb0a6474bg13f1g3902g0e55g5cd782210550	Enervation	Виснаження
h6f070cfeg02fbgebecga6d1gb5a5d6ee555e	Enervation Target	Ціль Виснаження
hf4df8f40g734eg4a1cgb8fagea08b40b8073	Scroll of Ballistic Smite	Сувій "Балістична кара"
hb8962a55g8344g4835ga773g610c4b802669	Usable Classes: Artificer, Paladin	Доступні класи: винахідник, паладин
h3ef06543gb18dg44b9gb236g44997392d5a6	Scroll of Body Warping of Gorgoroth	Сувій "Викривлення тіла Ґорґорота"
h048e9757gf877g4790g9da6ga7ed07014d56	Usable Classes: Sorcerer, Warlock, Wizard	Доступні класи: чародій, чаклун, чарівник
h21f28158g6fd4g4f13gaeb5g46ebd693793f	Scroll of Catapult	Сувій "Катапульта"
h36ab8ce6g4ba6g476ag8f30ga885fc028382	Usable Classes: Artificer, Sorcerer, Wizard	Доступні класи: винахідник, чародій, чарівник
hb76f98a1gdaddg4951gb182gc6db746c906f	Scroll of Hungering Blade	Сувій "Голодний клинок"
h865d57bag46d3g4e6egb4b9g4b2be8c9fa2e	Usable Classes: Paladin, Ranger, Warlock	Доступні класи: паладин, слідопит, чаклун
h96f8024cg9940g41e2g8738g75f648f13e41	Scroll of Spectral Slash	Сувій "Примарний розтин"
h3717a414g9da0g4603g8f54gf8f54abd91df	Usable Classes: Paladin, Ranger	Доступні класи: паладин, слідопит
h7f376c57g932ag412dgb3e9g4b25218c4a93	Scroll of Thorn Armor	Сувій "Тернові обладунки"
hc159efe9g9b0fg4607g8661g446cd5c3514a	Usable Classes: Druid, Ranger	Доступні класи: друїд, слідопит
h585a3b94g72a3g4797gb3e3g845026e4c95c	Scroll of Tide of Darkness	Сувій "Приплив темряви"
h69963318g8028g4cd8g9edfg2f5bf09f1ba9	Usable Classes: Sorcerer, Warlock, Wizard	Доступні класи: чародій, чаклун, чарівник
h2dfbe2f6gbfbcg4453ga3e1g74861452ce15	Scroll of Umbral Tendril	Сувій "Тіньове щупальце"
h2d081af1g7463g4b13gb75cga2f474f1f345	Usable Classes: Sorcerer, Warlock, Wizard	Доступні класи: чародій, чаклун, чарівник
h365e83bfgbaa3g4ed5g8b43gf8e3cb6b0f1b	Scroll of Wrathful Smite	Сувій "Гнівна кара"
h2d010845g555bg4d03g8d82gd5d53c0a75e7	Usable Classes: Paladin	Доступні класи: паладин
h29012509g9a1ag4f12gb771g80fea8b18f27	Scroll of Ashardalon's Stride	Сувій "Крок Ашардалона"
ha87130cag43b6g43aagb72eg9039f36dbbf5	Usable Classes: Artificer, Ranger, Sorcerer, Wizard	Доступні класи: винахідник, слідопит, чародій, чарівник
h1e76b51fg30f1g4826gbff9g56fb7ca775d4	Scroll of Cacophonic Shield	Сувій "Какофонічний щит"
hd129c79fg4974g4468gbeccgb1048964db88	Usable Classes: Bard, Sorcerer, Wizard	Доступні класи: бард, чародій, чарівник
h6fd871efg483cg46a3g84e7g5145abb4d358	Scroll of Elemental Exhalation	Сувій "Стихійний видих"
hcacc217bg86aag40fega7afgb9e50fa8df71	Usable Classes: Druid, Sorcerer	Доступні класи: друїд, чародій
he909a532gc660g4e69gba70gd205498f491d	Scroll of Laeral's Silver Lance	Сувій "Срібний спис Лаераля"
h5b6e7cafg0dcfg4fcdg93e2g9d8a41b1e736	Usable Classes: Cleric, Sorcerer, Wizard	Доступні класи: клірик, чародій, чарівник
hab8760e0gc159g4556gbcf6g5d72a286a4ba	Scroll of Fire Dance	Сувій "Танець вогню"
h70e6f2e6g358eg4ae7g9aa0g3d86098495d9	Usable Classes: Bard, Sorcerer, Warlock, Wizard	Доступні класи: бард, чародій, чаклун, чарівник
h78ffd663g8746g4be7gad92g4add7a2d4ba6	Scroll of Awaken	Сувій "Пробудження"
hd440179cg42e2g4c50g8d76gf6e182d07046	Usable Classes: Bard, Druid	Доступні класи: бард, друїд
h7275dc3dg3a1eg4eeagb827gff7687b3e5d7	Scroll of Dream	Сувій "Сон"
hf51361c7g0bdcg49bcga863g2bc73ce22f6e	Usable Classes: Bard, Cleric, Warlock, Wizard	Доступні класи: бард, клірик, чаклун, чарівник
h713b476fg66a5g4653ga065gd0eabad305c9	Scroll of Enervation	Сувій "Виснаження"
h4b7db2ffg085fg4b20g8ed8g4d26a4634f00	Usable Classes: Sorcerer, Warlock, Wizard	Доступні класи: чародій, чаклун, чарівник
h1fb28cd1g312fg4a30g9c6fg88c9d787974a	Scroll of Dragon's Breath	Сувій "Дихання дракона"
h43c7ed41g0c76g4c1cg8555g3622987390d2	Usable Classes: Artificer, Sorcerer, Wizard	Доступні класи: винахідник, чародій, чарівник
h68f18197gef59g4d42g89d4g359f077b2f65	Scroll of Circle of Power	Сувій "Коло сили"
h45bfef77gc136g4fcdga0c9g905ed940113b	Usable Classes: Cleric, Wizard	Доступні класи: клірик, чарівник
h7a6dd032g8505g4c5agb68cgdd27768b296f	Scroll of Eldritch Blast	Сувій "Містичний промінь"
hb8333042ga43bg4fb8g9ebegc1dc00106cdc	Usable Classes: Warlock	Доступні класи: чаклун
h01124f5bg5522g461dgb0aeg4f68be71b1c3	Scroll of Finger Guns	Сувій "Пальці-пістолети"
hefcb8274gb96dg453agbff3g26f6c5ec90ae	Usable Classes: Artificer, Bard, Sorcerer, Wizard	Доступні класи: винахідник, бард, чародій, чарівник
h32cb692bgdd16g43c9g892dg3c4da0676c57	Scroll of Frightful Start	Сувій "Жахливий початок"
h7f53e712g4b92g496egad03gd289e5e44822	Usable Classes: Bard, Sorcerer, Warlock, Wizard	Доступні класи: бард, чародій, чаклун, чарівник
h177e18f7g6dc3g474bg9532g74fcb3c4f440	Scroll of Green-Flame Blade	Сувій "Клинок зеленого полум’я"
h2b6b0081g8d02g432fga25fg5cea43d6ad1d	Usable Classes: Artificer, Sorcerer, Warlock, Wizard	Доступні класи: винахідник, чародій, чаклун, чарівник
hbde1c1b9g49b7g4bf5gb05bgb6e611fc395a	Scroll of Hellfire	Сувій "Пекельний вогонь"
h19ef7182g0461g4729g9bd7gb3a83834d046	Usable Classes: Sorcerer, Warlock, Wizard	Доступні класи: чародій, чаклун, чарівник
h807cf0e0gb4e2g4ca7g8b0agbe30dda8c3ee	Scroll of Holy Word	Сувій "Святе слово"
h4d264dfag8787g4c7fgab49g4c93bcedf6e8	Usable Classes: Cleric	Доступні класи: клірик
h3eefa19dg5779g4ec2gab7bg0b4ec8deb583	Scroll of Mind Sliver	Сувій "Уламок розуму"
h36b9bd7cgd3ffg4451gab20g2407d989d8c1	Usable Classes: Sorcerer, Warlock, Wizard	Доступні класи: чародій, чаклун, чарівник
h1e4e1990g501dg4f11g8b2egf4a3766ee6ad	Scroll of Spare the Dying	Сувій "Пощада"
h65a17f23g538bg4660g8ddcgf15764bb8f9c	Usable Classes: Artificer, Cleric, Druid	Доступні класи: винахідник, клірик, друїд
haddbee20g6f91g4707gb100g19e0d1c9979d	Scroll of Starry Wisp	Сувій "Зоряний вогник"
h7923fe7dg7483g4e09gb200g403b36ab0c43	Usable Classes: Bard, Druid	Доступні класи: бард, друїд
h398e6d03gc7e5g4d33g9722gbd9206f05133	Scroll of Sword Burst	Сувій "Вибух меча"
he6a9e927g508eg48ebgbe13g101b2c1e7adb	Usable Classes: Artificer, Sorcerer, Warlock, Wizard	Доступні класи: винахідник, чародій, чаклун, чарівник
hfbe03474g4d63g47c6ga736gb204c33c193f	Scroll of Thunderclap	Сувій "Рокіт грому"
h7e719dddg56a4g4792g9d5fgebc975efc849	Usable Classes: Artificer, Bard, Druid, Sorcerer, Warlock, Wizard	Доступні класи: винахідник, бард, друїд, чародій, чаклун, чарівник
h303255c0g1aceg4f8fg8a84gd85c4d39af19	Scroll of Vengeful Blade	Сувій "Мстивий клинок"
hc805ebbcg7821g44d9g89b8g04dbf30e50fe	Usable Classes: Sorcerer, Warlock, Wizard	Доступні класи: чародій, чаклун, чарівник
h934a6c93ge8fbg41e6g9e9dg8ff631afa06e	Scroll of Word of Radiance	Сувій "Слово сяйва"
h0ab87652g61f7g4878gaf77g6d3f4c2727e8	Usable Classes: Cleric	Доступні класи: клірик
h95f509e1g6538g434cgb444g5121e0e7b0ba	Scroll of Aura of Vitality	Сувій "Аура життєвої сили"
h78980a5cg47bdg4715gad11g64e52fa03cec	Usable Classes: Cleric, Druid, Paladin	Доступні класи: клірик, друїд, паладин
hcb30eea5g0d75g45adgb302g4835f16ea7af	Scroll of Phantom Steed	Сувій "Примарний скакун"
h54acce3ag0998g4f67g829eg1a3af0043508	Usable Classes: Wizard	Доступні класи: чарівник
h98058138gc85fg4eeagb856g0f31a491a570	Scroll of Booming Blade	Сувій "Гуркітливе лезо"
h2c792efagc3c7g448eg8c6ag52bf02b25d32	Usable Classes: Artificer, Sorcerer, Warlock, Wizard	Доступні класи: винахідник, чародій, чаклун, чарівник
h4c544d69g6d1fg46fegb8a2g30a5726c36e2	Scroll of Sorcerous Burst	Сувій "Чародійський спалах"
h4a5affa6g47b3g4704gb66dg389fd6211b47	Usable Classes: Sorcerer	Доступні класи: чародій
h483976a4g540ag445dgb277gb00b31441f0c	Scroll of Hex	Сувій "Прокльон"
h2489a6ebgebfeg4a6ag873bg5e21f84887bc	Usable Classes: Warlock	Доступні класи: чаклун
hca44ba39g3097g46a3gac48g9b6019d3e27a	Scroll of Contagion	Сувій "Зараза"
h350dac1eg1492g4804gba82g445fe02a46ea	Usable Classes: Cleric, Druid	Доступні класи: клірик, друїд
ha0cd15ddg0aabg4626gb9e7g4247772148ba	Panther	Пантера
hf7fc2047ga596g401dg9482gcb6cc2037cf9	Sabre-Toothed Tiger	Шаблезубий тигр
h7b45a178g006bg4210gb636g69e7b0272a40	Scroll of Acid Splash	Сувій "Кислотні бризки"
h42e7c0a6g17efg428dg8696g5e39b360bf45	Usable Classes: Artificer, Sorcerer, Wizard	Доступні класи: винахідник, чародій, чарівник
hf156bfc1gdd2eg4f41gad34g1c9eb6624388	Scroll of Blade Ward	Сувій "Оберіг від зброї"
h442b48b7g5fd1g45bfgb68bgc8dc56f80471	Usable Classes: Bard, Sorcerer, Warlock, Wizard	Доступні класи: бард, чародій, чаклун, чарівник
h9e4e7db2g8e7bg46eega5f1gdb891d8cf6e0	Scroll of Bursting Sinew	Сувій "Вибухові жили"
hf86775abg3ed7g414cga752g2779876b3c2b	Usable Classes: Cleric, Sorcerer, Wizard	Доступні класи: клірик, чародій, чарівник
h78290588g0282g4151g95cag5baef69c1634	Scroll of Dancing Lights	Сувій "Танцюючі вогні"
ha1e89b4eg8d92g4aecg97e6g412ea9b904ac	Usable Classes: Artificer, Bard, Sorcerer, Wizard	Доступні класи: винахідник, бард, чародій, чарівник
h2104ae25g8fedg4919gb897gadbc9e42ee72	Scroll of Friends	Сувій "Друзі"
h8b7b0898gbdedg4063g9934gc756b66c18e9	Usable Classes: Bard, Sorcerer, Warlock, Wizard	Доступні класи: бард, чародій, чаклун, чарівник
hd6c2558bgc523g47bcgb14ag057c67c1c3a8	Scroll of Guidance	Сувій "Направляння"
h81ca2d82g0058g40b9g822eg48d00fa390f1	Usable Classes: Artificer, Cleric, Druid	Доступні класи: винахідник, клірик, друїд
hb579f1c3gfd84g4b25ga4eagc3746dba60c9	Scroll of Light	Сувій "Світло"
hbbfea48fg9939g4a68g9f77g75b827833bb9	Usable Classes: Artificer, Bard, Cleric, Sorcerer, Wizard	Доступні класи: винахідник, бард, клірик, чародій, чарівник
h72cfddcagd9adg46e5g9370g300ae4624cf3	Scroll of Mage Hand	Сувій "Рука мага"
h64daa63ag9736g4405gbd0fgb7a1a6818a53	Usable Classes: Artificer, Bard, Sorcerer, Warlock, Wizard	Доступні класи: винахідник, бард, чародій, чаклун, чарівник
h06c20aa3ga24ag4712g8d65gef0c57b09d88	Scroll of Minor Illusion	Сувій "Мала ілюзія"
h51f7caaeg9372g4e86gaf59g32f47c7ca3fd	Usable Classes: Bard, Sorcerer, Warlock, Wizard	Доступні класи: бард, чародій, чаклун, чарівник
h80896363g0d60g4d9aga98dg6683f010415d	Scroll of Poison Spray	Сувій "Отруйний пирск"
h47e76386g3be1g40b1g97deg21f1ba49349a	Usable Classes: Artificer, Druid, Sorcerer, Warlock, Wizard	Доступні класи: винахідник, друїд, чародій, чаклун, чарівник
h4d344a13g13e1g4670g9671g6a65e9c8db6b	Scroll of Produce Flame	Сувій "Творення вогню"
heb1c0ea3geae1g43b3g9275g4eb4542e750c	Usable Classes: Druid	Доступні класи: друїд
h7e24e8c4gd619g4b7bgbb8fgf6e69df662bd	Scroll of Resistance	Сувій "Опір"
h2684b3a8g5785g4b36g91aag1a15e2d6235a	Usable Classes: Artificer, Cleric, Druid	Доступні класи: винахідник, клірик, друїд
hd6b957e7gf997g46f7gb34cgd07ed973fb49	Scroll of Sacred Flame	Сувій "Священний вогонь"
hc5261503g7ffeg44f4g9adeg4a453b390776	Usable Classes: Cleric	Доступні класи: клірик
h969e79f8ga241g4f3eg904ag8f4858d7c146	Scroll of Shillelagh	Сувій "Ґирлиґа"
hf6ca44c0g6ba9g4f48g9216g56a087c03808	Usable Classes: Druid	Доступні класи: друїд
h4e359edbgd14fg48e3gaaa8gec2f6f104eff	Scroll of Thaumaturgy	Сувій "Чудотворство"
h68e674cegfb0eg4833g9161g16eb4a4a0ae6	Usable Classes: Cleric	Доступні класи: клірик
hd8acfaf2gdc2fg4a8bg85d8g786e61843d71	Scroll of Thorn Whip	Сувій "Терновий батіг"
h2cec4524g94f3g406cg949bgabc8f7ab61a8	Usable Classes: Artificer, Druid	Доступні класи: винахідник, друїд
hd794ebceg972cg429aga2fbg3d9a7db47812	Scroll of Toll the Dead	Сувій "Подзвін"
h9776cce3ga97cg44bag8675g5a02e511c687	Usable Classes: Cleric, Warlock, Wizard	Доступні класи: клірик, чаклун, чарівник
h096ebfe5g0cb5g4dfeg934cg08534e139de2	Scroll of True Strike	Сувій "Певний удар"
hd82e1bf6g1c8dg4df4g85e8ge5cc7b209599	Usable Classes: Artificer, Bard, Sorcerer, Warlock, Wizard	Доступні класи: винахідник, бард, чародій, чаклун, чарівник
hd6dc4fb0ga5fag40e4g94a8gf532a76634c0	Scroll of Vicious Mockery	Сувій "Злісне глузування"
h5b8d54d1ga5f7g44ebgb131g294190f528a8	Usable Classes: Bard	Доступні класи: бард
h13714915ge8a8g4f94g810egd8c9ba002446	Scroll of Armor of Agathys	Сувій "Обладунки Агатіс"
h5ab42ef9g6590g4406g96c5g85893df14e9d	Usable Classes: Warlock	Доступні класи: чаклун
h05676470gf169g4cf0g9d65g403316fae14c	Scroll of Arms of Hadar	Сувій "Руки Хадара"
h3911d261g028eg4d6eg81a7g190f0c68e29b	Usable Classes: Warlock	Доступні класи: чаклун
hbe0bca25ge643g45e5g8678gfc458da357f4	Scroll of Bane	Сувій "Бейн"
h6463c609gb0b9g4640g8d41g75423740e731	Usable Classes: Bard, Cleric, Warlock	Доступні класи: бард, клірик, чаклун
he3c7d0a6g96b1g42c9g83e1g78c6366800d2	Scroll of Bless	Сувій "Благословення"
hc6a4456cg98a4g45e5g9913g29050df55476	Usable Classes: Cleric, Paladin	Доступні класи: клірик, паладин
h271f8b43g2fc8g42efg8291g2ba140c8aa4a	Scroll of Command	Сувій "Наказ"
h87352624g7a49g488bg83fbged7cf00fa351	Usable Classes: Bard, Cleric, Paladin	Доступні класи: бард, клірик, паладин
h733f9731g4484g4313g987cga5792d08061f	Scroll of Compelled Duel	Сувій "Насильний двобій"
hd3eba5dagff83g410cgb73bg920141c0a6a4	Usable Classes: Paladin	Доступні класи: паладин
h652294ddg8ca4g4600gb068g4c65f5fc27f9	Scroll of Create Destroy Water	Сувій "Створення або знищення води"
hf064b5feg4877g4e8bg8a64g84ce7bbef50a	Usable Classes: Cleric, Druid	Доступні класи: клірик, друїд
h6c69e211gc0fdg446dgb4a6gc5f6f6b1df24	Scroll of Cure Wounds	Сувій "Зцілення ран"
h7f314a75g180ag4b5fgb292g79d9ab6b5e9d	Usable Classes: Artificer, Bard, Cleric, Druid, Paladin, Ranger	Доступні класи: винахідник, бард, клірик, друїд, паладин, слідопит
ha240a28bgac40g47f6g81c8g9397f5b7151f	Scroll of Dissonant Whispers	Сувій "Нерозбірливий шепіт"
h882af9a4gb72dg433fg81bfg913a9ca05fb3	Usable Classes: Bard	Доступні класи: бард
hc05fd5f0gabeag4800gad2eg36539cdcef6e	Scroll of Divine Favor	Сувій "Божественна милість"
hea95aad3g8011g4695g98fbgb7e528739872	Usable Classes: Paladin	Доступні класи: паладин
h92a5b85bgbf5ag46c6g815fgaa776936f6b9	Scroll of Ensnaring Strike	Сувій "Обплутувальний удар"
h240835ffg849dg4c2agb157g4665f8dc5787	Usable Classes: Ranger	Доступні класи: слідопит
h4d2440a7g773eg4df5ga298ge47b7cb7545d	Scroll of Entangle	Сувій "Заплутування"
heb239ae8gb512g4a22gb543g9b98c9f2df9d	Usable Classes: Druid, Ranger	Доступні класи: друїд, слідопит
h74437106g3801g4e49gb67bge87de1f118c5	Scroll of Faerie Fire	Сувій "Чарівний посвіт"
h53a09d3agfa14g4382ga82bga385c31825d6	Usable Classes: Artificer, Bard, Druid	Доступні класи: винахідник, бард, друїд
h7ef4ab92ge90ag48bdgb4deg1e7f771f5319	Scroll of Guiding Bolt	Сувій "Вказівний заряд"
hef54eecfgdce9g4473gb994g4113b91775fb	Usable Classes: Cleric	Доступні класи: клірик
h5271ce83g7c0fg4956gb2afg0a429f41a26e	Scroll of Hail of Thorns	Сувій "Терновий град"
hbe4b287bg4438g4a3dg9254g7f67718dba54	Usable Classes: Ranger	Доступні класи: слідопит
h6e9279b3ge5f5g46a2gb43aga7a7cff5b37a	Scroll of Healing Word	Сувій "Цілюще слово"
hcd5a67dfg2658g49f0g9f75g091450907eda	Usable Classes: Bard, Cleric, Druid	Доступні класи: бард, клірик, друїд
h1d614ddagb290g44e4g90c4gf1d0dbff174e	Scroll of Heroism	Сувій "Героїзм"
h6e43759ag12b4g42f0ga135g15ce363eeb40	Usable Classes: Bard, Paladin	Доступні класи: бард, паладин
he80f0a15g5df9g44bbg92e7g880e56e9ea3f	Scroll of Hunter's Mark	Сувій "Мітка мисливця"
h94fcd654gb691g4f27g89e4gf9ff5a1de879	Usable Classes: Ranger	Доступні класи: слідопит
hf42b7ddfg2028g4ec4gb854g9528bb39b818	Scroll of Inflict Wounds	Сувій "Завдання ран"
h17266dddg8a8bg426bgb096g6b9bf2eca717	Usable Classes: Cleric	Доступні класи: клірик
he05c72e9g0761g4a5cgbe1bgfe115ce91c95	Scroll of Sanctuary	Сувій "Прихисток"
h6dab634bg7fcdg455bg97fag943f3d768fb1	Usable Classes: Artificer, Cleric	Доступні класи: винахідник, клірик
hf58661b8gab76g47ebg8450g07dbcd2e223e	Scroll of Searing Smite	Сувій "Пекуча кара"
hb5ca2a00g713ag4654g8663g5f27ac95a237	Usable Classes: Paladin	Доступні класи: паладин
h68efba27gab0dg43f4ga260gea1789a83134	Scroll of Shield of Faith	Сувій "Щит віри"
hb7865f71gc9dbg4beega25agd429d35c82a0	Usable Classes: Cleric, Paladin	Доступні класи: клірик, паладин
h18d457f4g80ecg43acg829cg11afd73ec108	Scroll of Speak With Animals	Сувій "Розмова з тваринами"
hf972a7c0ge2f1g4e13g84cbgb2eb21931d53	Usable Classes: Bard, Druid, Ranger, Warlock	Доступні класи: бард, друїд, слідопит, чаклун
hd630115dg356eg4f68g8a96g710ed0b808e7	Scroll of Thunderous Smite	Сувій "Громова кара"
hf65383c6g0bc1g428cg9721g7922e6de4cfa	Usable Classes: Paladin	Доступні класи: паладин
hea19e09cg0f06g47b9gb3c2g7fb62c2c96e2	Scroll of Barkskin	Сувій "Дубова кора"
hb15c91a6g6880g44a9g8fb0gce00ff78e460	Usable Classes: Druid, Ranger	Доступні класи: друїд, слідопит
h35519665ge949g4374ga365g7bda4404fe86	Scroll of Branding Smite	Сувій "Ганебна кара"
h51ea462dg7af4g46c6g98ddga2de23fe1459	Usable Classes: Paladin	Доступні класи: паладин
hc0e72a85g7d23g4c2dgb4f1gbe82eaa88e00	Scroll of Calm Emotions	Сувій "Утихомирення емоцій"
hc298c1d3g5b1fg4a35gb89bga87a125fb109	Usable Classes: Bard, Cleric	Доступні класи: бард, клірик
heca566f5g65fcg4803g8dd1g682cc5887e4b	Scroll of Enhance Ability	Сувій "Посилення характеристики"
hbdd71080g88bag48b8gbbe9g6e98deccccfd	Usable Classes: Artificer, Bard, Cleric, Druid, Ranger, Sorcerer, Wizard	Доступні класи: винахідник, бард, клірик, друїд, слідопит, чародій, чарівник
h728428ccg46b4g4d4fga3e5gbf83f178944e	Scroll of Enthrall	Сувій "Завороження"
hb7b57624g2a86g4643gabd8g3c71b0683ff1	Usable Classes: Bard	Доступні класи: бард
h804ae2f1g0930g4491g8763g4b06563c2821	Scroll of Heat Metal	Сувій "Розжарити метал"
hc7c754fag911ag47a7ga5beg7f98f8c469f8	Usable Classes: Artificer, Bard, Druid	Доступні класи: винахідник, бард, друїд
he504d141gc259g45f8gb80dg3c310b21a85b	Scroll of Lesser Restoration	Сувій "Мале відновлення"
h6f2f1343gd3ecg4b9eg85e2g2ef6cc31d097	Usable Classes: Artificer, Bard, Cleric, Druid, Paladin, Ranger	Доступні класи: винахідник, бард, клірик, друїд, паладин, слідопит
he10d9305g8cf6g4ccbgad7bgd2746ea46ca4	Scroll of Moonbeam	Сувій "Місячний промінь"
h250348d7ge71dg40a2ga944g6f665b8e18c0	Usable Classes: Druid	Доступні класи: друїд
h45d0b5d3ga398g445cga7f9gd75da7a8aae3	Scroll of Pass Without Trace	Сувій "Безслідний крок"
hfeb4fe3ag8905g4d2bgb6a9g7ee7674d54b6	Usable Classes: Druid, Ranger	Доступні класи: друїд, слідопит
hc6d61f66ga59cg4754gac48ge00fb1fb5ddd	Scroll of Prayer of Healing	Сувій "Молитва зцілення"
h65a54d96gda00g48f3gb956gbf5821b6ed10	Usable Classes: Cleric, Paladin	Доступні класи: клірик, паладин
h4df0a731g189eg4843gb14fg950fd7625872	Scroll of Protection from Poison	Сувій "Захист від отрути"
h5427b5b7g9e41g4bbeg8e31g82d493a9b617	Usable Classes: Artificer, Cleric, Druid, Paladin, Ranger	Доступні класи: винахідник, клірик, друїд, паладин, слідопит
hb45b2deeg7891g4ef5g9247g6271029e08c6	Scroll of Shadow Blade	Сувій "Тіньовий клинок"
h87e57107g3fd4g43dcga492g90ec809f3f7a	Usable Classes: Sorcerer, Warlock, Wizard	Доступні класи: чародій, чаклун, чарівник
h07d70d75gb311g4b65gaf4eg8807c20ff75d	Scroll of Silence	Сувій "Тиша"
h72e6f048g2dbag460egbdbcg13df38c3298c	Usable Classes: Bard, Cleric, Ranger	Доступні класи: бард, клірик, слідопит
h2fd14680g25deg43cdg9566gbe966a172cd8	Scroll of Spike Growth	Сувій "Шипасте поле"
hd0519165g9dffg4e5fg82eegf51c3855776a	Usable Classes: Druid, Ranger	Доступні класи: друїд, слідопит
h63eb55ccgfb97g429agbc6dg76a3f91ba6dc	Scroll of Spiritual Weapon	Сувій "Духовна зброя"
hd9f0d1begbcf0g4bf7g854ageeacf34955bf	Usable Classes: Cleric	Доступні класи: клірик
h6e60a515g883fg4bf9ga2d5g7744828b2d6f	Scroll of Warding Bond	Сувій "Захисний зв'язок"
h8a827975g3fc5g445fgbdc1g25c34240201d	Usable Classes: Cleric, Paladin	Доступні класи: клірик, паладин
h08ad9844gea2dg4d56ga406g6d04f66b0031	Scroll of Beacon of Hope	Сувій "Маяк надії"
he9f6e2b1g23dfg41e9g9a07gbc2cec13be20	Usable Classes: Cleric	Доступні класи: клірик
h55a35097g5dd8g4e9fg877ag564708edc728	Scroll of Blinding Smite	Сувій "Сліпуча кара"
h9bf76849g3018g4f96gbac5gcd39839b2394	Usable Classes: Paladin	Доступні класи: паладин
hca7ebb00g47b4g4574g953bgdb15df0bca67	Scroll of Call Lightning	Сувій "Викликати блискавку"
h9c7aa655g6161g4dedg9ffbg92220abe2475	Usable Classes: Druid	Доступні класи: друїд
hbaf05e9cg8b9ag48dagb7eag7903cf5bc3c3	Scroll of Conjure Barrage	Сувій "Прикликаний обстріл"
he94292e5gd3a9g44eegaaf6gdfc66d5bd1e2	Usable Classes: Ranger	Доступні класи: слідопит
hb3a50517g8c9fg42b2g8757g2a419821af02	Scroll of Crusaders Mantle	Сувій "Мантія хрестоносця"
he0963b4bgda4eg4bafgb796g5b7ec6410ca1	Usable Classes: Paladin	Доступні класи: паладин
h5b3aa645gc718g46fcgb3b1g48cced477759	Scroll of Daylight	Сувій "Денне світло"
h73580f96ga9bag489aga276gaa2200b19c22	Usable Classes: Cleric, Druid, Paladin, Ranger, Sorcerer	Доступні класи: клірик, друїд, паладин, слідопит, чародій
haf04e176g4abeg4764gb773gf6644ec21fac	Scroll of Elemental Weapon	Сувій "Стихійна зброя"
hd2abd846g45b3g427dgb7a8g08a2cd62544a	Usable Classes: Artificer, Druid, Paladin, Ranger	Доступні класи: винахідник, друїд, паладин, слідопит
hf37a3668g5485g462dgb8bfg24f366499655	Scroll of Hunger of Hadar	Сувій "Голод Хадара"
hdcedefeeg8769g45e9ga84bgac21bffb520f	Usable Classes: Warlock	Доступні класи: чаклун
h2d37feacg6e1dg4330ga540gcd5096a455e8	Scroll of Lightning Arrow	Сувій "Блискавична стріла"
ha40f0509gf80eg4b7agb932gee31a11de074	Usable Classes: Ranger	Доступні класи: слідопит
h21fd31cfg39c3g427egbc9egf048a4cf21a5	Scroll of Mass Healing Word	Сувій "Масове цілюще слово"
h665b1f14gbe43g44f5g9a56ga2e7cb2fa287	Usable Classes: Bard, Cleric	Доступні класи: бард, клірик
hbdf82ee0g0a92g43e1g8697gbaa2fd5aecf7	Scroll of Plant Growth	Сувій "Ріст рослин"
habb3d245gf146g4a01g8fd5g6d0eaf22fede	Usable Classes: Bard, Druid, Ranger	Доступні класи: бард, друїд, слідопит
h50778009g9d87g418bg87b5g2254454260ed	Scroll of Spirit Guardians	Сувій "Духовні охоронці"
h8fe1d517gfd0dg43f7gb1b5ge42cd5ffc705	Usable Classes: Cleric	Доступні класи: клірик
h55d62a6fge1a3g4d2fg93cfg89f4f3459f11	Scroll of Conjure Woodland Beings	Сувій "Прикликання лісових істот"
h5e1c76d8g5917g4dcfgaf4bg102510402809	Usable Classes: Druid, Ranger	Доступні класи: друїд, слідопит
h6610ee0eg1eb2g4ce7g9ca1gcf3d85a89aee	Scroll of Death Ward	Сувій "Оберіг від смерті"
h8b1f4993ga883g4f66g9bb9g24d8dd30700d	Usable Classes: Cleric, Paladin	Доступні класи: клірик, паладин
hfa5194fdga498g4753g845eg38616d41d105	Scroll of Dominate Beast	Сувій "Панування над звіром"
ha49988b7g0aaag4c53gb135g16e4a7d028ca	Usable Classes: Druid, Ranger, Sorcerer	Доступні класи: друїд, слідопит, чародій
h8587bf57g8e23g47eeg855ag694f1815cca7	Scroll of Freedom of Movement	Сувій "Свобода руху"
h924ee79agb241g4343g9a17g84d939186d74	Usable Classes: Artificer, Bard, Cleric, Druid, Ranger	Доступні класи: винахідник, бард, клірик, друїд, слідопит
h0ae3a512ga30bg4e55gaacfg84dc3f72dda1	Scroll of Grasping Vine	Сувій "Хапка лоза"
hea395c9ag018fg4009g9180g6a41e317a1e4	Usable Classes: Druid, Ranger	Доступні класи: друїд, слідопит
hfd260509g0e4bg4d5fgb5d2gd0e37328a597	Scroll of Guardian of Faith	Сувій "Охоронець віри"
hab2b3ccagbed1g40b3gb1bbg58fd80b5531e	Usable Classes: Cleric	Доступні класи: клірик
he70e6205gdf4fg4d5cg9dc6gdc22475bfbf4	Scroll of Danse Macabre	Сувій "Танок смерті"
hb9d9d80cg39e7g43cagabd7g4b093f1e2863	Usable Classes: Warlock, Wizard	Доступні класи: чаклун, чарівник
hca48287cg09ddg475eg984dgb74dd7555661	Scroll of Dispel Evil and Good	Сувій "Розсіювання зла й добра"
ha59d7b3cg42aeg4b10gae24g03767f5b5588	Usable Classes: Cleric	Доступні класи: клірик
hb48ea529ga046g4da2ga1d7g7a6603bceb12	Scroll of Flame Strike	Сувій "Вогняний стовп"
h34eac281g5918g45fbg9d4egdf30d279379c	Usable Classes: Cleric	Доступні класи: клірик
ha8754ab8g046eg429dgb826g072b90ae711c	Scroll of Greater Restoration	Сувій "Велике відновлення"
h29c82c0eg24ccg4d14ga127g3278b7b2fa8b	Usable Classes: Bard, Cleric, Druid	Доступні класи: бард, клірик, друїд
hf901b922g373ag4bf3gb6bbg47b4699ed0fb	Scroll of Holy Weapon	Сувій "Свята зброя"
h8a08067fg3f76g4e1dg8e02gad5095c8eeb9	Usable Classes: Cleric	Доступні класи: клірик
h93979a42gdc26g4964ga7f7gc4974506e66a	Scroll of Insect Plague	Сувій "Нашестя комах"
hab57462agb792g494bg9462g32ca3e45469e	Usable Classes: Cleric, Druid, Sorcerer	Доступні класи: клірик, друїд, чародій
hf954e01dg9e5fg497fga5d3g2cef68a76aec	Scroll of Mass Cure Wounds	Сувій "Масове зцілення ран"
h2a19ce2dg5763g4613g9861g7c187ef6cb3e	Usable Classes: Bard, Cleric, Druid	Доступні класи: бард, клірик, друїд
hff3d0226g6612g46cdg82f8g7d47e749c7f5	Scroll of Arcane Gate	Сувій "Магічна брама"
hdb0e30bbgc764g4d02gb2d8g7ec827bccb17	Usable Classes: Sorcerer, Wizard	Доступні класи: чародій, чарівник
hfd5fe6cbg9e79g4506gbd98g47f8fa71ae2c	Scroll of Blade Barrier	Сувій "Стіна клинків"
hb91babffg2098g4a95g8d11g80cbabdbd5f4	Usable Classes: Cleric	Доступні класи: клірик
h70a619eeg6ec3g4740g9447gdafb23e4c3bd	Scroll of Create Undead	Сувій "Створити невмерлого"
h8288432dge8adg48dcgb39ag463d70eae5e5	Usable Classes: Cleric, Wizard	Доступні класи: клірик, чарівник
he1063367gd781g4567g8184gcff119cfbc4d	Scroll of Harm	Сувій "Ушкодження"
hc7337917gc650g450egb66cg48f29d82ed25	Usable Classes: Cleric	Доступні класи: клірик
hd2cff643g1314g451dg8b52g3c72ab9cc277	Scroll of Heal	Сувій "Зцілення"
h5a3b8f8dg1fa6g4882g9145g812f10a1971d	Usable Classes: Cleric, Druid	Доступні класи: клірик, друїд
h8dce5792g2335g4226gb661gca3e4cf933f9	Scroll of Heroes Feast	Сувій "Героїчний бенкет"
hda55ee17gdadfg4de3g9bf8g049e90d394f8	Usable Classes: Bard, Cleric, Druid	Доступні класи: бард, клірик, друїд
hf577238eg5e24g45b6gb0a2g141a090436e0	Scroll of Planar Ally	Сувій "Планарний союзник"
hc4d67b9ag8485g41a4gaf7ag052379dbe08f	Usable Classes: Cleric	Доступні класи: клірик
h2ecfc655g0140g46e2gb3a1g79eb47deb506	Scroll of Wall of Thorns	Сувій "Тернова стіна"
h2f0b64a4geb48g4c40g9076g26cb973d6c00	Usable Classes: Druid	Доступні класи: друїд
hc2613126g1447g4fd3g9ecdg5f633dce7f75	Scroll of Wind Walk	Сувій "Ходіння вітром"
h6c3bff41ge93bg4284g9158gfe616f679bae	Usable Classes: Bard, Druid	Доступні класи: бард, друїд
hbdab1650g7fcegb743g3bf5gb818b5acb043	Changeling	Перемінник
hb280ba69g6538g2683g4a87gc4ce53e3c3c6	Changeling	Перемінник
ha27abf3bg3071ga32fgef9ag63d508f82314	Changeling	Перемінник
h8489e5a6g8d98ga6aega0e4g053a3fec88c7	Changeling	Перемінник
h92492e20g45c0gf0a3g825eg51894d948693	Shape-Shifter	Змінювач подоби
h3aa8fe16g20f5gd9bcg6b2ag37c43ec4a76a	Changeling Instincts	Інстинкти підмінювача
h45db1baag1a66g5173g7046g451d6c939820	Shape-Shifter	Змінювач подоби
h91db12d5g8008g270dg0954g09a1733b596c	Dismiss Shape-Shifter	Скасувати подобу перевертня
h92a4c2d5gc8f0g7ee9g69d9gbcc22fbfd18f	Pickpocketing	Обкрадання
hee9de861gce1eg6f92gb26dg7eabdea5edc3	Metamagic: Seeking Spell	Метамагія: закляття пошуку
habd56c76g31abgf710gce13g306dcdaeece5	Metamagic: Seeking Spell	Метамагія: закляття пошуку
hbdf571dag5ab3g15d9gdff5gce87ff23aeab	Arcane Ward: 2	Магічний оберіг: 2
h6a8a77f9g49d3g85c9g66d6g5339634103dc	Arcane Ward: 5	Магічний оберіг: 5
hdbeee3f4g51d1ga6a2g38e4g117b18d0ded2	Arcane Ward: 10	Магічний оберіг: 10
hab1b1092g6641g6579gf21fg826e0233e223	Arcane Ward: 15	Магічний оберіг: 15
hd316ed92gc935g3e5ag2680g5fe344efd87e	Arcane Ward: 25	Магічний оберіг: 25
h1fb287e1g9868g51e1gb05bg26f19c367e9d	Arcane Ward: 2	Магічний оберіг: 2
h36d4544fg5333g6da5gaa73g9d6577de11a3	Arcane Ward: 5	Магічний оберіг: 5
h1cb5ab02gf336ge150g0148g642f1196f8a5	Arcane Ward: 10	Магічний оберіг: 10
h7934c92cg8530g3159g655ag6b05c5e60aef	Arcane Ward: 15	Магічний оберіг: 15
h4f08c9a8gd738g8d4dg31c2gb975d622852c	Arcane Ward: 20	Магічний оберіг: 20
h3e550e8eg5409g3a80g52e3ga4f1d383264d	Projected Ward: 2	Спрямований оберіг: 2
h295148d7ga456gb0ffg5573g8f507e9bf7fe	Projected Ward: 5	Спрямований оберіг: 5
hd1cf6300g0d28g0951g5071g79972ff7f6ac	Projected Ward: 10	Спрямований оберіг: 10
h2a863d0egbd90g1d88g062fgd7908dabd2e0	Projected Ward: 15	Спрямований оберіг: 15
hc26cfac5g1d2cg4692g1e56g8a0726a5fa88	Projected Ward: 20	Спрямований оберіг: 20
hc2e7a124g2079gd707g16edg7f33dc23e62e	Projected Ward: 25	Спрямований оберіг: 25
h8b958c8ag5476g5bd5g1951gae850853f115	Dark One’s Own Luck	Власна удача Темного
h2944739bg0fccgd61eg92c1g5c03f06fda01	Gnoll	Гноль
hcfaede04g37feg52c1g02a1g79498988da95	Gnoll Flind	Гноль Флінд
h2fc7ca1ag45b3g3d7fg4bc3g7371ce249b55	Bugbear	Ведмебай
h5ced74f8g76e0g5eddg048cgd4d89dcb4b6d	Goblin	Гоблін
h9d1db6edgfe03gd1b6g95aeg9d83628a6e5e	Hobgoblin	Страхоблін
haaeaefd6ge211ge406g3964g5d846312973c	Kobold	Кобольд
h49f573e0g51d8gab8ag3788g56d525e94705	Kuo-Toa	Куо-тоа
h3f9f2b2agdef2g4181g854bgea3484c5155b	Sahuagin	Сахваґін
h032b8a67g1d02geaddg0a67g885aa13f6da3	Circle Forms	Подоби кола
h6f04cce5g29c8g83f2gad05g7191e1a42b7d	Improved Circle Form	Покращені подоби кола
hfe00d696gc13ega9a7g3f41g5fe01cf6c73e	Abyssal Tiefling	Абісальний бісин
hc7b4d637g873egedaega2b5g55638c2965cd	Chthonic Tiefling	Хтонічний бісин
h502c43ffg8aceg5a29gb438g81efeef8bc10	Infernal Tiefling	Пекельний бісин
h3d584bfbgb23eg45ecgb6acg46f59eb344cd	Fiendish Vigor	Диявольська сила
hadb5b7dage07bge3f2g8c43g6e8443272c86	Oath of Conquest	Обіт завоювання
h2e82e99agfea3g9983g241bg150e083ca5e5	Tenets of Conquest	Принципи завоювання
h903867a1g3cfdg2b4fge6ebg7a3e79936727	Level 3: Oath of Conquest Spells	Рівень 3: Закляття Обіту завоювання
ha9bb3551ge412g5c19g5e97g106901d50282	Level 3: Conquering Presence	Рівень 3: Завойовницька аура
h996c924egb5b7g1b84g76a7g77794f881ec6	Level 3: Guided Strike	Рівень 3: Направлений удар
h73506d7ega609g97beg9101g93708e3a082e	Level 7: Aura of Conquest	Рівень 7: Аура завоювань
he29c0fa8g0bcdgab6cgc0c7ge447100b3ff3	Conquering Presence	Завойовницька аура
h120e7e2eg2d57gd215g3dd8g8d3eb76c5977	Guided Strike	Направлений удар
h109e64a1gcfdeg5849g6011g2589d481fc32	Aura of Conquest	Аура завоювань
h866d88e1g1047ge1d0gd19agda4ac87262ec	Aura of Conquest	Аура завоювань
h317ce04ag4c31g046cgc0e5gc22245456709	Aura of Conquest	Аура завоювань
ha7123ebbg3a7eg5a2agbb2agd275e5b96e50	College of Choreography	Колегія хореографії
h64135e89gfb5cgda25g7b51ga9d56a7840e7	Level 3: Fast movement	Рівень 3: Швидке пересування
h646d3264gf6b6g560fg5c71g2bdcf82ed18f	Level 3: Fast movement	Рівень 3: Швидке пересування
he6ec7f15ga89dg3c20g36ccg1213e02112e6	Level 3: Inspirational Dance	Рівень 3: Надихальний танець
h4540df02gb020g8e3bg3167gaa78385a6a3d	Level 6: Entrancing Movement	Рівень 6: Заворожливий рух
hd49fcd64gff1eg845agd28bg3ab0a14daac8	Level 6: Fast movement	Рівень 6: Швидке пересування
h4cb69536g5c74geea4gc43dgd9f79ab9e5bd	Inspirational Dance	Надихальний танець
ha3470339g553agf518ge686g4bd2e7eabe4e	Inspirational Dance	Надихальний танець
h20d37566g7400g2868g5deag4485da129eed	Psychic Blade	Психічний клинок
h1b7a04edgc7a6g74bdg9277g31ec3fcfe741	Dhampir	Дампір
hd491ceccg138fg0537gb43fg5defc61c0f30	Dhampir	Дампір
hf9129957g8bdeg2134g6e2age3382971e6e3	Dhampir	Дампір
h7552731cg5e2eg86a4gd7e3ga6729073015a	Dhampir	Дампір
hf7a087cfg5af3gc020gfef7ga1492d5433a4	Dhampir	Дампір
h5847d1efg7e23g01b4ga35bge1c4afd90b9b	Dhampir	Дампір
h7989fcf7g80c8g49bfg77ddgaeac695ed86e	Dhampir	Дампір
hd588ecc6gf8ffgac9ag1bffg8633c4557ecc	Dhampir	Дампір
h83168c72g2accga9e2g2510g853a339ac638	Dhampir	Дампір
hdc9fc083g9759g204fg2b22gc934db302abd	Dhampir	Дампір
ha8bd3c45g2bd9g6ed2ga865g2a1729d8e621	Dhampir	Дампір
ha6ecc729g769ag468fgb75cg0234cfc91fc6	Dhampir	Дампір
h3cee4f0ag8a7ag91bcgf4fbg11f9fdb42932	Dhampir	Дампір
h43c6f529g3088g5415g1ccfga6267661c2db	Dhampir	Дампір
haab89db8ga65dg07f1g9db9g3edaf3c7bb19	Dhampir	Дампір
h39cd34cdg91a6g91c8g1e4fg86320622916e	Dhampir	Дампір
h49292b18g2711g74bbgd58dg5ea92c04933b	Dhampir	Дампір
h8ee35892g81b9gafcfg9b6eg110c937240b0	Dhampir	Дампір
h20f64aa6g795fg9b53g72cbg5d2197b0a4a7	Dhampir	Дампір
hfd3e7f7cg81d3g32b1gc592g7b0eafc25b98	Dhampir	Дампір
h02533ba5gec0ag9e9dg4fc4g73c9249f2bec	Heroic Sorcery	Героїчне чаклунство
hb63faa4cg7994gfa72g49ffg512d528710ca	Level 3: Heroic Spells	Рівень 3: Героїчні закляття
h81636128ge683g92f7g0c18g5a4d21a7d6cd	Level 3: Martial Sorcery	Рівень 3: бойове чаклунство
h24a47f20g3ac1g6d84g3d56g0ed1cb4e72a0	Innate Bladework	Вроджена майстерність клинка
h53a12d9egc7c5gf706ga7b8g2d29d648745c	Heroic Soul	Героїчна душа
h3402fc68g9109gef6dgd022gbf7d7085770c	Heroic Soul	Героїчна душа
h023b6e62gd527gd06ag21f5g62d6b5499a8f	Innate Bladework	Вроджена майстерність клинка
h695b4904g6705gae29gf403g5f760242cf0f	Forge Domain	Домен ковальства
hd68e0b12g6c5dg2499gb79dgb0bef0d97bfe	Forge	Кузня
had29e8cegec4eg276ege02ag8c1fb424d18f	Level 3: Forge Domain Spells	Рівень 3: Закляття Домену ковальства
h7e23e8e3g27adg66cegbf84g1bde42d332f0	Level 3: Blessing of the Forge	Рівень 3: Благословення кузні
h5fba6a7eg02bcga50egc7c7g758496cdc1a1	Level 3: Artisan's Blessing	Рівень 3: Благословення ремісника
hc11d4f13g1389ga831ged26g22c173679faf	Level 6: Soul of the Forge	Рівень 6: Душа кузні
hcfc31e88g634cg3791g5bd4g069de9d3afa9	Blessing of the Forge: Magic Weapon	Благословення кузні: магічна зброя
ha16f58efga1b2gc6a6g85fdg6414a27e6567	Blessing of the Forge: Magic Weapon	Благословення кузні: магічна зброя
he7ab672fgb558g9a55g2482gc3f14b08385f	Blessing of the Forge: Magic Armor	Благословення кузні: магічні обладунки
h5087f168gc945g5fb3g83d6g3f3a84dd61d9	Artisan's Blessing	Благословення ремісника
heabce0ebge4c8g32e1gec9dgfa7d3983180d	Celestial Spirit	Небесний дух
ha1f46ec6g425egaef3g8a83g4a20db310dd5	Conjure Celestial	Прикликати небесника
h1dd25b2fg2ccbg77b0gd934gec74fca412d4	Spell Attack Modifier	Модифікатор атаки закляттям
hb2160876g4fc0g0ea9g2508g80fd952f29f7	Bolstering Touch	Зміцнювальний дотик
hf9f07646gadfdg070cg41f1gf012681429ac	Healing Touch	Цілющий дотик
h050df7b2g8c27g43c0gc832gd1b72e8dab9b	Bolstering Touch	Зміцнювальний дотик
hc51acbaag9d24g44cfgbcffgd5f63d6a085f	Scroll of Summon Celestial	Сувій "Викликати небесного духа"
hb0978466g8bbeg437egb3a1g4254dd81fcbe	Usable Classes: Cleric	Доступні класи: клірик
hfd297654g852eg6991g0f63g6d204e54a34b	Holy Weapon	Свята зброя
hfdabc05ag93f5gf46eg5efdg957054a772c8	Holy Weapon	Свята зброя
h44a07085gd021gf937gb88ag37126b6f03c7	Holy Weapon Burst	Спалах святої зброї
h34aa1f06g5476g9077g6ecegcbeaecd1d022	Reduce	Зменшення
h6dd62a94g2a65ge5adg05e3g4b793d8bd47a	Level 3: Psychic Spells	Рівень 3: Психічні закляття
hf4a140acg44b0g71b4gdc1bg5649f5dce909	Level 2: Magic Initiate (Cleric, Lessons of the First Ones)	Рівень 2: Магічний хист (клірик, Уроки найперших)
h1e432242gf706g3505g9353g62a0e8892839	Level 2: Magic Initiate (Druid, Lessons of the First Ones)	Рівень 2: Магічний хист (друїд, Уроки найперших)
he0f08303ge368gad59g9d19gf23e26ea8152	Level 2: Magic Initiate (Wizard, Lessons of the First Ones)	Рівень 2: Магічний хист (чарівник, Уроки найперших)
ha0e6c70agecdbg6aa8gd2c2g776b84213b9c	Level 2: Skilled (Lessons of the First Ones)	Рівень 2: Обдарований (Уроки найперших)
h3c4b3d34ge122g2cd3ga819g9f518af37791	Level 2: Alert (Lessons of the First Ones)	Рівень 2: Пильність (Уроки найперших)
h1e103d75g847dg150fg84e7ged504c4c8524	Level 2: Healer (Lessons of the First Ones)	Рівень 2: Цілитель (Уроки Перших)
h0ce4d09eg482bgbf5cgf535g1798a93312de	Level 2: Musician (Lessons of the First Ones)	Рівень 2: Музикант (Уроки найперших)
he6c81eddga86eg95d5gca3bg9e6b60ebd497	Level 2: Tough (Lessons of the First Ones)	Рівень 2: Гартований (Уроки найперших)
h591b1822gaf00gcdcbg1253gfb635e2a97f6	Level 2: Savage Attacker (Lessons of the First Ones)	Рівень 2: Лютий нападник (Уроки найперших)
hba39700cg4e92gc6ecgedb6g05ed67864f34	Level 2: Lucky (Lessons of the First Ones)	Рівень 2: Удача (Уроки найперших)
h59c66ec7g3492g252agb5b4g7f2ab1500251	Level 2: Tavern Brawler (Lessons of the First Ones)	Рівень 2: Забіяка (Уроки найперших)
hdbf6da5fgd885gc08cg83acg46495bbfa106	Dawn	Світанок
hfd89c715gffc6g9c26gdfb7g25013334c563	Dawn	Світанок
h1a658888gabe3g07c2g7612g1283d33fe344	Dawn	Світанок
h0cf89aa0g10bdg1a6ag9d54g214b3f7aa202	Dawn	Світанок
ha7a7ed57ge0dfg482ega39bg63f8ac7d0d32	Move Dawn	Перемістити «Світанок»
h441a59a9g8859g42c7ga2b2g9b4f486833bd	Scroll of Dawn	Сувій "Світанок"
h2409f5afg75c5g4201gaa0egf88b5aeca4ff	Usable Classes: Cleric, Wizard	Доступні класи: клірик, чарівник
ha941d1afgce71g4b43gb6cegdff72cc4a2b4	Rime's Binding Ice	Сковувальний лід Райма
hfba479e0g369bg9b8cg94ffg1e1cd003b6e2	Rime's Binding Ice	Сковувальний лід Райма
h2188e0a8g5441gce9bgc81dg7bb0b5772ead	A creature hindered by ice has its speed reduced to 0	Швидкість істоти, якій заважає лід, зменшується до 0
hab14da86g7b16g490fgb2d6gc1562b7be680	Scroll of Rime's Binding Ice	Сувій "Сковувальний лід Райма"
he8952d9fg34d0g4b96ga9d2gcb83f53d70bf	Usable Classes: Sorcerer, Wizard	Доступні класи: чародій, чарівник
h30d1d690gdf53g656bgcf28g9576cd55a3ca	Oath of the Watchers	Обіт дозорців
hffe71531ga373g6aebg5c04g34c95b77fed1	Watcher’s Will	Воля дозорця
h54a6679dg10f0g981egf460g55ffbc1cfcaf	Abjure the Extraplanar	Вигнання екстрапланарних істот
h19f6ac0dg82e0g24f3g61f4ge443d1f54e72	Tenets of the Watchers	Принципи спостерігачів
hf005b6eegd9edg12b5g2847g6cb308887662	Aura of the Sentinel	Аура Вартового
he8ec9e49g1ed3g994egd537g4bff52ad40e5	Level 3: Oath of the Watchers Spells	Рівень 3: Закляття Обіту дозорців
h53bf4744g8817g4dc1g9f65g4ca743366100	Level 3: Watcher’s Will	Рівень 3: Воля дозорця
h1c396853g089ag4cf6gaac4g3a465614eb89	Level 3: Abjure the Extraplanar	Рівень 3: Вигнання екстрапланарних істот
h7d68e487g894dg47f1g8cdcg0ca8573c0e57	Level 7: Aura of the Sentinel	Рівень 7: Аура Вартового
hfe23251ag4606g4bd5gb621g1bf49c9afed5	Watcher’s Will	Воля дозорця
h2e981e1agea92gf303gbd58g40778c39d1a0	Command	Наказ
h1aad8c1fg361agaeccg2052g886596475c71	Command: Approach	Наказ: підійти
h62c20d37gbc3eg8a0agce13g93a1af442c37	Command: Drop	Наказ: кинути
h06e44f53g108ag0c88g6e39g3ed51371b74c	Command: Flee	Наказ: тікати
hd931bfa1g19c2g9666g6536gc1cace368615	Command: Grovel	Наказ: лежати
he43c6e06g10c8g5acfgdff0g03b51d7b5fc1	Command: Halt	Наказ: стояти
h62cff8cage7beg5924gfdcag36adfb6e59db	Command: Halt	Наказ: стояти
h3383897fg0d52g3610ga0acg1e6c8127185a	Command: Halt	Наказ: стояти
h008339d0g409egb1d7gdd3dg2127e870cf45	Twilight Domain	Сутінковий домен
h928d315dg5edfg7525gef8agea8c6f1f21dc	Twilight	Сутінки
had547f10gf9b5gc30cg6122g99ef0b90d2ad	Level 3: Twilight Domain Spells	Рівень 3: Закляття сутінкового домену
h0060ddb2gfe04g6d96g6e94g9496e7fff0e0	Level 3: Eyes of Night	Рівень 3: Очі ночі
ha2cbe761g2aeagb911g1788g0866a2b29338	Level 3: Twilight Sanctuary	Рівень 3: Сутінкове святилище
hb83258c6ga0dbg0131gfebeg63272c18b1c4	Level 3: Vigilant Blessing	Рівень 3: Благословення пильності
he1b45d81g59c9ga82bgffa8g60dcd1efc302	Level 6: Steps of Night	Рівень 6: Кроки ночі
hec4a6bcdg8605g41e4g8852g877f5c055465	Eyes of Night	Очі ночі
hf553a594g2ce5g3625g7248gdfeff4242444	Vigilant Blessing	Благословення пильності
hebfbed86g90fbg2febg9b40gf962dcb2a657	Vigilant Blessing	Благословення пильності
h93835ab2gd32dgb000g6d71gaf792488673b	Twilight Sanctuary	Сутінкове святилище
h1680e4e3g7e97g83f6g8211gb82d21865136	Twilight Sanctuary	Сутінкове святилище
hbed305dbgd604g3016gc95fg85178f47c414	Twilight Sanctuary	Сутінкове святилище
hc41ae0efg82fbgffb3g1dc0g6d7e4cafbb17	Twilight Sanctuary	Сутінкове святилище
ha234394cge19egcbbege237gb40a9219bacb	Steps of Night	Кроки ночі
hee6648d9ge0d4ge8d9gd153gc287118946b8	Steps of Night	Кроки ночі
h225d0df4g32ceg4fe8g9eccgc7d718c849fb	Pact of the Tome: Cantrip	Книжна угода: замовляння
hdf8112dfgd5ddg43f2g923fg9c22837a9136	Pact of the Tome: Cantrip	Книжна угода: замовляння
hda79756dg4b88g4c2eg8d83g99f61071b3a7	Magic Initiate: Eldritch Blast	Магічний хист: Містичний промінь
h1fff8b11ge8b9g4012gbe61gd0f4391ba557	Magic Initiate: Finger Guns	Магічний хист: Пальці-пістолети
h2a7ec7c7g207cg45f8g927cg6c9f50c0fb9b	Magic Initiate: Hellfire	Магічний хист: Пекельний вогонь
h9bfda308gf51bg41ccg97c0ga96e9d21a338	Magic Initiate: Sorcerous Burst	Магічний хист: Чародійський спалах
h3f64848bg052dg43f2g810eg7be150061cc4	Magic Initiate: Vicious Mockery	Магічний хист: Злісне глузування
hdb7f26d7gc116gec10g33c4g5d76f22454ca	Divine Soul	Божественна душа
h15f0ee5fga398ga6a4g198cgef588b8b978b	Level 3: Divine Magic	Рівень 3: Божественна магія
h5daa3aadg2b0fga149g8553gadf0c6898df2	Level 6: Empowered Healing	Рівень 6: уповноважене лікування
hc42ce789g281bg29d8gca00g60263a259a8c	Level 3: Favored by the Gods	Рівень 3: Улюбленець богів
he47fddeeg8b67g8bc6gaba6gd148183539d8	Favored by the Gods: Saving Throw	Улюбленець богів: кидок протидії
h0d518732g7a22g7a2cg9bdag30679557a5be	Favored by the Gods: Attack	Улюбленець богів: атака
h2ceb783bg27f3gbe5bg3040gf2bed484fd0e	Favored by the Gods	Улюбленець богів
h7f78644fgc03fg2c71gd773gd6880da7a968	Frostbite	Обмороження
h4d91582cgf795g8507gdfb6g12c4347c9ea6	Frostbite	Обмороження
h6b3f21c4ge58ag7d19gb04cg3ea75f81d0c6	Magic Initiate: Frostbite	Магічний хист: Обмороження
h4c9e7f21gb306g5d84ga17fg2e60c9d8b435	Scroll of Frostbite	Сувій "Обмороження"
h8d15b6e3gc472g49a0g83bdg5f71e2a04c69	Usable Classes: Artificer, Druid, Sorcerer, Warlock, Wizard	Доступні класи: винахідник, друїд, чародій, чаклун, чарівник
h9d7a0c3eg115bg4ae2gad78gc3e65c3e40bc	Make No Selection	Не вибирайте
h3bdf72d8gd593g05f4g1758g5a0b980320ce	Arachnoid Stalker	Арахноїдний мисливець
h4e44007fg48fbg0a5ag6a60g8458e847f21e	Level 3: Webbing	Рівень 3: Павутиння
h185a8382gd8d2g39a5g72fcgb2c10de7a4b9	Level 3: Venomous Strike	Рівень 3: Отруйний удар
hefd38185g6b16gc2b1g8d72g4dded2c9cc3e	Level 9: Paralytic Venom	Рівень 9: Паралітична отрута
hc6f3a890g2305ge226g01d4gc9843a65ed52	Pulling Web	Потяг павутини
h8003d95eg1760g2a2cg0ed8g04e5bd178f4b	Web Swing	Гойдання на павутині
h926cffe9g58dage0bfge255g5763afb48ab1	Web	Павутина
h64796cdbg3fc8gc8fag00d2gfea7f5c0ddd2	Venomous Strike	Отруйний удар
h39707f6cg89a4gf582g79d5g3d9319c7eb7e	Venomous Strike (Critical Hit)	Отруйний Удар (критичне влучання)
h656a706fg1a46gaa36g3947ga8c2d498eb29	Venomous Strike	Отруйний удар
hf03ebf8bg34c6g7279gf339ge110c265fd76	Venomous Strike	Отруйний удар
heb218d1cgb517g4e2fgf9fdgb6d50c2b9bad	Paralytic Venom	Паралітична отрута
h455d37dfgfcc6g8e24g56bdg393ac04545f1	Paralytic Venom	Паралітична отрута
h282c2990geeceg30f6g40b3g584f26da1ecd	Paralytic Venom	Паралітична отрута
hac2038b1g27f4g7096gf7e6ga4a86b7083cd	Blood Bolt	Кривавий заряд
h6bb237c1g9e6egfe4fgce5cga69299c7e6cc	Blood Bolt	Кривавий заряд
ha2de3c9agc364g44eaga6e9g742f33d96f68	Magic Initiate: Blood Bolt	Магічний хист: Кривавий заряд
heade8711g382dg49d2g9fa5gfa5f7e3e1eac	Scroll of Blood Bolt	Сувій "Кривавий заряд"
hbdff4758g8c5dg40ffg822cgf8132d84fb9d	Usable Classes: Sorcerer, Warlock, Wizard	Доступні класи: чародій, чаклун, чарівник
h287cfbfeg028cgfb00g3888gc26915b76c24	Eladrin	Еладрін
h58d4c6cbge08eg237fg438cgb11c4ecc42dd	Eladrin	Еладрін
hff4bd039g807cgadb1gbbfdg1775c0eb9c40	Eladrin	Еладрін
h89d1cdf7g6826g2911g126fga606244e1e51	Fey Step	Фейський крок
ha24097bdgd8ffgd254g21f7gd89a7e5394d9	Eladrin	Еладрін
hee892110g8f20gdbb7g60f8g274ed51075aa	Fey Step	Фейський крок
hd5282a6cg61c4g9090gb19ag4594d3d35701	Fey Step: Autumn	Фейський крок: осінь
h9aebcc08g580fg3628g9378gf3b3f0400749	Fey Step: Summer	Фейський крок: літо
heaea9b90g45ccg4408gc5e5g09ea686c3a9c	Fey Step: Spring	Фейський крок: весна
h5e6a75a1ga1edg6dcfge091g620017e990cc	Fey Step: Winter	Фейський крок: зима
hccff7485gca62gd284gdabagfbef3ee11653	Fey Step: Winter	Фейський крок: зима
h5c1e93a7g2f48g4d6bg8e13ga7f4c2b60d95	Duplicitous Casting	Двоїсте проказування
h3f8a1c72g5e94g4b21ga7c3gd8e51f0b9a46	Duplicitous Casting	Двоїсте проказування
h4e92a1c7g63bdg48f0g9c25ga07f1b53de86	Duplicitous Cantrip	Двоїсте замовляння
h2d47b9e1g8c35g4a70gb61fg5e8d0c34a927	Duplicitous Cantrip	Двоїсте замовляння
hda020f21g72bagfe0cgda65g4bd7740d8934	Move Duplicity	Перемістити двійника
h08ac1d1fgdd8ag32cbg0ebdgcb9a1bf0e653	Uncanny Dodge	Неймовірне ухиляння
hcfb8ff1dg320dg3f82gfd7fg17aae04e4a3f	Uncanny Dodge	Неймовірне ухиляння
hb93f37d6g6f2dga4d4ga8a2g7f92495d2388	Arcane Ward	Магічний оберіг
h10dbbaa0g2b5fg5521gc9cag50d5d54e8706	Level 10: Spell Resistance	Рівень 10: Опір закляттям
h3dc922e6ga79bg103cgc3f5g5c013438860b	Fierce Shot	Лютий постріл
h4f7bd374g4aa3g9446g3975g1173cd2a6e44	Level 3: Hunter’s Lore	Рівень 3: Знання мисливця
h827a0d51gd394g381fg428dg6ce1c84ff2a8	Level 3: Hunter’s Prey	Рівень 3: Здобич мисливця
h77e1e333gb3cdg56acg9362g02fb95f15b3c	Level 7: Defensive Tactics	Рівень 7: Захисна тактика
h220b1bf3g7df6g2f34g1c2bge7ef357dc73a	Hunter’s Prey	Здобич мисливця
h5d9a446dg2ff8g3030g019ag9d39f2044e8a	Colossus Slayer	Убивця колосів
hd0cfde10gdf36gc51age9f2gd9dc73cd5ad3	Horde Breaker	Стримання навали
h3ac90d83g4cc2ge765ga080gab2406cc59ff	Defensive Tactics	Захисна тактика
hb4273983g8859g9cddgb28cge0e4b5463a5f	Escape the Horde	Уникнення навали
hb2ee2f95g8a45g9e37g0793gdda3dc90b5d7	Multiattack Defense	Захист від численних атак
h773e9cb8g4f4agad4egf609gdb85666d9d37	Level 3: Land’s Aid	Рівень 3: Допомога землі
h89713adeg01adg81acg9f46g71f0e1a5f820	Level 6: Natural Recovery	Рівень 6: Природне відновлення
h939b7cccgc964gc711gd6f5gecea12c2f0bf	Void Strike Recast	Повторити удар порожнечі
hb2dd14b4gba6bgdc59gf8f1g789a1ebe6b74	Void Strike Recast	Повторити удар порожнечі
h0709c013g99b0gdc6cg2addgb8ecc04296bb	Astral Cold	Астральний холод
h7ca33572ga86cgce48gd434gfe816699ddfd	Astral Blind	Астральна сліпота
hb37581e4g1f18gd1e2g5637g4da5058b4ddc	Form of Dread	Жаска подоба
hcb1640e8ge305g48c7g65beg2186fe64aa34	Form of Dread	Жаска подоба
h754ee763gfa45g5f72g1e1fgb00e69210fff	Frightful Avatar	Страшний аватар
h9d37ad4ag3569ge301gd8d6g7963c9e83ba2	Form of Dread	Жаска подоба
h9903ed73gfeadg630bg4306g28a1df027049	Unholy Resuscitation	Нечестиве воскрешення
h066733abg26b1g988dgf08cg01f4e3757c53	Unholy Resuscitation	Нечестиве воскрешення
h0f4e5dbfgfb84gaa42gc66eg6660538c6909	Unholy Resuscitation	Нечестиве воскрешення
h4e247c5ag5398g03f2g7a9cgf569bf3a693e	Lunar Radiance	Місячне сяйво
h205a86a7g9af1g0e18g4b80gaaa69ea7a77e	Alert	Пильність
h1d7e7829g98bcg7ec8g37bbg4e4af1943eb8	Ritual Adept	Адепт ритуалів
h0fab1115gf226ge8beg030ag68b6e3209ba0	Conjure Minor Elementals: Acid	Прикликання малих стихійників: кислота
hd306880fga010ga0ccgee6agf2546072d84f	Conjure Minor Elementals: Cold	Прикликання малих стихійників: холод
h4873e0cdg3743g9b38gd242g3b9762fc3916	Conjure Minor Elementals: Fire	Прикликання малих стихійників: вогонь
hdc99cc75g8f81g0397g1018gfde4fcc5be57	Conjure Minor Elementals: Lightning	Прикликання малих стихійників: блискавка
h94c82192gf055gfc18gd5bfgfcedb51b258c	Conjure Minor Elementals Target	Ціль Прикликання малих стихійників
h3fc5f406g8b36gf617gf0f4ga02e99f55658	Draconic Spirit	Драконічний дух
h8925bf96gcc33g196cg6b28ga8e21a86bf29	Summon Dragon	Викликати дракона
h88c9e233gb77ag41d0gb825g12501107b4ba	Scroll of Summon Dragon	Сувій "Викликати дракона"
h510fe56fgce89g4c30g9446g93901bf4db4c	Usable Classes: Wizard	Доступні класи: чарівник
hd8f158fcg0f26g89adg3cb8g224c43224f85	Dummy Spell	Службове закляття
h23556c36gae43g3a3eg0a6fg70a7d3ec3bd8	Savant	Вчений
h2062d507ga208geb5bg6efbgb6d4495bc37f	Dhampir	Дампір
h9bbb65acg9a53g5e2fg3d2bg72c88bd8aa4c	Dhampir	Дампір
hbd07df0ag30b5g6e8eg97fcg0d3596e797e9	Dhampir	Дампір
h94129971gc83fgd6adgd6e8g3b455c734e19	Dhampir	Дампір
h478ee9d3gc755g31adg5217g5f2438fc24d4	Female Drow	Жінка-дроу
h4931b661gf594g391eg284egf77199038e8c	Keen Senses	Гостре чуття
hea2fd3f2g7379ga387g20eeg1c9c6a1516f9	Orc	Орк
h1536c082g3218g6c89gaa12g6f75fce49800	Orc	Орк
h534d8977g610cgaa09gb6eeg1889a251dd1d	Orc	Орк
hd17f3cfegc77cg62eagf508ga2afbb8b3651	Orc	Орк
he31c01dfg72adg4db2g94c1gbc12a3a0e8c6	Dhampir	Дампір
h79606373g3860g4fcag9d5cg6a9759d91e00	Dhampir	Дампір
hcbcb6f63g49c5g4888gbb49g9e267fd66112	Dhampir	Дампір
hc27be60bgb35eg487dga123gd0fbacd7784b	Dhampir	Дампір
h4bde7d56g0a2fg316bgdb44gef6cda0de1b1	Rangers Companion	Супутник слідопита
h5feecb41gdbe1gef09gb9dbg3d32f331a0f6	Rangers Companion	Супутник слідопита
h7a7c2eeegb9f0gd7b7g089ege84222ee1a24	Bestial Fury	Звіряча лютість
h3b3b4882g56f7g12dag4b9fgcf25e36c625d	Charge	Ривок
h119be29dg24e8gbccbg6e70ge67fbf2b1f17	Tusk	Бивень
h9b257208g4458gc4b6g1ebbg7a1d4529bb88	Bite	Укус
h569e85b3g31adg3b7dg3caege2af37212ff0	Beak	Дзьоб
h6b1ff425g01e1g1fa1g447fgc2100804a296	Bite	Укус
hd7428109gaeeag3e61g3948g8c56c9bf1564	Way of the Sun Soul	Шлях Сонячної душі
h871abaf9gb779g0d62g59aagd648984455bd	Level 3: Radiant Sun Bolt	Рівень 3: Променевий сонячний заряд
h75901064g31bag1335g2165g6c0b1c4a4e99	Level 6: Searing Arc Strike	Рівень 6: Пекучий дуговий удар
h17636940g2365ge91ag4ad4g878cd8c4ce42	Level 11: Searing Sunburst	Рівень 11: Пекучий сонячний спалах
h4ed59135g8036gb6acge97eg7a0fe86e5e7f	Radiant Sun Bolt	Променевий сонячний заряд
hf2913880g2465g80efg4ffag1eb36f934b8d	Radiant Sun Bolt: Bonus Action	Променевий сонячний заряд: вторинна дія
h865531c6g912bg6238g820eg5148952630d5	Searing Sunburst	Пекучий сонячний спалах
h3f5dd3abg56ccg8b39g80adg0a23ede4e80c	Searing Arc Strike	Пекучий дуговий удар
h0cd633a9gc293geebeg5d42gf01451b6210a	Strike of the Giants	Удар велетнів
hd57fc661gd11agdaeag80d1ge7f1fc524ee5	Fire Strike	Вогняний удар
he9c0fbd7g6680g65c1g973fg1031294fcd3f	Frost Strike	Морозний удар
h60ea299agcbc0g21cegd4dcga4a4509e0828	Hill Strike	Удар пагорба
hc955fd61gc8e2gec82g251fg48d84fadc931	Stone Strike	Кам’яний удар
h7455f49fg84f2g871bg57f4ga9d24bf08115	Storm Strike	Буревійний удар
ha3ae348eg0eb0g144cg4147g0d99a9d60eaa	Cloud Strike	Хмарний удар
h0c00cb46g9e39gb8e6g91aagdf1ada85a3fc	Strike of the Giants	Удар велетнів
hf0092e59g19b9ga7d7g5383ge0e71e9861c3	Giant Foundling	Велетенський підкидьок
