word	contentuid	english	polish
plus	h0a5c529fg9486g9b83gd997g8501abdfdb1b	Until you leave the form, your AC equals 13 plus your Wisdom modifier if that total is higher than the Beast’s AC.	Dopóki nie opuścisz formy, twoje KP wynosi 13 plus modyfikator Mądrości, jeśli suma ta jest wyższa niż KP Bestii.
plus	h0f7b9f58g4722gc431g724fgbbd26f346b33	Your devotion manifests as righteous power. You have a pool of Divine Points equal to 1 plus your Wisdom modifier (minimum of 1). You regain all expended Divine Points when you finish a Short or Long Rest.\n\nIn addition, whenever you kill an Aberration, Beast, Fiend, or Undead of CR 1/2 or higher with your sanctified blade, you regain 1 expended Divine Point.	Twoje oddanie objawia się jako sprawiedliwa moc. Dysponujesz pulą punktów boskości równą 1 plus twój modyfikator Mądrości (co najmniej 1). Wszystkie wydane punkty boskości odzyskujesz po krótkim albo długim odpoczynku.\n\nPonadto za każdym razem, gdy uświęconym ostrzem zabijesz Wynaturzenie, Bestię, Czarta albo Nieumarłego o SW 1/2 lub wyższym, odzyskujesz 1 wydany punkt boskości.
plus	h0ffef888g07e1g2e7dgf090g1e02c22995ae	You or one creature you can see within 30 feet of yourself gains Temporary Hit Points equal to 1d4 plus your Charisma modifier.	Ty albo jedna widoczna istota w promieniu 9 m od ciebie zyskuje tymczasowe punkty wytrzymałości w liczbie równej 1k4 plus twój modyfikator Charyzmy.
plus	h10df1491gc913g90b5g2218gc87364e153e8	Once per turn when you hit a creature with an Unarmed Strike and deal damage, you can expend 1 Focus Point to deal extra Necrotic damage equal to one roll of your Martial Arts die plus your Wisdom modifier.	Raz na turę, gdy trafisz istotę atakiem bez broni i zadasz obrażenia, możesz zużyć 1 Punkt skupienia, aby zadać dodatkowe obrażenia nekrotyczne równe jednemu rzutowi twojej kości Sztuk Walki plus twój modyfikator Mądrości.
plus	h12940965g725dg2c79gd30cg6b45c140c9be	When a spell you cast with a spell slot restores Hit Points to a creature, that creature regains additional Hit Points on the turn you cast the spell. The additional Hit Points equal 2 plus the spell slot’s level.	Gdy rzucony przez ciebie czar z użyciem komórki czaru przywraca istocie punkty wytrzymałości, w turze rzucenia czaru odzyskuje ona dodatkowe punkty wytrzymałości w liczbie równej 2 plus poziom zużytej komórki czaru.
plus	h13ee529eg2e3ag6b49ge487g5564265ef86c	You gain the ability to channel celestial energy to heal wounds. You have a pool of d6s to fuel this healing. The number of dice in the pool equals 1 plus your Warlock level.\n\nAs a Bonus Action, you can heal yourself or one creature you can see within 60 feet of yourself, expending dice from the pool. The maximum number of dice you can expend at once equals your Charisma modifier (minimum of one die). Roll the dice you expend, and restore a number of Hit Points equal to the roll’s total. Your pool regains all expended dice when you finish a Long Rest.	Zyskujesz zdolność kierowania niebiańską energią, aby leczyć rany. Dysponujesz pulą kości k6, które zasilają to leczenie. Liczba kości w puli wynosi 1 plus twój poziom czarownika.\n\nW ramach akcji dodatkowej możesz uleczyć siebie albo jedną istotę, którą widzisz w promieniu 18 m od siebie, zużywając kości z puli. Maksymalna liczba kości, które możesz zużyć naraz, jest równa twojemu modyfikatorowi Charyzmy (co najmniej jedna kość). Rzuć zużytymi kośćmi i przywróć punkty wytrzymałości w liczbie równej sumie wyników. Wszystkie zużyte kości wracają do puli po ukończeniu długiego odpoczynku.
plus	h15b91354gf2d6ga550g86cag97a1796054d7	"You can channel divine power into your strikes. On each of your turns while your <LSTag Type=""Status"" Tooltip=""RAGE"">Rage</LSTag> is active, the first creature you hit with a weapon or an Unarmed Strike takes extra damage equal to 1d6 plus half your Barbarian level (round down). The extra damage is Necrotic or Radiant; you choose the type each time you deal the damage."	"Możesz nasycać swoje ciosy boską mocą. W każdej twojej turze, gdy twój <LSTag Type=""Status"" Tooltip=""RAGE"">szał</LSTag> jest aktywny, pierwsza istota trafiona przez ciebie bronią albo atakiem bez broni otrzymuje dodatkowe obrażenia w liczbie równej 1k6 plus połowa twojego poziomu Barbarzyńcy (zaokrąglając w dół). Za każdym razem wybierasz, czy dodatkowe obrażenia są nekrotyczne, czy od światłości."
plus	h16aa8ef8g9057g8804g10e3g6c754af3589d	When you take damage from a target cursed by your Hex, you can take a Reaction to reduce that damage by 2d8 plus your Charisma modifier. You can use this feature a number of times equal to your Charisma modifier, and you regain all expended uses when you finish a Long Rest.	Gdy otrzymujesz obrażenia od celu objętego twoim Urokiem, możesz w ramach reakcji zmniejszyć je o 2k8 plus swój modyfikator Charyzmy. Możesz użyć tej zdolności tyle razy, ile wynosi twój modyfikator Charyzmy, a wszystkie użycia odzyskujesz po długim odpoczynku.
plus	h179791c5gff57g15ddg6254g9297c342cf48	When you miss with a ranged attack roll using a weapon, you can expend one Risk Die (no action required) to deal damage to that creature equal to a roll of the die plus your Dexterity modifier (minimum of 1). This damage is the same type dealt by the weapon, and the damage can be increased only by increasing the ability modifier. You can only use this maneuver once per turn.	Gdy chybisz testem ataku dystansowego z użyciem broni, możesz zużyć jedną kość ryzyka (bez użycia akcji), aby zadać tej istocie obrażenia w liczbie równej wynikowi rzutu kością plus twój modyfikator Zręczności (co najmniej 1). Obrażenia są tego samego typu co obrażenia broni, a ich wartość może wzrosnąć wyłącznie wskutek zwiększenia modyfikatora cechy. Możesz użyć tego manewru tylko raz na turę.
plus	h197a4fbbg54d8g3303g20b2ga713257e8f7a	"You gain a bonus to Constitution saving throws equal to your Wisdom modifier (minimum of +1).\n\nIn addition, once per turn when you hit a creature with an attack roll while you are transformed using <LSTag Type=""Passive"" Tooltip=""HollowWarden_3_WrathOfTheWild"">Wrath of the Wild</LSTag>, you regain a number of Hit Points equal to 1d10 plus your Wisdom modifier, provided you are Bloodied when you hit."	"Zyskujesz premię do rzutów obronnych na Kondycję równą twojemu modyfikatorowi Mądrości (co najmniej +1).\n\nPonadto raz na turę, gdy w postaci uzyskanej dzięki <LSTag Type=""Passive"" Tooltip=""HollowWarden_3_WrathOfTheWild"">Gniewowi dziczy</LSTag> trafisz istotę testem ataku, odzyskujesz punkty wytrzymałości w liczbie równej 1k10 plus twój modyfikator Mądrości, o ile w chwili trafienia masz stan zakrwawienia."
plus	h19bace45g8db7g181dgc420ge0fc17190c49	"When you activate your <LSTag Type=""Status"" Tooltip=""RAGE"">Rage</LSTag>, your countenance distorts and your body swells. Creatures that haven’t witnessed your transformation, now or previously, don’t recognize you. In addition, while your Rage is active, you gain the following benefits:\n\nYou can roll 1d8 in place of the normal damage of your Unarmed Strike.\n\nWhen you hit a creature with an Unarmed Strike, you can push it 10 feet or force the creature to make a Constitution saving throw (DC 8 plus your Strength modifier and your Proficiency Bonus). On a failed save, the creature has the Prone condition.\n\nWhen you make an Unarmed Strike, your reach is 5 feet greater than normal."	"Gdy aktywujesz <LSTag Type=""Status"" Tooltip=""RAGE"">szał</LSTag>, twoje rysy wykrzywiają się, a ciało nabrzmiewa. Istoty, które ani teraz, ani wcześniej nie widziały twojej przemiany, nie rozpoznają cię. Ponadto podczas szału zyskujesz następujące korzyści:\n\nZamiast zwykłych obrażeń ataku bez broni możesz rzucić 1k8.\n\nGdy trafisz istotę atakiem bez broni, możesz odepchnąć ją o 3 m albo zmusić do wykonania rzutu obronnego na Kondycję o ST równym 8 plus twój modyfikator Siły i premia z biegłości. Przy niepowodzeniu istota otrzymuje stan powalenia.\n\nZasięg twoich ataków bez broni zwiększa się o 1,5 m."
plus	h1a0652aag04b6g8cb4gead0g81c1b91c9fb6	As a Bonus Action, you transform into an avatar of your patron’s dreadful power, gaining the benefits below for 1 minute, until you have the Incapacitated condition, or until you end the form (no action required). You can transform a number of times equal to your Charisma modifier (minimum of once), and you regain all expended uses when you finish a Long Rest.\n\nFacsimile of Life. You gain Temporary Hit Points equal to 1d10 plus your Warlock level.\n\nFearless Form. You have Immunity to the Frightened condition. If you are Frightened when you transform, the condition immediately ends for you.\n\nFrightful Avatar. Once per turn, when you hit a creature with an attack roll, you can force it to make a Wisdom saving throw against your spell save DC. On a failed save, the target has the Frightened condition until the end of your next turn.	W ramach akcji dodatkowej stajesz się ucieleśnieniem przerażającej mocy swojego patrona. Poniższe korzyści utrzymują się przez 1 minutę, do chwili otrzymania stanu obezwładnienia albo do zakończenia przemiany (bez użycia akcji). Możesz przemienić się tyle razy, ile wynosi twój modyfikator Charyzmy (co najmniej raz), a odzyskujesz wszystkie użycia po długim odpoczynku.\n\nPozór życia. Zyskujesz tymczasowe punkty wytrzymałości w liczbie równej 1k10 plus twój poziom Czarownika.\n\nNieustraszona postać. Zyskujesz niewrażliwość na Przerażenie. Jeśli podczas przemiany masz stan przerażenia, stan ten natychmiast się kończy.\n\nPrzerażający awatar. Raz na turę, gdy trafisz istotę testem ataku, możesz zmusić ją do wykonania rzutu obronnego na Mądrość przeciwko twojemu ST obrony przed czarami. Przy niepowodzeniu cel otrzymuje stan przerażenia do końca twojej następnej tury.
plus	h1e6725ecg25f9g4965g6e7dg3fb50e04d1db	Gain Temporary Hit Points equal to the number rolled on the Risk die plus your Gunslinger level.	Zyskaj tymczasowe punkty wytrzymałości równe liczbie wyrzuconej na kości ryzyka plus twój poziom rewolwerowca.
plus	h1f6491c1gcf0ag5432gd45cg4c396aeb83ed	Parts of you are also covered by dragon-like scales. While you aren’t wearing armor, your base Armor Class equals 10 plus your Dexterity and Charisma modifiers.	Części twojego ciała pokrywają również łuski przypominające smocze. Gdy nie nosisz pancerza, twoja bazowa Klasa Pancerza wynosi 10 plus twoje modyfikatory Zręczności i Charyzmy.
plus	h211b59f7g914aga7a2gaf0eg6d3b97922133	You can weave magic around yourself for protection. When you cast an Abjuration spell with a spell slot, you can simultaneously use a strand of the spell’s magic to create a magical ward on yourself that lasts until you finish a Long Rest. The ward has a Hit Point maximum equal to twice your Wizard level plus your Intelligence modifier. Whenever you take damage, the ward takes the damage instead, and if you have any Resistances or Vulnerabilities, apply them before reducing the ward’s Hit Points. If the damage reduces the ward to 0 Hit Points, you take any remaining damage. While the ward has 0 Hit Points, it can’t absorb damage, but its magic remains.\n\nWhenever you cast an Abjuration spell with a spell slot, the ward regains a number of Hit Points equal to twice the level of the spell slot. Alternatively, as a Bonus Action, you can expend a spell slot, and the ward regains a number of Hit Points equal to twice the level of the spell slot expended.	Potrafisz splatać wokół siebie ochronną magię. Gdy za pomocą komórki rzucasz czar odpychania, możesz jednocześnie wykorzystać część jego magii, aby utworzyć na sobie magiczną powłokę trwającą do ukończenia długiego odpoczynku. Maksymalna liczba punktów wytrzymałości powłoki jest równa dwukrotności twojego poziomu maga plus twój modyfikator Inteligencji. Gdy otrzymujesz obrażenia, zamiast ciebie otrzymuje je magiczna powłoka. Jeśli masz odporność albo podatność na te obrażenia, zastosuj ją przed zmniejszeniem punktów wytrzymałości powłoki. Jeśli obrażenia zmniejszą jej punkty wytrzymałości do 0, otrzymujesz pozostałe obrażenia. Powłoka o 0 punktach wytrzymałości nie może pochłaniać obrażeń, lecz jej magia pozostaje aktywna.\n\nGdy za pomocą komórki rzucasz czar odpychania, powłoka odzyskuje punkty wytrzymałości w liczbie równej dwukrotności poziomu tej komórki. W ramach akcji dodatkowej możesz również zużyć komórkę czaru, aby powłoka odzyskała punkty wytrzymałości w liczbie równej dwukrotności poziomu zużytej komórki.
plus	h2287dbd5gd1ffga56ag677eg771e23ed7f4c	Gain Temporary Hit Points equal to 2d6 plus the spellcaster’s Proficiency Bonus.	Zyskaj tymczasowe punkty wytrzymałości równe 2k6 plus premia z biegłości rzucającego czar.
plus	h252a159fg1973g1128g723dgcc172f2c22d4	Whenever a creature ends its turn in the sphere, it gains temporary hit points equal to 1d6 plus Cleric level and ends one effect causing it to be charmed or frightened.	Za każdym razem, gdy istota kończy turę w sferze, zyskuje tymczasowe punkty wytrzymałości w liczbie równej 1k6 plus twój poziom kleryka i kończy działający na nią efekt Zauroczenia albo Przerażenia.
plus	h26010d04g5728g38d0g7666g1a3a63e82e9a	You can propel your weapons with psionic force. Once on each of your turns, immediately after you hit a target within 30 feet of yourself with an attack and deal damage to it with a weapon, you can expend one Psionic Energy Die, rolling it and dealing Force damage to the target equal to the number rolled plus your Intelligence modifier.	Możesz nasycać broń energią psioniczną. Raz w każdej swojej turze, natychmiast po trafieniu atakiem celu w promieniu 9 m i zadaniu mu obrażeń bronią, możesz zużyć kość energii psionicznej. Rzuć tą kością; cel otrzymuje obrażenia od mocy w liczbie równej wynikowi plus twój modyfikator Inteligencji.
plus	h269da4dcg7dabg981bg4001gfcda57b7c806	Heroic Soul. At the start of each of your turns, you can spend 1 Sorcery Point to gain Temporary Hit Points equal to 1d6 plus your Sorcerer level (no action required).\n\nInnate Bladework. Whenever you attack with a weapon with which you have proficiency while your Innate Sorcery feature is active, you can use your Charisma modifier for the attack and damage rolls instead of using Strength or Dexterity.\n\nMartial Training. You gain proficiency with Martial weapons and training with Light armor, Medium armor, and Shields.	Bohaterska dusza. Na początku każdej swojej tury możesz wydać 1 punkt zaklinania, aby zyskać tymczasowe punkty wytrzymałości w liczbie równej 1k6 plus twój poziom Zaklinacza (bez użycia akcji).\n\nWrodzone władanie ostrzem. Gdy aktywna jest twoja zdolność Wrodzona magia i atakujesz bronią, w której masz biegłość, do testów ataku i rzutów obrażeń możesz używać modyfikatora Charyzmy zamiast modyfikatora Siły albo Zręczności.\n\nWyszkolenie bojowe. Zyskujesz biegłość w broni bojowej oraz wyszkolenie w lekkich i średnich pancerzach, a także tarczach.
plus	h2bd86b9fg5a4bg7828gd29cg98815c2ef7d3	"Wayfarer. The target gains Temporary Hit Points equal to a roll of your <LSTag Type=""ActionResource"" Tooltip=""BardicInspiration"">Bardic Inspiration</LSTag> die plus your Bard level. While the target has these Temporary Hit Points, its Speed increases by 10 feet."	"Wędrowiec. Cel zyskuje tymczasowe punkty wytrzymałości w liczbie równej wynikowi rzutu kością <LSTag Type=""ActionResource"" Tooltip=""BardicInspiration"">bardowskiej inspiracji</LSTag> plus twój poziom Barda. Dopóki cel ma te tymczasowe punkty wytrzymałości, jego szybkość zwiększa się o 3 m."
plus	h2f17ec6fgaccfg9489ga33dg5178d82df62d	When a creature you can see hits another creature within 5 feet of you with an attack roll, you can take a Reaction to reduce the damage dealt to the target by 1d10 plus your Proficiency Bonus. You must be holding a Shield or a Simple or Martial weapon to use this Reaction.	Gdy widoczna istota trafia atakiem inną istotę w promieniu 1,5 m od ciebie, możesz w ramach reakcji zmniejszyć obrażenia zadane celowi o 1k10 plus twoją premię z biegłości. Aby skorzystać z tej reakcji, musisz trzymać tarczę albo broń prostą lub bojową.
plus	h3c143767g21a8g66bcg6a21gf96dcfb36b88	"The target gains Temporary Hit Points equal to a roll of your <LSTag Type=""ActionResource"" Tooltip=""BardicInspiration"">Bardic Inspiration</LSTag> die plus your Bard level. While the target has these Temporary Hit Points, its Speed increases by 10 feet."	"Cel zyskuje tymczasowe punkty wytrzymałości w liczbie równej wynikowi rzutu kością <LSTag Type=""ActionResource"" Tooltip=""BardicInspiration"">bardowskiej inspiracji</LSTag> plus twój poziom Barda. Dopóki je ma, jego szybkość zwiększa się o 3 m."
plus	h46a88a7bg99ddgbfe4gc4aeg5843b027814d	You can expend one use of your Channel Oath and distribute Temporary Hit Points to creatures of your choice within 30 feet of yourself, which can include you. The total number of Temporary Hit Points equals 2d8 plus your Paladin level, divided among the chosen creatures however you like.	Możesz zużyć jedno użycie Mocy przysięgi i rozdzielić tymczasowe punkty wytrzymałości między wybrane istoty w promieniu 9 m od siebie, wliczając w to siebie. Ich łączna liczba wynosi 2k8 plus twój poziom paladyna; rozdzielasz je między wybrane istoty według własnego uznania.
plus	h48a9451fg4097gddefg1177g77b625d48f82	You can regain all expended Focus Points. When you do so, roll your Martial Arts die, and regain a number of Hit Points equal to your Monk level plus the number rolled.	Możesz odzyskać wszystkie wydane Punkty Skupienia. Kiedy to zrobisz, rzuć swoją kością Sztuk Walki i odzyskaj liczbę punktów wytrzymałości równą twojemu poziomowi Mnicha plus wyrzucona liczba.
plus	h49a38554ga520g69e1g1f66g89a99bbe4151	Once per turn when you hit a creature with an Unarmed Strike and deal damage, you can expend 1 Focus Point to deal extra Necrotic damage equal to one roll of your Martial Arts die plus your Wisdom modifier.	Raz na turę, gdy trafisz istotę atakiem bez broni i zadasz obrażenia, możesz zużyć 1 Punkt skupienia, aby zadać dodatkowe obrażenia nekrotyczne równe jednemu rzutowi twojej kości Sztuk Walki plus twój modyfikator Mądrości.
plus	h49e72c1cg2d7bgc3fbg7e56gdbf9203830ad	When you take damage from a target cursed by your Hex, you can take a Reaction to reduce that damage by 2d8 plus your Charisma modifier. You can use this feature a number of times equal to your Charisma modifier, and you regain all expended uses when you finish a Long Rest.	Gdy otrzymujesz obrażenia od celu objętego twoim Urokiem, możesz w ramach reakcji zmniejszyć je o 2k8 plus swój modyfikator Charyzmy. Możesz użyć tej zdolności tyle razy, ile wynosi twój modyfikator Charyzmy, a wszystkie użycia odzyskujesz po długim odpoczynku.
plus	h4f5ef875gef6dg93aag6e38g370f1fde0a68	Encourage Ally. As a Bonus Action, you bolster one ally you can see within 30 feet. That ally gains Temporary Hit Points equal to 2d6 plus your Proficiency Bonus. You can use this Bonus Action a number of times equal to your Proficiency Bonus, and you regain all expended uses when you finish a Long Rest.\n\nLast Stand. You have Advantage on attack rolls while Bloodied.	Pokrzepienie sojusznika. W ramach akcji dodatkowej dodajesz otuchy jednemu widocznemu sojusznikowi w promieniu 9 m. Zyskuje on tymczasowe punkty wytrzymałości w liczbie równej 2k6 plus twoja premia z biegłości. Możesz użyć tej akcji dodatkowej tyle razy, ile wynosi twoja premia z biegłości, a wszystkie użycia odzyskujesz po długim odpoczynku.\n\nOstatni bastion. Gdy masz stan zakrwawienia, masz ułatwienie w testach ataku.
plus	h532c41a2g898dg391bgea84g9bed3cd65e57	You can use your Channel Divinity to refresh your allies with soothing twilight.\n\nAs an action, you present your holy symbol, and a sphere of twilight emanates from you. The sphere is centered on you, has a 30-foot radius, and is filled with dim light. The sphere moves with you, and it lasts for 1 minute or until you are incapacitated or die. Whenever a creature ends its turn in the sphere, it gains temporary hit points equal to 1d6 plus your Cleric level and ends one effect causing it to be charmed or frightened.	Możesz użyć Aktu wiary, aby pokrzepić sojuszników kojącym zmierzchem.\n\nW ramach akcji unosisz święty symbol, a od ciebie rozchodzi się sfera zmierzchu o promieniu 9 m, wypełniona przyćmionym światłem. Sfera porusza się wraz z tobą i trwa przez minutę albo do chwili, gdy otrzymasz stan obezwładnienia lub umrzesz. Za każdym razem, gdy istota kończy turę w sferze, zyskuje tymczasowe punkty wytrzymałości w liczbie równej 1k6 plus twój poziom kleryka i kończy działający na nią efekt Zauroczenia albo Przerażenia.
plus	h5a2f62c0g20c4g7473ge5fagb7ae81549ea5	Gain Temporary Hit Points equal to 1d4 plus spell caster's Charisma modifier.	Zyskaj tymczasowe punkty wytrzymałości równe 1k4 plus modyfikator charyzmy rzucającego czary.
plus	h5af643b9gd1b7g259cg51cegf17292ec2f43	If you hit a creature with this weapon, you can force the creature to make a Constitution saving throw (DC 8 plus the ability modifier used to make the attack roll and your Proficiency Bonus). On a failed save, the creature has the Prone condition.	Gdy trafisz istotę tą bronią, możesz zmusić ją do rzutu obronnego na Kondycję (ST 8 plus modyfikator cechy użyty w teście ataku i twoja premia z biegłości). Przy niepowodzeniu istota otrzymuje stan powalenia.
plus	h5b47bba7gdab8g8410ga59dgef9c6100ab29	"Sharpshooter. The target takes Force damage equal to a roll of your <LSTag Type=""ActionResource"" Tooltip=""BardicInspiration"">Bardic Inspiration</LSTag> die plus your Charisma modifier."	"Strzelec wyborowy. Cel otrzymuje obrażenia od mocy w liczbie równej wynikowi rzutu kością <LSTag Type=""ActionResource"" Tooltip=""BardicInspiration"">bardowskiej inspiracji</LSTag> plus twój modyfikator Charyzmy."
plus	h5c32e99cgde90g115cgb925g8d1863515d98	You can expend one Risk Die to gain Temporary Hit Points equal to the number rolled on the die plus your Gunslinger level.	Możesz wydać jedną kość ryzyka, aby zdobyć tymczasowe punkty wytrzymałości równe liczbie wyrzuconej na kości plus twój poziom rewolwerowca.
plus	h5d295166ga39bg4056gc6afg3170dfffabae	You regain a number of Hit Points equal to 1d10 plus your Wisdom modifier.	Odzyskujesz liczbę punktów wytrzymałości równą 1k10 plus modyfikator Mądrości.
plus	h5f50c057g3d01g7209ga5aeg4ccd4c74e397	Your movements become so graceful that even the most cold-hearted enemies are filled with remorse for having stopped your dance. Whenever a creature hits you with an Opportunity Attack or hits you with an attack roll while you’re benefiting from the Dodge action, that creature takes Psychic damage equal to your Charisma modifier plus half your Bard level (round down).\n\nIn addition, you always have the Charm Person spell prepared, and you can cast it without a Verbal component. With this feature, you can cast it without expending a spell slot; when you do, it is cast as a level 3 spell, and the targets don’t make their saving throws with Advantage as a result of you or your allies fighting them. Once you cast the spell with this feature, you can’t do so in this way again until you finish a Long Rest.	Twoje ruchy nabierają takiego wdzięku, że nawet najbardziej bezduszni wrogowie żałują, iż przerwali twój taniec. Ilekroć istota trafi cię atakiem okazyjnym albo atakiem wykonanym, gdy korzystasz z akcji Uniku, otrzymuje obrażenia psychiczne w liczbie równej twojemu modyfikatorowi Charyzmy plus połowa twojego poziomu barda (zaokrąglona w dół).\n\nPonadto zawsze masz przygotowane Zauroczenie osoby i możesz rzucać ten czar bez komponentu werbalnego. Za pomocą tej zdolności możesz rzucić go bez zużywania komórki czaru; jest wówczas rzucany jako czar 3. kręgu, a cele nie zyskują ułatwienia w rzutach obronnych z powodu walki z tobą lub twoimi sojusznikami. Gdy rzucisz czar w ten sposób, nie możesz zrobić tego ponownie aż do ukończenia długiego odpoczynku.
plus	h5f942db5g59f8g5849ga9beg2552e5c19da4	Whenever a creature ends its turn in the sphere, it gains temporary hit points equal to 1d6 plus Cleric level and ends one effect causing it to be charmed or frightened.	Za każdym razem, gdy istota kończy turę w sferze, zyskuje tymczasowe punkty wytrzymałości w liczbie równej 1k6 plus twój poziom kleryka i kończy działający na nią efekt Zauroczenia albo Przerażenia.
plus	h60b8e3b3ge993g7677ge82egd9590a175841	As a Bonus Action, you transform into an avatar of your patron’s dreadful power, gaining the benefits below for 1 minute, until you have the Incapacitated condition, or until you end the form (no action required). You can transform a number of times equal to your Charisma modifier (minimum of once), and you regain all expended uses when you finish a Long Rest.\n\nFacsimile of Life. You gain Temporary Hit Points equal to 1d10 plus your Warlock level.\n\nFearless Form. You have Immunity to the Frightened condition. If you are Frightened when you transform, the condition immediately ends for you.\n\nFrightful Avatar. Once per turn, when you hit a creature with an attack roll, you can force it to make a Wisdom saving throw against your spell save DC. On a failed save, the target has the Frightened condition until the end of your next turn.	W ramach akcji dodatkowej stajesz się ucieleśnieniem przerażającej mocy swojego patrona. Poniższe korzyści utrzymują się przez 1 minutę, do chwili otrzymania stanu obezwładnienia albo do zakończenia przemiany (bez użycia akcji). Możesz przemienić się tyle razy, ile wynosi twój modyfikator Charyzmy (co najmniej raz), a odzyskujesz wszystkie użycia po długim odpoczynku.\n\nPozór życia. Zyskujesz tymczasowe punkty wytrzymałości w liczbie równej 1k10 plus twój poziom Czarownika.\n\nNieustraszona postać. Zyskujesz niewrażliwość na Przerażenie. Jeśli podczas przemiany masz stan przerażenia, stan ten natychmiast się kończy.\n\nPrzerażający awatar. Raz na turę, gdy trafisz istotę testem ataku, możesz zmusić ją do wykonania rzutu obronnego na Mądrość przeciwko twojemu ST obrony przed czarami. Przy niepowodzeniu cel otrzymuje stan przerażenia do końca twojej następnej tury.
plus	h69bf3828g083cg1e10g408egf0f2ee4c7fe8	You can channel lunar magic when you assume a Wild Shape form, granting you the benefits below.\n\nArmor Class: Until you leave the form, your AC equals 13 plus your Wisdom modifier if that total is higher than the Beast’s AC.\n\nTemporary Hit Points: You gain a number of Temporary Hit Points equal to three times your Druid level.	Możesz wykorzystać księżycową magię, gdy przybierasz Dziką Postać, zyskując poniższe korzyści.\n\nKlasa Pancerza: Dopóki nie opuścisz formy, twoje KP wynosi 13 plus twój modyfikator Mądrości, jeśli suma ta jest wyższa niż KP Bestii.\n\nTymczasowe punkty wytrzymałości: Zyskujesz liczbę tymczasowych punktów wytrzymałości równą trzykrotności twojego poziomu druida.
plus	h6a4c6bc1g64e8gd02bg6b68g3e2d7bb52c48	When a creature you can see hits another creature within [1] of you with an attack roll, you can take a Reaction to reduce the damage dealt to the target by 1d10 plus your Proficiency Bonus. You must be holding a Shield or a Simple or Martial weapon to use this Reaction.	Gdy widoczna istota trafia testem ataku inną istotę w promieniu [1] od ciebie, możesz w ramach reakcji zmniejszyć obrażenia otrzymane przez cel o 1k10 plus twoja premia z biegłości. Aby skorzystać z tej reakcji, musisz trzymać tarczę albo broń prostą lub bojową.
plus	h6aa73d7cg8370gbdf1gf6e2g1f60946189a8	Gain Temporary Hit Points equal to 1d6 plus your Sorcerer level.	Zyskaj tymczasowe punkty wytrzymałości równe 1k6 plus twój poziom Zaklinacza.
plus	h6f58f448gfe00g1b2agab56g46c8bf14ca5f	The healing spells you cast on others heal you as well. Immediately after you cast a spell with a spell slot that restores Hit Points to one or more creatures other than yourself, you regain Hit Points equal to 2 plus the spell slot’s level.	Czary leczące, które rzucasz na innych, leczą również ciebie. Natychmiast po rzuceniu z użyciem komórki czaru, który przywraca punkty wytrzymałości co najmniej jednej istocie innej niż ty, odzyskujesz punkty wytrzymałości w liczbie równej 2 plus poziom zużytej komórki czaru.
plus	h6fbb1933ge0e0gc26ag9144gcde944d43651	As a Magic action, you present your Holy Symbol and expend a use of your Channel Divinity to emit a flash of light in a 30-foot Emanation originating from yourself. Any magical Darkness—such as that created by the Darkness spell—in that area is dispelled. Additionally, each creature of your choice in that area must make a Constitution saving throw, taking Radiant damage equal to 2d10 plus your Cleric level on a failed save or half as much damage on a successful one.	W ramach akcji Magii unosisz święty symbol i zużywasz jedno użycie Aktu wiary, wywołując błysk światła w emanacji o promieniu 9 m. Każda magiczna Ciemność na tym obszarze, na przykład stworzona czarem Ciemność, zostaje rozproszona. Ponadto każda wybrana przez ciebie istota na tym obszarze wykonuje rzut obronny na Kondycję. Przy niepowodzeniu otrzymuje 2k10 plus twój poziom kleryka obrażeń od światłości, a przy powodzeniu połowę tej wartości.
plus	h74764f94g16bbg3291g6bf1g64f2467c1d2d	As a Bonus Action, you bolster one ally you can see within 30 feet. That ally gains Temporary Hit Points equal to 2d6 plus your Proficiency Bonus. You can use this Bonus Action a number of times equal to your Proficiency Bonus, and you regain all expended uses when you finish a Long Rest.	W ramach akcji dodatkowej dodajesz otuchy jednemu widocznemu sojusznikowi w promieniu 9 m. Sojusznik zyskuje tymczasowe punkty wytrzymałości w liczbie równej 2k6 plus twoja premia z biegłości. Możesz użyć tej akcji dodatkowej tyle razy, ile wynosi twoja premia z biegłości, a wszystkie użycia odzyskujesz po długim odpoczynku.
plus	h748a060egc16cg7d82gf97eg22830dd0c9f1	When a spell you cast with a spell slot restores Hit Points to a creature, that creature regains additional Hit Points on the turn you cast the spell. The additional Hit Points equal 2 plus the spell slot’s level.	Gdy rzucony przez ciebie czar z użyciem komórki czaru przywraca istocie punkty wytrzymałości, w turze rzucenia czaru odzyskuje ona dodatkowe punkty wytrzymałości w liczbie równej 2 plus poziom zużytej komórki czaru.
plus	h7ab53afeg6536g6c48g43eagddb5bf8b087e	Whenever a target cursed by your Hex drops to 0 Hit Points, you regain Hit Points equal to 1d8 plus your Charisma modifier.	Ilekroć punkty wytrzymałości celu objętego twoim Urokiem spadną do 0, odzyskujesz punkty wytrzymałości w liczbie równej 1k8 plus twój modyfikator Charyzmy.
plus	h7d579a81g52d6g1a4cg3fe1ge97bcb251943	"While you aren’t wearing armor or wielding a Shield, you gain the following benefits.\n\nDance Virtuoso. You have Advantage on any Charisma (<LSTag Type=""Skills"" Tooltip=""Performance"">Performance</LSTag>) check you make that involves you dancing.\n\nUnarmored Defense. Your base Armor Class equals 10 plus your Dexterity and Charisma modifiers.\n\nAgile Strikes. When you expend a use of your Bardic Inspiration as part of an action, a Bonus Action, or a Reaction, you can make one Unarmed Strike as part of that action, Bonus Action, or Reaction.\n\nBardic Damage. You can use Dexterity instead of Strength for the attack rolls of your Unarmed Strikes. When you deal damage with an Unarmed Strike, you can deal Bludgeoning damage equal to a roll of your Bardic Inspiration die plus your Dexterity modifier, instead of the strike’s normal damage. This roll doesn’t expend the die."	"Gdy nie nosisz pancerza ani nie dzierżysz tarczy, zyskujesz następujące korzyści.\n\nWirtuoz tańca. Masz ułatwienie we wszystkich testach Charyzmy (<LSTag Type=""Skills"" Tooltip=""Performance"">Występy</LSTag>) związanych z tańcem.\n\nObrona bez pancerza. Twoja bazowa Klasa Pancerza wynosi 10 plus twoje modyfikatory Zręczności i Charyzmy.\n\nZwinne ciosy. Gdy w ramach akcji, akcji dodatkowej albo reakcji zużywasz jedno użycie bardowskiej inspiracji, możesz w ramach tej samej czynności wykonać jeden atak bez broni.\n\nBardowskie obrażenia. W testach ataku bez broni możesz używać Zręczności zamiast Siły. Gdy zadajesz obrażenia atakiem bez broni, zamiast zwykłych obrażeń możesz zadać obrażenia obuchowe równe sumie wyniku rzutu kością bardowskiej inspiracji i swojego modyfikatora Zręczności. Ten rzut nie zużywa kości."
plus	h7e9705fdg8018gea33g08e7g9a5b338d7d6a	As an action, you present your holy symbol, and a sphere of twilight emanates from you. The sphere is centered on you, has a 30-foot radius, and is filled with dim light. The sphere moves with you, and it lasts for 1 minute or until you are incapacitated or die. Whenever a creature ends its turn in the sphere, it gains temporary hit points equal to 1d6 plus your Cleric level and ends one effect causing it to be charmed or frightened.	W ramach akcji unosisz święty symbol, a od ciebie rozchodzi się sfera zmierzchu o promieniu 9 m, wypełniona przyćmionym światłem. Sfera porusza się wraz z tobą i trwa przez minutę albo do chwili, gdy otrzymasz stan obezwładnienia lub umrzesz. Za każdym razem, gdy istota kończy turę w sferze, zyskuje tymczasowe punkty wytrzymałości w liczbie równej 1k6 plus twój poziom kleryka i kończy działający na nią efekt Zauroczenia albo Przerażenia.
plus	h809e5f68g6c1fg087fg4ebbgd6a42f20a3f2	"The target regains Hit Points equal to a roll of your <LSTag Type=""ActionResource"" Tooltip=""BardicInspiration"">Bardic Inspiration</LSTag> die plus your Charisma modifier."	"Cel odzyskuje punkty wytrzymałości w liczbie równej wynikowi rzutu kością <LSTag Type=""ActionResource"" Tooltip=""BardicInspiration"">bardowskiej inspiracji</LSTag> plus twój modyfikator Charyzmy."
plus	h83838ad6gee6dg6e8fg5d57g389e936516fb	Your patron's might allows you to drain vitality from those you curse, granting you the following benefits.\n\nHungering Hex. Whenever a target cursed by your Hex drops to 0 Hit Points as a result of your actions, you regain Hit Points equal to 1d8 plus your Charisma modifier.\n\nInevitable Blade. Once per turn, when you make an attack roll against a target cursed by your Hex and miss, you can deal 1d6 Necrotic damage.	Moc twojego patrona pozwala ci wysysać siły życiowe z przeklętych wrogów i zapewnia następujące korzyści.\n\nGłodny urok. Ilekroć objęty twoim Urokiem cel spada wskutek twoich działań do 0 punktów wytrzymałości, odzyskujesz punkty wytrzymałości w liczbie równej 1k8 plus twój modyfikator Charyzmy.\n\nNieuniknione ostrze. Raz na turę, gdy chybisz testem ataku przeciwko celowi objętemu twoim Urokiem, możesz zadać mu 1k6 obrażeń nekrotycznych.
plus	h8a5acea8g48afg5d80g2670g4f92b9e54c1e	You regain Hit Points equal to 2d8 plus your Monster Hunter level.	Odzyskujesz punkty wytrzymałości równe 2k8 plus twój poziom Łowcy Potworów.
plus	h9396a6b8g3db1g53cdg44f1g9a5eb3c07ec2	Your reputation has become such that monsters preying on the fearful have come to fear you. When you hit a creature with an attack as part of a Reaction, you can force the creature to make a Wisdom saving throw or have the Frightened condition until the end of your next turn. The DC for the saving throw equals 8 plus your Intelligence modifier and your Proficiency Bonus.	Twoja reputacja sprawiła, że nawet potwory żerujące na strachu innych zaczęły bać się ciebie. Gdy trafisz istotę atakiem wykonywanym w ramach reakcji, możesz zmusić ją do rzutu obronnego na Mądrość. Przy niepowodzeniu otrzymuje stan przerażenia do końca twojej następnej tury. ST tego rzutu wynosi 8 plus twój modyfikator Inteligencji i premia z biegłości.
plus	h93fa867eg625fg359eg2832g67fe332a6780	At the start of each of your turns, you can spend 1 Sorcery Point to gain Temporary Hit Points equal to 1d6 plus your Sorcerer level (no action required).	Na początku każdej swojej tury możesz wydać 1 punkt zaklinania, aby zdobyć tymczasowe punkty wytrzymałości równe 1k6 plus twój poziom Zaklinacza (nie jest wymagane żadne działanie).
plus	h94d2b863gce81ge85ag20a9gd351c1d2fbe8	You can expend one use of your Channel Oath and distribute Temporary Hit Points to creatures of your choice within 30 feet of yourself, which can include you. The total number of Temporary Hit Points equals 2d8 plus your Paladin level, divided among the chosen creatures however you like.	Możesz zużyć jedno użycie Mocy przysięgi i rozdzielić tymczasowe punkty wytrzymałości między wybrane istoty w promieniu 9 m od siebie, wliczając w to siebie. Ich łączna liczba wynosi 2k8 plus twój poziom paladyna; rozdzielasz je między wybrane istoty według własnego uznania.
plus	h9ab20eb3gc598g3449gb504g354483f2972b	"When you activate your <LSTag Type=""Status"" Tooltip=""RAGE"">Rage</LSTag>, when you hit a creature with an Unarmed Strike, you can force the creature to make a Constitution saving throw (DC 8 plus your Strength modifier and your Proficiency Bonus). On a failed save, the creature has the Prone condition."	"Gdy aktywujesz <LSTag Type=""Status"" Tooltip=""RAGE"">szał</LSTag> i trafisz istotę atakiem bez broni, możesz zmusić ją do rzutu obronnego na Kondycję (ST 8 plus twój modyfikator Siły i premia z biegłości). Przy niepowodzeniu istota otrzymuje stan powalenia."
plus	h9fa30afdgf4e2g7e74ga57fgdbedd4b1e363	When you deal damage to a target with your Psionic Strike, you can force the target to make a Strength saving throw (DC 8 plus your Intelligence modifier and Proficiency Bonus). On a failed save, you can give the target the Prone condition or transport it up to 10 feet horizontally.	Kiedy zadajesz celowi obrażenia Psionicznym Uderzeniem, możesz zmusić cel do wykonania rzutu obronnego na Siłę (ST 8 plus twój modyfikator do Inteligencji i premia z biegłości). W przypadku nieudanego rzutu obronnego możesz nadać celowi stan powalenia lub przetransportować go poziomo na wysokość do 3 m.
plus	ha34e254dg39c8gc52bg7259gaa9e2bf59233	As a Bonus Action, you transform into an avatar of your patron’s dreadful power, gaining the benefits below for 1 minute, until you have the Incapacitated condition, or until you end the form (no action required). You can transform a number of times equal to your Charisma modifier (minimum of once), and you regain all expended uses when you finish a Long Rest.\n\nFacsimile of Life. You gain Temporary Hit Points equal to 1d10 plus your Warlock level.\n\nFearless Form. You have Immunity to the Frightened condition. If you are Frightened when you transform, the condition immediately ends for you.\n\nFrightful Avatar. Once per turn, when you hit a creature with an attack roll, you can force it to make a Wisdom saving throw against your spell save DC. On a failed save, the target has the Frightened condition until the end of your next turn.	W ramach akcji dodatkowej stajesz się ucieleśnieniem przerażającej mocy swojego patrona. Poniższe korzyści utrzymują się przez 1 minutę, do chwili otrzymania stanu obezwładnienia albo do zakończenia przemiany (bez użycia akcji). Możesz przemienić się tyle razy, ile wynosi twój modyfikator Charyzmy (co najmniej raz), a odzyskujesz wszystkie użycia po długim odpoczynku.\n\nPozór życia. Zyskujesz tymczasowe punkty wytrzymałości w liczbie równej 1k10 plus twój poziom Czarownika.\n\nNieustraszona postać. Zyskujesz niewrażliwość na Przerażenie. Jeśli podczas przemiany masz stan przerażenia, stan ten natychmiast się kończy.\n\nPrzerażający awatar. Raz na turę, gdy trafisz istotę testem ataku, możesz zmusić ją do wykonania rzutu obronnego na Mądrość przeciwko twojemu ST obrony przed czarami. Przy niepowodzeniu cel otrzymuje stan przerażenia do końca twojej następnej tury.
plus	ha93da29dg5863g46a5gb636gdc16581b4520	"The target takes Force damage equal to a roll of your <LSTag Type=""ActionResource"" Tooltip=""BardicInspiration"">Bardic Inspiration</LSTag> die plus your Charisma modifier."	"Cel otrzymuje obrażenia od mocy w liczbie równej wynikowi rzutu kością <LSTag Type=""ActionResource"" Tooltip=""BardicInspiration"">bardowskiej inspiracji</LSTag> plus twój modyfikator Charyzmy."
plus	hab6207d6g3b79g94b6g5e02gc2006b0e62b7	Gain temporary hit points equal to 1d6 plus cleric level.	Zyskaj tymczasowe punkty wytrzymałości równe 1k6 plus poziom kleryka.
plus	hb012aa29g2700gd0c7g3c87g74a98a1affc6	"You can magically produce sticky, silken spider webs from your hands. As a Bonus Action, you can use them to do one of the following.\n\n<LSTag Type=""Spell"" Tooltip=""Target_ArachnoidStalker_Pull"">Pulling Web</LSTag>. Strike a creature or object within [1] with a skin-adhering web and pull it up to [1] closer to you. Only a target of Large size or smaller can be moved, and a creature resists with a successful Dexterity saving throw. An ally is always pulled.\n\n<LSTag Type=""Spell"" Tooltip=""Target_ArachnoidStalker_WebSwing"">Web Swing</LSTag>. Project a line of web at a point you can see within [1] and pull yourself to that point without provoking Opportunity Attacks.\n\nWeb. You cast Web without a spell slot as a part of the Bonus Action used for this feature. The webs fill a [2] radius and dissolve after 1 minute, and a creature caught inside must succeed on a Dexterity saving throw or become <LSTag Type=""Status"" Tooltip=""WEB"">Enwebbed</LSTag>. You can cast this spell using this feature twice. You regain one expended use when you finish a Short Rest, and you regain all expended uses when you finish a Long Rest.\n\nThe saving throw DC equals 8 plus your Dexterity modifier and Proficiency Bonus."	"Potrafisz magicznie wytwarzać z dłoni lepkie, jedwabiste pajęczyny. W ramach akcji dodatkowej możesz użyć ich na jeden z poniższych sposobów.\n\n<LSTag Type=""Spell"" Tooltip=""Target_ArachnoidStalker_Pull"">Pajęczyna przyciągająca</LSTag>. Traf istotę albo obiekt w zasięgu [1] lepką pajęczyną i przyciągnij cel do siebie na odległość do [1]. Przemieścić można tylko cel rozmiaru dużego lub mniejszego, a istota może oprzeć się efektowi, wykonując udany rzut obronny na Zręczność. Sojusznik zawsze zostaje przyciągnięty.\n\n<LSTag Type=""Spell"" Tooltip=""Target_ArachnoidStalker_WebSwing"">Huśtanie na pajęczynie</LSTag>. Wystrzel nić pajęczyny w widoczny punkt w zasięgu [1] i przyciągnij się do niego bez prowokowania ataków okazyjnych.\n\nPajęczyna. W ramach tej samej akcji dodatkowej rzucasz czar Pajęczyna bez zużywania komórki czaru. Pajęczyny wypełniają obszar o promieniu [2] i znikają po 1 minucie. Istota, która się w nich znajdzie, musi wykonać rzut obronny na Zręczność; w razie niepowodzenia zostaje <LSTag Type=""Status"" Tooltip=""WEB"">Usidlona</LSTag>. Za pomocą tej zdolności możesz rzucić ten czar dwukrotnie. Jedno zużyte użycie odzyskujesz po krótkim odpoczynku, a wszystkie po długim odpoczynku.\n\nST rzutu obronnego wynosi 8 plus twój modyfikator Zręczności i premia z biegłości."
plus	hb2e332fcgcd11g8a05g95d2g1993d892d032	You gain the ability to channel your ki into searing waves of energy. Immediately after you take the Attack action on your turn, you can spend 2 ki points to cast the burning hands spell as a bonus action.\n\nYou can spend additional ki points to cast burning hands as a higher-level spell. Each additional ki point you spend increases the spell’s level by 1. The maximum number of ki points (2 plus any additional points) that you can spend on the spell equals half your monk level.	Zyskujesz zdolność kierowania swojego ki w palące fale energii. Natychmiast po wykonaniu akcji Ataku w swojej turze możesz wydać 2 punkty Ki, aby rzucić czar płonących rąk jako akcję dodatkową.\n\nMożesz wydać dodatkowe punkty ki, aby rzucić płonące ręce jako czar wyższego poziomu. Każdy dodatkowy punkt ki, który wydasz, zwiększa poziom czaru o 1. Maksymalna liczba punktów ki (2 plus dodatkowe punkty), które możesz wydać na czar, wynosi połowę twojego poziomu mnicha.
plus	hb6df1fdbgd732gf839g1534g7c3a49d1d89d	While you aren’t wearing armor or wielding a Shield, your base Armor Class equals 10 plus your Dexterity and Wisdom modifiers.	Kiedy nie nosisz zbroi ani nie dzierżysz tarczy, twoja podstawowa klasa pancerza wynosi 10 plus twoje modyfikatory Zręczności i Mądrości.
plus	hb9ea2886ge218gb461g7d99gf5eea1cf55f9	When you hit with your Unarmed Strike and deal damage, you can deal Bludgeoning damage equal to 1d6 plus your Strength modifier instead of the normal damage of an Unarmed Strike.	Kiedy uderzasz swoim atakiem bez broni i zadajesz obrażenia, możesz zadać obrażenia obuchowe równe 1k6 plus twój modyfikator Siły zamiast normalnych obrażeń ataku bez broni.
plus	hbeb4351eged06g5aa8g19cag2270bd60a6eb	Your experience surviving harrowing environments allows you to bolster your allies in addition to yourself. As a Magic action, choose a number of creatures you can see equal to your Wisdom modifier (minimum of one). Each chosen creature regains Hit Points equal to 1d10 plus your Ranger level and has Advantage on saving throws to avoid or end the Frightened condition for 1 hour.\n\nOnce you use this feature, you can’t use it again until you finish a Long Rest.	Doświadczenie zdobyte podczas przetrwania w śmiertelnie niebezpiecznych miejscach pozwala ci wzmacniać nie tylko siebie, lecz także sojuszników. W ramach akcji Magii wybierz tyle widocznych istot, ile wynosi twój modyfikator Mądrości (co najmniej jedną). Każda wybrana istota odzyskuje punkty wytrzymałości w liczbie równej 1k10 plus twój poziom Łowcy i przez 1 godzinę ma ułatwienie w rzutach obronnych wykonywanych, aby uniknąć stanu przerażenia lub go zakończyć.\n\nPo użyciu tej zdolności musisz ukończyć długi odpoczynek, zanim użyjesz jej ponownie.
plus	hc24409fagede8g0aaag1ad3g32c2949bb667	As a Bonus Action, you can expend a use of your Wild Shape to regain a number of Hit Points equal to 2d6 plus your Druid level. This healing increases by 1d6 when you reach Druid levels 5 (3d6 plus your Druid level) and 10 (4d6 plus your Druid level).	Uczysz się regenerować dzięki dzikiej, zwierzęcej magii płynącej w twoich żyłach. W ramach akcji dodatkowej możesz zużyć jedno użycie Dzikiej Postaci, aby odzyskać punkty wytrzymałości w liczbie równej sumie 2k6 i twojego poziomu druida. Leczenie zwiększa się o 1k6 na 5. poziomie druida (3k6 plus poziom druida) i ponownie na 10. poziomie (4k6 plus poziom druida).
plus	hc3d7957egbf1cga0f8gde92g70f35f4c410f	The cannon emits a burst of positive energy that grants itself and each creature of your choice within 10 feet of the cannon a number of Temporary Hit Points equal to 1d8 plus your Intelligence modifier (minimum of +1).	Działo emituje wybuch pozytywnej energii, która zapewnia sobie i każdemu wybranemu przez ciebie istocie w promieniu 3 m od armaty liczbę Tymczasowych punktów wytrzymałości równą 1k8 plus twój modyfikator Inteligencji (co najmniej +1).
plus	hc7d9adccgd21cg6730g04c3g3a1c38c6c5a9	"Beloved. The target regains Hit Points equal to a roll of your <LSTag Type=""ActionResource"" Tooltip=""BardicInspiration"">Bardic Inspiration</LSTag> die plus your Charisma modifier."	"Ukochany. Cel odzyskuje punkty wytrzymałości w liczbie równej wynikowi rzutu kością <LSTag Type=""ActionResource"" Tooltip=""BardicInspiration"">bardowskiej inspiracji</LSTag> plus twój modyfikator Charyzmy."
plus	hd28c4d74gd3aag5aa9g12b2g628e33edb9c9	Gain Temporary Hit Points equal to the spellcaster’s level plus their Proficiency Bonus.	Zyskaj tymczasowe punkty wytrzymałości równe poziomowi rzucającego czary plus jego premia z biegłości.
plus	hd5f70284g45c5g71b8g7505g337ea5751295	You gain the ability to heal yourself. As a Bonus Action, you can roll your Martial Arts die. You regain a number of Hit Points equal to the number rolled plus your Wisdom modifier (minimum of 1 Hit Point regained).\n\nYou can use this feature a number of times equal to your Wisdom modifier (minimum of once), and you regain all expended uses when you finish a Long Rest.	Zyskujesz zdolność leczenia własnych ran. W ramach akcji dodatkowej możesz rzucić kością sztuk walki. Odzyskujesz punkty wytrzymałości w liczbie równej wynikowi rzutu plus twój modyfikator Mądrości (co najmniej 1 punkt).\n\nMożesz skorzystać z tej zdolności tyle razy, ile wynosi twój modyfikator Mądrości (co najmniej raz), a odzyskujesz wszystkie użycia po długim odpoczynku.
plus	hdaeea362gfb80g3de3gfc7bgaaff6ca3e93f	You gain the ability to channel celestial energy to heal wounds. You have a pool of d6s to fuel this healing. The number of dice in the pool equals 1 plus your Warlock level.\n\nAs a Bonus Action, you can heal yourself or one creature you can see within 60 feet of yourself, expending dice from the pool. The maximum number of dice you can expend at once equals your Charisma modifier (minimum of one die). Roll the dice you expend, and restore a number of Hit Points equal to the roll’s total. Your pool regains all expended dice when you finish a Long Rest.	Zyskujesz zdolność kierowania niebiańską energią, aby leczyć rany. Dysponujesz pulą kości k6, które zasilają to leczenie. Liczba kości w puli wynosi 1 plus twój poziom czarownika.\n\nW ramach akcji dodatkowej możesz uleczyć siebie albo jedną istotę, którą widzisz w promieniu 18 m od siebie, zużywając kości z puli. Maksymalna liczba kości, które możesz zużyć naraz, jest równa twojemu modyfikatorowi Charyzmy (co najmniej jedna kość). Rzuć zużytymi kośćmi i przywróć punkty wytrzymałości w liczbie równej sumie wyników. Wszystkie zużyte kości wracają do puli po ukończeniu długiego odpoczynku.
plus	he3bdd368gcf28g40aag8743gc422e859a060	You have a limited well of physical and mental stamina that you can draw on. As a Bonus Action, you can use it to regain Hit Points equal to 1d10 plus your Fighter level.\n\nYou can use this feature twice. You regain one expended use when you finish a Short Rest, and you regain all expended uses when you finish a Long Rest.\n\nWhen you reach certain Fighter levels, you gain more uses of this feature.	Masz ograniczony zasób wytrzymałości fizycznej i psychicznej, z którego możesz skorzystać. W ramach akcji dodatkowej możesz jej użyć, aby odzyskać punkty wytrzymałości równe 1k10 plus twój poziom Wojownika.\n\nMożesz skorzystać z tej zdolności dwukrotnie. Odzyskujesz jedno wykorzystane użycie, kiedy kończysz krótki odpoczynek, a wszystkie wykorzystane, kiedy kończysz długi odpoczynek.\n\nKiedy osiągniesz określony poziom Wojownika, zyskasz więcej możliwości wykorzystania tej zdolności.
plus	heb2a7f7ag521bg6a02g5dffg52cdf49a9788	You gain the ability to recover using the wild, bestial magic that courses through you. As a Bonus Action, you can expend a use of your Wild Shape to regain a number of Hit Points equal to 2d6 plus your Druid level. This healing increases by 1d6 when you reach Druid levels 5 (3d6 plus your Druid level) and 10 (4d6 plus your Druid level).	Uczysz się regenerować dzięki dzikiej, zwierzęcej magii płynącej w twoich żyłach. W ramach akcji dodatkowej możesz zużyć jedno użycie Dzikiej Postaci, aby odzyskać punkty wytrzymałości w liczbie równej sumie 2k6 i twojego poziomu druida. Leczenie zwiększa się o 1k6 na 5. poziomie druida (3k6 plus poziom druida) i ponownie na 10. poziomie (4k6 plus poziom druida).
plus	hf03aeb95g5dbbg3147g324cg388502cbfe2e	When you take damage from a target cursed by your Hex, you can take a Reaction to reduce that damage by 2d8 plus your Charisma modifier. You can use this feature a number of times equal to your Charisma modifier, and you regain all expended uses when you finish a Long Rest.	Gdy otrzymujesz obrażenia od celu objętego twoim Urokiem, możesz w ramach reakcji zmniejszyć je o 2k8 plus swój modyfikator Charyzmy. Możesz użyć tej zdolności tyle razy, ile wynosi twój modyfikator Charyzmy, a wszystkie użycia odzyskujesz po długim odpoczynku.
plus	hf664a7b1g2fffg549cgf62dgbca83b181e57	You gain the ability to consume the remains of monsters, allowing your body to undergo powerful and terrifying mutations. You can benefit from consumed portions a number of times equal to 1 plus your Intelligence modifier (minimum of 1). After finishing a Long Rest, you regain the ability to consume portions. You can benefit from multiple portions simultaneously, but you can't gain the same mutation more than once at the same time.	Możesz pożerać szczątki potworów, wywołując w swoim ciele potężne i przerażające mutacje. Możesz spożyć tyle porcji, ile wynosi 1 plus twój modyfikator Inteligencji (co najmniej jedną). Wszystkie użycia tej zdolności odzyskujesz po długim odpoczynku. Możesz jednocześnie czerpać korzyści z kilku porcji, ale nie możesz uzyskać tej samej mutacji więcej niż raz w tym samym czasie.
plus	hf790b35fg5b7ege376ge7e5gfdcf78fcbf35	Encourage Ally. As a Bonus Action, you bolster one ally you can see within 30 feet. That ally gains Temporary Hit Points equal to 2d6 plus your Proficiency Bonus. You can use this Bonus Action a number of times equal to your Proficiency Bonus, and you regain all expended uses when you finish a Long Rest.\n\nLast Stand. You have Advantage on attack rolls while Bloodied.	Pokrzepienie sojusznika. W ramach akcji dodatkowej dodajesz otuchy jednemu widocznemu sojusznikowi w promieniu 9 m. Zyskuje on tymczasowe punkty wytrzymałości w liczbie równej 2k6 plus twoja premia z biegłości. Możesz użyć tej akcji dodatkowej tyle razy, ile wynosi twoja premia z biegłości, a wszystkie użycia odzyskujesz po długim odpoczynku.\n\nOstatni bastion. Gdy masz stan zakrwawienia, masz ułatwienie w testach ataku.
plus	hfaa042d3gf744gb60fg226bgaec318afadb8	You can regain all expended Focus Points. When you do so, roll your Martial Arts die, and regain a number of Hit Points equal to your Monk level plus the number rolled.\n\nOnce you use this feature, you can’t use it again until you finish a Long Rest.	Odzyskujesz wszystkie wydane punkty skupienia. Następnie rzuć swoją kością Sztuk walki i odzyskaj punkty wytrzymałości w liczbie równej swojemu poziomowi Mnicha plus wynik rzutu.\n\nPo użyciu tej cechy nie możesz użyć jej ponownie aż do zakończenia długiego odpoczynku.
kensei	h01b344bfgb2ffg91fcg0c56gee5f0fb1bf6f	You gain the ability to augment your weapons further with your ki. As a bonus action, you can expend 1 ki points to grant one kensei weapon you touch a bonus to attack and damage rolls when you attack with it. This bonus lasts for 1 minute or until you use this feature again.	Potrafisz dodatkowo wzmacniać swoją broń za pomocą ki. W ramach akcji dodatkowej możesz wydać 1 punkt ki, aby dotknięta przez ciebie broń kensei zyskała premię do testów ataku i rzutów na obrażenia. Premia utrzymuje się przez 1 minutę albo do ponownego użycia tej zdolności.
kensei	h05735036ge53dgb166gd088g232b4ce9dad9	You can use a bonus action on your turn to make your ranged attacks with a kensei weapon more deadly. When you do so, any target you hit with a ranged attack using a kensei weapon takes an extra 1d4 damage of the weapon’s type. You retain this benefit until the end of the current turn.	W ramach akcji dodatkowej możesz zwiększyć w tej turze zabójczość swoich ataków dystansowych bronią kensei. Każdy cel trafiony takim atakiem otrzymuje dodatkowe 1k4 obrażeń tego samego typu co broń. Korzyść utrzymuje się do końca bieżącej tury.
kensei	h0858dcb4gdc85g9618g56bfg2d778b0aaa09	Level 3: Kensei Weapons	Poziom 3: Broń Kensei
kensei	h0911042bg0e3cg93efgeb4eg47025adf7586	If you take the Attack action on your turn while holding a melee Kensei Weapon, you can use it to defend yourself. While the weapon remains in your hand and you aren't Incapacitated, you gain a +2 bonus to Armour Class until the start of your next turn.	Jeśli w swojej turze wykonasz akcję Ataku, trzymając Broń Kensei do walki wręcz, możesz jej użyć do obrony. Dopóki broń pozostaje w twojej dłoni i nie masz stanu obezwładnienia, zyskujesz premię +2 do Klasy Pancerza do początku twojej następnej tury.
kensei	h1dff0d2fgf8b2g562egc63egd2c7a23bebd3	Level 6: Magic Kensei Weapons	Poziom 6: Magiczna Broń Kensei
kensei	h34484d96g7172ge149g0e7ag80b49d0406be	You gain proficiency with the Dagger, Longsword, Rapier, Scimitar, Shortsword, Sickle, and Longbow, which are your Kensei Weapons.	Zyskujesz biegłość w posługiwaniu się sztyletem, długim mieczem, rapierem, bułatem, krótkim mieczem, sierpem i długim łukiem, które są twoją bronią Kensei.
kensei	h37c2f505g74b4gdbc0gdcaagf075f1ac1bdb	You can use a bonus action on your turn to make your ranged attacks with a kensei weapon more deadly. When you do so, any target you hit with a ranged attack using a kensei weapon takes an extra 1d4 damage of the weapon’s type. You retain this benefit until the end of the current turn.	W ramach akcji dodatkowej możesz zwiększyć w tej turze zabójczość swoich ataków dystansowych bronią kensei. Każdy cel trafiony takim atakiem otrzymuje dodatkowe 1k4 obrażeń tego samego typu co broń. Korzyść utrzymuje się do końca bieżącej tury.
kensei	h6d7740ccgef54gda0fgd2b3g349933c85fcb	When you hit a target with a kensei weapon, you can spend 1 ki point to cause the weapon to deal extra damage to the target equal to your Martial Arts die. You can use this feature only once on each of your turns.	Kiedy trafisz cel bronią kensei, możesz wydać 1 punkt ki, aby broń zadała celowi dodatkowe obrażenia równe twojej kości sztuk walki. Możesz skorzystać z tej zdolności tylko raz w każdej swojej turze.
kensei	h999af44ag3306g0613g152bg4450c24fc0c2	Your attacks with your Kensei Weapons ignore resistance to damage.	Twoje ataki Bronią Kensei ignorują odporność na obrażenia.
kensei	h9ca81c6cge267g0fefg86fbg4f7ec3154e3d	If you take the Attack action on your turn while holding a melee Kensei Weapon, you can use it to defend yourself. While the weapon remains in your hand and you aren't Incapacitated, you gain a +2 bonus to Armour Class until the start of your next turn.	Jeśli w swojej turze wykonasz akcję Ataku, trzymając Broń Kensei do walki wręcz, możesz jej użyć do obrony. Dopóki broń pozostaje w twojej dłoni i nie masz stanu obezwładnienia, zyskujesz premię +2 do Klasy Pancerza do początku twojej następnej tury.
kensei	h9f1e6475gc9fcgf100g58dbg0d0896886dfb	You gain the ability to augment your weapons further with your ki. As a bonus action, you can expend 1 ki points to grant one kensei weapon you touch a bonus to attack and damage rolls when you attack with it. This bonus lasts for 1 minute or until you use this feature again.	Potrafisz dodatkowo wzmacniać swoją broń za pomocą ki. W ramach akcji dodatkowej możesz wydać 1 punkt ki, aby dotknięta przez ciebie broń kensei zyskała premię do testów ataku i rzutów na obrażenia. Premia utrzymuje się przez 1 minutę albo do ponownego użycia tej zdolności.
kensei	hae57f052gfdcbgdab2g3137g2a46d1f2494b	You can use a bonus action on your turn to make your ranged attacks with a kensei weapon more deadly. When you do so, any target you hit with a ranged attack using a kensei weapon takes an extra 1d4 damage of the weapon’s type. You retain this benefit until the end of the current turn.	W ramach akcji dodatkowej możesz zwiększyć w tej turze zabójczość swoich ataków dystansowych bronią kensei. Każdy cel trafiony takim atakiem otrzymuje dodatkowe 1k4 obrażeń tego samego typu co broń. Korzyść utrzymuje się do końca bieżącej tury.
kensei	hb071d3c2g373ag7bc8gf0d5g10bf8a344624	You gain the ability to augment your weapons further with your ki. As a bonus action, you can expend 1 ki points to grant one kensei weapon you touch a bonus to attack and damage rolls when you attack with it. This bonus lasts for 1 minute or until you use this feature again.	Potrafisz dodatkowo wzmacniać swoją broń za pomocą ki. W ramach akcji dodatkowej możesz wydać 1 punkt ki, aby dotknięta przez ciebie broń kensei zyskała premię do testów ataku i rzutów na obrażenia. Premia utrzymuje się przez 1 minutę albo do ponownego użycia tej zdolności.
kensei	hc099c3bdga141ga29ag0b89g93d39a6878cd	Monks of the Way of the Kensei train relentlessly with their weapons, to the point where the weapon becomes an extension of the body. Founded on a mastery of sword fighting, the tradition has expanded to include many different weapons.\n\nA kensei sees a weapon in much the same way a calligrapher or painter regards a pen or brush. Whatever the weapon, the kensei views it as a tool used to express the beauty and precision of the martial arts. That such mastery makes a kensei a peerless warrior is but a side effect of intense devotion, practice, and study.	Mnisi Drogi Kensei niestrudzenie trenują swoją broń, aż do momentu, w którym staje się ona przedłużeniem ciała. Oparta na mistrzostwie w walce mieczem tradycja rozszerzyła się i objęła wiele różnych rodzajów broni.\n\nKensei postrzega broń w podobny sposób, w jaki kaligraf lub malarz postrzega pióro lub pędzel. Niezależnie od broni, kensei postrzega ją jako narzędzie służące do wyrażania piękna i precyzji sztuk walki. To, że takie mistrzostwo czyni kensei niezrównanym wojownikiem, jest jedynie efektem ubocznym intensywnego oddania, praktyki i nauki.
kensei	hc101109bg0b5bg828eg9185ged74f68e424e	When you hit a target with a kensei weapon, you can spend 1 ki point to cause the weapon to deal extra damage to the target equal to your Martial Arts die. You can use this feature only once on each of your turns.	Kiedy trafisz cel bronią kensei, możesz wydać 1 punkt ki, aby broń zadała celowi dodatkowe obrażenia równe twojej kości sztuk walki. Możesz skorzystać z tej zdolności tylko raz w każdej swojej turze.
feywild	h00779e8dg1144g5eecg3f98g33292e8dea42	With ever-changing appearances, changelings reside in many societies undetected. Each changeling can supernaturally adopt any face they like. For some changelings, a new face may reveal an aspect of their soul.\n\nThe first changelings in the multiverse appeared in the Feywild, and the wondrous, mutable essence of that plane lingers in changelings today—even in those who have never set foot in the fey realm.\n\nIn their true form, changelings appear faded, their features almost devoid of detail. It is rare to see one in that form, for a typical changeling alters their shape the way others might change clothes. However, many changelings develop identities with more depth, crafting a persona complete with history and beliefs to go with each shape. A changeling adventurer might have personas for many situations, including negotiation, investigation, and combat.\n\nMultiple changelings can share a persona. Personas can even pass down through a family, allowing a younger changeling to take advantage of contacts established by the persona’s previous users.	Odmieńcy o wiecznie zmiennym wyglądzie żyją niezauważeni w wielu społecznościach. Każdy odmieniec może w nadprzyrodzony sposób przybrać dowolną twarz. Dla niektórych nowa twarz ujawnia aspekt ich duszy.\n\nPierwsi odmieńcy w wieloświecie pojawili się w Feywild, a cudowna, zmienna esencja tej sfery wciąż jest w nich obecna — nawet w tych, którzy nigdy nie postawili stopy w krainie fey.\n\nW prawdziwej postaci odmieńcy wyglądają blado, a ich rysy są niemal pozbawione szczegółów. Rzadko można ich jednak zobaczyć w tej postaci, ponieważ typowy odmieniec zmienia kształt tak, jak inni zmieniają ubranie. Wielu odmieńców tworzy również głębsze tożsamości, opracowując dla każdej postaci personę z własną historią i przekonaniami. Odmieniec poszukiwacz przygód może mieć persony przeznaczone do różnych sytuacji, takich jak negocjacje, śledztwo czy walka.\n\nKilku odmieńców może dzielić tę samą personę. Persony mogą być nawet przekazywane w rodzinie, dzięki czemu młodszy odmieniec korzysta z kontaktów nawiązanych przez poprzednich użytkowników danej persony.
feywild	h08c08b52g956bgcf55gaba1gfea165770305	Many places in the multiverse abound with beauty, intense emotion, and rampant magic; the Feywild, the Upper Planes, and other realms of supernatural power radiate with such forces and can profoundly influence people. As folk of deep feeling, barbarians are especially susceptible to these wild influences, with some barbarians being transformed by the magic. These magic-suffused barbarians walk the Path of Wild Magic. Elf, tiefling, aasimar, and genasi barbarians often seek this path, eager to manifest the otherworldly magic of their ancestors.	Wiele miejsc w wieloświecie obfituje w piękno, intensywne emocje i szalejącą magię; Feywild, Wyższe Plany i inne sfery nadprzyrodzonej mocy promieniują takimi siłami i mogą głęboko wpływać na ludzi. Jako ludzie o głębokich uczuciach barbarzyńcy są szczególnie podatni na te dzikie wpływy, a niektórzy barbarzyńcy ulegają przemianie pod wpływem magii. Ci przesiąknięci magią barbarzyńcy kroczą Ścieżką Dzikiej Magii. Barbarzyńcy elfowie, diabelstwa, aasimarowie i genasi często szukają tej ścieżki, pragnąc zamanifestować nieziemską magię swoich przodków.
feywild	h5844527eg5bc7g6d08gb8bdg836fe861ad65	With ever-changing appearances, changelings reside in many societies undetected. Each changeling can supernaturally adopt any face they like. For some changelings, a new face may reveal an aspect of their soul.\n\nThe first changelings in the multiverse appeared in the Feywild, and the wondrous, mutable essence of that plane lingers in changelings today—even in those who have never set foot in the fey realm.\n\nIn their true form, changelings appear faded, their features almost devoid of detail. It is rare to see one in that form, for a typical changeling alters their shape the way others might change clothes. However, many changelings develop identities with more depth, crafting a persona complete with history and beliefs to go with each shape. A changeling adventurer might have personas for many situations, including negotiation, investigation, and combat.\n\nMultiple changelings can share a persona. Personas can even pass down through a family, allowing a younger changeling to take advantage of contacts established by the persona’s previous users.	Odmieńcy o wiecznie zmiennym wyglądzie żyją niezauważeni w wielu społecznościach. Każdy odmieniec może w nadprzyrodzony sposób przybrać dowolną twarz. Dla niektórych nowa twarz ujawnia aspekt ich duszy.\n\nPierwsi odmieńcy w wieloświecie pojawili się w Feywild, a cudowna, zmienna esencja tej sfery wciąż jest w nich obecna — nawet w tych, którzy nigdy nie postawili stopy w krainie fey.\n\nW prawdziwej postaci odmieńcy wyglądają blado, a ich rysy są niemal pozbawione szczegółów. Rzadko można ich jednak zobaczyć w tej postaci, ponieważ typowy odmieniec zmienia kształt tak, jak inni zmieniają ubranie. Wielu odmieńców tworzy również głębsze tożsamości, opracowując dla każdej postaci personę z własną historią i przekonaniami. Odmieniec poszukiwacz przygód może mieć persony przeznaczone do różnych sytuacji, takich jak negocjacje, śledztwo czy walka.\n\nKilku odmieńców może dzielić tę samą personę. Persony mogą być nawet przekazywane w rodzinie, dzięki czemu młodszy odmieniec korzysta z kontaktów nawiązanych przez poprzednich użytkowników danej persony.
feywild	h59958a6fg7ff5g9780g1b47g688c0909621b	Druids who are members of the Circle of Dreams hail from regions that have strong ties to the Feywild and its dreamlike realms. The druids’ guardianship of the natural world makes for a natural alliance between them and good-aligned fey. These druids seek to fill the world with dreamy wonder. Their magic mends wounds and brings joy to downcast hearts, and the realms they protect are gleaming, fruitful places, where dream and reality blur together and where the weary can find rest.	Druidzi z Kręgu Snów pochodzą z krain silnie związanych z Feywild i jego sennymi domenami. Opieka nad światem natury czyni ich naturalnymi sprzymierzeńcami fey o dobrym charakterze. Druidzi ci pragną wypełniać świat cudami rodem ze snów. Ich magia leczy rany i niesie radość strapionym sercom, a chronione przez nich krainy są jasne i urodzajne — sen miesza się tam z rzeczywistością, a znużeni mogą znaleźć odpoczynek.
feywild	h5e78186dgabebg2b99g11acg070fef938db4	Your pact draws on the power of the Feywild. When you choose this subclass, you might make a deal with an archfey, such as the Prince of Frost; the Queen of Air and Darkness, ruler of the Gloaming Court; Titania of the Summer Court; or an ancient hag. Or you might call on a spectrum of Fey, weaving a web of favors and debts. Whoever they are, your patron is often inscrutable and whimsical.	Twój pakt czerpie moc z Feywild. Wybierając tę podklasę, możesz zawrzeć układ z potężną istotą arcyfey, taką jak Książę Mrozu, Królowa Powietrza i Ciemności władająca Dworem Zmierzchu, Tytania z Letniego Dworu albo pradawna wiedźma. Możesz też zwrócić się do całego kręgu fey i utkać sieć przysług oraz długów. Kimkolwiek jest twój patron, często pozostaje nieprzenikniony i kapryśny.
feywild	h60b4a6b6g2c59g4b4cgb657g5872fb1a68d4	A fey mystique surrounds you, thanks to the boon of an archfey or a location in the Feywild that transformed you. However you gained fey magic, you are now a Fey Wanderer. Your joyful laughter brightens the hearts of the downtrodden, and your martial prowess strikes terror in your foes, for great is the mirth of the fey and dreadful is their fury.	Otacza cię tajemnicza aura fey — dar arcyfey albo skutek przemiany w jednym z miejsc Feywild. Niezależnie od źródła tej magii jesteś teraz Wędrowcem Fey. Twój radosny śmiech podnosi na duchu uciśnionych, a biegłość w walce napełnia wrogów grozą. Wesołość fey jest bowiem wielka, a ich gniew straszliwy.
feywild	h623638f6g1485g2672g2bfcg30f7140b3b47	Eladrin are elves of the Feywild, a realm of perilous beauty and boundless magic. Using that magic, eladrin can step from one place to another in the blink of an eye, and each eladrin resonates with emotions captured in the Feywild in the form of seasons—affinities that affect the eladrin’s mood and appearance. An eladrin’s season can change, though some remain in one season forever. Choose your season or roll on the Eladrin Seasons table. Your Trance trait lets you change your season.\n\nLike other elves, eladrin can live to be over 750 years old.	Eladriny to elfy z Feywild — krainy niebezpiecznego piękna i bezkresnej magii. Dzięki tej magii eladrin może w mgnieniu oka przemieścić się z miejsca na miejsce. Każdy eladrin współbrzmi też z emocjami zaklętymi w Feywild pod postacią pór roku; powinowactwo to wpływa na jego nastrój i wygląd. Pora roku eladrina może się zmieniać, choć niektóre eladriny pozostają przy jednej na zawsze. Wybierz swoją porę roku albo wykonaj rzut zgodnie z tabelą Pory roku eladrinów. Cecha Trans pozwala ci zmieniać swoją porę roku.\n\nPodobnie jak inne elfy, eladriny mogą żyć ponad 750 lat.
feywild	h6dd099beg03a7ga0aeg02e2gf58c867f0877	Eladrin are elves of the Feywild, a realm of perilous beauty and boundless magic. Using that magic, eladrin can step from one place to another in the blink of an eye, and each eladrin resonates with emotions captured in the Feywild in the form of seasons—affinities that affect the eladrin’s mood and appearance. An eladrin’s season can change, though some remain in one season forever. Choose your season or roll on the Eladrin Seasons table. Your Trance trait lets you change your season.	Eladriny to elfy z Feywild — krainy niebezpiecznego piękna i bezkresnej magii. Dzięki tej magii eladrin może w mgnieniu oka przemieścić się z miejsca na miejsce. Każdy eladrin współbrzmi też z emocjami zaklętymi w Feywild pod postacią pór roku; powinowactwo to wpływa na jego nastrój i wygląd. Pora roku eladrina może się zmieniać, choć niektóre eladriny pozostają przy jednej na zawsze. Wybierz swoją porę roku albo wykonaj rzut zgodnie z tabelą Pory roku eladrinów. Cecha Trans pozwala ci zmieniać swoją porę roku.
feywild	h776cf198gb898g803bg64d1gcb1e15218f5e	Eladrin are elves of the Feywild, a realm of perilous beauty and boundless magic. Using that magic, eladrin can step from one place to another in the blink of an eye, and each eladrin resonates with emotions captured in the Feywild in the form of seasons—affinities that affect the eladrin’s mood and appearance. An eladrin’s season can change, though some remain in one season forever. Choose your season or roll on the Eladrin Seasons table. Your Trance trait lets you change your season.	Eladriny to elfy z Feywild — krainy niebezpiecznego piękna i bezkresnej magii. Dzięki tej magii eladrin może w mgnieniu oka przemieścić się z miejsca na miejsce. Każdy eladrin współbrzmi też z emocjami zaklętymi w Feywild pod postacią pór roku; powinowactwo to wpływa na jego nastrój i wygląd. Pora roku eladrina może się zmieniać, choć niektóre eladriny pozostają przy jednej na zawsze. Wybierz swoją porę roku albo wykonaj rzut zgodnie z tabelą Pory roku eladrinów. Cecha Trans pozwala ci zmieniać swoją porę roku.
feywild	h7eb96189g76dfg2301gb96dg3136060e0f85	The magic of the Feywild guards your mind. You are immune to the Charmed and Frightened conditions.	Magia Feywild strzeże twojego umysłu. Zyskujesz niewrażliwość na Zauroczenie i Przerażenie.
feywild	h9d7e1bf3g8ce5g97cdg6455g9d50ab2376ba	You can augment your weapon strikes with mind-scarring magic drawn from the murky hollows of the Feywild. When you hit a creature with a weapon, you can deal an extra 1d4 Psychic damage to the target, which can take this extra damage only once per turn. The extra damage increases to 1d6 when you reach Ranger level 11.	Możesz wzmocnić swoje ataki bronią magią raniącą umysł, zaczerpniętą z mrocznych głębin Feywild. Gdy trafisz istotę bronią, możesz zadać jej dodatkowe 1k4 obrażeń psychicznych; cel może otrzymać te dodatkowe obrażenia tylko raz na turę. Dodatkowe obrażenia wzrastają do 1k6, gdy osiągniesz 11. poziom Łowcy.
feywild	hf21fda8cg4f60g9873gab75g019ed5359331	Eladrin are elves of the Feywild, a realm of perilous beauty and boundless magic. Using that magic, eladrin can step from one place to another in the blink of an eye, and each eladrin resonates with emotions captured in the Feywild in the form of seasons—affinities that affect the eladrin’s mood and appearance. An eladrin’s season can change, though some remain in one season forever. Choose your season or roll on the Eladrin Seasons table. Your Trance trait lets you change your season.\n\nLike other elves, eladrin can live to be over 750 years old.	Eladriny to elfy z Feywild — krainy niebezpiecznego piękna i bezkresnej magii. Dzięki tej magii eladrin może w mgnieniu oka przemieścić się z miejsca na miejsce. Każdy eladrin współbrzmi też z emocjami zaklętymi w Feywild pod postacią pór roku; powinowactwo to wpływa na jego nastrój i wygląd. Pora roku eladrina może się zmieniać, choć niektóre eladriny pozostają przy jednej na zawsze. Wybierz swoją porę roku albo wykonaj rzut zgodnie z tabelą Pory roku eladrinów. Cecha Trans pozwala ci zmieniać swoją porę roku.\n\nPodobnie jak inne elfy, eladriny mogą żyć ponad 750 lat.
eladrin	h287cfbfeg028cgfb00g3888gc26915b76c24	Eladrin	Eladrin
eladrin	h58d4c6cbge08eg237fg438cgb11c4ecc42dd	Eladrin	Eladrin
eladrin	h623638f6g1485g2672g2bfcg30f7140b3b47	Eladrin are elves of the Feywild, a realm of perilous beauty and boundless magic. Using that magic, eladrin can step from one place to another in the blink of an eye, and each eladrin resonates with emotions captured in the Feywild in the form of seasons—affinities that affect the eladrin’s mood and appearance. An eladrin’s season can change, though some remain in one season forever. Choose your season or roll on the Eladrin Seasons table. Your Trance trait lets you change your season.\n\nLike other elves, eladrin can live to be over 750 years old.	Eladriny to elfy z Feywild — krainy niebezpiecznego piękna i bezkresnej magii. Dzięki tej magii eladrin może w mgnieniu oka przemieścić się z miejsca na miejsce. Każdy eladrin współbrzmi też z emocjami zaklętymi w Feywild pod postacią pór roku; powinowactwo to wpływa na jego nastrój i wygląd. Pora roku eladrina może się zmieniać, choć niektóre eladriny pozostają przy jednej na zawsze. Wybierz swoją porę roku albo wykonaj rzut zgodnie z tabelą Pory roku eladrinów. Cecha Trans pozwala ci zmieniać swoją porę roku.\n\nPodobnie jak inne elfy, eladriny mogą żyć ponad 750 lat.
eladrin	h6dd099beg03a7ga0aeg02e2gf58c867f0877	Eladrin are elves of the Feywild, a realm of perilous beauty and boundless magic. Using that magic, eladrin can step from one place to another in the blink of an eye, and each eladrin resonates with emotions captured in the Feywild in the form of seasons—affinities that affect the eladrin’s mood and appearance. An eladrin’s season can change, though some remain in one season forever. Choose your season or roll on the Eladrin Seasons table. Your Trance trait lets you change your season.	Eladriny to elfy z Feywild — krainy niebezpiecznego piękna i bezkresnej magii. Dzięki tej magii eladrin może w mgnieniu oka przemieścić się z miejsca na miejsce. Każdy eladrin współbrzmi też z emocjami zaklętymi w Feywild pod postacią pór roku; powinowactwo to wpływa na jego nastrój i wygląd. Pora roku eladrina może się zmieniać, choć niektóre eladriny pozostają przy jednej na zawsze. Wybierz swoją porę roku albo wykonaj rzut zgodnie z tabelą Pory roku eladrinów. Cecha Trans pozwala ci zmieniać swoją porę roku.
eladrin	h776cf198gb898g803bg64d1gcb1e15218f5e	Eladrin are elves of the Feywild, a realm of perilous beauty and boundless magic. Using that magic, eladrin can step from one place to another in the blink of an eye, and each eladrin resonates with emotions captured in the Feywild in the form of seasons—affinities that affect the eladrin’s mood and appearance. An eladrin’s season can change, though some remain in one season forever. Choose your season or roll on the Eladrin Seasons table. Your Trance trait lets you change your season.	Eladriny to elfy z Feywild — krainy niebezpiecznego piękna i bezkresnej magii. Dzięki tej magii eladrin może w mgnieniu oka przemieścić się z miejsca na miejsce. Każdy eladrin współbrzmi też z emocjami zaklętymi w Feywild pod postacią pór roku; powinowactwo to wpływa na jego nastrój i wygląd. Pora roku eladrina może się zmieniać, choć niektóre eladriny pozostają przy jednej na zawsze. Wybierz swoją porę roku albo wykonaj rzut zgodnie z tabelą Pory roku eladrinów. Cecha Trans pozwala ci zmieniać swoją porę roku.
eladrin	ha24097bdgd8ffgd254g21f7gd89a7e5394d9	Eladrin	Eladrin
eladrin	hf21fda8cg4f60g9873gab75g019ed5359331	Eladrin are elves of the Feywild, a realm of perilous beauty and boundless magic. Using that magic, eladrin can step from one place to another in the blink of an eye, and each eladrin resonates with emotions captured in the Feywild in the form of seasons—affinities that affect the eladrin’s mood and appearance. An eladrin’s season can change, though some remain in one season forever. Choose your season or roll on the Eladrin Seasons table. Your Trance trait lets you change your season.\n\nLike other elves, eladrin can live to be over 750 years old.	Eladriny to elfy z Feywild — krainy niebezpiecznego piękna i bezkresnej magii. Dzięki tej magii eladrin może w mgnieniu oka przemieścić się z miejsca na miejsce. Każdy eladrin współbrzmi też z emocjami zaklętymi w Feywild pod postacią pór roku; powinowactwo to wpływa na jego nastrój i wygląd. Pora roku eladrina może się zmieniać, choć niektóre eladriny pozostają przy jednej na zawsze. Wybierz swoją porę roku albo wykonaj rzut zgodnie z tabelą Pory roku eladrinów. Cecha Trans pozwala ci zmieniać swoją porę roku.\n\nPodobnie jak inne elfy, eladriny mogą żyć ponad 750 lat.
eladrin	hff4bd039g807cgadb1gbbfdg1775c0eb9c40	Eladrin	Eladrin
kalashtar	h0a563e02g95f0gd9e3g039ag98f3b4346158	Kalashtar	Kalashtar
kalashtar	h0bb6e377geac3g99bdg6ae0gdd2ba3ffc657	Kalashtar (pronounced kal-ASH-tar) are created from the union of humanity and renegade spirits called quori from the plane of dreams. Kalashtar appear human, but their spiritual connection affects them in a variety of ways. They have symmetrical, slightly angular features, and their eyes often glow when they are concentrating or expressing strong emotions.	Kalashtar (wymawiane kal-ASZ-tar) powstali z połączenia ludzi i zbuntowanych duchów zwanych quori ze sfery snów. Kalashtar wyglądają jak ludzie, ale ich duchowa więź wpływa na nich na różne sposoby. Mają symetryczne, lekko kanciaste rysy, a ich oczy często jaśnieją, gdy się koncentrują albo przeżywają silne emocje.
kalashtar	h7272c6b6gd59fg3f4dg8d02g45a02e4928d6	Kalashtar (pronounced kal-ASH-tar) are created from the union of humanity and renegade spirits called quori from the plane of dreams. Kalashtar appear human, but their spiritual connection affects them in a variety of ways. They have symmetrical, slightly angular features, and their eyes often glow when they are concentrating or expressing strong emotions.\n\nKalashtar can’t communicate directly with their quori spirits. Rather, kalashtar might experience them as a source of instinct and inspiration, drawing on the spirits’ memories when the kalashtar sleep. This connection grants kalashtar minor psionic abilities, as well as protection from psionic attacks.	Kalashtar (wymawiane kal-ASZ-tar) powstali z połączenia ludzi i zbuntowanych duchów zwanych quori ze sfery snów. Kalashtar wyglądają jak ludzie, ale ich duchowa więź wpływa na nich na różne sposoby. Mają symetryczne, lekko kanciaste rysy, a ich oczy często jaśnieją, gdy się koncentrują albo przeżywają silne emocje.\n\nKalashtar nie mogą komunikować się bezpośrednio ze swoimi duchami quori. Zamiast tego mogą doświadczać ich jako źródła instynktu i natchnienia, czerpiąc ze wspomnień duchów, gdy śpią. To połączenie daje Kalashtar drobne zdolności psioniczne, a także ochronę przed atakami psionicznymi.
kalashtar	h877ab541g5ce7g7a78g2577g02cab9025520	Kalashtar	Kalashtar
kalashtar	ha860cb95g7c9ag10c1g85f5gc9e5b708f2a5	Kalashtar	Kalashtar
kalashtar	hbccdb504gf83fgad58g2d25g913047122f49	Kalashtar (pronounced kal-ASH-tar) are created from the union of humanity and renegade spirits called quori from the plane of dreams. Kalashtar appear human, but their spiritual connection affects them in a variety of ways. They have symmetrical, slightly angular features, and their eyes often glow when they are concentrating or expressing strong emotions.	Kalashtar (wymawiane kal-ASZ-tar) powstali z połączenia ludzi i zbuntowanych duchów zwanych quori ze sfery snów. Kalashtar wyglądają jak ludzie, ale ich duchowa więź wpływa na nich na różne sposoby. Mają symetryczne, lekko kanciaste rysy, a ich oczy często jaśnieją, gdy się koncentrują albo przeżywają silne emocje.
kalashtar	hd180b5fege06agd03ag32b2g4030476ac579	Kalashtar (pronounced kal-ASH-tar) are created from the union of humanity and renegade spirits called quori from the plane of dreams. Kalashtar appear human, but their spiritual connection affects them in a variety of ways. They have symmetrical, slightly angular features, and their eyes often glow when they are concentrating or expressing strong emotions.\n\nKalashtar can’t communicate directly with their quori spirits. Rather, kalashtar might experience them as a source of instinct and inspiration, drawing on the spirits’ memories when the kalashtar sleep. This connection grants kalashtar minor psionic abilities, as well as protection from psionic attacks.	Kalashtar (wymawiane kal-ASZ-tar) powstali z połączenia ludzi i zbuntowanych duchów zwanych quori ze sfery snów. Kalashtar wyglądają jak ludzie, ale ich duchowa więź wpływa na nich na różne sposoby. Mają symetryczne, lekko kanciaste rysy, a ich oczy często jaśnieją, gdy się koncentrują albo przeżywają silne emocje.\n\nKalashtar nie mogą komunikować się bezpośrednio ze swoimi duchami quori. Zamiast tego mogą doświadczać ich jako źródła instynktu i natchnienia, czerpiąc ze wspomnień duchów, gdy śpią. To połączenie daje Kalashtar drobne zdolności psioniczne, a także ochronę przed atakami psionicznymi.
kalashtar	hfa61106eg95adg47fbg8362gcbea543e7ea6	Kalashtar	Kalashtar
adept	h1d7e7829g98bcg7ec8g37bbg4e4af1943eb8	Ritual Adept	Adept rytuałów
adept	h35050c0eg78deg45e0g4f6fg8c9ef353a3a9	Eldritch Adept	Mistyczny adept
adept	h4998c762g7d6egdfc2g2fd6gdf770ccc5c4d	Metamagic Adept	Adept metamagii
adept	h566e69efg081cg4f88g70abg51276f90b3b7	Level 2: Ritual Adept	Poziom 2: Adept rytuałów
adept	h9de5f3bdgd036g8fc7gc000g9f162c3acfc6	Feat: Spellfire Adept	Atut: Adept magicznego ognia
adept	he27e1f66g8aceg44b2gecc9g07a86e98de57	Spellfire Adept	Adept magicznego ognia
adept	hf3cb4188g698ag0e09ge5b7g7087f12e55e8	Feat: Martial Adept	Atut: Adept sztuk walki
bastion	h0760afc2g8dcegf074g4f57g884f001c7d9e	Level 6: Bastion of Law	Poziom 6: Bastion prawa
bastion	h40769efdg15a5g05b0ga0cfgfc303873f1b3	Bastion of Law: 5	Bastion prawa: 5
bastion	h6b29df7eg3f06gf064ge8b2g8615908c2d76	Bastion of Law: 1	Bastion prawa: 1
bastion	hbec0cb5dg9b75ga185g2c1dgfaf65e5abe35	Bastion of Law: 3	Bastion prawa: 3
bastion	hc2662321g26c1g22a8g5c8aga0faf465d71b	Bastion of Law: 2	Bastion prawa: 2
bastion	hd7bd558fg31f6g5181g4f70g8d12f9f3ec62	Bastion of Law: 4	Bastion prawa: 4
bastion	hf99f0430gcf80g65cag1938ge75ef3c48bfe	Bastion of Law	Bastion prawa
faerie	h115b8b53g622bg479ag9fd7g14390d34dc89	Magic Initiate: Faerie Fire	Wtajemniczony: Blask faerie
faerie	h434df1f3gdadag1149g4c36g6bfc2c7a1bec	"When you reach certain Cleric levels, you always have the following spells prepared: Faerie Fire, Sleep, Moonbeam, and See Invisibility at level 3; Aura of Vitality and Void Strike at level 5; Freedom of Movement and <LSTag Type=""Spell"" Tooltip=""Target_Invisibility_Greater"">Greater Invisibility</LSTag> at level 7; and Circle of Power and Dawn at level 9. These spells don't count against the number of spells you can prepare."	"Po osiągnięciu określonych poziomów kleryka zawsze masz przygotowane następujące czary: na 3. poziomie — Blask faerie, Uśpienie, Księżycowy promień i Widzenie niewidzialnego; na 5. poziomie — Aura witalności i Uderzenie pustki; na 7. poziomie — Swoboda poruszania się i <LSTag Type=""Spell"" Tooltip=""Target_Invisibility_Greater"">Większa niewidzialność</LSTag>; a na 9. poziomie — Krąg mocy i Świt. Czary te nie wliczają się do liczby czarów, które możesz przygotować."
faerie	h74437106g3801g4e49gb67bge87de1f118c5	Scroll of Faerie Fire	Zwój blasku faerie
faerie	hd7701b33g6b2fg2417gbd20g2eb61af61f00	"The magic of your patron ensures that you always have certain spells ready. Upon reaching specific Warlock levels, you gain additional spells as shown in the Archfey Spells table, and you always have those spells prepared thereafter. \n\nAt 3rd level, you gain Calm Emotions, Faerie Fire, Misty Step, Phantasmal Force, and Sleep. At 5th level, you gain Blink and Plant Growth. At 7th level, you gain Dominate Beast and <LSTag Type=""Spell"" Tooltip=""Target_Invisibility_Greater"">Greater Invisibility</LSTag>. At 9th level, you gain Dominate Person and Seeming."	"Magia twojego patrona sprawia, że zawsze masz przygotowane określone czary. Na wskazanych poziomach czarownika zyskujesz dodatkowe czary zgodnie z tabelą Czarów Arcyfey; od tej chwili są one dla ciebie zawsze przygotowane.\n\nNa 3. poziomie zyskujesz Wyciszenie emocji, Blask faerie, Krok przez mgłę, Urojoną siłę i Uśpienie. Na 5. poziomie zyskujesz Mignięcie i Rozrost roślin. Na 7. poziomie zyskujesz Dominację nad bestią oraz <LSTag Type=""Spell"" Tooltip=""Target_Invisibility_Greater"">Większą niewidzialność</LSTag>. Na 9. poziomie zyskujesz Dominację nad osobą i Pozory."
faerie	hfc73e10fg17e9g9f07gc85fg541d0d54d67b	"Once per turn, you can encase a target in <LSTag Type=""Status"" Tooltip=""FAERIE_FIRE"">Faerie Fire</LSTag> for [1] turns if you miss an attack against it."	"Raz na turę, gdy chybisz atakiem przeciwko celowi, możesz na [1] tur otoczyć go <LSTag Type=""Status"" Tooltip=""FAERIE_FIRE"">Blaskiem faerie</LSTag>."
faerie	hffc26135gf1a3g4a40ga837gc93edb478e30	Magic Initiate: Faerie Fire	Wtajemniczony: Blask faerie
shadar-kai	h08121305g3bafgf931g892bga7643105c0e6	Shadar-kai are the elves of the Shadowfell, originally drawn to that dread realm by the Raven Queen. Over the centuries, some of them have continued to serve her, while others have ventured into the Material Plane to forge their own destinies.	Shadar-kai to elfy ze Sfery Cieni, pierwotnie przyciągnięte do tej budzącej grozę krainy przez Królową Kruków. Przez stulecia część z nich nadal jej służyła, inni zaś wyruszyli do Sfery Materialnej, aby wykuć własny los.
shadar-kai	h20d64b0eg7b2agba83g768eg034f36f19ad9	Shadar-kai	Shadar-kai
shadar-kai	h446ae020gdccdg2b5bgde5ag55622edba1a8	Shadar-kai are the elves of the Shadowfell, originally drawn to that dread realm by the Raven Queen. Over the centuries, some of them have continued to serve her, while others have ventured into the Material Plane to forge their own destinies.\n\nOnce shadar-kai were Fey like the rest of their elven kin; now they exist in a state between life and death, thanks to being transformed by the Shadowfell’s grim energy.\n\nShadar-kai have ashen skin tones, and while they’re in the Shadowfell, they also become wizened, reflecting the somber nature of that gloomy plane.\n\nLike other elves, shadar-kai can live to be over 750 years old.	Shadar-kai to elfy ze Sfery Cieni, pierwotnie przyciągnięte do tej budzącej grozę krainy przez Królową Kruków. Przez stulecia część z nich nadal jej służyła, inni zaś wyruszyli do Sfery Materialnej, aby wykuć własny los.\n\nNiegdyś shadar-kai byli istotami fey, podobnie jak pozostali elfi pobratymcy. Dziś, odmienieni przez ponurą energię Sfery Cieni, trwają na pograniczu życia i śmierci.\n\nShadar-kai mają skórę w odcieniach popiołu, a podczas pobytu w Sferze Cieni stają się wysuszeni i pomarszczeni, odzwierciedlając posępny charakter tej mrocznej sfery.\n\nPodobnie jak inne elfy, shadar-kai mogą żyć ponad 750 lat.
shadar-kai	h84ef52e7gf3a5gf5e8g24a0g6b3f04519e4b	Shadar-kai	Shadar-kai
shadar-kai	hae52b795gd7a8gaf4fg82deg89900f2668fe	Shadar-kai are the elves of the Shadowfell, originally drawn to that dread realm by the Raven Queen. Over the centuries, some of them have continued to serve her, while others have ventured into the Material Plane to forge their own destinies.	Shadar-kai to elfy ze Sfery Cieni, pierwotnie przyciągnięte do tej budzącej grozę krainy przez Królową Kruków. Przez stulecia część z nich nadal jej służyła, inni zaś wyruszyli do Sfery Materialnej, aby wykuć własny los.
shadar-kai	hf18a93cfg2936gc7bagafbcg0a4234767285	Shadar-kai	Shadar-kai
infiltrator	h3757893egada1gdcfdgf81egfaecbf54b4e4	You can customize your Arcane Armor. When you do so, choose one of the following armor models: Dreadnaught, Guardian, or Infiltrator. The model you choose gives you special benefits while you wear it.\n\nEach model includes a special weapon. When you attack with that weapon, you can add your Intelligence modifier, instead of your Strength or Dexterity modifier, to the attack and damage rolls.	Możesz dostosować swoją magiczną zbroję. Wybierz jeden z następujących modeli: Drednot, Strażnik albo Infiltrator. Wybrany model zapewnia ci szczególne korzyści, gdy nosisz tę zbroję.\n\nKażdy model obejmuje specjalną broń. Gdy nią atakujesz, możesz używać modyfikatora Inteligencji zamiast modyfikatora Siły lub Zręczności w testach ataku i rzutach obrażeń.
infiltrator	h9a58f47cgb03cg53ddg2bdfgba12dcd9a2e5	Infiltrator	Infiltrator
infiltrator	hcc906553g972bg8298gd9cfga6a42e0fdb7c	You can customize your Arcane Armor. When you do so, choose one of the following armor models: Dreadnaught, Guardian, or Infiltrator. The model you choose gives you special benefits while you wear it. Each model includes a special weapon. When you attack with that weapon, you can add your Intelligence modifier, instead of your Strength or Dexterity modifier, to the attack and damage rolls.	Możesz dostosować swoją magiczną zbroję. Wybierz jeden z następujących modeli: Drednot, Strażnik albo Infiltrator. Wybrany model zapewnia ci szczególne korzyści, gdy nosisz tę zbroję.\n\nKażdy model obejmuje specjalną broń. Gdy nią atakujesz, możesz używać modyfikatora Inteligencji zamiast modyfikatora Siły lub Zręczności w testach ataku i rzutach obrażeń.
infiltrator	heba7c958g5e2egaf60gaed7g5b1af3b11e89	Infiltrator	Infiltrator
infiltrator	hf03822e2g7af0g67edg9165g36461a798fbc	Your Arcane Armor gains additional benefits based on its model, as detailed below.\n\nDreadnaught. The damage die of your Force Demolisher increases to 2d6 Force damage. In addition, your reach increases by 10 feet.\n\nGuardian. The damage die of your Thunder Pulse increases to 1d10 Thunder damage. In addition, whenever a creature you can see moves to within 5 feet of you, you can make an opportunity attack against it.\n\nInfiltrator. The damage die of your Lightning Launcher increases to 2d6 Lightning damage. Any creature that takes Lightning damage from your Lightning Launcher become Shocked.	Twoja magiczna zbroja zyskuje dodatkowe korzyści zależne od modelu.\n\nDrednot. Kość obrażeń Siłowego niszczyciela zwiększa się do 2k6 obrażeń od mocy, a twój zasięg zwiększa się o 3 m.\n\nStrażnik. Kość obrażeń Gromowego impulsu zwiększa się do 1k10 obrażeń od dźwięku. Ponadto za każdym razem, gdy widoczna istota zbliży się na odległość 1,5 m od ciebie, możesz wykonać przeciwko niej atak okazyjny.\n\nInfiltrator. Kość obrażeń Wyrzutni błyskawic zwiększa się do 2k6 obrażeń od elektryczności. Każda istota, która otrzyma od niej obrażenia od elektryczności, zostaje porażona.
gruumsh	h1536d1d3ge2e9ge28dg516eg94798f8d7ebe	Orcs trace their creation to Gruumsh, a powerful god who roamed the wide open spaces of the Material Plane. Gruumsh equipped his children with gifts to help them wander great plains, vast caverns, and churning seas and to face the monsters that lurk there. Even when they turn their devotion to other gods, orcs retain Gruumsh’s gifts: endurance, determination, and the ability to see in darkness.\n\nOrcs are, on average, tall and broad. They have gray skin, ears that are sharply pointed, and prominent lower canines that resemble small tusks. Orc youths on some worlds are told about their ancestors’ great travels and travails. Inspired by those tales, many of those orcs wonder when Gruumsh will call on them to match the heroic deeds of old and if they will prove worthy of his favor. Other orcs are happy to leave old tales in the past and find their own way.	Orkowie wywodzą swoje stworzenie od Gruumsha, potężnego boga, który przemierzał rozległe przestrzenie Sfery materialnej. Gruumsh obdarzył swoje dzieci darami, które miały im pomóc w wędrówkach po rozległych równinach, głębokich jaskiniach i wzburzonych morzach oraz w starciach z czyhającymi tam potworami. Nawet gdy poświęcają się innym bogom, orkowie zachowują dary Gruumsha: wytrzymałość, determinację i zdolność widzenia w ciemności.\n\nOrkowie są na ogół wysocy i dobrze zbudowani. Mają szarą skórę, ostro zakończone uszy i wystające dolne kły przypominające małe kły dzików. W niektórych światach młodzi orkowie słyszą opowieści o wielkich wędrówkach i trudach swoich przodków. Zainspirowani tymi historiami, wielu z nich zastanawia się, kiedy Gruumsh wezwie ich do dorównania bohaterskim czynom przeszłości i czy okażą się godni jego łaski. Inni orkowie chętnie pozostawiają stare opowieści w przeszłości i szukają własnej drogi.
gruumsh	h449084fbgb69ag0519ge52dg161d6d97eae4	Orcs trace their creation to Gruumsh, a powerful god who roamed the wide open spaces of the Material Plane. Gruumsh equipped his children with gifts to help them wander great plains, vast caverns, and churning seas and to face the monsters that lurk there. Even when they turn their devotion to other gods, orcs retain Gruumsh’s gifts: endurance, determination, and the ability to see in darkness.\n	Orkowie wierzą, że stworzył ich Gruumsh, potężny bóg, który przemierzał rozległe przestrzenie Sfery Materialnej. Gruumsh obdarzył swoje dzieci darami, które pomagają im przemierzać wielkie równiny, rozległe jaskinie i wzburzone morza oraz stawiać czoła czającym się tam potworom. Nawet gdy zaczynają czcić innych bogów, orkowie zachowują dary Gruumsha: wytrzymałość, determinację i zdolność widzenia w ciemności.
gruumsh	h498af51ag51c8geb62g0208g43489e7a4c7c	Orcs trace their creation to Gruumsh, a powerful god who roamed the wide open spaces of the Material Plane. Gruumsh equipped his children with gifts to help them wander great plains, vast caverns, and churning seas and to face the monsters that lurk there. Even when they turn their devotion to other gods, orcs retain Gruumsh’s gifts: endurance, determination, and the ability to see in darkness.\n\nOrcs are, on average, tall and broad. They have gray skin, ears that are sharply pointed, and prominent lower canines that resemble small tusks. Orc youths on some worlds are told about their ancestors’ great travels and travails. Inspired by those tales, many of those orcs wonder when Gruumsh will call on them to match the heroic deeds of old and if they will prove worthy of his favor. Other orcs are happy to leave old tales in the past and find their own way.	Orkowie wywodzą swoje stworzenie od Gruumsha, potężnego boga, który przemierzał rozległe przestrzenie Sfery materialnej. Gruumsh obdarzył swoje dzieci darami, które miały im pomóc w wędrówkach po rozległych równinach, głębokich jaskiniach i wzburzonych morzach oraz w starciach z czyhającymi tam potworami. Nawet gdy poświęcają się innym bogom, orkowie zachowują dary Gruumsha: wytrzymałość, determinację i zdolność widzenia w ciemności.\n\nOrkowie są na ogół wysocy i dobrze zbudowani. Mają szarą skórę, ostro zakończone uszy i wystające dolne kły przypominające małe kły dzików. W niektórych światach młodzi orkowie słyszą opowieści o wielkich wędrówkach i trudach swoich przodków. Zainspirowani tymi historiami, wielu z nich zastanawia się, kiedy Gruumsh wezwie ich do dorównania bohaterskim czynom przeszłości i czy okażą się godni jego łaski. Inni orkowie chętnie pozostawiają stare opowieści w przeszłości i szukają własnej drogi.
gruumsh	hefd844a2gf6d5g1299g89e1ge8acaed81bb9	Orcs trace their creation to Gruumsh, a powerful god who roamed the wide open spaces of the Material Plane. Gruumsh equipped his children with gifts to help them wander great plains, vast caverns, and churning seas and to face the monsters that lurk there. Even when they turn their devotion to other gods, orcs retain Gruumsh’s gifts: endurance, determination, and the ability to see in darkness.	Orkowie wierzą, że stworzył ich Gruumsh, potężny bóg, który przemierzał rozległe przestrzenie Sfery Materialnej. Gruumsh obdarzył swoje dzieci darami, które pomagają im przemierzać wielkie równiny, rozległe jaskinie i wzburzone morza oraz stawiać czoła czającym się tam potworom. Nawet gdy zaczynają czcić innych bogów, orkowie zachowują dary Gruumsha: wytrzymałość, determinację i zdolność widzenia w ciemności.
quori	h0bb6e377geac3g99bdg6ae0gdd2ba3ffc657	Kalashtar (pronounced kal-ASH-tar) are created from the union of humanity and renegade spirits called quori from the plane of dreams. Kalashtar appear human, but their spiritual connection affects them in a variety of ways. They have symmetrical, slightly angular features, and their eyes often glow when they are concentrating or expressing strong emotions.	Kalashtar (wymawiane kal-ASZ-tar) powstali z połączenia ludzi i zbuntowanych duchów zwanych quori ze sfery snów. Kalashtar wyglądają jak ludzie, ale ich duchowa więź wpływa na nich na różne sposoby. Mają symetryczne, lekko kanciaste rysy, a ich oczy często jaśnieją, gdy się koncentrują albo przeżywają silne emocje.
quori	h7272c6b6gd59fg3f4dg8d02g45a02e4928d6	Kalashtar (pronounced kal-ASH-tar) are created from the union of humanity and renegade spirits called quori from the plane of dreams. Kalashtar appear human, but their spiritual connection affects them in a variety of ways. They have symmetrical, slightly angular features, and their eyes often glow when they are concentrating or expressing strong emotions.\n\nKalashtar can’t communicate directly with their quori spirits. Rather, kalashtar might experience them as a source of instinct and inspiration, drawing on the spirits’ memories when the kalashtar sleep. This connection grants kalashtar minor psionic abilities, as well as protection from psionic attacks.	Kalashtar (wymawiane kal-ASZ-tar) powstali z połączenia ludzi i zbuntowanych duchów zwanych quori ze sfery snów. Kalashtar wyglądają jak ludzie, ale ich duchowa więź wpływa na nich na różne sposoby. Mają symetryczne, lekko kanciaste rysy, a ich oczy często jaśnieją, gdy się koncentrują albo przeżywają silne emocje.\n\nKalashtar nie mogą komunikować się bezpośrednio ze swoimi duchami quori. Zamiast tego mogą doświadczać ich jako źródła instynktu i natchnienia, czerpiąc ze wspomnień duchów, gdy śpią. To połączenie daje Kalashtar drobne zdolności psioniczne, a także ochronę przed atakami psionicznymi.
quori	hbccdb504gf83fgad58g2d25g913047122f49	Kalashtar (pronounced kal-ASH-tar) are created from the union of humanity and renegade spirits called quori from the plane of dreams. Kalashtar appear human, but their spiritual connection affects them in a variety of ways. They have symmetrical, slightly angular features, and their eyes often glow when they are concentrating or expressing strong emotions.	Kalashtar (wymawiane kal-ASZ-tar) powstali z połączenia ludzi i zbuntowanych duchów zwanych quori ze sfery snów. Kalashtar wyglądają jak ludzie, ale ich duchowa więź wpływa na nich na różne sposoby. Mają symetryczne, lekko kanciaste rysy, a ich oczy często jaśnieją, gdy się koncentrują albo przeżywają silne emocje.
quori	hd180b5fege06agd03ag32b2g4030476ac579	Kalashtar (pronounced kal-ASH-tar) are created from the union of humanity and renegade spirits called quori from the plane of dreams. Kalashtar appear human, but their spiritual connection affects them in a variety of ways. They have symmetrical, slightly angular features, and their eyes often glow when they are concentrating or expressing strong emotions.\n\nKalashtar can’t communicate directly with their quori spirits. Rather, kalashtar might experience them as a source of instinct and inspiration, drawing on the spirits’ memories when the kalashtar sleep. This connection grants kalashtar minor psionic abilities, as well as protection from psionic attacks.	Kalashtar (wymawiane kal-ASZ-tar) powstali z połączenia ludzi i zbuntowanych duchów zwanych quori ze sfery snów. Kalashtar wyglądają jak ludzie, ale ich duchowa więź wpływa na nich na różne sposoby. Mają symetryczne, lekko kanciaste rysy, a ich oczy często jaśnieją, gdy się koncentrują albo przeżywają silne emocje.\n\nKalashtar nie mogą komunikować się bezpośrednio ze swoimi duchami quori. Zamiast tego mogą doświadczać ich jako źródła instynktu i natchnienia, czerpiąc ze wspomnień duchów, gdy śpią. To połączenie daje Kalashtar drobne zdolności psioniczne, a także ochronę przed atakami psionicznymi.
agathys	h13714915ge8a8g4f94g810egd8c9ba002446	Scroll of Armor of Agathys	Zwój zbroi Agathys
agathys	h92a5d377g3049gaa2fg5da1g1684fd0e0522	Rune Magic: Armor of Agathys	Magia runiczna: Zbroja Agathys
agathys	hbf3f7449g1ed3gab0dgc670g9f81ada8e42a	Paladins who swear the Oath of Conquest gain access to Armor of Agathys and Command at 3rd level, Hold Person and Spiritual Weapon at 5th level, and Bestow Curse and Fear at 9th level.	Paladyni, którzy złożą Przysięgę Podboju, uzyskują dostęp do Zbroi Agathys i Dowództwa na 3. poziomie, Utrzymywania Osoby i Broni Duchowej na 5. poziomie oraz Obdarzania Klątwą i Strachem na 9. poziomie.
etharis	h0869d35bg1af1g491egad72g2bce5ad0bb7c	Monster Hunters are skilled professionals, specializing in identifying, tracking, and slaying monsters that threaten the lives and the livelihoods of the people of Etharis.\n\nEach Monster Hunter trains in a different method for these tasks. Some hunters don heavy armor and carry shields to protect against crushing jaws and scything claws, others deploy cunning traps to keep a safe distance from the horrors they hunt, some assume the traits and powers of their enemies to better slay them, and others dabble in magic to supplement martial prowess with arcane wrath.	Łowcy potworów to wykwalifikowani profesjonaliści, specjalizujący się w identyfikowaniu, tropieniu i zabijaniu potworów, które zagrażają życiu i źródłom utrzymania mieszkańców Etharis.\n\nKażdy Łowca Potworów trenuje do tych zadań inną metodą. Niektórzy łowcy noszą ciężkie zbroje i tarcze chroniące przed miażdżącymi szczękami i ostrymi pazurami, inni rozstawiają sprytne pułapki, aby zachować bezpieczną odległość od potworów, na które polują, niektórzy przejmują cechy i moce swoich wrogów, aby lepiej ich zabić, a jeszcze inni parają się magią, aby uzupełnić waleczność tajemnym gniewem.
etharis	ha52e0ea7g613bg7d1egefc0gbcb5735e1445	In Etharis, there are those who fear magic, and those who seek to understand it. Monster Hunters from the Occultist Guild know folk from both sides are equally dangerous. An Occultist investigates the arcane, the supernatural, and the uncanny, while avoiding the influence of superstition or ideology. Despite their reputation as mage hunters, Occultists don’t burn their enemies at the stake—Occultists put them to the sword, as that’s what swords are for. Knowledge and magic give Occultists an edge over their mystical adversaries. Their spells are used to detect and defend against dangerous arcana, and, above all, magic is used to destroy monsters that can’t be harmed by steel.	W Etharis są ci, którzy boją się magii i tacy, którzy chcą ją zrozumieć. Łowcy Potworów z Gildii Okultystów wiedzą, że ludzie z obu stron są równie niebezpieczni. Okultysta bada tajemnice, zjawiska nadprzyrodzone i niesamowite, unikając jednocześnie wpływu przesądów i ideologii. Pomimo swojej reputacji łowców magów, okultyści nie palą swoich wrogów na stosie – okultyści zabijają ich mieczem, bo po to właśnie są miecze. Wiedza i magia dają okultystom przewagę nad mistycznymi przeciwnikami. Ich czary służą do wykrywania i obrony przed niebezpiecznymi arkanami, a przede wszystkim magia służy do niszczenia potworów, których stal nie może zranić.
etharis	hae222c4fga6fbgac62g739fg68a9d81a56c3	Folk in Etharis don’t always speak highly of Monster Hunters, and many consider them to be just as depraved and inhuman as the evils they vanquish. Many of the appalling tales about Monster Hunters can be attributed, directly or indirectly, to the Devourer Guild, who are accused of being monstrous cannibals.\n\nThe truth is barely any better. Devourers have spent their days consuming the flesh and blood of the monsters they slay, and, over time, their metabolism has changed to tolerate this disgusting practice. Devourers adopt mutations shortly after consuming their prey.	Mieszkańcy Etharis nie zawsze dobrze wypowiadają się o Łowcach Potworów, a wielu uważa ich za równie zdeprawowanych i nieludzkich, jak zło, które pokonują. Wiele przerażających opowieści o Łowcach Potworów można przypisać, bezpośrednio lub pośrednio, Gildii Pożeraczy, oskarżanej o bycie potwornymi kanibalami.\n\nPrawda jest niewiele lepsza. Pożeracze spędzają całe dnie na spożywaniu mięsa i krwi zabijanych przez siebie potworów, a z biegiem czasu ich metabolizm zmienił się, aby tolerować tę obrzydliwą praktykę. Pożeracze przyjmują mutacje wkrótce po pożarciu ofiary.
list	h7fd3e98dg8cddgd47cg0aeag9f03355feaaa	Two Cantrips. You learn two cantrips of your choice from the Cleric, Druid, or Wizard spell lists. When you select this feat, choose Intelligence, Wisdom, or Charisma as your spellcasting ability for these spells.\n\nLevel 1 Spell. Choose one 1st-level spell from the same list you selected for your cantrips. You always have this spell prepared, and you gain one 1st-level spell slot to cast it.	Dwie sztuczki. Uczysz się dwóch wybranych sztuczek z list czarów kleryka, druida albo maga. Gdy wybierasz ten atut, wybierz Inteligencję, Mądrość albo Charyzmę jako cechę bazową rzucania tych czarów.\n\nCzar 1. poziomu. Wybierz jeden czar 1. poziomu z tej samej listy co sztuczki. Zawsze masz ten czar przygotowany i zyskujesz jedną komórkę czaru 1. poziomu, którą możesz zużyć, aby go rzucić.
list	ha4715411g6f47gaa79ge8b7gb92d8781f1b0	You learn two spells of your choice. These spells can come from the Cleric, Druid, or Wizard spell list or any combination thereof.	Uczysz się dwóch wybranych czarów. Mogą one pochodzić z list czarów kleryka, druida i maga w dowolnym połączeniu.
list	hd5715a4dge184g890agee7ag4f904fb90c6b	You’ve learned secrets from various magical traditions. Whenever you reach a Bard level (including this level) and the Prepared Spells number in the Bard Features table increases, you can choose any of your new prepared spells from the Bard, Cleric, Druid, and Wizard spell lists, and the chosen spells count as Bard spells for you (see a class’s section for its spell list). In addition, whenever you replace a spell prepared for this class, you can replace it with a spell from those lists.	Znasz sekrety rozmaitych tradycji magicznych. Za każdym razem, gdy osiągasz poziom barda — w tym również ten poziom — i zwiększa się wartość w kolumnie Przygotowane czary w tabeli cech barda, możesz wybrać dowolne nowe przygotowane czary z list czarów barda, kleryka, druida i maga. Wybrane czary są dla ciebie czarami barda (listę czarów każdej klasy znajdziesz w jej opisie). Ponadto za każdym razem, gdy zastępujesz czar przygotowany dla tej klasy, możesz zastąpić go czarem z jednej z tych list.
ah-sih-mar	h17794a45gbffdg8b0dg0332g414e8cee0aa7	Aasimar (pronounced AH-sih-mar) are mortals who carry a spark of the Upper Planes within their souls. Whether descended from an angelic being or infused with celestial power, they can fan that spark to bring light, healing, and heavenly fury.\n\nAasimar can arise among any population of mortals. They resemble their parents, but they live for up to 160 years and have features that hint at their celestial heritage, such as metallic freckles, luminous eyes, a halo, or the skin color of an angel (silver, opalescent green, or coppery red). These features start subtle and become obvious when the aasimar learns to reveal their full celestial nature.	Aasimar (wymawiane AH-sih-mar) to śmiertelnicy, którzy noszą w swoich duszach iskrę Wyższych Planów. Niezależnie od tego, czy pochodzą od anielskiej istoty, czy są nasyceni mocą Niebianina, potrafią rozniecić tę iskrę, aby nieść światło, uzdrawiać i wyzwalać niebiański gniew.\n\nAasimar mogą pojawić się wśród każdej populacji śmiertelników. Przypominają swoich rodziców, jednak żyją nawet do 160 lat i mają cechy zdradzające ich niebiańskie dziedzictwo, takie jak metaliczne piegi, świetliste oczy, aureolę lub kolor skóry anioła (srebrny, opalizujący zielony bądź miedzianoczerwony). Cechy te początkowo są subtelne, a stają się bardziej oczywiste, gdy aasimar nauczy się w pełni ukazywać swoją anielską naturę.
ah-sih-mar	hce976d1agab7cg7729g705eged5dfe8fa201	Aasimar (pronounced AH-sih-mar) are mortals who carry a spark of the Upper Planes within their souls. Whether descended from an angelic being or infused with celestial power, they can fan that spark to bring light, healing, and heavenly fury.\n\nAasimar can arise among any population of mortals. They resemble their parents, but they live for up to 160 years and have features that hint at their celestial heritage, such as metallic freckles, luminous eyes, a halo, or the skin color of an angel (silver, opalescent green, or coppery red). These features start subtle and become obvious when the aasimar learns to reveal their full celestial nature.	Aasimar (wymawiane AH-sih-mar) to śmiertelnicy, którzy noszą w swoich duszach iskrę Wyższych Planów. Niezależnie od tego, czy pochodzą od anielskiej istoty, czy są nasyceni mocą Niebianina, potrafią rozniecić tę iskrę, aby nieść światło, uzdrawiać i wyzwalać niebiański gniew.\n\nAasimar mogą pojawić się wśród każdej populacji śmiertelników. Przypominają swoich rodziców, jednak żyją nawet do 160 lat i mają cechy zdradzające ich niebiańskie dziedzictwo, takie jak metaliczne piegi, świetliste oczy, aureolę lub kolor skóry anioła (srebrny, opalizujący zielony bądź miedzianoczerwony). Cechy te początkowo są subtelne, a stają się bardziej oczywiste, gdy aasimar nauczy się w pełni ukazywać swoją anielską naturę.
anauroch	h0026be6dg10c9g0f95gcab2g7474991939fb	Feat: Healer\n\nThe dead magic zones of the Anauroch desert are anathema to spellcasters and monsters that rely on magic—which is exactly why you made your life there. Perhaps you’re on the run from Red Wizards, or you ran afoul of a powerful djinni in Calimshan. Whatever the case, you decided that living in Anauroch was your best option. After long months or years, you’re stronger, wiser, and armed with hard-earned knowledge of desert medicine and wasteland survival.	Atut: Uzdrowiciel\n\nStrefy martwej magii na pustyni Anauroch są przekleństwem dla czarujących i potworów zależnych od magii — właśnie dlatego Anauroch staje się twoim domem. Być może uciekasz przed Czerwonymi Magami albo popadasz w konflikt z potężnym dżinnem w Calimshanie. Niezależnie od przyczyny życie na pustyni okazuje się najlepszym wyjściem. Po wielu miesiącach lub latach masz więcej siły i mądrości oraz ciężko zdobytą wiedzę o pustynnej medycynie i przetrwaniu na pustkowiach.
anauroch	h60db9c86g6587g9b47g7ddcgd3131d7fdb99	Your innate power stems from the source of magic itself: the Weave. This connection manifests as a rare ability known as spellfire, and you surge with radiant bursts of this raw magic. Your talent with spellfire allows you to heal allies, sear enemies, and absorb powerful spells.\n\nWielders of spellfire tend to have a penchant for wandering. Many travel between cosmopolitan settlements, such as those along the Sword Coast, and wield their magic in service of the common good. Others realize their own strange powers by roaming equally strange lands, from the magic-blasted wastes of the desert of Anauroch to the god-touched wilds of the Old Empires. Wherever they go in the Realms, spellfire Sorcerers are courted by factions with interests in the arcane arts, such as the Harpers, Cult of the Dragon, and Red Wizards.	Twoja wrodzona moc pochodzi z samego źródła magii: Splotu. To połączenie objawia się jako rzadka zdolność znana jako magiczny ogień, a ty wybuchasz promiennymi erupcjami tej surowej magii. Twój talent do magicznego ognia pozwala ci leczyć sojuszników, wypalać wrogów i pochłaniać potężne czary.\n\nWładający magicznym ogniem mają skłonność do wędrówek. Wielu podróżuje między kosmopolitycznymi osadami, takimi jak te wzdłuż Wybrzeża Mieczy, i używa swojej magii w służbie dobru powszechnemu. Inni odkrywają własne dziwne moce, przemierzając równie dziwne krainy — od spustoszonych magią pustkowi pustyni Anauroch po dotknięte boskością ostępy Starych Imperiów.\nGdziekolwiek w Krainach się udadzą, zaklinacze magicznego ognia są zabiegani przez frakcje zainteresowane sztukami tajemnymi, takie jak Harfiarze, Kult Smoka i Czerwoni Magowie.
bane	h6d6ec091g6782g7736g3633g063bf2cee187	Dread Allegiance: Bane	Złowrogie oddanie: Bane
bane	h9a96305agf2f9g7267gdc69g37c278977066	Dread Allegiance: Bane	Złowrogie oddanie: Bane
bigby	h34b412e2gf24ag1cfbg4da2g84045d629db7	Bigby Presents: Glory of the Giants	Bigby przedstawia: Chwała olbrzymów
bigby	hb799a08cg25f5g214agbad7g45640c6a03d4	Bigby Presents: Glory of the Giants	Bigby przedstawia: Chwała olbrzymów
carceri	h23814ae4g55bbg25cbg61a4gcf6756b9d02f	Tieflings who have the chthonic legacy feel not only the tug of Carceri but also the greed of Gehenna and the gloom of Hades. Some of these tieflings look cadaverous. Others possess the unearthly beauty of a succubus, or they have physical features in common, with a night hag, a yugoloth, or some other Neutral Evil fiendish ancestor.	Diabelstwa o chtonicznym dziedzictwie odczuwają nie tylko zew Carceri, lecz także chciwość Gehenny i mrok Hadesu. Niektóre z nich mają trupią aparycję. Inne odznaczają się nieziemskim pięknem sukkuba albo cechami fizycznymi nocnej wiedźmy, yugolotha lub innego czarciego przodka o charakterze neutralnym złym.
carceri	he5309e85gddddg797fg0081g19accd6ede60	The entropy of the Abyss, the chaos of Pandemonium, and the despair of Carceri call to tieflings who have the abyssal legacy. Horns, fur, tusks, and peculiar scents are common physical features of such tieflings, most of whom have the blood of demons coursing through their veins.	Entropia Otchłani, chaos Pandemonium i rozpacz Carceri przyciągają diabelstwa posiadające otchłanne dziedzictwo. Rogi, futro, kły oraz charakterystyczne zapachy to częste cechy fizyczne takich diabelstw, z których większość ma w żyłach demoniczną krew.
echo	h603f364eg76f2g4896gd3eeg723e7e1e85a7	You have absorbed primeval magic that gives you an echo of the might of giants. Once per turn, when you hit a target with a melee weapon attack or a ranged weapon attack using a thrown weapon, you can imbue the attack with an additional effect depending on the benefit you chose. You can use this feat a number of times equal to your proficiency bonus, and you regain all expended uses when you finish a long rest.	Noszona w tobie pierwotna magia niesie echo potęgi olbrzymów. Raz na turę, gdy trafiasz cel atakiem bronią do walki wręcz albo atakiem dystansowym bronią miotaną, możesz nasycić atak dodatkowym efektem zależnym od wybranej korzyści. Możesz użyć tego atutu tyle razy, ile wynosi twoja premia z biegłości, a wszystkie użycia odzyskujesz po ukończeniu długiego odpoczynku.
echo	h928f5df7ga251g34dbg0162g20a1a67d1a84	You have absorbed primeval magic that gives you an echo of the might of giants. When you take this feat, choose one of the benefits listed below. Once per turn, when you hit a target with a melee weapon attack or a ranged weapon attack using a thrown weapon, you can imbue the attack with an additional effect depending on the benefit you chose:	Noszona w tobie pierwotna magia niesie echo potęgi olbrzymów. Wybierając ten atut, wybierz jedną z poniższych korzyści. Raz na turę, gdy trafiasz cel atakiem bronią do walki wręcz albo atakiem dystansowym bronią miotaną, możesz nasycić atak dodatkowym efektem zależnym od wybranej korzyści:
festerwood	h7620f19ag43c9g05a4g36acg0cd45d849578	The Unbroken Circle is an order of Druids who have abandoned the patient teachings of their predecessors, deciding instead to take up arms in defense of the wilderness. These combative Druids form militias and harness the fury of nature itself to forcefully remove any encroaching evil that threatens their sacred lands.\n\nWhile the chaotic bend of nature is found within these Druids, their bodies and impulses are tamed through training and discipline. Originally from the unforgiving Festerwood, this circle’s teachings are as rigorous as the forest, blending a mixture of offense and defense to stand up to all of the world’s challenges.	Krąg Niezłomnych to zakon druidów, którzy odrzucili cierpliwe nauki swoich poprzedników i chwycili za broń w obronie dziczy. Ci wojowniczy druidzi tworzą oddziały i wykorzystują gniew samej natury, aby siłą wykorzeniać wszelkie nadciągające zło zagrażające ich świętym krainom.\n\nChoć druidzi ci noszą w sobie chaos natury, trening i dyscyplina pozwalają im panować nad ciałem i odruchami. Nauki tego kręgu, wywodzącego się z bezlitosnego Festerwood, są równie surowe jak sam las. Łączą atak z obroną, przygotowując druidów na wszelkie wyzwania świata.
festerwood	hb4cccef8g4f09g6448g556ag2414e437228a	Bards of the College of Choreography tell stories and perform music without making a sound, choosing to instead move with Fey-like grace and magic to evade harm and inspire others. These dances originate from the Festerwood, whose radiant spores and light made for miraculous performances and deadly hazards. These Bards can be found anywhere from the local tavern to the highest levels of theater, moving crowds to tears as quickly as rebellion. At every turn, they inspire others to be brave, move, and join in.	Bardowie z Kolegium Choreografii opowiadają historie i wykonują muzykę bez wydawania dźwięku, zamiast tego wolą poruszać się z wdziękiem i magią podobną do Fey, aby uniknąć krzywdy i inspirować innych. Tańce te wywodzą się z Festerwood, którego promieniste zarodniki i światło sprzyjały cudownym występom i śmiertelnym niebezpieczeństwom. Tych Bardów można spotkać wszędzie, od lokalnej tawerny po najwyższe piętra teatru, wywołując tłumy do łez równie szybko, jak bunt. Na każdym kroku inspirują innych do odwagi, działania i przyłączenia się.
gestalt	h66a70d44ge6f0ga710g9f15ge39c0aaa98f6	Level 6: Gestalt Anchor	Poziom 6: Kotwica Gestalt
gestalt	ha688aa5dgc9bege050gd0f4gd8a5d10c7791	Your mental power increases, allowing you to project a sense of calm in a 10-foot Emanation that originates from you. The projection is inactive if you have the Incapacitated condition.\n\nYou and your allies in the projection gain a +2 bonus to Intelligence, Wisdom, and Charisma saving throws.\n\nIf another Mind Domain Cleric is present, a creature can only benefit from one Gestalt Anchor at a time.	Twoja potęga umysłu wzrasta, dzięki czemu roztaczasz uspokajającą projekcję w emanacji o promieniu 3 m, której źródłem jesteś. Projekcja jest nieaktywna, gdy masz stan obezwładnienia.\n\nTy i twoi sojusznicy znajdujący się w projekcji zyskujecie premię +2 do rzutów obronnych na Inteligencję, Mądrość i Charyzmę.\n\nJeśli w pobliżu znajduje się inny kleryk Domeny Umysłu, istota może jednocześnie korzystać tylko z jednej Kotwicy Gestalt.
moonshae	h38b188b6g2fc2g8138g725agd0f6fbca254c	Feat: Magic Initiate (Druid)\n\nLike many who hail from the Moonshae Isles, you grew up revering the blessed land, its unique gods, and the mysterious shrines called the moonwells. As a moonwell pilgrim, you undertook a quest to visit and commune with every moonwell on (or off) the map. Along your idyllic journeys, you collected a repertoire of Moonshavian folk songs, painted landscapes of enchanting vistas, and even learned how to wield a bit of primal magic.	Atut: Wtajemniczony (druid)\n\nJak wielu mieszkańców Wysp Moonshae, od najmłodszych lat czcisz błogosławioną ziemię, jej wyjątkowe bóstwa i tajemnicze sanktuaria zwane księżycowymi studniami. Jako pielgrzym podejmujesz wyprawę, by odwiedzić każdą z nich — zarówno zaznaczoną na mapie, jak i nieznaną kartografom — i nawiązać z nią duchową więź. Podczas sielankowych wędrówek gromadzisz repertuar ludowych pieśni Moonshae, malujesz urzekające krajobrazy i uczysz się władać odrobiną pierwotnej magii.
moonshae	h759d592bgce3eg0689gb28cgb0e2182d4aba	The College of the Moon traces its origins to the ancient druidic circles of the Moonshae Isles, who entrusted the first Bards of this tradition with chronicling the stories of the islands and their people. Bards of this college draw from the isles’ fey magic and the primal power of the moonwells to bolster their allies, protect the natural world, and inspire their bardic works.	Kolegium Księżyca wywodzi się z prastarych kręgów druidycznych Wysp Moonshae, które powierzyły pierwszym bardom tej tradycji spisywanie dziejów wysp i ich mieszkańców. Bardowie tego kolegium wykorzystują magię fey wysp oraz pierwotną moc księżycowych studni, by wspierać sojuszników, chronić świat natury i znajdować natchnienie dla swej bardowskiej twórczości.
myth	hc52cd33bg7738g4b5eg085dgfcbe54464a64	Feat: Lucky\n\nMythals are sources of great magical power that can alter the Weave or even the very nature of reality. Most were constructed in antiquity, and many have since been damaged or gone dormant. As a mythalkeeper from the Dalelands, your first experience with a mythal was likely in the ruins of Myth Drannor. You roam Faerûn in search of other ruined places of power, hoping to learn more about the history and powers of mythals—or even restore a malfunctioning one.	Atut: Szczęściarz\n\nMythale są źródłami potężnej magii, zdolnej zmieniać Splot, a nawet samą naturę rzeczywistości. Większość z nich została stworzona w zamierzchłych czasach, a wiele od tamtej pory uległo uszkodzeniu lub zapadło w uśpienie. Jako kustosz mythalu z Dalelands twoje pierwsze zetknięcie z mythalem prawdopodobnie miało miejsce w ruinach Myth Drannoru. Wędrujesz po Faerûnie w poszukiwaniu innych zrujnowanych miejsc mocy, pragnąc zgłębić historię i potęgę mythali — a może nawet przywrócić do działania jeden z uszkodzonych.
myth	hf106deb5gfb07g4bdeg0a01g623dd85de6b9	Bladesingers master a tradition of wizardry that incorporates swordplay and dance. In combat, a Bladesinger uses intricate, elegant maneuvers that fend off harm and allow the Bladesinger to channel magic into devastating attacks and a cunning defense. Many who have observed a Bladesinger at work remember the display as one of the more beautiful experiences in their life—a glorious dance accompanied by a singing blade.\n\nBladesinging is associated with the ancient elven societies that first mastered the art and coined the term. Even today, most Bladesingers still hail from old elven realms, such as Myth Drannor, or from non-elven societies that share land and history with elves, such as the Silver Marches. Wherever they hail from, Bladesingers take their talents all across the Realms to help common people and perform heroic deeds. Most communities greet the arrival of a Bladesinger as a good omen.	Pieśniarze klingi opanowują tradycję magii, która łączy fechtunek i taniec. W walce Pieśniarz klingi wykonuje złożone, eleganckie manewry, które odpierają zagrożenia i pozwalają mu kierować magię w niszczycielskie ataki oraz przebiegłą obronę. Wielu, którzy widzieli Pieśniarza klingi w akcji, wspomina ten pokaz jako jedno z najpiękniejszych doświadczeń w swoim życiu — wspaniały taniec, któremu towarzyszy śpiewająca klinga.\n\nPieśń klingi wiąże się ze starożytnymi elfimi społecznościami, które jako pierwsze opanowały tę sztukę i ukuły to określenie. Nawet dziś większość Pieśniarzy klingi wywodzi się ze starych elfich krain, takich jak Myth Drannor, albo ze społeczności nieelfich, które dzielą ziemię i historię z elfami, takich jak Srebrne Marchie. Niezależnie od pochodzenia, Pieśniarze klingi niosą swe talenty po całych Krainach, by pomagać zwykłym ludziom i dokonywać bohaterskich czynów. Większość społeczności wita przybycie Pieśniarza klingi jako dobrą wróżbę.
mythal	h4da279bag6b5fg0d46gfa98g0b2a70b0ce8e	Mythal Touched	Dotknięty przez mythal
mythal	h75370f04gff6egfa29g73e5g4e8d6739e8fa	Feat: Mythal Touched	Atut: Dotknięty przez mythal
sigil	hc3405af3g4811g97c2gc534g546e8726cc0d	Found throughout the multiverse, humans are as varied as they are numerous, and they endeavor to achieve as much as they can in the years they are given. Their ambition and resourcefulness are commended, respected, and feared on many worlds.\n\nHumans are as diverse in appearance as the people of Earth, and they have many gods. Scholars dispute the origin of humanity, but one of the earliest known human gatherings is said to have occurred in Sigil, the torus-shaped city at the center of the multiverse and the place where the Common language was born. From there, humans could have spread to every part of the multiverse, bringing the City of Doors’ cosmopolitanism with them.	Ludzi można spotkać w całym wieloświecie. Są równie różnorodni, co liczni, i starają się osiągnąć jak najwięcej w ciągu danych im lat. Ich ambicja i zaradność budzą w wielu światach uznanie, szacunek, a czasem także strach.\n\nLudzie są równie zróżnicowani pod względem wyglądu jak mieszkańcy Ziemi i czczą wielu bogów. Uczeni spierają się o pochodzenie ludzkości, lecz podobno jedno z najwcześniejszych znanych skupisk ludzi powstało w Sigil — torusowatym mieście w centrum wieloświata, w którym narodził się język Wspólny. Stamtąd ludzie mogli rozprzestrzenić się po całym wieloświecie, zabierając ze sobą kosmopolityczny charakter Miasta Drzwi.
sigil	hf3d6ddebg352bg36d4g9fbbg9ac02f78c004	Found throughout the multiverse, humans are as varied as they are numerous, and they endeavor to achieve as much as they can in the years they are given. Their ambition and resourcefulness are commended, respected, and feared on many worlds.\n\nHumans are as diverse in appearance as the people of Earth, and they have many gods. Scholars dispute the origin of humanity, but one of the earliest known human gatherings is said to have occurred in Sigil, the torus-shaped city at the center of the multiverse and the place where the Common language was born. From there, humans could have spread to every part of the multiverse, bringing the City of Doors’ cosmopolitanism with them.	Ludzi można spotkać w całym wieloświecie. Są równie różnorodni, co liczni, i starają się osiągnąć jak najwięcej w ciągu danych im lat. Ich ambicja i zaradność budzą w wielu światach uznanie, szacunek, a czasem także strach.\n\nLudzie są równie zróżnicowani pod względem wyglądu jak mieszkańcy Ziemi i czczą wielu bogów. Uczeni spierają się o pochodzenie ludzkości, lecz podobno jedno z najwcześniejszych znanych skupisk ludzi powstało w Sigil — torusowatym mieście w centrum wieloświata, w którym narodził się język Wspólny. Stamtąd ludzie mogli rozprzestrzenić się po całym wieloświecie, zabierając ze sobą kosmopolityczny charakter Miasta Drzwi.
sutekh	h00467a34g3b88g453cg081eg6e394afa8e61	The blood-knights of Hell, Sanguine Knights serve Sutekh, Lord of Blood. Their sorceries drain their enemies’ life force, pouring this stolen vitality into infernal rituals to turn the tide of battle.\n\nSutekh rules Naraka, the City of Blood. Recognized as the greatest sorcerer in hell, he carries the title of High Sanguinary and rules from the Temple of Vitality. He is a master of blood magic, and his inner circle of priests and wizards are the Bloodliches, undead spellcasters whose corporeal forms turned to ash centuries ago and whose bodies are crafted from solid blood.\n\nSutekh’s illriggers all belong to a cult known as the Chalice of Vitality. Knights of the Chalice drink deeply of their enemies’ essence, draining it to power their magics. Other members of the Order of Desecration fear that the Sanguine Knights seek more than Sutekh’s mere ascension to the Throne of Hell; some whisper that the Chalice secretly schemes to make Sutekh a god. This would, of course, be treason.	Krwawi rycerze piekła, Rycerze Krwi, służą Sutekhowi, Panu Krwi. Ich czary wysysają siłę życiową wrogów, wlewając tę skradzioną witalność w piekielne rytuały, aby odwrócić losy bitwy.\n\nSutekh rządzi Naraka, Miastem Krwi. Uznawany za największego czarownika w piekle, nosi tytuł Wysokiego Krwawego i rządzi Świątynią Witalności. Jest mistrzem magii krwi, a jego wewnętrzny krąg kapłanów i magów to Krwawe Licze, nieumarli magowie, których cielesne formy zamieniły się w popiół wieki temu i których ciała są wykonane ze stałej krwi.\n\nWszyscy illriggerzy Sutekha należą do kultu znanego jako Kielich Witalności. Rycerze Kielicha piją głęboko esencję swoich wrogów, wysysając ją, aby wzmocnić swoją magię. Inni członkowie Zakonu Profanacji obawiają się, że Rycerze Krwi pragną czegoś więcej niż tylko wstąpienia Sutekha na Tron Piekieł; niektórzy szepczą, że Kielich potajemnie planuje uczynić Sutekha bogiem. Byłoby to oczywiście zdradą stanu.
sutekh	h16ca83e4gd87cge240g4682g2480a4a6ba19	"When Sutekh accepts you as his illrigger, he grants you access to his sacrilegious command of blood and life. You gain proficiency in the <LSTag Type=""Skills"" Tooltip=""Religion"">Religion</LSTag> skill."	"Kiedy Sutekh zaakceptuje cię jako swojego oszusta, umożliwi ci dostęp do swego świętokradzkiego rozkazu krwi i życia. Zyskujesz biegłość w umiejętności <LSTag Type=""Skills"" Tooltip=""Religion"">Religia</LSTag>."
terror	h1b40d160ge647gb336gde38g35a23097c13b	Damage Resistance. When you gain this feat, choose Acid, Cold, Fire, Lightning, or Poison. You have Resistance to the chosen damage type.\n\nFearsome Power. When you deal damage to a creature as part of the Attack or Magic action on your turn, you can use the Dragon’s Terror benefit of the Cult of the Dragon Initiate feat as a Bonus Action this turn.	Odporność na obrażenia. Gdy zyskujesz ten atut, wybierz: od kwasu, od zimna, od ognia, od elektryczności lub od trucizn. Masz odporność na wybrany typ obrażeń.\n\nPrzerażająca moc. Gdy zadajesz obrażenia istocie w ramach Akcji Ataku lub Akcji Magii w swojej turze, możesz w ramach akcji dodatkowej w tej turze użyć zdolności Smoczy terror z atutu Nowicjusz Kultu Smoka.
terror	hb1847b98g2cc5gbe94g49f1gc11efdbfb5a5	Damage Resistance. When you gain this feat, choose Acid, Cold, Fire, Lightning, or Poison. You have Resistance to the chosen damage type.\n\nFearsome Power. When you deal damage to a creature as part of the Attack or Magic action on your turn, you can use the Dragon’s Terror benefit of the Cult of the Dragon Initiate feat as a Bonus Action this turn.	Odporność na obrażenia. Gdy zyskujesz ten atut, wybierz: od kwasu, od zimna, od ognia, od elektryczności lub od trucizn. Masz odporność na wybrany typ obrażeń.\n\nPrzerażająca moc. Gdy zadajesz obrażenia istocie w ramach Akcji Ataku lub Akcji Magii w swojej turze, możesz w ramach akcji dodatkowej w tej turze użyć zdolności Smoczy terror z atutu Nowicjusz Kultu Smoka.
wyll	h1034780age61eg388fg49d2g23bd1ca7ca75	Known as 'The Blade of Frontiers', Wyll uses his magic to fell the monsters and devils menacing the Sword Coast. In a moment of desperation, he accepted an offer of greater power, forcing him into an infernal game he is struggling to play.	Wyll, nazywany „Klingą Pogranicza”, używa swojej magii do walki z potworami i diabłami nękającymi Wybrzeże Mieczy. W chwili rozpaczy przyjął zaoferowaną mu moc, stając się tym samym pionkiem w piekielnej grze, w której nie radzi sobie zbyt dobrze.
wyll	hbbb38650gbbe2g4f9dg6f66gf5578f1e9053	Wyll	Wyll
yeenoghu	h2c4006d3g73ecg08bfg17a3g3faf573592f2	Feral, hyena-like fiends that slaughter indiscriminately in an attempt to quell the insatiable hunger of their demonic creator, Yeenoghu.	Dzikie, przypominające hieny potwory, które dokonują rzezi na masową skalę, próbując stłumić nienasycony głód swego demonicznego stwórcy, Yeenoghu.
yeenoghu	hb1e1f1ccg8b1fg0c0eg7a39gdbe307c41c2a	Feral, hyena-like fiends that slaughter indiscriminately in an attempt to quell the insatiable hunger of their demonic creator, Yeenoghu.	Dzikie, przypominające hieny potwory, które dokonują rzezi na masową skalę, próbując stłumić nienasycony głód swego demonicznego stwórcy, Yeenoghu.
avernus	h64172b01gaf40g5fcaga683g03d6646d0c6f	The Oath of Conquest calls to paladins who seek glory in battle and the subjugation of their enemies. It isn’t enough for these paladins to establish order. They must crush the forces of chaos. Sometimes called knight tyrants or iron mongers, those who swear this oath gather into grim orders that serve gods or philosophies of war and well-ordered might.\n\nSome of these paladins go so far as to consort with the powers of the Nine Hells, valuing the rule of law over the balm of mercy. The archdevil Bel, warlord of Avernus, counts many of these paladins — called hell knights — as his most ardent supporters. Hell knights cover their armor with trophies taken from fallen enemies, a grim warning to any who dare oppose them and the decrees of their lords. These knights are often most fiercely resisted by other paladins of this oath, who believe that the hell knights have wandered too far into darkness.	Przysięga Podboju wzywa paladynów, którzy szukają chwały w bitwie i podporządkowaniu sobie wrogów. Paladynom nie wystarczy ustanowienie porządku. Muszą zmiażdżyć siły chaosu. Ci, którzy składają tę przysięgę, czasami nazywani rycerskimi tyranami lub handlarzami żelaza, gromadzą się w ponurych zakonach, które służą bogom lub filozofiom wojny i dobrze zorganizowanej potęgi.\n\nNiektórzy z tych paladynów posuwają się tak daleko, że współpracują z mocami Dziewięciu Piekieł, przedkładając rządy prawa nad balsam miłosierdzia. Arcydiabeł Bel, watażka Avernus, uważa wielu z tych paladynów – zwanych piekielnymi rycerzami – za swoich najzagorzalszych zwolenników. Piekielni rycerze zakrywają swoją zbroję trofeami odebranymi poległym wrogom, co stanowi ponure ostrzeżenie dla każdego, kto ośmieli się przeciwstawić im i dekretom ich władców. Tym rycerzom często zaciekle przeciwstawiają się inni paladyni tej przysięgi, którzy wierzą, że piekielni rycerze zawędrowali zbyt daleko w ciemność.
belial	h8f230721g7cfdg98e3gf8a5g5d16598f3c1e	The hidden assassins of Hell, Shadowmasters serve Belial and excel at stealth and disguise.\n\nBelial rules Gehennom, the City of Darkness. He strives to rule Hell through poison, torture, and assassination. His illriggers strike from the shadows or use deception to earn high-ranking positions close to powerful rulers. Many Shadowmasters run networks of spies and assassins who have no idea of the infernal provenance of their leader.\n\nShadowmasters are sworn not to reveal their true allegiance, and if need be, they must take their own lives to fulfill this oath. Many Shadowmasters prepare elaborate plans for their own assassination so that, should they risk discovery, their assassination obscures the truth. Of course, these killers never learn they were hired by their deceased target.	Ukryci zabójcy piekła, Władcy Cienia, służą Belialowi i przodują w skradaniu się i przebraniu.\n\nBelial rządzi Gehennom, Miastem Ciemności. Stara się rządzić piekłem poprzez truciznę, tortury i zabójstwa. Jego illriggerzy atakują z cienia lub wykorzystują podstęp, aby zdobyć wysokie stanowiska blisko potężnych władców. Wielu Władców Cieni prowadzi sieci szpiegów i zabójców, którzy nie mają pojęcia o piekielnym pochodzeniu ich przywódcy.\n\nWładcy Cienia przysięgają, że nie ujawnią swojej prawdziwej lojalności, a jeśli zajdzie taka potrzeba, będą musieli odebrać sobie życie, aby spełnić tę przysięgę. Wielu Władców Cienia przygotowuje skomplikowane plany własnego zabójstwa, więc w przypadku ryzyka odkrycia ich zabójstwo przesłania prawdę. Oczywiście ci zabójcy nigdy nie dowiadują się, że zostali zatrudnieni przez zmarłą ofiarę.
bernard	h22e041e9g38f5g44c4ga023g152c8451beae	Bernard	Bernard
chondath	he504b2a7g6a08gdabfgb8a9g1df72a68f86c	Feat: Skilled\n\nThough most youths in Chondath accept their four-year term of compulsory military service, you bristled at that authoritarian attempt to control your life. You forsook your nationhood, discarded your given name, and worked as a freebooter with the first ship that would have you. Since then, you’ve traveled the Vilhon Reach. Though you’ve never sailed more than a few dozen leagues from land, you make up for it with deep local connections and the breadth of your experiences.	Atut: Uzdolniony\n\nChoć większość młodzieży w Chondath odbywa czteroletnią obowiązkową służbę wojskową, sprzeciwiasz się tej autorytarnej próbie kontroli nad twoim życiem. Odrzucasz obywatelstwo i nadane imię, po czym dołączasz jako korsarz do pierwszego statku, który przyjmuje cię na pokład. Od tamtej pory przemierzasz Przesmyk Vilhon. Rzadko oddalasz się od lądu o więcej niż kilkadziesiąt lig, lecz nadrabiasz to rozległymi miejscowymi kontaktami i bogactwem doświadczeń.
cthulhu	h3504f51eg1ac0gd563g881eg515b53b1f37b	When you choose this subclass, you might bind yourself to an unspeakable being from the Far Realm or an elder god—a being such as Tharizdun, the Chained God; Zargon, the Returner; Hadar, the Dark Hunger; or Great Cthulhu. Or you might invoke several entities without yoking yourself to one. The motives of these beings are incomprehensible, and the Great Old One might be indifferent to your existence. But the secrets you’ve learned nevertheless allow you to draw strange magic from it.	Wybierając tę podklasę, możesz związać się z niewysłowionym bytem z Odległej Dziedziny albo z pradawnym bogiem — istotą taką jak Tharizdun, Skuty Bóg; Zargon, Powracający; Hadar, Mroczny Głód; lub Wielki Cthulhu. Możesz też przyzywać moc kilku bytów, nie wiążąc się z żadnym z nich. Motywy tych istot są niepojęte, a Wielki Przedwieczny może być obojętny wobec twojego istnienia. Poznane sekrety pozwalają ci jednak czerpać od niego dziwną magię.
dale	ha77cb967ga90dgf3bagbb92g9b2af176e030	The legend of Bard the Bowman has inspired many young men and women from Dale, so much that they long to prove their worth with the killing of a great monster. As many more before you, you have long pondered on the ways to deal with creatures of size, hoping one day to gain renown defeating them.\n\nYou have Advantage on Attack Rolls against Large or larger creatures. In addition, you deal additional damage equal to your Strength modifier when you hit such creatures.	Legenda Barda Łucznika zainspirowała wielu młodych ludzi z Dale, którzy pragną dowieść swej wartości, zabijając potężnego potwora. Jak wielu przed tobą, od dawna rozmyślasz nad sposobami walki z ogromnymi istotami, licząc, że pewnego dnia zdobędziesz sławę, pokonując jedną z nich.\n\nMasz ułatwienie w testach ataku przeciwko istotom rozmiaru dużego lub większego. Ponadto, gdy trafiasz taką istotę, zadajesz dodatkowe obrażenia równe swojemu modyfikatorowi Siły.
dalelands	hc52cd33bg7738g4b5eg085dgfcbe54464a64	Feat: Lucky\n\nMythals are sources of great magical power that can alter the Weave or even the very nature of reality. Most were constructed in antiquity, and many have since been damaged or gone dormant. As a mythalkeeper from the Dalelands, your first experience with a mythal was likely in the ruins of Myth Drannor. You roam Faerûn in search of other ruined places of power, hoping to learn more about the history and powers of mythals—or even restore a malfunctioning one.	Atut: Szczęściarz\n\nMythale są źródłami potężnej magii, zdolnej zmieniać Splot, a nawet samą naturę rzeczywistości. Większość z nich została stworzona w zamierzchłych czasach, a wiele od tamtej pory uległo uszkodzeniu lub zapadło w uśpienie. Jako kustosz mythalu z Dalelands twoje pierwsze zetknięcie z mythalem prawdopodobnie miało miejsce w ruinach Myth Drannoru. Wędrujesz po Faerûnie w poszukiwaniu innych zrujnowanych miejsc mocy, pragnąc zgłębić historię i potęgę mythali — a może nawet przywrócić do działania jeden z uszkodzonych.
drannor	hf106deb5gfb07g4bdeg0a01g623dd85de6b9	Bladesingers master a tradition of wizardry that incorporates swordplay and dance. In combat, a Bladesinger uses intricate, elegant maneuvers that fend off harm and allow the Bladesinger to channel magic into devastating attacks and a cunning defense. Many who have observed a Bladesinger at work remember the display as one of the more beautiful experiences in their life—a glorious dance accompanied by a singing blade.\n\nBladesinging is associated with the ancient elven societies that first mastered the art and coined the term. Even today, most Bladesingers still hail from old elven realms, such as Myth Drannor, or from non-elven societies that share land and history with elves, such as the Silver Marches. Wherever they hail from, Bladesingers take their talents all across the Realms to help common people and perform heroic deeds. Most communities greet the arrival of a Bladesinger as a good omen.	Pieśniarze klingi opanowują tradycję magii, która łączy fechtunek i taniec. W walce Pieśniarz klingi wykonuje złożone, eleganckie manewry, które odpierają zagrożenia i pozwalają mu kierować magię w niszczycielskie ataki oraz przebiegłą obronę. Wielu, którzy widzieli Pieśniarza klingi w akcji, wspomina ten pokaz jako jedno z najpiękniejszych doświadczeń w swoim życiu — wspaniały taniec, któremu towarzyszy śpiewająca klinga.\n\nPieśń klingi wiąże się ze starożytnymi elfimi społecznościami, które jako pierwsze opanowały tę sztukę i ukuły to określenie. Nawet dziś większość Pieśniarzy klingi wywodzi się ze starych elfich krain, takich jak Myth Drannor, albo ze społeczności nieelfich, które dzielą ziemię i historię z elfami, takich jak Srebrne Marchie. Niezależnie od pochodzenia, Pieśniarze klingi niosą swe talenty po całych Krainach, by pomagać zwykłym ludziom i dokonywać bohaterskich czynów. Większość społeczności wita przybycie Pieśniarza klingi jako dobrą wróżbę.
efreeti	h44bec492ga13fg76e5gfab8g3f1ba78481ca	Feat: Magic Initiate (Wizard)\n\nAlthough genies no longer rule Calimshan, genie magic is still common in your homeland. Perhaps you inadvertently summoned a djinni from a magic lamp, or maybe you came upon an oasis guarded by a marid. A dao might have saved you from a landslide, or you bargained with an efreeti for fleeting wealth. However your fate intersected with that of a genie, the experience left you with a keen eye, a silver tongue, and more than a touch of magic.	Atut: Wtajemniczony (mag)\n\nChoć dżiny nie rządzą już Calimshanem, ich magia nadal jest powszechna w twojej ojczyźnie. Być może przypadkowo przywołujesz dżinna z magicznej lampy albo trafiasz do oazy strzeżonej przez marida. Dao może ocalić cię przed osuwiskiem, a efreeti — zaoferować ulotne bogactwo w zamian za układ. Niezależnie od tego, jak twój los splata się z losem dżina, doświadczenie obdarza cię bystrym okiem, srebrnym językiem i niemałą dozą magii.
flind	hcfaede04g37feg52c1g02a1g79498988da95	Gnoll Flind	Flind
gale	h9722e87eg449bg0e97g3b8bge9b1e675afe6	Gale	Gale
gehennom	h8f230721g7cfdg98e3gf8a5g5d16598f3c1e	The hidden assassins of Hell, Shadowmasters serve Belial and excel at stealth and disguise.\n\nBelial rules Gehennom, the City of Darkness. He strives to rule Hell through poison, torture, and assassination. His illriggers strike from the shadows or use deception to earn high-ranking positions close to powerful rulers. Many Shadowmasters run networks of spies and assassins who have no idea of the infernal provenance of their leader.\n\nShadowmasters are sworn not to reveal their true allegiance, and if need be, they must take their own lives to fulfill this oath. Many Shadowmasters prepare elaborate plans for their own assassination so that, should they risk discovery, their assassination obscures the truth. Of course, these killers never learn they were hired by their deceased target.	Ukryci zabójcy piekła, Władcy Cienia, służą Belialowi i przodują w skradaniu się i przebraniu.\n\nBelial rządzi Gehennom, Miastem Ciemności. Stara się rządzić piekłem poprzez truciznę, tortury i zabójstwa. Jego illriggerzy atakują z cienia lub wykorzystują podstęp, aby zdobyć wysokie stanowiska blisko potężnych władców. Wielu Władców Cieni prowadzi sieci szpiegów i zabójców, którzy nie mają pojęcia o piekielnym pochodzeniu ich przywódcy.\n\nWładcy Cienia przysięgają, że nie ujawnią swojej prawdziwej lojalności, a jeśli zajdzie taka potrzeba, będą musieli odebrać sobie życie, aby spełnić tę przysięgę. Wielu Władców Cienia przygotowuje skomplikowane plany własnego zabójstwa, więc w przypadku ryzyka odkrycia ich zabójstwo przesłania prawdę. Oczywiście ci zabójcy nigdy nie dowiadują się, że zostali zatrudnieni przez zmarłą ofiarę.
genasi	h08c08b52g956bgcf55gaba1gfea165770305	Many places in the multiverse abound with beauty, intense emotion, and rampant magic; the Feywild, the Upper Planes, and other realms of supernatural power radiate with such forces and can profoundly influence people. As folk of deep feeling, barbarians are especially susceptible to these wild influences, with some barbarians being transformed by the magic. These magic-suffused barbarians walk the Path of Wild Magic. Elf, tiefling, aasimar, and genasi barbarians often seek this path, eager to manifest the otherworldly magic of their ancestors.	Wiele miejsc w wieloświecie obfituje w piękno, intensywne emocje i szalejącą magię; Feywild, Wyższe Plany i inne sfery nadprzyrodzonej mocy promieniują takimi siłami i mogą głęboko wpływać na ludzi. Jako ludzie o głębokich uczuciach barbarzyńcy są szczególnie podatni na te dzikie wpływy, a niektórzy barbarzyńcy ulegają przemianie pod wpływem magii. Ci przesiąknięci magią barbarzyńcy kroczą Ścieżką Dzikiej Magii. Barbarzyńcy elfowie, diabelstwa, aasimarowie i genasi często szukają tej ścieżki, pragnąc zamanifestować nieziemską magię swoich przodków.
gnoll	h2944739bg0fccgd61eg92c1g5c03f06fda01	Gnoll	Gnoll
goibhniu	h6aac3e2cg8b4fgd5c4g68edg918c3834ca82	The gods of the forge are patrons of artisans who work with metal, from a humble blacksmith who keeps a village in horseshoes and plow blades to the mighty elf artisan whose diamond-tipped arrows of mithral have felled demon lords. The gods of the forge teach that, with patience and hard work, even the most intractable metal can be transformed from a lump of ore to a beautifully wrought object. Clerics of these deities search for objects lost to the forces of darkness, liberate mines overrun by orcs, and uncover rare and wondrous materials necessary to create potent magic items. Followers of these gods take great pride in their work, and they are willing to craft and use heavy armor and powerful weapons to protect them. Deities of this domain include Gond, Reorx, Onatar, Moradin, Hephaestus, and Goibhniu.	Bogowie kuźni są patronami rzemieślników pracujących z metalem, od skromnego kowala, który utrzymuje wioskę w podkowach i pługach, po potężnego elfiego rzemieślnika, którego mithralowe strzały z diamentowymi grotami powaliły władców demonów. Bogowie kuźni uczą, że dzięki cierpliwości i ciężkiej pracy nawet najtrudniejszy metal można przekształcić z bryły rudy w pięknie kuty przedmiot. Kapłani tych bóstw szukają przedmiotów utraconych przez siły ciemności, wyzwalają kopalnie opanowane przez orki i odkrywają rzadkie i cudowne materiały niezbędne do tworzenia potężnych magicznych przedmiotów. Wyznawcy tych bogów są bardzo dumni ze swojej pracy i są gotowi wytwarzać i używać ciężkich zbroi oraz potężnej broni, aby ich chronić. Bóstwa tej domeny to Gond, Reorx, Onatar, Moradin, Hefajstos i Goibhniu.
gond	h6aac3e2cg8b4fgd5c4g68edg918c3834ca82	The gods of the forge are patrons of artisans who work with metal, from a humble blacksmith who keeps a village in horseshoes and plow blades to the mighty elf artisan whose diamond-tipped arrows of mithral have felled demon lords. The gods of the forge teach that, with patience and hard work, even the most intractable metal can be transformed from a lump of ore to a beautifully wrought object. Clerics of these deities search for objects lost to the forces of darkness, liberate mines overrun by orcs, and uncover rare and wondrous materials necessary to create potent magic items. Followers of these gods take great pride in their work, and they are willing to craft and use heavy armor and powerful weapons to protect them. Deities of this domain include Gond, Reorx, Onatar, Moradin, Hephaestus, and Goibhniu.	Bogowie kuźni są patronami rzemieślników pracujących z metalem, od skromnego kowala, który utrzymuje wioskę w podkowach i pługach, po potężnego elfiego rzemieślnika, którego mithralowe strzały z diamentowymi grotami powaliły władców demonów. Bogowie kuźni uczą, że dzięki cierpliwości i ciężkiej pracy nawet najtrudniejszy metal można przekształcić z bryły rudy w pięknie kuty przedmiot. Kapłani tych bóstw szukają przedmiotów utraconych przez siły ciemności, wyzwalają kopalnie opanowane przez orki i odkrywają rzadkie i cudowne materiały niezbędne do tworzenia potężnych magicznych przedmiotów. Wyznawcy tych bogów są bardzo dumni ze swojej pracy i są gotowi wytwarzać i używać ciężkich zbroi oraz potężnej broni, aby ich chronić. Bóstwa tej domeny to Gond, Reorx, Onatar, Moradin, Hefajstos i Goibhniu.
hadar	h3504f51eg1ac0gd563g881eg515b53b1f37b	When you choose this subclass, you might bind yourself to an unspeakable being from the Far Realm or an elder god—a being such as Tharizdun, the Chained God; Zargon, the Returner; Hadar, the Dark Hunger; or Great Cthulhu. Or you might invoke several entities without yoking yourself to one. The motives of these beings are incomprehensible, and the Great Old One might be indifferent to your existence. But the secrets you’ve learned nevertheless allow you to draw strange magic from it.	Wybierając tę podklasę, możesz związać się z niewysłowionym bytem z Odległej Dziedziny albo z pradawnym bogiem — istotą taką jak Tharizdun, Skuty Bóg; Zargon, Powracający; Hadar, Mroczny Głód; lub Wielki Cthulhu. Możesz też przyzywać moc kilku bytów, nie wiążąc się z żadnym z nich. Motywy tych istot są niepojęte, a Wielki Przedwieczny może być obojętny wobec twojego istnienia. Poznane sekrety pozwalają ci jednak czerpać od niego dziwną magię.
hobgoblin	h9d1db6edgfe03gd1b6g95aeg9d83628a6e5e	Hobgoblin	Hobgoblin
hollyphant	h0e6cf6c3g3696g400bg9730g8c9dbe0d258c	A Hollyphant, friendly toward you, appears next to you and disappears 1 minute later.	Przyjazny dla ciebie Hollyphant pojawia się obok ciebie i znika 1 minutę później.
kobold	haaeaefd6ge211ge406g3964g5d846312973c	Kobold	Kobold
kuo-toa	h49f573e0g51d8gab8ag3788g56d525e94705	Kuo-Toa	Kuo-toa
limbo	h18ed8a2cgfbfbgc16ag59c2gdbdf16bfd5ca	Your innate magic stems from the forces of chaos that underlie the order of creation. You or an ancestor might have endured exposure to raw magic, perhaps through a planar portal leading to Limbo or the Elemental Planes. Perhaps you were blessed by a fey being or marked by a demon. Or your magic could be a fluke with no apparent cause. Whatever its source, this magic churns within you, waiting for any outlet.	Twoja wrodzona magia wywodzi się z sił chaosu, które leżą u podstaw porządku stworzenia. Być może ty albo jeden z twoich przodków zetknął się z surową magią, na przykład za sprawą portalu prowadzącego do Limbo lub Sfer Żywiołów. Być może pobłogosławiła cię istota fey albo naznaczył demon. Twoja magia może też być dziełem przypadku bez widocznej przyczyny. Niezależnie od źródła kłębi się w tobie, czekając na ujście.
mechanus	h955ef661gc670g5024g8289g7b1595fc740c	The cosmic force of order has suffused you with magic. That power arises from Mechanus or a realm like it—a plane of existence shaped entirely by clockwork efficiency. You or someone from your lineage might have become entangled in the machinations of modrons, the orderly beings who inhabit Mechanus. Perhaps your ancestor even took part in the Great Modron March. Whatever its origin within you, the power of order can seem strange to others, but for you, it’s part of a vast and glorious system.	Kosmiczna siła porządku przesyciła cię magią. Moc ta pochodzi z Mechanusa lub podobnej mu krainy — planu egzystencji ukształtowanego przez doskonale działające mechanizmy. Być może ty albo ktoś z twojego rodu został uwikłany w machinacje modronów, praworządnych istot zamieszkujących Mechanus. Możliwe nawet, że twój przodek wziął udział w Wielkim Marszu Modronów. Niezależnie od swego źródła tkwiąca w tobie moc porządku może wydawać się innym dziwna, lecz dla ciebie stanowi część rozległego i wspaniałego systemu.
minsc	hc344cfc5ga758gba8cgf224gb3864fa0208d	Minsc	Minsc
moradin	h6aac3e2cg8b4fgd5c4g68edg918c3834ca82	The gods of the forge are patrons of artisans who work with metal, from a humble blacksmith who keeps a village in horseshoes and plow blades to the mighty elf artisan whose diamond-tipped arrows of mithral have felled demon lords. The gods of the forge teach that, with patience and hard work, even the most intractable metal can be transformed from a lump of ore to a beautifully wrought object. Clerics of these deities search for objects lost to the forces of darkness, liberate mines overrun by orcs, and uncover rare and wondrous materials necessary to create potent magic items. Followers of these gods take great pride in their work, and they are willing to craft and use heavy armor and powerful weapons to protect them. Deities of this domain include Gond, Reorx, Onatar, Moradin, Hephaestus, and Goibhniu.	Bogowie kuźni są patronami rzemieślników pracujących z metalem, od skromnego kowala, który utrzymuje wioskę w podkowach i pługach, po potężnego elfiego rzemieślnika, którego mithralowe strzały z diamentowymi grotami powaliły władców demonów. Bogowie kuźni uczą, że dzięki cierpliwości i ciężkiej pracy nawet najtrudniejszy metal można przekształcić z bryły rudy w pięknie kuty przedmiot. Kapłani tych bóstw szukają przedmiotów utraconych przez siły ciemności, wyzwalają kopalnie opanowane przez orki i odkrywają rzadkie i cudowne materiały niezbędne do tworzenia potężnych magicznych przedmiotów. Wyznawcy tych bogów są bardzo dumni ze swojej pracy i są gotowi wytwarzać i używać ciężkich zbroi oraz potężnej broni, aby ich chronić. Bóstwa tej domeny to Gond, Reorx, Onatar, Moradin, Hefajstos i Goibhniu.
mulhorand	h96aa51dag6fb2gf3a9g321fged3d699fde79	Feat: Lucky\n\nYou grew up in a land of living god-kings, and as a child you were told countless stories of ancient empires and buried cities. In these tales, Mulhorand was a land overflowing with forgotten riches—priceless treasures awaiting anyone cunning and brave enough to seek them out. You’ve taken it upon yourself to explore your homeland’s crypts, tombs, and pyramids to reclaim your people’s relics.	Atut: Szczęściarz\n\nDorastasz w krainie żyjących boskich królów, słuchając niezliczonych opowieści o starożytnych imperiach i pogrzebanych miastach. Według nich Mulhorand przepełniają zapomniane bogactwa — bezcenne skarby czekające na każdego, kto ma dość sprytu i odwagi, by ich szukać. Podejmujesz się eksploracji krypt, grobowców i piramid swojej ojczyzny, aby odzyskać relikty własnego ludu.
naraka	h00467a34g3b88g453cg081eg6e394afa8e61	The blood-knights of Hell, Sanguine Knights serve Sutekh, Lord of Blood. Their sorceries drain their enemies’ life force, pouring this stolen vitality into infernal rituals to turn the tide of battle.\n\nSutekh rules Naraka, the City of Blood. Recognized as the greatest sorcerer in hell, he carries the title of High Sanguinary and rules from the Temple of Vitality. He is a master of blood magic, and his inner circle of priests and wizards are the Bloodliches, undead spellcasters whose corporeal forms turned to ash centuries ago and whose bodies are crafted from solid blood.\n\nSutekh’s illriggers all belong to a cult known as the Chalice of Vitality. Knights of the Chalice drink deeply of their enemies’ essence, draining it to power their magics. Other members of the Order of Desecration fear that the Sanguine Knights seek more than Sutekh’s mere ascension to the Throne of Hell; some whisper that the Chalice secretly schemes to make Sutekh a god. This would, of course, be treason.	Krwawi rycerze piekła, Rycerze Krwi, służą Sutekhowi, Panu Krwi. Ich czary wysysają siłę życiową wrogów, wlewając tę skradzioną witalność w piekielne rytuały, aby odwrócić losy bitwy.\n\nSutekh rządzi Naraka, Miastem Krwi. Uznawany za największego czarownika w piekle, nosi tytuł Wysokiego Krwawego i rządzi Świątynią Witalności. Jest mistrzem magii krwi, a jego wewnętrzny krąg kapłanów i magów to Krwawe Licze, nieumarli magowie, których cielesne formy zamieniły się w popiół wieki temu i których ciała są wykonane ze stałej krwi.\n\nWszyscy illriggerzy Sutekha należą do kultu znanego jako Kielich Witalności. Rycerze Kielicha piją głęboko esencję swoich wrogów, wysysając ją, aby wzmocnić swoją magię. Inni członkowie Zakonu Profanacji obawiają się, że Rycerze Krwi pragną czegoś więcej niż tylko wstąpienia Sutekha na Tron Piekieł; niektórzy szepczą, że Kielich potajemnie planuje uczynić Sutekha bogiem. Byłoby to oczywiście zdradą stanu.
onatar	h6aac3e2cg8b4fgd5c4g68edg918c3834ca82	The gods of the forge are patrons of artisans who work with metal, from a humble blacksmith who keeps a village in horseshoes and plow blades to the mighty elf artisan whose diamond-tipped arrows of mithral have felled demon lords. The gods of the forge teach that, with patience and hard work, even the most intractable metal can be transformed from a lump of ore to a beautifully wrought object. Clerics of these deities search for objects lost to the forces of darkness, liberate mines overrun by orcs, and uncover rare and wondrous materials necessary to create potent magic items. Followers of these gods take great pride in their work, and they are willing to craft and use heavy armor and powerful weapons to protect them. Deities of this domain include Gond, Reorx, Onatar, Moradin, Hephaestus, and Goibhniu.	Bogowie kuźni są patronami rzemieślników pracujących z metalem, od skromnego kowala, który utrzymuje wioskę w podkowach i pługach, po potężnego elfiego rzemieślnika, którego mithralowe strzały z diamentowymi grotami powaliły władców demonów. Bogowie kuźni uczą, że dzięki cierpliwości i ciężkiej pracy nawet najtrudniejszy metal można przekształcić z bryły rudy w pięknie kuty przedmiot. Kapłani tych bóstw szukają przedmiotów utraconych przez siły ciemności, wyzwalają kopalnie opanowane przez orki i odkrywają rzadkie i cudowne materiały niezbędne do tworzenia potężnych magicznych przedmiotów. Wyznawcy tych bogów są bardzo dumni ze swojej pracy i są gotowi wytwarzać i używać ciężkich zbroi oraz potężnej broni, aby ich chronić. Bóstwa tej domeny to Gond, Reorx, Onatar, Moradin, Hefajstos i Goibhniu.
pandemonium	he5309e85gddddg797fg0081g19accd6ede60	The entropy of the Abyss, the chaos of Pandemonium, and the despair of Carceri call to tieflings who have the abyssal legacy. Horns, fur, tusks, and peculiar scents are common physical features of such tieflings, most of whom have the blood of demons coursing through their veins.	Entropia Otchłani, chaos Pandemonium i rozpacz Carceri przyciągają diabelstwa posiadające otchłanne dziedzictwo. Rogi, futro, kły oraz charakterystyczne zapachy to częste cechy fizyczne takich diabelstw, z których większość ma w żyłach demoniczną krew.
rapier	hd724f72fgcda8gb6acgb5c4gd95d169dd0b4	Handaxe, Shortbow, Rapier, Shortsword, Hand Crossbow, Pistol	Toporek, łuk krótki, rapier, miecz krótki, kusza ręczna, pistolet
reghed	h11ed03f2g16a9g0ee9g4b45g6c8ca4ac593d	Winter Walkers hone their craft in the bleak and frozen wilds of places like Icewind Dale. These ruthless, rimed Rangers hunt monsters that haunt arctic wastelands, eventually becoming frigid terrors themselves. Winter Walkers are well versed in the phenomena of Icewind Dale, including the latent magic of fallen Netherese cities, endemic monsters like yetis and crag cats, and the rising threat of Underdark invaders. Due to their cold pragmatism, terrifying magic, and mastery of the region, Winter Walkers are regarded with equal parts respect and fear. Ten-Towns citizens say that Winter Walkers’ frequent exposure to malignant entities gives them their fearsome powers. Many Reghed nomads, on the other hand, believe that nature spirits bestow on Winter Walkers a unique curse.	Zimowi wędrowcy doskonalą swój kunszt w ponurej, skutej lodem dziczy miejsc takich jak Dolina Lodowego Wichru. Ci bezwzględni, oszronieni łowcy polują na potwory nawiedzające arktyczne pustkowia, aż w końcu sami stają się lodowatymi postrachami. Doskonale znają zjawiska charakterystyczne dla Doliny Lodowego Wichru, w tym utajoną magię upadłych miast Netheru, endemiczne potwory, takie jak yeti i koty skalne, oraz rosnące zagrożenie ze strony najeźdźców z Podmroku. Z powodu chłodnego pragmatyzmu, przerażającej magii i opanowania regionu budzą w równym stopniu szacunek i strach. Mieszkańcy Dziesięciu Miast mówią, że częste zetknięcie ze złowrogimi bytami daje zimowym wędrowcom ich budzące grozę moce. Wielu nomadów Reghed z kolei wierzy, że duchy natury obdarzają zimowych wędrowców wyjątkową klątwą.
reorx	h6aac3e2cg8b4fgd5c4g68edg918c3834ca82	The gods of the forge are patrons of artisans who work with metal, from a humble blacksmith who keeps a village in horseshoes and plow blades to the mighty elf artisan whose diamond-tipped arrows of mithral have felled demon lords. The gods of the forge teach that, with patience and hard work, even the most intractable metal can be transformed from a lump of ore to a beautifully wrought object. Clerics of these deities search for objects lost to the forces of darkness, liberate mines overrun by orcs, and uncover rare and wondrous materials necessary to create potent magic items. Followers of these gods take great pride in their work, and they are willing to craft and use heavy armor and powerful weapons to protect them. Deities of this domain include Gond, Reorx, Onatar, Moradin, Hephaestus, and Goibhniu.	Bogowie kuźni są patronami rzemieślników pracujących z metalem, od skromnego kowala, który utrzymuje wioskę w podkowach i pługach, po potężnego elfiego rzemieślnika, którego mithralowe strzały z diamentowymi grotami powaliły władców demonów. Bogowie kuźni uczą, że dzięki cierpliwości i ciężkiej pracy nawet najtrudniejszy metal można przekształcić z bryły rudy w pięknie kuty przedmiot. Kapłani tych bóstw szukają przedmiotów utraconych przez siły ciemności, wyzwalają kopalnie opanowane przez orki i odkrywają rzadkie i cudowne materiały niezbędne do tworzenia potężnych magicznych przedmiotów. Wyznawcy tych bogów są bardzo dumni ze swojej pracy i są gotowi wytwarzać i używać ciężkich zbroi oraz potężnej broni, aby ich chronić. Bóstwa tej domeny to Gond, Reorx, Onatar, Moradin, Hefajstos i Goibhniu.
sahuagin	h3f9f2b2agdef2g4181g854bgea3484c5155b	Sahuagin	Sahuagin
tharizdun	h3504f51eg1ac0gd563g881eg515b53b1f37b	When you choose this subclass, you might bind yourself to an unspeakable being from the Far Realm or an elder god—a being such as Tharizdun, the Chained God; Zargon, the Returner; Hadar, the Dark Hunger; or Great Cthulhu. Or you might invoke several entities without yoking yourself to one. The motives of these beings are incomprehensible, and the Great Old One might be indifferent to your existence. But the secrets you’ve learned nevertheless allow you to draw strange magic from it.	Wybierając tę podklasę, możesz związać się z niewysłowionym bytem z Odległej Dziedziny albo z pradawnym bogiem — istotą taką jak Tharizdun, Skuty Bóg; Zargon, Powracający; Hadar, Mroczny Głód; lub Wielki Cthulhu. Możesz też przyzywać moc kilku bytów, nie wiążąc się z żadnym z nich. Motywy tych istot są niepojęte, a Wielki Przedwieczny może być obojętny wobec twojego istnienia. Poznane sekrety pozwalają ci jednak czerpać od niego dziwną magię.
thesk	he15395feg34cbgfdbbgc738g75da56bca5d6	Feat: Savage Attacker\n\nYou trained your whole life to become a member of the Shadowmasters, the mysterious thieves’ guild that controls the realm of Thesk from behind the scenes. Stealth and quick reflexes were just the start of your Shadowmaster education; you also needed to hone your ruthlessness to ensure the safety of the guild’s secrets. But one wrong move led to your expulsion from the order. Now you must walk your own path.	Atut: Brutalny napastnik\n\nCałe życie poświęcasz przygotowaniom do wstąpienia w szeregi Mistrzów Cienia — tajemniczej gildii złodziei, która zza kulis kontroluje Thesk. Skradanie się i szybki refleks stanowią jedynie początek szkolenia; musisz również wyostrzyć swoją bezwzględność, by chronić sekrety gildii. Jeden błędny ruch prowadzi jednak do wygnania z zakonu. Teraz musisz podążać własną ścieżką.
vilhon	he504b2a7g6a08gdabfgb8a9g1df72a68f86c	Feat: Skilled\n\nThough most youths in Chondath accept their four-year term of compulsory military service, you bristled at that authoritarian attempt to control your life. You forsook your nationhood, discarded your given name, and worked as a freebooter with the first ship that would have you. Since then, you’ve traveled the Vilhon Reach. Though you’ve never sailed more than a few dozen leagues from land, you make up for it with deep local connections and the breadth of your experiences.	Atut: Uzdolniony\n\nChoć większość młodzieży w Chondath odbywa czteroletnią obowiązkową służbę wojskową, sprzeciwiasz się tej autorytarnej próbie kontroli nad twoim życiem. Odrzucasz obywatelstwo i nadane imię, po czym dołączasz jako korsarz do pierwszego statku, który przyjmuje cię na pokład. Od tamtej pory przemierzasz Przesmyk Vilhon. Rzadko oddalasz się od lądu o więcej niż kilkadziesiąt lig, lecz nadrabiasz to rozległymi miejscowymi kontaktami i bogactwem doświadczeń.
yggdrasil	h07ac58a7gdc95gd7d3g0b48g2015e769d0d0	"Barbarians who follow the Path of the World Tree connect with the cosmic tree Yggdrasil through their <LSTag Type=""Status"" Tooltip=""RAGE"">Rage</LSTag>. This tree grows among the Outer Planes, connecting them to each other and the Material Plane. These Barbarians draw on the tree’s magic for vitality and as a means of dimensional travel."	"Barbarzyńcy podążający Ścieżką Drzewa Świata łączą się poprzez swój <LSTag Type=""Status"" Tooltip=""RAGE"">szał</LSTag> z kosmicznym drzewem Yggdrasil. Rośnie ono wśród Sfer Zewnętrznych, łącząc je ze sobą i ze Sferą Materialną. Barbarzyńcy ci czerpią z magii drzewa żywotność i zdolność podróżowania między wymiarami."
zargon	h3504f51eg1ac0gd563g881eg515b53b1f37b	When you choose this subclass, you might bind yourself to an unspeakable being from the Far Realm or an elder god—a being such as Tharizdun, the Chained God; Zargon, the Returner; Hadar, the Dark Hunger; or Great Cthulhu. Or you might invoke several entities without yoking yourself to one. The motives of these beings are incomprehensible, and the Great Old One might be indifferent to your existence. But the secrets you’ve learned nevertheless allow you to draw strange magic from it.	Wybierając tę podklasę, możesz związać się z niewysłowionym bytem z Odległej Dziedziny albo z pradawnym bogiem — istotą taką jak Tharizdun, Skuty Bóg; Zargon, Powracający; Hadar, Mroczny Głód; lub Wielki Cthulhu. Możesz też przyzywać moc kilku bytów, nie wiążąc się z żadnym z nich. Motywy tych istot są niepojęte, a Wielki Przedwieczny może być obojętny wobec twojego istnienia. Poznane sekrety pozwalają ci jednak czerpać od niego dziwną magię.
