uid	english	current_ukrainian	official_bg3_ukrainian	spell_entries
hfa470112gc789g976ag5dcdgab4fa45eb69b	Leap up to 30 feet, consuming 10 feet of movement.	Стрибни до 30 футів, споживаючи 10 футів руху.		Projectile_Athlete_Jump;Projectile_Jump_Down;Projectile_LongJump_Jump;Projectile_MAG_Mobility_JumpOnDash_Action;Projectile_Totem_Tiger_Jump
h13aa2cdag2fb5g8660ga803g42449d529329	Choose Acid, Cold, Fire, Lightning, Poison, or Thunder damage. The target hit by the attack takes an extra damage of the chosen type.	Виберіть шкоди кислотою, холодом, вогнем, блискавкою, отрутою або громом. Ціль, уражена атакою, зазнає додаткової шкоди вибраного типу.		Projectile_BallisticSmite;Projectile_BallisticSmite_Acid;Projectile_BallisticSmite_Acid_2;Projectile_BallisticSmite_Acid_3;Projectile_BallisticSmite_Acid_4;Projectile_BallisticSmite_Acid_5;Projectile_BallisticSmite_Acid_6;Projectile_BallisticSmite_Cold;Projectile_BallisticSmite_Cold_2;Projectile_BallisticSmite_Cold_3;Projectile_BallisticSmite_Cold_4;Projectile_BallisticSmite_Cold_5;Projectile_BallisticSmite_Cold_6;Projectile_BallisticSmite_Fire;Projectile_BallisticSmite_Fire_2;Projectile_BallisticSmite_Fire_3;Projectile_BallisticSmite_Fire_4;Projectile_BallisticSmite_Fire_5;Projectile_BallisticSmite_Fire_6;Projectile_BallisticSmite_Lightning;Projectile_BallisticSmite_Lightning_2;Projectile_BallisticSmite_Lightning_3;Projectile_BallisticSmite_Lightning_4;Projectile_BallisticSmite_Lightning_5;Projectile_BallisticSmite_Lightning_6;Projectile_BallisticSmite_Poison;Projectile_BallisticSmite_Poison_2;Projectile_BallisticSmite_Poison_3;Projectile_BallisticSmite_Poison_4;Projectile_BallisticSmite_Poison_5;Projectile_BallisticSmite_Poison_6;Projectile_BallisticSmite_Thunder;Projectile_BallisticSmite_Thunder_2;Projectile_BallisticSmite_Thunder_3;Projectile_BallisticSmite_Thunder_4;Projectile_BallisticSmite_Thunder_5;Projectile_BallisticSmite_Thunder_6;Projectile_BallisticSmite_spellscroll
h1158b478ge2c6g812bgbf23gffe3f6e81257	You hurl a twisting bolt of blood at a creature within range. Make a ranged spell attack against the target. On a hit, the target takes [1], and you gain a number of Temporary Hit Points equal to your Proficiency Bonus.	Ви кидаєте стрімку кров’ю в істоту в межах досяжності. Зробіть дальню атаку закляттям проти цілі. Після влучання ціль отримує [1], а ви отримуєте кількість тимчасових очок здоров’я, що дорівнює вашому бонусу спеціалізації.		Projectile_BloodBolt;Projectile_BloodBolt_spellscroll
h33322b0egd4a5g9e80gdabdg3abd5d4b2ddc	Choose one object weighing 1 to 5 pounds within range that isn’t being worn or carried. The object flies in a straight line up to 60 feet in a direction you choose before falling to the ground, stopping early if it impacts against a solid surface. If the object would strike a creature, that creature must make a Dexterity saving throw. On a failed save, the object strikes the target and stops moving. When the object strikes something, the object and what it strikes each take bludgeoning damage.	Виберіть один предмет вагою від 1 до 5 фунтів у межах діапазону, який не можна носити чи носити з собою. Об’єкт летить по прямій лінії на відстань до 60 футів у вибраному вами напрямку, перш ніж впасти на землю, зупиняючись передчасно, якщо він зіткнеться з твердою поверхнею. Якщо об’єкт вдарить істоту, ця істота повинна зробити кидок протидії спритністю. За невдалої протидії об’єкт влучає в ціль і зупиняється. Коли об’єкт вдаряється об щось, об’єкт і те, у що він вдаряється, зазнають колосальну шкоду.		Projectile_Catapult;Projectile_Catapult_2;Projectile_Catapult_3;Projectile_Catapult_4;Projectile_Catapult_5;Projectile_Catapult_6;Projectile_Catapult_spellscroll
hbd6b6881gf721ga00agc992g1e79019f1fdb	Hurl a sphere that deals [1] and possibly creates a surface on impact. Alternatively, choose a different type of damage. 	Жбурнути сферу, яка завдає [1] й може утворити покрив у місці влучання. Можна вибрати інший тип шкоди.	Жбурнути сферу, яка завдає [1] й може утворити покрив у місці влучання. Можна вибрати інший тип шкоди.	Projectile_ChromaticOrb;Projectile_ChromaticOrb_BookOfAncientSecrets;Projectile_ChromaticOrb_spellscroll
hdd8707e6g7734gc5a4g4badg0b87de4d6de0	Hurl caustic energy that damages the target.	Кидайте їдку енергію, яка завдає шкоди цілі.		Projectile_ChromaticOrb_Acid;Projectile_ChromaticOrb_Acid_0;Projectile_ChromaticOrb_Acid_2;Projectile_ChromaticOrb_Acid_3;Projectile_ChromaticOrb_Acid_4;Projectile_ChromaticOrb_Acid_5;Projectile_ChromaticOrb_Acid_6;Projectile_ChromaticOrb_Acid_BookOfAncientSecrets
h3224c2d7g1d7bg300ag20ccg649b4317f47e	Hurl freezing energy that damages the target.	Кидає морозну енергію, яка завдає шкоди цілі.		Projectile_ChromaticOrb_Cold;Projectile_ChromaticOrb_Cold_0;Projectile_ChromaticOrb_Cold_2;Projectile_ChromaticOrb_Cold_3;Projectile_ChromaticOrb_Cold_4;Projectile_ChromaticOrb_Cold_5;Projectile_ChromaticOrb_Cold_6;Projectile_ChromaticOrb_Cold_BookOfAncientSecrets
heb3b54cbgcbacg3653g2b64g976c385573e5	Hurl fiery energy that damages the target.	Кидайте вогненну енергію, яка завдає шкоди цілі.		Projectile_ChromaticOrb_Fire;Projectile_ChromaticOrb_Fire_0;Projectile_ChromaticOrb_Fire_2;Projectile_ChromaticOrb_Fire_3;Projectile_ChromaticOrb_Fire_4;Projectile_ChromaticOrb_Fire_5;Projectile_ChromaticOrb_Fire_6;Projectile_ChromaticOrb_Fire_BookOfAncientSecrets
hd3714ebcg5f5egbf76gb132g99aafa0beda9	Hurl lightning energy that damages the target.	Кидайте енергію блискавки, яка завдає шкоди цілі.		Projectile_ChromaticOrb_Lightning;Projectile_ChromaticOrb_Lightning_0;Projectile_ChromaticOrb_Lightning_2;Projectile_ChromaticOrb_Lightning_3;Projectile_ChromaticOrb_Lightning_4;Projectile_ChromaticOrb_Lightning_5;Projectile_ChromaticOrb_Lightning_6;Projectile_ChromaticOrb_Lightning_BookOfAncientSecrets
h2d4a746egd28bge080g65a0g204697492d95	Hurl poisonous energy that damages the target.	Кидайте отруйну енергію, яка завдає шкоди цілі.		Projectile_ChromaticOrb_Poison;Projectile_ChromaticOrb_Poison_0;Projectile_ChromaticOrb_Poison_2;Projectile_ChromaticOrb_Poison_3;Projectile_ChromaticOrb_Poison_4;Projectile_ChromaticOrb_Poison_5;Projectile_ChromaticOrb_Poison_6;Projectile_ChromaticOrb_Poison_BookOfAncientSecrets
h98e647d7g3e90gc1ebg704eg55fb50319328	Hurl a sphere of thunderous energy.	Жбурнути сферу громової енергії.	Жбурнути сферу громової енергії.	Projectile_ChromaticOrb_Thunder;Projectile_ChromaticOrb_Thunder_0;Projectile_ChromaticOrb_Thunder_2;Projectile_ChromaticOrb_Thunder_3;Projectile_ChromaticOrb_Thunder_4;Projectile_ChromaticOrb_Thunder_5;Projectile_ChromaticOrb_Thunder_6;Projectile_ChromaticOrb_Thunder_BookOfAncientSecrets
h50f91c1cgccffgefd8g17f1g12dfc280157d	You utter a quick invocation to create a black nimbus around your hand, then hurl three rays of darkness at one or more targets in range. The rays can be divided among targets however you like. Make a ranged spell attack for each ray; each ray that hits deals 1d10 cold damage. A target that was hit by a ray must succeed on a Constitution saving throw or be unable to use reactions until the start of its next turn.	Ви вимовляєте швидкий заклик, щоб створити чорний німб навколо вашої руки, а потім кидаєте три промені темряви на одну або кілька цілей у радіусі. Промені можна розділити між цілями як завгодно. Зробіть дальню атаку закляттям для кожного променя; кожен промінь, який потрапляє, завдає холодної шкоди 1d10. Ціль, у яку влучив промінь, повинна вдало виконати кидок протидії «Статура» або бути нездатною використовувати реагування до початку свого наступного ходу.		Projectile_Darkbolt;Projectile_Darkbolt_3;Projectile_Darkbolt_4;Projectile_Darkbolt_5;Projectile_Darkbolt_6;Projectile_Darkbolt_spellscroll
h36e08fceg5a47gf889gc415g5a67ba284ba1	"A wave of force leaves your palms, targeting a creature within range. The target makes a Constitution saving throw. On a failed save, the creature takes 2d6 Force damage and has the <LSTag Type=""Status"" Tooltip=""STUNNED"">Stunned</LSTag> condition until the end of its next turn. On a successful save, the creature takes the damage only."	"Хвиля сили залишає ваші долоні, націлюючись на істоту в межах досяжності. Ціль робить кидок протидії статурою. За невдалої протидії істота зазнає 2d6 силової шкоди та має стан <LSTag Type=""Status"" Tooltip=""STUNNED"">Оглушений</LSTag> до кінця свого наступного ходу. За успішної протидії істота зазнає лише шкоди."		Projectile_DazingBlast;Projectile_DazingBlast_3;Projectile_DazingBlast_4;Projectile_DazingBlast_5;Projectile_DazingBlast_6;Projectile_DazingBlast_spellscroll
h4487767egdb77g3708g93a8gd0279452056a	Reduce the damage and redirect it back at your attacker.	Зменште шкоду та спрямуйте її назад на зловмисника.		Projectile_Deflect_Missiles
h8f981f57g7f1bga2f4ge878g2c2d2bc07d69	Make a ranged spell attack originating from the cannon at one creature or object. On a hit, the target takes Force damage, and if the target is a creature, it is pushed up to 5 feet away from the cannon.	Виконайте дистанційну атаку чарами з гармати на одну істоту чи об’єкт. Під час удару ціль зазнає шкоди Силою, а якщо ціллю є істота, її штовхають на 5 футів від гармати.		Projectile_EC_Detonate;Projectile_EC_ForceBallista
hbc4b3cdeg1f95g6b65gad88g180de678c0b5	As your attack hits or misses the target, the weapon or ammunition you’re using transforms into a lightning bolt. Instead of taking any damage or other effects from the attack, the target takes 4d8 Lightning damage on a hit, or half as much damage on a miss. Each creature within 10 feet of the target takes 2d8 Lightning damage.	Коли ваша атака влучає в ціль або промахується, зброя чи боєприпаси, які ви використовуєте, перетворюються на блискавку. Замість отримання будь-якої шкоди чи інших ефектів від атаки ціль зазнає 4d8 шкоди від блискавки при влучанні або вдвічі менше шкоди при промаху. Кожна істота в межах 10 футів від цілі зазнає 2d8 шкоди від блискавки.		Projectile_END_LightningArrow_Harper
h5821657eg6a48gdd10gb380ga906788793a5	Conjure [1] beam(s) of crackling energy.	Вичарувати [1] промінь(-ені) іскристої енергії.	Вичарувати [1] промінь(-ені) іскристої енергії.	Projectile_EldritchBlast;Projectile_EldritchBlast_spellscroll
h3367c648g51fdgae6fg0235gb1564088689f	You extend your forefinger and thumb, a dangerous gesture mimicking a gun.	Ви витягуєте вказівний і великий пальці, небезпечний жест, що імітує пістолет.		Projectile_FingerGuns;Projectile_FingerGuns_spellscroll
h881f5947g342fg38ffg9bc6g433b1271191a	"<LSTag Type=""Status"" Tooltip=""POISONED"">Poisons</LSTag> the target."	"<LSTag Type=""Status"" Tooltip=""POISONED"">Отруює</LSTag> ціль."		Projectile_HAG_RayOfSickness_Staff
hc50e8dbcg2bbagfb26gb64fg9efcb00f26ed	You can make one weapon attack on the first turn of combat without using an action.	Ви можете здійснити одну атаку зброєю в першому ході бою, не використовуючи дію.		Projectile_HairTrigger
h7978f94bg37bbgd94fg0344g897bfa2c2b06	Jump to the selected location, consuming movement equal to the distance jumped.	Стрибніть у вибране місце, споживаючи рух, що дорівнює пройденій відстані.		Projectile_Jump
hc421c06eg7266g8444g3e70g03d5b5fcf166	As your attack hits or misses the target, the weapon or ammunition you’re using transforms into a lightning bolt. Instead of taking any damage or other effects from the attack, the target takes 4d8 Lightning damage on a hit, or half as much damage on a miss. Each creature within 10 feet of the target takes 2d8 Lightning damage.	Коли ваша атака влучає в ціль або промахується, зброя чи боєприпаси, які ви використовуєте, перетворюються на блискавку. Замість отримання будь-якої шкоди чи інших ефектів від атаки ціль зазнає 4d8 шкоди від блискавки при влучанні або вдвічі менше шкоди при промаху. Кожна істота в межах 10 футів від цілі зазнає 2d8 шкоди від блискавки.		Projectile_LightningArrow;Projectile_LightningArrow_spellscroll
h0346ca00g9886g1f41g905dge46c1a82136e	Once on each of your turns when you hit a creature with the launcher, you can deal an extra 1d6 Lightning damage to that target.	У кожному своєму ході, коли ви влучаєте в істоту з пускової установки, ви можете завдати цій цілі додаткової шкоди 1d6 блискавкою.		Projectile_LightningLauncher
h10bab148g2e5eg90d3g12c3g198a5e4b7bd9	"<LSTag Type=""Status"" Tooltip=""POISONED"">Poisons</LSTag> the target."	"<LSTag Type=""Status"" Tooltip=""POISONED"">Отруює</LSTag> ціль."		Projectile_MAG_Legendary_Chromatic_RayOfSickness
h13cf2c9bg80e6g0163g3e81g9d59cc051df8	As your attack hits or misses the target, the weapon or ammunition you’re using transforms into a lightning bolt. Instead of taking any damage or other effects from the attack, the target takes 4d8 Lightning damage on a hit, or half as much damage on a miss. Each creature within 10 feet of the target takes 2d8 Lightning damage.	Коли ваша атака влучає в ціль або промахується, зброя чи боєприпаси, які ви використовуєте, перетворюються на блискавку. Замість отримання будь-якої шкоди чи інших ефектів від атаки ціль зазнає 4d8 шкоди від блискавки при влучанні або вдвічі менше шкоди при промаху. Кожна істота в межах 10 футів від цілі зазнає 2d8 шкоди від блискавки.		Projectile_MAG_LightningArrow_Shot
h07724cb8g58c2g9aaag313cg5be5871047e1	"A beam of enervating energy shoots from you toward a creature within range. The target must make a Constitution saving throw. On a successful save, the target has Disadvantage on the next attack roll it makes until the start of your next turn.

On a failed save, the target has Disadvantage on Strength-based D20 Tests for the duration. During that time, it also subtracts 1d8 from all its damage rolls. The target repeats the save at the end of each of its turns, ending the spell on a success."	"Промінь виснажливої енергії вилітає від вас до істоти в межах досяжності. Ціль повинна виконати кидок протидії. За успішної протидії ціль має Завада під час наступного кидка атаки до початку вашого наступного ходу.

У разі невдалої протидії ціль протягом тривалості має Завада у перевірках D20 на основі сили. Протягом цього часу він також віднімає 1d8 з усіх своїх кидків шкоди. Ціль повторює кидок протидії в кінці кожного свого ходу, завершуючи закляття в разі успіху."		Projectile_MAG_RayOfEnfeeblement
ha42816f3g2b46g7a69gebb9g476dfa5e4f31	As a bonus action, you can fly to a position using only 10 feet of movement. Once you use this bonus action, you can’t do so again until you finish a short or long rest, unless you expend a Psionic Energy die (no action required) to regain its use.	Як бонус, ви можете перелетіти на позицію, використовуючи лише 10 футів руху. Скориставшись цією вторинною дією, ви не зможете зробити це знову, доки не закінчите короткий або довгий відпочинок, якщо не витратите кістка Псіонічна енергія (діяти не потрібно), щоб відновити його використання.		Projectile_PsiPoweredLeap;Projectile_PsiPoweredLeap_ShortRest
h6075d06fg73e3g4deag566fg55d336f1350b	As a Bonus Action, you manifest a Psychic Blade, expend one Psionic Energy Die and roll it, and throw the blade at an unoccupied space you can see up to 30 feet away. You then teleport to that space, and the blade vanishes.	Як вторинну дію ви демонструєте психічний клинок, витрачаєте один кістка псіонічної енергії, кидаєте його та кидаєте клинок у вільний простір, який ви бачите на відстані до 30 футів. Потім ви телепортуєтеся в цей простір, і лезо зникає.		Projectile_PsychicTeleportation
h3417c2f4ga7d6g44c0g8e09gb8c2f51b93d3	Hurl a searing bolt of magical radiance at a creature. You add your Dexterity modifier to the attack and damage rolls, and the bolt deals Radiant damage equal to your Martial Arts die.	Киньте пекучу стрілу магічного сяйва в істоту. Ви додаєте свій модифікатор спритності до кидків атаки та шкоди, і болт завдає променевої шкоди, що дорівнює вашому кістці бойових мистецтв.		Projectile_RadiantSunBolt
h2600e327gc2bdg46fdg9dbbgcabb04899cee	Hurl two searing bolts of magical radiance, making the special attack twice. You can send both bolts at the same creature or split them between two.	Киньте дві пекучі стріли магічного сяйва, здійснюючи спеціальну атаку двічі. Ви можете відправити обидва стріли в одну істоту або розділити їх між двома.		Projectile_RadiantSunBolt_BonusAction
h5f226a79g1b15g405cgf870gf64805e10151	"A beam of enervating energy shoots from you toward a creature within range. The target must make a Constitution saving throw. On a successful save, the target has Disadvantage on the next attack roll it makes until the start of your next turn.

On a failed save, the target has Disadvantage on Strength-based D20 Tests for the duration. During that time, it also subtracts 1d8 from all its damage rolls. The target repeats the save at the end of each of its turns, ending the spell on a success."	"Промінь виснажливої енергії вилітає від вас до істоти в межах досяжності. Ціль повинна виконати кидок протидії. За успішної протидії ціль має Завада під час наступного кидка атаки до початку вашого наступного ходу.

У разі невдалої протидії ціль протягом тривалості має Завада у перевірках D20 на основі сили. Протягом цього часу він також віднімає 1d8 з усіх своїх кидків шкоди. Ціль повторює кидок протидії в кінці кожного свого ходу, завершуючи закляття в разі успіху."		Projectile_RayOfEnfeeblement;Projectile_RayOfEnfeeblement_spellscroll
h204f9579g57ceg19e1g0cd5g863a58542053	A beam of enervating energy shoots from you toward a creature within range. The target must make a Constitution saving throw. On a successful save, the target has Disadvantage on the next attack roll it makes until the start of your next turn.	Промінь виснажливої ​​енергії вилітає від вас до істоти в межах досяжності. Ціль повинна виконати кидок протидії. За успішної протидії ціль має Завада під час наступного кидка атаки до початку вашого наступного ходу.		Projectile_RayOfEnfeeblement_3
h58d34c7bgba94g21d5gf05ag4ed5c0aea0ab	"A beam of enervating energy shoots from you toward a creature within range. The target must make a Constitution saving throw. On a successful save, the target has Disadvantage on the next attack roll it makes until the start of your next turn.

On a failed save, the target has Disadvantage on Strength-based D20 Tests for the duration. During that time, it also subtracts 1d8 from all its damage rolls. The target repeats the save at the end of each of its turns, ending the spell on a success."	"Промінь виснажливої енергії вилітає від вас до істоти в межах досяжності. Ціль повинна виконати кидок протидії. За успішної протидії ціль має Завада під час наступного кидка атаки до початку вашого наступного ходу.

У разі невдалої протидії ціль протягом тривалості має Завада у перевірках D20 на основі сили. Протягом цього часу він також віднімає 1d8 з усіх своїх кидків шкоди. Ціль повторює кидок протидії в кінці кожного свого ходу, завершуючи закляття в разі успіху."		Projectile_RayOfEnfeeblement_4
h0b14dd67gb5f5gc96dg4d31g57097dbedd01	"A beam of enervating energy shoots from you toward a creature within range. The target must make a Constitution saving throw. On a successful save, the target has Disadvantage on the next attack roll it makes until the start of your next turn.

On a failed save, the target has Disadvantage on Strength-based D20 Tests for the duration. During that time, it also subtracts 1d8 from all its damage rolls. The target repeats the save at the end of each of its turns, ending the spell on a success."	"Промінь виснажливої енергії вилітає від вас до істоти в межах досяжності. Ціль повинна виконати кидок протидії. За успішної протидії ціль має Завада під час наступного кидка атаки до початку вашого наступного ходу.

За невдалої протидії ціль має Завада у перевірках D20 на основі сили протягом усього часу. Протягом цього часу він також віднімає 1d8 з усіх своїх кидків шкоди. Ціль повторює кидок протидії в кінці кожного свого ходу, завершуючи закляття в разі успіху."		Projectile_RayOfEnfeeblement_5
h2eb3007dg66b1g256cg24e5g51538a8f09c9	"A beam of enervating energy shoots from you toward a creature within range. The target must make a Constitution saving throw. On a successful save, the target has Disadvantage on the next attack roll it makes until the start of your next turn.

On a failed save, the target has Disadvantage on Strength-based D20 Tests for the duration. During that time, it also subtracts 1d8 from all its damage rolls. The target repeats the save at the end of each of its turns, ending the spell on a success."	"Промінь виснажливої енергії вилітає від вас до істоти в межах досяжності. Ціль повинна виконати кидок протидії. За успішної протидії ціль має Завада під час наступного кидка атаки до початку вашого наступного ходу.

У разі невдалої протидії ціль протягом тривалості має Завада у перевірках D20 на основі сили. Протягом цього часу він також віднімає 1d8 з усіх своїх кидків шкоди. Ціль повторює кидок протидії в кінці кожного свого ходу, завершуючи закляття в разі успіху."		Projectile_RayOfEnfeeblement_6
h62840b59g871cgdf70gec31g5bda4b8858d2	"<LSTag Type=""Status"" Tooltip=""POISONED"">Poisons</LSTag> the target."	"<LSTag Type=""Status"" Tooltip=""POISONED"">Отруює</LSTag> ціль."		Projectile_RayOfSickness;Projectile_RayOfSickness_spellscroll
h0a0c0a89gc109g1dfega8b7g644a8b3a0f9d	"<LSTag Type=""Status"" Tooltip=""POISONED"">Poisons</LSTag> the target."	"<LSTag Type=""Status"" Tooltip=""POISONED"">Отруює</LSTag> ціль."		Projectile_RayOfSickness_2
h19695d2bgc8ebgf448g68a8g09235680c4c8	"<LSTag Type=""Status"" Tooltip=""POISONED"">Poisons</LSTag> the target."	"<LSTag Type=""Status"" Tooltip=""POISONED"">Отруює</LSTag> ціль."		Projectile_RayOfSickness_3
h7b2eb0a2g64b2g7bfcg2744g6270c1f1e167	"<LSTag Type=""Status"" Tooltip=""POISONED"">Poisons</LSTag> the target."	"<LSTag Type=""Status"" Tooltip=""POISONED"">Отруює</LSTag> ціль."		Projectile_RayOfSickness_4
h29d2b04dgf6cdgaa4cge9cegcd50e2f94044	"<LSTag Type=""Status"" Tooltip=""POISONED"">Poisons</LSTag> the target."	"<LSTag Type=""Status"" Tooltip=""POISONED"">Отруює</LSTag> ціль."		Projectile_RayOfSickness_5
h72480687g9aedg63f6g71a9gf54e11ec105f	"<LSTag Type=""Status"" Tooltip=""POISONED"">Poisons</LSTag> the target."	"<LSTag Type=""Status"" Tooltip=""POISONED"">Отруює</LSTag> ціль."		Projectile_RayOfSickness_6
habfdeb9dg0444g413eg5f04g299364deece0	"<LSTag Type=""Status"" Tooltip=""POISONED"">Poisons</LSTag> the target."	"<LSTag Type=""Status"" Tooltip=""POISONED"">Отруює</LSTag> ціль."		Projectile_RayOfSickness_BookOfAnceintSecrets
hdf6371dcga18fg87bcgbe0dgf6e2f7928012	"You create and hurl a pulsing orb of energy at one creature within range. Make a ranged spell attack against the target. On a hit, the target takes Radiant damage. Hit or miss, the orb then explodes in a flash of light. The target and each creature within 10 feet of it make a Constitution saving throw. On a failed save, a creature has the <LSTag Type=""Status"" Tooltip=""BLINDED"">Blinded</LSTag> condition until the end of its next turn."	"Ви створюєте та кидаєте пульсуючу кулю енергії в одну істоту в радіусі дії. Зробіть дальню атаку закляттям проти цілі. Після влучання ціль зазнає променеву шкоду. Удар або промах, куля вибухає спалахом світла. Ціль і кожна істота в межах 10 футів від неї виконують кидок протидії. За невдалої протидії істота має стан <LSTag Type=""Status"" Tooltip=""BLINDED"">Засліплений</LSTag> до кінця наступного ходу."		Projectile_SearingOrb;Projectile_SearingOrb_3;Projectile_SearingOrb_4;Projectile_SearingOrb_5;Projectile_SearingOrb_6;Projectile_SearingOrb_spellscroll
hf563ea3agdf1fg4c33g8803gf91061de1389	Create an orb of light and hurl it at a point of your choice, where it erupts into a sphere of radiant light for a brief but deadly instant, searing every creature caught in the blast.	Створіть кулю світла та киньте її у вибрану точку, де вона на коротку, але смертоносну мить спалахне у сферу променистого світла, обпалюючи кожну істоту, захоплену вибухом.		Projectile_SearingSunburst;Projectile_SearingSunburst_1;Projectile_SearingSunburst_2;Projectile_SearingSunburst_3;Projectile_SearingSunburst_4
hcd8ed7acga54dg31f4gb831g3687c2792f10	Once per turn when you hit a creature with your pact weapon, you can expend a Pact Magic spell slot to deal an extra 1d8 Force damage to the target, plus another 1d8 per level of the spell slot, and you can give the target the Prone condition if it is Huge or smaller.	Один раз за хід, коли ви вражаєте істоту вашою пактною зброєю, ви можете використати чарунку заклять Магія пакту, щоб завдати цілі додаткової шкоди 1d8 Силова, а також ще один 1d8 на рівень чарунки заклять, і ви можете надати цілі стан Повалення, якщо вона Величезна або менша.		Projectile_Smite_Eldritch;Projectile_Smite_Eldritch_3;Projectile_Smite_Eldritch_4;Projectile_Smite_Eldritch_5
h5bbad71ag4750g78afg0c59ga5aca446dc13	When you deal Sneak Attack damage, you can forgo your Sneak Attack's extra damage. If you do, the target must succeed on a Constitution saving throw or be Paralyzed until the end of your next turn.	Коли ви завдаєте шкоди від підступного удару, ви можете відмовитися від додаткової шкоди від підступного удару. Якщо ви це зробите, ціль має вдало виконати кидок протидії статурою або бути паралізованою до кінця вашого наступного ходу.		Projectile_SneakAttack_Paralytic
hc1cce658gb841g21b6gb82bgc5fddc780327	You throw [1] snowballs at a point you choose within range. Each snowball affects creatures in a 5-foot-radius sphere centered on that point. Each creature in the area must make a Dexterity saving throw, taking [2] per snowball on a failed save, or half as much damage on a successful one.	Ви кидаєте сніжки [1] у вибрану вами точку в радіусі дії. Кожен сніжок впливає на істот у сфері радіусом 5 футів із центром у цій точці. Кожна істота в зоні повинна зробити кидок протидії спритністю, отримуючи [2] за сніжку за невдале порятунок або вдвічі менше шкоди за успішне.		Projectile_SnowballSwarm;Projectile_SnowballSwarm_3;Projectile_SnowballSwarm_4;Projectile_SnowballSwarm_5;Projectile_SnowballSwarm_6;Projectile_SnowballSwarm_spellscroll
hf0be6fffg6e33g9c45g69bdg8f11958d0454	"You cast sorcerous energy at one creature or object within range. Make a ranged spell attack against the target. On a hit, the target takes damage of a type you choose: Acid, Cold, Fire, Lightning, Poison, Psychic, or Thunder.

Sometimes the magic surges and deals additional damage. The chance of a magical surge increases each time this cantrip’s damage increases at higher levels."	"Ви спрямовуєте чаклунську енергію на одну істоту чи об’єкт у радіусі дії. Зробіть дальню атаку закляттям проти цілі. Після удару ціль зазнає шкоди вибраного вами типу: кислота, холод, вогонь, блискавка, отрута, екстрасенс або грім.

Іноді магія посилюється і завдає додаткової шкоди. Імовірність магічного сплеску зростає щоразу, коли шкода від цієї здатності збільшується на вищих рівнях."		Projectile_SorcerousBurst;Projectile_SorcerousBurst_1;Projectile_SorcerousBurst_2;Projectile_SorcerousBurst_3;Projectile_SorcerousBurst_4;Projectile_SorcerousBurst_5;Projectile_SorcerousBurst_6;Projectile_SorcerousBurst_7;Projectile_SorcerousBurst_Dummy;Projectile_SorcerousBurst_spellscroll
hcfd88999g4267g263ag85aag89c1108ee65c	You unleash a blast of brilliant fire. Make a ranged spell attack against a target within range. On a hit, the target takes Radiant damage.	Ви випускаєте вибух блискучого вогню. Зробіть дальню атаку закляттям проти цілі в радіусі. Після влучання ціль зазнає променеву шкоду.		Projectile_SpellfireFlare;Projectile_SpellfireFlare_2;Projectile_SpellfireFlare_3;Projectile_SpellfireFlare_4;Projectile_SpellfireFlare_5;Projectile_SpellfireFlare_6;Projectile_SpellfireFlare_spellscroll
h9cbc738dgd21bg77f4g2687gd1ac412ca2b4	"You launch a mote of light at one creature or object within range. Make a ranged spell attack against the target. On a hit, the target takes Radiant damage, and until the end of your next turn, it emits Dim Light in a [1] radius and can’t benefit from the <LSTag Type=""Status"" Tooltip=""INVISIBLE"">Invisible</LSTag> condition."	"Ви запускаєте порошинку світла в одну істоту чи об’єкт у радіусі дії. Зробіть дальню атаку закляттям проти цілі. Після влучання ціль зазнає променеву шкоду, і до кінця вашого наступного ходу вона випромінює тьмяне світло в радіусі [1] і не може отримати користь від стану <LSTag Type=""Status"" Tooltip=""INVISIBLE"">Невидимість</LSTag>."		Projectile_StarryWisp;Projectile_StarryWisp_spellscroll
h0da58492g230cg424fg00cdg006fb672dd4d	You flourish the weapon used in the casting and then vanish to strike like the wind, reappearing beside a creature you can see within range and making a melee spell attack against it. You then continue on, moving between nearby foes to attack again, striking up to five different creatures in total. On a hit, a target takes [1].	Ви розмахуєте зброєю, яка використовується під час закляття, а потім зникаєте, щоб завдати удару, як вітер, знову з’являючись біля істоти, яку ви бачите в радіусі, і атакуючи її закляттям ближнього бою. Потім ви продовжуєте, переміщаючись між сусідніми ворогами, щоб знову атакувати, вражаючи загалом до п’яти різних істот. Після влучання ціль отримує [1].		Projectile_SteelWindStrike_Extra;Projectile_SteelWindStrike_Extra_2;Projectile_SteelWindStrike_Extra_3;Projectile_SteelWindStrike_Extra_4;Target_SteelWindStrike;Target_SteelWindStrike_6;Target_SteelWindStrike_spellscroll
he4305daaga010gf583gff81gcaf63ebe3f32	Leap up to twice your normal jump distance. This jump consumes movement equal to half the distance traveled.	Стрибни вдвічі більше, ніж звичайна відстань. Цей стрибок потребує руху, що дорівнює половині пройденої відстані.		Projectile_StepOfTheWind_Jump
hff527d02g065ag6c5bgaafeg7ba35d5b2763	As a Bonus Action, you manifest a second Psychic Blade in your free hand and throw it at a creature you can see, dealing Psychic damage. The blade has the Vex weapon mastery property, then vanishes.	Як вторинну дію ви демонструєте другий психічний клинок у вільній руці та кидаєте його в істоту, яку бачите, завдаючи психічної шкоди. Клинок має властивість Збентеження Майстерність зброї, а потім зникає.		Projectile_Throw_Soulknife
he4de88abg8ba4g6afeg8c45g9069fad18699	Guided by a flash of magical insight, you make one attack with the weapon used in the spell’s casting. The attack uses your spellcasting ability for the attack and damage rolls instead of using Strength or Dexterity. If the attack deals damage, it can be Radiant damage or the weapon’s normal damage type (your choice).	Керуючись спалахом магічного проникнення, ви виконуєте одну атаку зброєю, яка використовується під час застосування закляття. Атака використовує вашу здатність закляття для кидків атаки та шкоди замість використання сили чи спритності. Якщо атака завдає шкоди, це може бути променева шкода або звичайний тип шкоди зброї (на ваш вибір).		Projectile_TrueStrike_Radiant;Projectile_TrueStrike_Ranged
hea231ad3g2d3cg3aedge6d0ge22e99d5107a	You point at a location within range, and a glowing, 1-foot-diameter ball of acid streaks there and explodes in a 20-foot-radius Sphere. Each creature in that area makes a Dexterity saving throw. On a failed save, a creature takes [1] and another [2] at the end of its next turn. On a successful save, a creature takes half the initial damage only.	Ви вказуєте на місце в межах досяжності, і променева кислотна куля діаметром 1 фут пробивається там і вибухає у сфері радіусом 20 футів. Кожна істота в цій області виконує кидок протидії спритністю. У разі невдалої протидії одна істота бере [1] і іншу [2] в кінці наступного ходу. За успішної протидії істота зазнає лише половину початкової шкоди.		Projectile_VitriolicSphere;Projectile_VitriolicSphere_5;Projectile_VitriolicSphere_6;Projectile_VitriolicSphere_spellscroll
h5cfaf826gcbcdg6716gd3c9gb82508ad025d	With a short phrase of void speech, you gather writhing darkness around your hand. When you cast the spell, and as an action on subsequent turns, you can unleash a bolt of darkness at a target within range. Make a ranged spell attack. If your target is in dim light or darkness, you have advantage on the roll. On a hit, the target takes necrotic damage and is frightened of you until the start of your next turn.	Короткою фразою пустої мови ви збираєте навколо своєї руки звиваючу темряву. Коли ви використовуєте закляття та як дію під час наступних ходів, ви можете випустити снаряд темряви в ціль у межах радіуса дії. Зробіть дальню атаку закляттям. Якщо ваша ціль знаходиться в тьмяному світлі або темряві, ви маєте перевагу в кидку. Під час удару ціль зазнає некротичну шкоду та боїться вас до початку вашого наступного ходу.		Projectile_VoidStrike;Projectile_VoidStrike_4;Projectile_VoidStrike_5;Projectile_VoidStrike_6;Projectile_VoidStrike_Recast_3;Projectile_VoidStrike_Recast_4;Projectile_VoidStrike_Recast_5;Projectile_VoidStrike_Recast_6;Projectile_VoidStrike_spellscroll
h42d34c6cg2c2dg6152g7c9dg22ed3a5cedc7	You hurl a disorienting magical force toward one creature within range. The target makes a Constitution saving throw. On a failed save, the target takes Force damage, its Speed is halved until the start of your next turn, and on its next turn, it can take only an action or a Bonus Action (but not both). On a successful save, the target takes half as much damage only.	Ви кидаєте дезорієнтуючу магічну силу на одну істоту в радіусі дії. Ціль робить кидок протидії статурою. У разі невдалої протидії ціль зазнає шкоди Силою, її швидкість зменшується вдвічі до початку вашого наступного ходу, а під час наступного ходу вона може виконати лише дію або вторинну дію (але не обидва). За успішної протидії ціль зазнає удвічі менше шкоди.		Projectile_Wardaway;Projectile_Wardaway_2;Projectile_Wardaway_3;Projectile_Wardaway_4;Projectile_Wardaway_5;Projectile_Wardaway_6;Projectile_Wardaway_spellscroll
h6abe2717g78bdgfbc5g2d30g1cc22e96ca24	Charge forward and attack the first enemy in your way.	Киньтеся вперед і атакуйте першого ворога на своєму шляху.		Rush_Attack_Steed
h39e3d3b1gb37fgc87bg75c2g7b659b7eb280	Deal more damage: charge forward and slam into the first enemy in your way.	Завдайте більше шкоди: ривайте вперед і врізайтеся в першого ворога на своєму шляху.		Rush_Charger_Attack_Unarmed
h811be34fge8e2ga406g6b57gb6eda91fa978	You can expend one Risk Die to move up to 30 feet. This movement doesn’t provoke Opportunity Attacks and is unaffected by Difficult Terrain.	Ви можете витратити один кістка ризику, щоб переміститися до 30 футів. Цей рух не викликає принагідних атак і на нього не впливає складна місцевість.		Rush_DodgeRoll
h6d9021a0gb82bgbcb8ge41bgbb23b222a400	"Charge forward, possibly knocking the target <LSTag Type=""Status"" Tooltip=""PRONE"">Prone</LSTag>."	"Киньтеся вперед, можливо, збиваючи ціль <LSTag Type=""Status"" Tooltip=""PRONE"">Повалення</LSTag>."		Rush_Rush_Boar_Summon
h8f70346agdae6g92b8gc487gb1bbc53e7cbd	"<LSTag Type=""Status"" Tooltip=""TURNED"">Turn</LSTag> nearby aberrations, celestials, elementals, feys, or fiends. They are forced to flee and cannot come close to you."	"<LSTag Type=""Status"" Tooltip=""TURNED"">Хід</LSTag> найближчі аберації, небожителі, елементали, фейри чи демони. Вони змушені тікати і не можуть наблизитися до вас."		Shout_AbjureTheExtraplanar
h2127d371g53e2g616ag957cg184d49e115ef	The spell captures some of the incoming energy, lessening its effect on you and storing it for your next melee attack. You have resistance to the triggering damage type until the start of your next turn. Also, the first time you hit with a melee attack on your next turn, the target takes an extra [1] damage of the triggering type, and the spell ends.	Закляття захоплює частину вхідної енергії, зменшуючи її вплив на вас і зберігаючи її для наступної атаки ближнього бою. У вас є стійкість до типу шкоди, що викликається, до початку наступного ходу. Крім того, коли ви вперше завдаєте атаки ближнього бою під час наступного ходу, ціль зазнає додаткової шкоди [1] типу тригеру, і закляття закінчується.		Shout_AbsorbElements;Shout_AbsorbElements_2;Shout_AbsorbElements_3;Shout_AbsorbElements_4;Shout_AbsorbElements_5;Shout_AbsorbElements_6;Shout_AbsorbElements_Dummy
ha89bce32gf8a8g61a1gda37gae4076b0817a	You gain proficiency in any combination of three skills of your choice.	Ви отримуєте майстерність у будь-якій комбінації трьох навичок на ваш вибір.		Shout_Acrobatics;Shout_AnimalHandling;Shout_Arcana;Shout_Athletics;Shout_Deception;Shout_History;Shout_Insight;Shout_Intimidation;Shout_Investigation;Shout_Medicine;Shout_Nature;Shout_Perception;Shout_Performance;Shout_Persuasion;Shout_Religion;Shout_Skilled;Shout_SleightOfHand;Shout_Stealth;Shout_Survival
he98b170fg0b2bg4502g8a0fg3f8f765d62aa	"You can take the <LSTag Type=""Spell"" Tooltip=""Shout_Dash"">Dash</LSTag> action as a Bonus Action. When you do so, you gain a number of Temporary Hit Points equal to your Proficiency Bonus."	"Ви можете взяти дію <LSTag Type=""Spell"" Tooltip=""Shout_Dash"">Ривок</LSTag> як вторинну дію. Коли ви це зробите, ви отримаєте кількість тимчасових очок здоров’я, що дорівнює вашому бонусу за кваліфікацію."		Shout_AdrenalineRush
hfd4a4e4dg3a3eg0bd1g2716gc7e32738a35f	You tap into your life force to heal yourself. Roll [1] of your unexpended Hit Point Dice, and regain a number of Hit Points equal to the roll’s total plus your spellcasting ability modifier. Those dice are then expended.	Ви використовуєте свою життєву силу, щоб зцілити себе. Киньте [1] своїх невитрачених кісток здоров’я та відновіть кількість очок здоров’я, що дорівнює загальній сумі кидка, плюс ваш модифікатор здатності закляття. Потім ці кістки витрачаються.		Shout_ArcaneVigor;Shout_ArcaneVigor10;Shout_ArcaneVigor10_3;Shout_ArcaneVigor10_4;Shout_ArcaneVigor10_5;Shout_ArcaneVigor10_6;Shout_ArcaneVigor12;Shout_ArcaneVigor12_3;Shout_ArcaneVigor12_4;Shout_ArcaneVigor12_5;Shout_ArcaneVigor12_6;Shout_ArcaneVigor6;Shout_ArcaneVigor6_3;Shout_ArcaneVigor6_4;Shout_ArcaneVigor6_5;Shout_ArcaneVigor6_6;Shout_ArcaneVigor8;Shout_ArcaneVigor8_3;Shout_ArcaneVigor8_4;Shout_ArcaneVigor8_5;Shout_ArcaneVigor8_6
h441c9c45ge8e7g3d2cg79e6g8a57eab6e20d	You can expend a spell slot, and the ward regains a number of Hit Points equal to twice the level of the spell slot expended.	Ви можете використати чарунку заклять, і оберіг відновить кількість очок здоров’я, що дорівнює подвійному рівню витраченої чарунки заклять.		Shout_ArcaneWard;Shout_ArcaneWard_1;Shout_ArcaneWard_2;Shout_ArcaneWard_3;Shout_ArcaneWard_4;Shout_ArcaneWard_5;Shout_ArcaneWard_6
hcc906553g972bg8298gd9cfga6a42e0fdb7c	You can customize your Arcane Armor. When you do so, choose one of the following armor models: Dreadnaught, Guardian, or Infiltrator. The model you choose gives you special benefits while you wear it. Each model includes a special weapon. When you attack with that weapon, you can add your Intelligence modifier, instead of your Strength or Dexterity modifier, to the attack and damage rolls.	Ви можете налаштувати свою Містична броня. Коли ви це зробите, виберіть одну з наступних моделей броні: Дредноут, Захисник або Розвідник. Вибрана вами модель дає вам особливі переваги під час її носіння. Кожна модель включає спеціальну зброю. Коли ви атакуєте цією зброєю, ви можете додати модифікатор інтелекту замість модифікатора сили чи спритності до кидків атаки та шкоди.		Shout_ArmorModel
he2a10ea7ge923ge756g16a5gec995e896057	"You design your armor to become a towering juggernaut in battle. It has the following features:

Force Demolisher. An arcane wrecking ball or sledgehammer projects from your armor. The demolisher counts as a Simple Melee weapon with the Reach property, and it deals 1d10 Force damage on a hit. If you hit a creature that is at least one size smaller than you with the demolisher, you can push the creature up to 10 feet straight away from yourself or pull the creature up to 10 feet toward yourself.
Giant Stature. As a Bonus Action, you transform and enlarge your armor for 1 minute."	"Ви створюєте свою броню, щоб стати грандіозним гігантом у бою. Він має такі особливості:

Силовий руйнівник. Таємна руйнівна куля або кувалда виступає з вашої броні. Руйнівник вважається простою зброєю ближнього бою з властивістю «Досяжність» і завдає силової шкоди 1d10 під час удару. Якщо ви вдарите руйнівником істоту, яка принаймні на один розмір менша за вас, ви можете штовхнути істоту до 10 футів прямо від себе або потягнути істоту до 10 футів до себе.
Гігантський зріст. Як вторинну дію ви трансформуєте та збільшуєте свою броню на 1 хвилину."		Shout_ArmorModel_1
h59b9ca7dgb3a7g13d9gaca8g5cb0cc11512f	"You design your armor to be in the front line of conflict. It has the following features:

Thunder Pulse. You can discharge concussive blasts with strikes from your armor. The pulse counts as a Simple Melee weapon and deals 1d8 Thunder damage on a hit. A creature hit by the pulse has Disadvantage on attack rolls against targets other than you until the start of your next turn.
Defensive Field. While Bloodied, you can take a Bonus Action to gain Temporary Hit Points equal to your Artificer level. You lose these Temporary Hit Points if you doff the armor."	"Ви створюєте свою броню, щоб бути на передовій лінії конфлікту. Він має такі особливості:

Громовий пульс. Ви можете скидати струсні вибухи ударами з броні. Пульс вважається простою зброєю ближнього бою та завдає шкоди 1d8 Грім під час удару. Істота, уражена імпульсом, має Завада у кидках атаки проти інших цілей, крім вас, до початку вашого наступного ходу.
Оборонне поле. Під час закривавлення ви можете виконати вторинну дію, щоб отримати тимчасові очки здоров’я, що дорівнюють вашому рівню Артифікатора. Ви втрачаєте ці тимчасові очки здоров’я, якщо знімаєте броню."		Shout_ArmorModel_2
h9d97ea6eg0369g70aag3edegb0ac7465f9b3	"You customize your armor for subtler undertakings. It has the following features:

Lightning Launcher. A gemlike node appears on your armor, from which you can shoot bolts of lightning. The launcher counts as a Simple Ranged weapon, and it deals 1d6 Lightning damage on a hit. Once on each of your turns when you hit a creature with the launcher, you can deal an extra 1d6 Lightning damage to that target.
Powered Steps. Your Speed increases by 5 feet.
Dampening Field. You have Advantage on Dexterity (<LSTag Type=""Skills"" Tooltip=""Stealth"">Stealth</LSTag>) checks."	"Ви налаштовуєте свою броню для більш тонких справ. Він має такі особливості:

Блискавкомет. На вашій броні з’являється вузол, схожий на самоцвіт, з якого можна стріляти блискавками. Пускова установка вважається простою зброєю далекого бою та завдає 1d6 шкоди від блискавки під час удару. У кожному своєму ході, коли ви влучаєте в істоту з пускової установки, ви можете завдати цій цілі додаткової шкоди 1d6 блискавкою.
Електропідйомники. Ваша швидкість збільшується на 5 футів.
Поле зволоження. У вас є перевірки на перевагу спритності (<LSTag Type=""Skills"" Tooltip=""Stealth"">Скритність</LSTag>)."		Shout_ArmorModel_3
hc093f34eg734bg4909g8ea8g91e0aff0472a	The billowing flames of a dragon blast from your feet, granting you explosive speed. For the duration, your Speed increases by [1], and moving doesn't provoke Opportunity Attacks. Whenever you move within [2] of a creature, it takes Fire damage from your trail of heat. A creature can take this damage only once during a turn.	Бурхливе полум'я дракона виривається з ваших ніг, надаючи вам вибухову швидкість. Протягом тривалості ваша швидкість збільшується на [1], а рух не викликає принагідних атак. Щоразу, коли ви рухаєтеся в межах [2] істоти, воно зазнає шкоди вогню від вашого сліду тепла. Істота може отримати цю шкоду лише один раз за хід.		Shout_AshardalonsStride;Shout_AshardalonsStride_4;Shout_AshardalonsStride_5;Shout_AshardalonsStride_6;Shout_AshardalonsStride_spellscroll
h4f9f38d6gda7fg1e2egc9a1gab2a9e20fa30	"You constantly emanate a menacing aura while you’re not incapacitated. The aura extends 10 feet from you in every direction, but not through total cover.

If a creature is frightened of you, it has Disadvantage on ability checks and attack rolls while in the aura, and that creature takes psychic damage equal to half your paladin level if it starts its turn there."	"Ви постійно випромінюєте загрозливу ауру, поки ви не втрачені. Аура поширюється на 10 футів від вас у будь-якому напрямку, але не через повне покриття.

Якщо істота боїться вас, вона має Завада у перевірках здібностей і кидках атаки, перебуваючи в аурі, і ця істота зазнає психічну шкоду, що дорівнює половині вашого рівня паладина, якщо починає свій хід там."		Shout_AuraOfConquest
h7f5b837cg0df3g8c6eg1f50ga527560cf9e6	"While this aura lasts, you can cast <LSTag Type=""Spell"" Tooltip=""Target_AuraOfVitality_Activate"">Restore Vitality</LSTag> to heal yourself or nearby allies."	"Поки ця аура діє, ви можете використати <LSTag Type=""Spell"" Tooltip=""Target_AuraOfVitality_Activate"">Відновлення життєвої сили</LSTag>, щоб зцілити себе чи союзників поблизу."		Shout_AuraOfVitality;Shout_AuraOfVitality_spellscroll
h476d4d67g76e8g6262gd36egb27efe1c901e	"While this aura lasts, you can cast <LSTag Type=""Spell"" Tooltip=""Target_AuraOfVitality_Activate"">Restore Vitality</LSTag> to heal yourself or nearby allies."	"Поки ця аура діє, ви можете застосувати <LSTag Type=""Spell"" Tooltip=""Target_AuraOfVitality_Activate"">Відновлення життєвої сили</LSTag>, щоб зцілити себе чи союзників поблизу."		Shout_AuraOfVitality_4
h7d1ef8c7g9579g8074g2716gfb96c3ca8934	"While this aura lasts, you can cast <LSTag Type=""Spell"" Tooltip=""Target_AuraOfVitality_Activate"">Restore Vitality</LSTag> to heal yourself or nearby allies."	"Поки ця аура діє, ви можете використати <LSTag Type=""Spell"" Tooltip=""Target_AuraOfVitality_Activate"">Відновлення життєвої сили</LSTag>, щоб зцілити себе чи союзників поблизу."		Shout_AuraOfVitality_5
ha752c62cg8192gf687g995fg58c4adc7169b	"While this aura lasts, you can cast <LSTag Type=""Spell"" Tooltip=""Target_AuraOfVitality_Activate"">Restore Vitality</LSTag> to heal yourself or nearby allies."	"Поки ця аура діє, ви можете застосувати <LSTag Type=""Spell"" Tooltip=""Target_AuraOfVitality_Activate"">Відновлення життєвої сили</LSTag>, щоб зцілити себе чи союзників поблизу."		Shout_AuraOfVitality_6
hae6c4966g7a68ga1edg4bc6gae39ac7aeb6b	"You and any nearby allies have Resistance to Necrotic, Psychic, and Radiant damage. The aura disappears if you fall <LSTag Type=""Status"" Tooltip=""DOWNED"">Unconscious</LSTag>."	"Ви та будь-які найближчі союзники маєте стійкість до некротичної, психічної та променевої шкоди. Аура зникає, якщо ви впадете <LSTag Type=""Status"" Tooltip=""DOWNED"">стан Непритомності</LSTag>."		Shout_AuraOf_Warding
h5c32e99cgde90g115cgb925g8d1863515d98	You can expend one Risk Die to gain Temporary Hit Points equal to the number rolled on the die plus your Gunslinger level.	Ви можете витратити один кістка ризику, щоб отримати тимчасові очки здоров’я, які дорівнюють числу, викинутому на кістці, плюс рівень стрілка.		Shout_BiteTheBullet
h2d02ec84g3e0bgc04dg1756g3cb36683f435	Whenever a creature makes an attack roll against you before the spell ends, the attacker subtracts 1d4 from the attack roll.	Щоразу, коли істота робить кидок атаки проти вас до закінчення дії закляття, нападник віднімає 1d4 з кидка атаки.		Shout_BladeWard;Shout_BladeWard_spellscroll
hcf424f73gfc0dg7cc2gd583ga378200e953d	"While the Bladesong is active, you gain the following benefits.

Agility. You gain a bonus to your AC equal to your Intelligence modifier (minimum of +1), and your Speed increases by 10 feet. In addition, you have Advantage on Dexterity (<LSTag Type=""Skills"" Tooltip=""Acrobatics"">Acrobatics</LSTag>) checks.

Bladework. Whenever you attack with a weapon with which you have proficiency, you can use your Intelligence modifier for the attack and damage rolls instead of using Strength or Dexterity.

Focus. When you make a Constitution saving throw to maintain Concentration, you can add your Intelligence modifier to the total."	"Поки Пісня клинка активний, ви отримуєте такі переваги.

Спритність. Ви отримуєте бонус до свого РЗ, що дорівнює модифікатору інтелекту (мінімум +1), а ваша швидкість збільшується на 10 футів. Крім того, у вас є перевірки на перевагу спритності (<LSTag Type=""Skills"" Tooltip=""Acrobatics"">Акробатика</LSTag>).

Лезо. Щоразу, коли ви атакуєте зброєю, якою ви володієте навичками, ви можете використовувати свій модифікатор інтелекту для кидків атаки та шкоди замість використання сили чи спритності.

Фокус. Коли ви робите кидок протидії «Статура», щоб зберегти концентрацію, ви можете додати свій модифікатор інтелекту до загальної суми."		Shout_Bladesong
h133443e3g83d1g23b9gaa79g6afa4fd2cc92	You can expend one Risk Die to gain Blindsight with a range of 30 feet until the end of the current turn.	Ви можете витратити один кістка ризику, щоб отримати Сліпозір із радіусом дії 30 футів до кінця поточного ходу.		Shout_Blindfire
hf67f7f88ga42fgb7c6g3526gd17410ea4287	"Thunderous reverberations fill a 10-foot Emanation originating from you for the duration. Whenever the Emanation enters a creature’s space and whenever a creature enters the Emanation or ends its turn there, the creature makes a Constitution saving throw. On a failed save, the creature takes Thunder damage. On a successful save, the creature takes half as much damage only. A creature makes this save only once per turn.

In addition, you have Resistance to Thunder damage, and ranged attack rolls against you are made with Disadvantage."	"Громовий відгомін заповнює 10-футову еманацію, що виходить від вас протягом усього часу. Щоразу, коли Еманація входить у простір істоти, і коли істота входить у Еманацію або закінчує свій хід там, істота робить кидок протидії статурою. За невдалої протидії істота зазнає шкоди грому. За успішної протидії істота зазнає удвічі менше шкоди. Істота виконує цей кидок протидії лише один раз за хід.

Крім того, у вас є стійкість до грози, а кидки дальньої атаки проти вас виконуються з Завадою."		Shout_CacophonicShield;Shout_CacophonicShield_4;Shout_CacophonicShield_5;Shout_CacophonicShield_6;Shout_CacophonicShield_spellscroll
h1b6e4734gfe4cg6127g1562gd33af4d185ba	You and each ally within 30 feet of you gain Temporary Hit Points equal to your Warlock level plus your Charisma modifier. Once you use this feature, you can’t use it again until you finish a Short Rest.	Ви та кожен союзник у межах 30 футів від вас отримуєте тимчасові очки здоров’я, що дорівнюють вашому рівню чаклуна плюс ваш модифікатор Харизми. Скориставшись цією особливістю, ви не зможете використовувати її знову, доки не завершите короткий відпочинок.		Shout_CelestialResilience
hb4b6f30eg2b17g2d0dg2d38g75f0949d374e	"When you reach character level 3, you can transform as a Bonus Action using one of the options. The transformation lasts for 1 minute or until you end it (no action required). Once you transform, you can’t do so again until you finish a Long Rest.

You can deal extra damage to a target when you deal damage to it with an attack or a spell. The extra damage equals your Proficiency Bonus. The damage type is Necrotic for Necrotic Shroud, or Radiant for Heavenly Wings and Inner Radiance."	"Коли ви досягнете рівня персонажа 3, ви можете перетворити його як вторинну дію за допомогою одного з варіантів. Трансформація триває 1 хвилину або доки ви її не закінчите (не потрібно жодних дій). Після того, як ви трансформуєтесь, ви не зможете зробити це знову, доки не завершите Довгий відпочинок.

Ви можете завдати додаткової шкоди цілі, якщо завдаєте їй шкоди за допомогою атаки або закляття. Додаткова шкода дорівнює вашому бонусу спеціалізації. Тип шкоди: Некротична для Некротична Саван або Променева для Небесні крила і Внутрішнє сяйво."		Shout_CelestialRevelation
h80c3bb0dgd84cg63b6g9b47g339cb3415da6	Two spectral wings sprout from your back temporarily. Until the transformation ends, you have a Fly Speed equal to your Speed.	З вашої спини тимчасово проростають два спектральних крила. Поки трансформація не закінчиться, швидкість польоту дорівнює вашій швидкості.		Shout_CelestialRevelation_Fly
h6a146679g10b4gcab6g7371g8809ef5326f6	Your eyes become pools of darkness, and flightless wings briefly sprout from your back. Creatures of your choice within 10 feet of you must succeed on a Charisma saving throw or have the Frightened condition for 1 minute.	Твої очі стають калюжами темряви, а нелітаючі крила на мить проростають у тебе на спині. Істоти за вашим вибором у радіусі 10 футів від вас повинні успішно виконати кидок протидії харизмою або мати стан переляку протягом 1 хвилини.		Shout_CelestialRevelation_Necrotic
h947e63dfge856g93fdge133g7915f597706a	Searing light temporarily radiates from your eyes and mouth. For the duration, you shed Bright Light in a 10-foot radius and Dim Light for an additional 10 feet, and at the end of each of your turns, each creature within 10 feet of you takes Radiant damage equal to your Proficiency Bonus.	Пекуче світло тимчасово випромінює ваші очі та рот. Протягом цього часу ви проливаєте яскраве світло в радіусі 10 футів і тьмяне світло ще на 10 футів, а в кінці кожного вашого ходу кожна істота в радіусі 10 футів від вас зазнає променеву шкоду, що дорівнює вашому бонусу спеціалізації.		Shout_CelestialRevelation_Radiant
h72f29464ga410gf4f8g9388gc7bc97ac7ac0	An aura radiates from you in a 30-foot Emanation for the duration. While in the aura, you and your allies have Advantage on saving throws against spells and other magical effects and take only half damage from them.	Аура випромінює від вас 30-футову еманацію протягом усього часу. Перебуваючи в аурі, ви та ваші союзники маєте перевагу в кидках протидії проти заклять та інших магічних ефектів і зазнаєте від них лише половину шкоди.		Shout_CircleOfPower;Shout_CircleOfPower_6;Shout_CircleOfPower_spellscroll
hd365173fgd836g93a3gdf92g64f01d869f29	"Whenever you finish a Long Rest, you choose one type of land: arid, polar, temperate, or tropical. Based on your choice, you consult the corresponding table and have all listed spells for your Druid level and lower prepared.

If you choose Arid Land, you have Blur, Burning Hands, and Fire Bolt prepared at 3rd level; Fireball at 5th level; Blight at 7th level; and Wall of Stone at 9th level.

If you choose Polar Land, you have Fog Cloud, Hold Person, and Ray of Frost prepared at 3rd level; Sleet Storm at 5th level; Ice Storm at 7th level; and Cone of Cold at 9th level.

If you choose Temperate Land, you have Misty Step, <LSTag Type=""Spell"" Tooltip=""Target_ShockingGrasp"">Shocking Grasp</LSTag>, and Sleep prepared at 3rd level; Lightning Bolt at 5th level; Freedom of Movement at 7th level; and Greater Restoration at 9th level.

If you choose Tropical Land, you have Acid Splash, Ray of Sickness, and Web prepared at 3rd level; Stinking Cloud at 5th level; Polymorph at 7th level; and Insect Plague at 9th level."	"Щоразу, коли ви закінчуєте Довгий відпочинок, ви обираєте один тип землі: посушливу, полярну, помірну або тропічну. Виходячи з вашого вибору, ви дивитесь у відповідну таблицю та готуєте всі перелічені закляття для вашого рівня друїда та нижче.

Якщо ви обираєте Посушливу землю, у вас є Розмиття, Палючі руки і Вогняний заряд, підготовлені на 3-му рівні; Вогняна куля на 5 рівні; Зараження на 7-му рівні; і Кам'яна стіна на 9-му рівні.

Якщо ви обираєте Полярну Землю, у вас є туманна хмара, утримувана особа та морозний промінь, підготовлені на 3-му рівні; Хуртовина на 5-му рівні; Крижана буря на 7 рівні; і Конус холоду на 9-му рівні.

Якщо ви обираєте Помірну Землю, у вас є Маревний крок, <LSTag Type=""Spell"" Tooltip=""Target_ShockingGrasp"">Шоковий хват</LSTag> і Сон, підготовлені на 3-му рівні; Блискавка на 5-му рівні; Свобода пересування на 7-му рівні; і Велике відновлення на 9-му рівні.

Якщо ви обираєте Тропічні землі, у вас є Кислотні бризки, Струмінь хвороби і Павутиння, підготовлені на 3-му рівні; Смердюча хмара на 5 рівні; Поліморф на 7-му рівні; і чума комах на 9-му рівні."		Shout_CircleOfTheLandSpells
hdce9092dg00d6gbb1ege7ccg4566d43f1363	If you choose Arid Land, you have Blur, Burning Hands, and Fire Bolt prepared at 3rd level; Fireball at 5th level; Blight at 7th level; and Wall of Stone at 9th level.	Якщо ви обираєте Посушливу землю, у вас є Розмиття, Палючі руки і Вогняний заряд, підготовлені на 3-му рівні; Вогняна куля на 5 рівні; Зараження на 7-му рівні; і Кам'яна стіна на 9-му рівні.		Shout_CircleOfTheLandSpells_1
h5838ca69g39e0g1e69gd726g82f4309227aa	If you choose Polar Land, you have Fog Cloud, Hold Person, and Ray of Frost prepared at 3rd level; Sleet Storm at 5th level; Ice Storm at 7th level; and Cone of Cold at 9th level.	Якщо ви обираєте Полярну Землю, у вас є туманна хмара, утримувана особа та морозний промінь, підготовлені на 3-му рівні; Хуртовина на 5-му рівні; Крижана буря на 7 рівні; і Конус холоду на 9-му рівні.		Shout_CircleOfTheLandSpells_2
h53adaf69g02c4gd6a7ge1ddg668563523831	"If you choose Temperate Land, you have Misty Step, <LSTag Type=""Spell"" Tooltip=""Target_ShockingGrasp"">Shocking Grasp</LSTag>, and Sleep prepared at 3rd level; Lightning Bolt at 5th level; Freedom of Movement at 7th level; and Greater Restoration at 9th level."	"Якщо ви обираєте Помірну Землю, у вас є Туманний крок, <LSTag Type=""Spell"" Tooltip=""Target_ShockingGrasp"">Шоковий хват</LSTag> і Сон, підготовлені на 3-му рівні; Блискавка на 5-му рівні; Свобода пересування на 7-му рівні; і Велике відновлення на 9-му рівні."		Shout_CircleOfTheLandSpells_3
hdd145debg872fgb1b1gc2f0g1c799a4601c4	If you choose Tropical Land, you have Acid Splash, Ray of Sickness, and Web prepared at 3rd level; Stinking Cloud at 5th level; Polymorph at 7th level; and Insect Plague at 9th level.	Якщо ви обираєте Тропічні землі, у вас є Кислотні бризки, Струмінь хвороби і Павутиння, підготовлені на 3-му рівні; Смердюча хмара на 5 рівні; Поліморф на 7-му рівні; і чума комах на 9-му рівні.		Shout_CircleOfTheLandSpells_4
h8dbcd1e2ga506gd79fg540bgdeebf6743060	"You cloak yourself in shadow, giving you advantage on Dexterity (<LSTag Type=""Skills"" Tooltip=""Stealth"">Stealth</LSTag>) checks against creatures that rely on sight."	"Ви маскуєте себе в тіні, що дає вам перевагу в перевірках спритності (<LSTag Type=""Skills"" Tooltip=""Stealth"">Скритність</LSTag>) проти істот, які покладаються на зір."		Shout_CloakOfShadow;Shout_CloakOfShadow_2;Shout_CloakOfShadow_3;Shout_CloakOfShadow_4;Shout_CloakOfShadow_5;Shout_CloakOfShadow_6;Shout_CloakOfShadow_spellscroll
h573bf455gce7agc4a2gb934gf7147ae4c160	You can use your Channel Oath to exude a terrifying presence. You force each creature of your choice that you can see within 30 feet of you to make a Wisdom saving throw. On a failed save, a creature becomes frightened of you for 1 minute. The frightened creature can repeat this saving throw at the end of each of its turns, ending the effect on itself on a success.	Ви можете використовувати своє Боже наснаження, щоб випромінювати жахливу присутність. Ви змушуєте кожну істоту за вашим вибором, яку бачите в радіусі 30 футів від себе, зробити кидок протидії мудрістю. За невдалої протидії істота починає боятися вас на 1 хвилину. Налякана істота може повторити цей кидок протидії у кінці кожного свого ходу, припиняючи вплив на себе в разі успіху.		Shout_ConqueringPresence
h1a71759egf1c8g9a25g2327g7210d3bcea88	"While <LSTag Type=""Status"" Tooltip=""RAGE"">raging</LSTag>, you can feed on the shadows around you to restore your vitality. While in dim light or darkness, you can use a bonus action to regain hit points equal to 1d12 + your Constitution modifier."	"Під час <LSTag Type=""Status"" Tooltip=""RAGE"">У люті</LSTag> ви можете харчуватися тінями навколо вас, щоб відновити свою життєву силу. Перебуваючи в тьмяному світлі чи темряві, ви можете використовувати вторинну дію, щоб відновити очки здоров’я, що дорівнюють 1d12 + ваш модифікатор Статури."		Shout_ConsumeDarkness
hd0b1b087g7e7fg7cf3gdc0fg4b7196bb961f	"As a Bonus Action, you can expend a use of your <LSTag Type=""ActionResource"" Tooltip=""BardicInspiration"">Bardic Inspiration</LSTag> and channel a specific spirit. When you do so, choose the spirit from the <LSTag Type=""Passive"" Tooltip=""Spirits_3_SpiritsFromBeyond"">Spirits from Beyond</LSTag> table rather than rolling. The chosen spirit’s corresponding number must be less than or equal to the highest number on your Bardic Inspiration die; for example, if your Bardic Inspiration die is a d8, you can choose to channel any spirit up to (and including) the Shade."	"Як вторинну дію, ви можете витратити використання свого <LSTag Type=""ActionResource"" Tooltip=""BardicInspiration"">Бардівське натхнення</LSTag> і направити певного духа. Коли ви це зробите, виберіть дух зі столу <LSTag Type=""Passive"" Tooltip=""Spirits_3_SpiritsFromBeyond"">Духи з потойбіччя</LSTag>, а не катайтеся. Відповідне число вибраного духу має бути меншим або дорівнювати найбільшому числу на кістці Бардівське натхнення; наприклад, якщо ваш кістка Бардівське натхнення— це d8, ви можете спрямувати будь-який дух до (і включно) Тіні."		Shout_ControlledChanneling;Shout_ControlledChanneling_Arsonist;Shout_ControlledChanneling_Avenger;Shout_ControlledChanneling_Beloved;Shout_ControlledChanneling_Coward;Shout_ControlledChanneling_FortuneTeller;Shout_ControlledChanneling_Renegade;Shout_ControlledChanneling_Shade;Shout_ControlledChanneling_Sharpshooter;Shout_ControlledChanneling_Trickster;Shout_ControlledChanneling_Wayfarer
hbb5691a5g5880g56bdg40c2g576cef554451	"Spend Sorcery Points to unlock a <LSTag Tooltip=""SpellSlot"">spell slot</LSTag>. Creating another spell slot of the same level has no effect until this one is used."	"Витратьте очки чародійства, щоб розблокувати чарунку заклять <LSTag Tooltip=""SpellSlot""></LSTag>. Створення іншої чарунки заклять такого ж рівня не матиме ефекту, доки не буде використано цей."		Shout_CreateSpellSlot
hc69907d4g8c9eg708ag8797ge1e6e4d47653	"Spend [1] Sorcery Points to unlock a level [2] <LSTag Tooltip=""SpellSlot"">spell slot</LSTag>. Creating another spell slot of the same level has no effect until this one is used."	"Витратьте [1] очок чародійства, щоб розблокувати <LSTag Tooltip=""SpellSlot"">чарунку заклять</LSTag> [2]-го рівня. Створення іншої чарунки того самого рівня не матиме ефекту, доки не буде використана ця."		Shout_CreateSpellSlot_1;Shout_CreateSpellSlot_2;Shout_CreateSpellSlot_3;Shout_CreateSpellSlot_4;Shout_CreateSpellSlot_5
hdfc28510gf4cdgb66eg531fg3918cc8b3df9	"Cover more distance this turn: double your <LSTag Tooltip=""MovementSpeed"">movement speed</LSTag>."	"Подолати більшу відстань цього ходу: подвійна <LSTag Tooltip=""MovementSpeed"">швидкість руху</LSTag>."	"Подолати більшу відстань цього ходу: подвійна <LSTag Tooltip=""MovementSpeed"">швидкість руху</LSTag>."	Shout_Dash_BonusAction_Monk
hd4674709g7d30gba4fgad6cg17adc9b95a51	As a Bonus Action, you give yourself Advantage on your ranged weapon attack roll on the current turn. You can use this feature only if you haven’t moved during this turn, and after you use it, your Speed is 0 until the end of the current turn.	Як вторинну дію ви надаєте собі перевагу в кидку атаки зброєю далекого бою в поточному ході. Ви можете використовувати цю особливість, лише якщо ви не рухалися протягом цього ходу, і після того, як ви її використаєте, ваша швидкість дорівнюватиме 0 до кінця поточного ходу.		Shout_DeadlyArchery
ha243be2aged30g4c6dg9dedge3df9a10db81	While Bloodied, you can take a Bonus Action to gain Temporary Hit Points equal to your Artificer level. You lose these Temporary Hit Points if you doff the armor.	Під час закривавлення ви можете виконати вторинну дію, щоб отримати тимчасові очки здоров’я, що дорівнюють вашому рівню Артифікатора. Ви втрачаєте ці тимчасові очки здоров’я, якщо знімаєте броню.		Shout_DefensiveField
h0f7eeb48gb2b4g3dedg9cc2g1806dd911d89	You replace the Defensive Tactics option with the other one.	Ви замінюєте опцію Оборонна тактика на іншу.		Shout_DefensiveTactics
ha62718a8g865eg755cge556g86d7b1793646	Opportunity Attacks have Disadvantage against you.	Принагідні атаки мають Завада проти вас.		Shout_DefensiveTactics_EscapeTheHorde
h72b0b6aeg9cf5g4b5fg0d9cg171c4820c0cd	When a creature hits you with an attack roll, that creature has Disadvantage on all other attack rolls against you this turn.	Коли істота вражає вас кидком атаки, ця істота має Завада у всіх інших кидках атаки проти вас цього ходу.		Shout_DefensiveTactics_MultiattackDefense
h5248daffg03b1g4eeeg4498gaafc4796eece	"Retreat safely: moving won't provoke <LSTag Tooltip=""OpportunityAttack"">Opportunity Attacks</LSTag>."	"Безпечний відхід: пересування не провокує <LSTag Tooltip=""OpportunityAttack"">принагідної атаки</LSTag>."	"Безпечний відхід: пересування не провокує <LSTag Tooltip=""OpportunityAttack"">принагідної атаки</LSTag>."	Shout_Disengage_BonusAction_Monk
h1296e788gbe31g8450g4a0cg6c2851fe0b5f	You can expend one use of your Breath Weapon to roar, forcing each creature of your choice within 30 feet of you to make a Wisdom saving throw. On a failed save, a target becomes frightened of you for 1 minute.	Ви можете витратити один раз свою дихальну зброю на рев, змушуючи кожну істоту на ваш вибір у радіусі 30 футів від вас зробити кидок протидії мудрістю. За невдалої протидії ціль починає боятися вас на 1 хвилину.		Shout_DragonFear
hc56adb28g1c39g4a79g84bbgc0a1b6238a22	When you reach Druid levels 6 and 10, your Dragon Shape becomes more powerful.	Коли ви досягаєте рівнів друїда 6 і 10, ваша форма дракона стає потужнішою.		Shout_DragonShape
hea98e86cg6f0eg6fa9gd366g94bd7a432ec2	"You can expend a use of your Wild Shape feature as a bonus action to transform into a unique form: your dragon shape. You become a Medium dragon while in this form, standing on all fours, but retain your normal character statistics and senses.

While in Dragon Shape, you can use claw attacks and a breath weapon. You gain a flying speed equal to twice your movement speed, and you have Resistance to Acid, Cold, Fire, Lightning, and Poison damage."	"Ви можете використати свою особливість Дика подоба як вторинну дію, щоб перетворитися на унікальну форму: форму вашого дракона. Ви стаєте середнім драконом у цій формі, стоячи на четвереньках, але зберігаєте звичайну статистику характеру та почуття.

Перебуваючи в Драконяча подоба, ви можете використовувати атаки кігтями та дихальну зброю. Ви отримуєте швидкість польоту, що дорівнює подвоєній вашій швидкості руху, і маєте стійкість до кислоти, холоду, вогню, блискавки та отрути."		Shout_DragonShape
hed1840dbga25bga18bg158cg2e3656728e43	You form a Dread Allegiance by choosing one of the Dead Three: Bane, Bhaal, or Myrkul. Your choice grants you Resistance to a specific damage type and the ability to cast an associated cantrip, using Intelligence as your spellcasting ability.	Ви формуєте Жах Відданість, вибираючи одного з Мертвої трійки: Бейн, Бхаал або Миркул. Ваш вибір надає вам стійкість до певного типу шкоди та здатність використовувати пов’язане закляття, використовуючи інтелект як здатність закляття.		Shout_DreadAllegiance
h7601f4ccg5ecfg89a8gf4d4gc425820bf2a2	"If you choose Bane, you gain Resistance to Psychic damage and can cast <LSTag Type=""Spell"" Tooltip=""Target_ImprovedMinorIllusion"">Minor Illusion</LSTag>."	"Якщо ви обираєте Бейн, ви зазнаєте опір психічній шкоді та можете використовувати <LSTag Type=""Spell"" Tooltip=""Target_ImprovedMinorIllusion"">Мала ілюзія</LSTag>."		Shout_DreadAllegiance_1
hb4a3c0b4g39f9g3519g8885g8624730cfa75	"If you choose Bhaal, you gain Resistance to Poison damage and can cast <LSTag Type=""Spell"" Tooltip=""Shout_BladeWard"">Blade Ward</LSTag>."	"Якщо ви обираєте Баал, ви зазнаєте стійкість до шкоди від отрути та можете використовувати <LSTag Type=""Spell"" Tooltip=""Shout_BladeWard"">Оберіг від зброї</LSTag>."		Shout_DreadAllegiance_2
h6523df3dgbad7g0fafg867dg13134c55e3c3	If you choose Myrkul, you gain Resistance to Necrotic damage and can cast Chill Touch.	Якщо ви обираєте Миркула, ви зазнаєте стійкість до некротичної шкоди та можете використовувати Крижаний дотик.		Shout_DreadAllegiance_3
hc3d7957egbf1cga0f8gde92g70f35f4c410f	The cannon emits a burst of positive energy that grants itself and each creature of your choice within 10 feet of the cannon a number of Temporary Hit Points equal to 1d8 plus your Intelligence modifier (minimum of +1).	Гармата випромінює вибух позитивної енергії, яка надає собі та кожній істоті за вашим вибором у радіусі 10 футів від гармати певну кількість тимчасових очок здоров’я, що дорівнює 1d8 плюс ваш модифікатор інтелекту (мінімум +1).		Shout_EC_Protector
he93103a8g6b85ga205g6b87g82239aefa626	You create a Elixir of Bloodlust.	Ви створюєте еліксир жаги крові.		Shout_EE_Bloodlust
h9c2f831dg8d33ge3bbg9df6g9dc1c698870e	You create a Elixir of the Colossus.	Ви створюєте Еліксир Колоса.		Shout_EE_Colossus
h21a202e5g9d14g8bf4g9293gc10564f22b8d	You create a Potion of Feather Fall.	Ви створюєте зілля падіння пера.		Shout_EE_FeatherFall
h35439974g4728g6495gf11bg3f907bef924b	You create a Potion of Flying.	Ви створюєте зілля польоту.		Shout_EE_Flying
h609d90aegbe93gff2fgc3feg13a6af56027c	You create a Potion of Glorious Vaulting.	Ви створюєте Зілля надзвичайних стрибків.		Shout_EE_GloriousVaulting
h6b46b470gc898g44d3g2c4ag944728a674a0	You create a Potion of Healing. The amount it restores increases when you reach 5th and 9th level in this class.	Ви створюєте зілля зцілення. Сума, яку він відновлює, збільшується, коли ви досягаєте 5-го та 9-го рівнів цього класу.		Shout_EE_Healing
hbc062155g3399g772agef2fg7f7c1abdabaa	You create a Elixir of Heroism.	Ви створюєте еліксир героїзму.		Shout_EE_Heroism
hba664867g48deg9b29g6afbga910844aaef4	You create a Elixir of Hill Giant Strength.	Ви створюєте еліксир велетенської сили пагорба.		Shout_EE_HillGiantStrength
hffa16306g6658g076dgaf29gcf1993850b8a	You create a Potion of Invisibility.	Ви створюєте зілля невидимості.		Shout_EE_Invisibility
ha8208bdcg9b2eg1425ga466g0dba574c8534	You create a Elixir of Peerless Focus.	Ви створюєте еліксир незрівнянної концентрації.		Shout_EE_PeerlessFocus
ha1067a6cgae19gc777g9b10ga4a25d7058be	You regain expended uses of Experimental Elixir.	Ви відновлюєте використаний експериментальний еліксир.		Shout_EE_Resource_1;Shout_EE_Resource_2;Shout_EE_Resource_3;Shout_EE_Resource_4;Shout_EE_Resource_5;Shout_EE_Resource_6
hd633f212g2235g47deg3d05g150d9ccd9343	You create a Potion of Speed.	Ви створюєте зілля швидкості.		Shout_EE_Speed
hc5a2d49ag992fg9508g06dfg79a99890c9a2	You create a Elixir of Vigilance.	Ви створюєте еліксир пильності.		Shout_EE_Vigilance
hba127cc1ga142gbe30g42a0gefcf3b5c831e	Arcane wards protect you against magic for the duration. You have Advantage on saving throws against spells and magical effects. Additionally, you have Resistance to damage from spells.	Таємні обереги захищають вас від магії протягом тривалого часу. Ви маєте перевагу на кидках протидії проти заклять і магічних ефектів. Крім того, у вас є стійкість до шкоди від чар.		Shout_ElminstersElusion;Shout_ElminstersElusion_3;Shout_ElminstersElusion_4;Shout_ElminstersElusion_5;Shout_ElminstersElusion_6;Shout_ElminstersElusion_spellscroll
h200d6e32g6f1cge25cg2d27g8bab65f46465	You can use your action on each of your turns to automatically deal [1] necrotic damage to the target.	Ви можете використовувати свою дію кожного ходу, щоб автоматично завдати [1] некротичної шкоди цілі.		Shout_Enervation;Shout_Enervation_6
h1860f08dg254cg24c9g1f48g986104453f40	"Size is reduced, weapon attacks deal [1] less damage, and the affected entity has <LSTag Tooltip=""Disadvantage"">Disadvantage</LSTag> on Strength <LSTag Tooltip=""AbilityCheck"">Checks</LSTag> and <LSTag Tooltip=""SavingThrow"">Saving Throws</LSTag>. <LSTag Tooltip=""CarryWeight"">Carrying capacity</LSTag> is also reduced by 25%."	"Істота має зменшений розмір, її збройна атака завдає на [1] менше шкоди, і вона має <LSTag Tooltip=""Disadvantage"">заваду</LSTag> для <LSTag Tooltip=""AbilityCheck"">перевірок</LSTag> сили й <LSTag Tooltip=""SavingThrow"">кидків протидій</LSTag> нею. <LSTag Tooltip=""CarryWeight"">Вантажність</LSTag> істоти зменшена на 25%."	"Істота має зменшений розмір, її збройна атака завдає на [1] менше шкоди, і вона має <LSTag Tooltip=""Disadvantage"">заваду</LSTag> для <LSTag Tooltip=""AbilityCheck"">перевірок</LSTag> сили й <LSTag Tooltip=""SavingThrow"">кидків протидій</LSTag> нею. <LSTag Tooltip=""CarryWeight"">Вантажність</LSTag> істоти зменшена на 25%."	Shout_Enlarge_Duergar_Reduce
h2dbf8669g66f0g8d75g6399gfe2cd30f6268	You instantly create a potion of your choice.	Ви миттєво створюєте зілля на свій вибір.		Shout_ExperimentalElixir
ha33ddae2g1c5bg9b0bg8307g1ed8e753bc15	As an action, you can magically share the darkvision with willing creatures you can see within 30 feet of you.	У якості дії ви можете чарівним чином поділитися темним баченням з охочими істотами, яких ви бачите в радіусі 30 футів від вас.		Shout_EyesOfNight
h0e8b7698gbb37g834bge366g5db24efbb56c	As a bonus action, you can magically become invisible for 1 minute.	Як вторинну дію ви можете стати магічним чином невидимим на 1 хвилину.		Shout_FadeToBlack
h22179fdag3286gcd27g7facg8e73f5c76e01	"You gain 2d4 + [1] <LSTag Tooltip=""TemporaryHitPoints"">temporary hit points</LSTag>."	"Ви отримуєте 2d4 + [1] <LSTag Tooltip=""TemporaryHitPoints"">тимчасові очки здоров’я</LSTag>."		Shout_FalseLife;Shout_FalseLife_2;Shout_FalseLife_3;Shout_FalseLife_4;Shout_FalseLife_5;Shout_FalseLife_6;Shout_FalseLife_FiendishVigor;Shout_FalseLife_spellscroll
h376cf1deg3cbcgd0e3gd8b3g7017359c484e	Once per Long Rest, you grant yourself and allies within 30 feet of you Advantage on Initiative rolls.	Один раз за Довгий відпочинок ви надаєте собі та союзникам у радіусі 30 футів від вас перевагу в кидках ініціативи.		Shout_FamilyFirst
hca271062g4f0eg4316gc46ag52e3d54b2851	"You summon an otherworldly steed and immediately mount it.

The steed can take one of the following actions of your choice on each of its turns: <LSTag Type=""Spell"" Tooltip=""Shout_Dash"">Dash</LSTag>, Disengage, Dodge, or Attack.

While mounted on the steed, when you take damage of 4 or higher, you must make a DC 8 Dexterity saving throw. On a failed save, you fall off the steed and have the Prone condition for 1 turn.


Only a player with a pure heart can see the steed."	"Ви викликаєте потойбічного скакуна і негайно сідаєте на нього.

Кінь може виконати одну з таких дій за вашим вибором у кожному своєму ході: <LSTag Type=""Spell"" Tooltip=""Shout_Dash"">Ривок</LSTag>, Відключитися, Ухилитися або Атакувати.

Перебуваючи на коні, коли ви зазнаєте шкоди 4 або вище, ви повинні зробити МС 8 кидок протидії спритністю. За невдалої протидії ви падаєте з коня й маєте стан «Лежаючи» протягом 1 ходу.


Тільки гравець із чистим серцем може побачити коня."		Shout_FindSteed;Shout_FindSteed_3;Shout_FindSteed_4;Shout_FindSteed_5;Shout_FindSteed_6;Shout_FindSteed_spellscroll
h19186d60g16e9g1e3bgcbc7g45d59987d331	You conjure motes of dancing flame that hover and drift around you for the duration. At the start of each of their turns, non-allied creatures within 20 feet of the flames must succeed on a Wisdom saving throw or become charmed until the start of their next turn. While charmed in this way, the creature is incapacitated and has a speed of 0.	Ви викликаєте порошинки танцюючого полум’я, які весь час ширяють і дрейфують навколо вас. На початку кожного свого ходу істоти, які не є союзниками в межах 20 футів від полум’я, повинні успішно виконати кидок протидії мудрістю або бути зачарованими до початку свого наступного ходу. Під час зачарування таким чином істота стає недієздатною та має швидкість 0.		Shout_FireDance;Shout_FireDance_5;Shout_FireDance_6;Shout_FireDance_spellscroll
h7c14769cg0f8ag7968g4156g1272fd5b7850	Expend a spell slot to regain one expended use of Bardic Inspiration.	Витратьте чарунку заклять, щоб відновити одне використане натхнення Барда.		Shout_FontOfInspiration;Shout_FontOfInspiration_1;Shout_FontOfInspiration_2;Shout_FontOfInspiration_3;Shout_FontOfInspiration_4;Shout_FontOfInspiration_5;Shout_FontOfInspiration_6
h1a0652aag04b6g8cb4gead0g81c1b91c9fb6	"As a Bonus Action, you transform into an avatar of your patron’s dreadful power, gaining the benefits below for 1 minute, until you have the Incapacitated condition, or until you end the form (no action required). You can transform a number of times equal to your Charisma modifier (minimum of once), and you regain all expended uses when you finish a Long Rest.

Facsimile of Life. You gain Temporary Hit Points equal to 1d10 plus your Warlock level.

Fearless Form. You have Immunity to the Frightened condition. If you are Frightened when you transform, the condition immediately ends for you.

Frightful Avatar. Once per turn, when you hit a creature with an attack roll, you can force it to make a Wisdom saving throw against your spell save DC. On a failed save, the target has the Frightened condition until the end of your next turn."	"У якості вторинної дії ви перетворюєтеся на аватар жахливої сили свого патрона, отримуючи наведені нижче переваги протягом 1 хвилини, доки ви не станете недієздатним або поки не завершите форму (діяти не потрібно). Ви можете трансформувати кількість разів, що дорівнює вашому модифікатору Харизми (мінімум один раз), і ви відновлюєте всі витрачені використання, коли завершуєте Довгий відпочинок.

Факсиміле життя. Ви отримуєте тимчасові очки здоров’я, що дорівнюють 1d10 плюс ваш рівень чаклуна.

Безстрашна форма. У вас є імунітет до стану переляку. Якщо ви налякані під час трансформації, стан для вас негайно закінчується.

Страшний аватар. Один раз за хід, коли ви вдаряєте істоту кидком атаки, ви можете змусити її зробити кидок протидії мудрістю проти вашого МС протидії закляттям. У разі невдалої протидії ціль перебуває в стані переляку до кінця вашого наступного ходу."		Shout_FormOfDread
h7133dd62g2ff3g5631g286cgfb7c7edec60f	Until the spell ends, you have Resistance to Radiant damage, and your melee attacks deal an extra [1] on a hit.	Доки закляття не закінчиться, у вас є стійкість до променевої шкоди, а ваші атаки ближнього бою завдають додатково [1] за удар.		Shout_FountOfMoonlight;Shout_FountOfMoonlight_5;Shout_FountOfMoonlight_6;Shout_FountOfMoonlight_spellscroll
h8eaac1bdg758fg66f4g7051gef7c1044f979	You gain a +2 bonus to all ability checks and saving throws that use Strength or Constitution.	Ви отримуєте бонус +2 до всіх перевірок здібностей і кидків протидії, які використовують силу або Статуру.		Shout_FrostRune
ha0cc673dgbc99ga346g948dg56823a07cb44	Grow in size to become stronger.	Збільшитися в розмірі, щоб мати більше сили.	Збільшитися в розмірі, щоб мати більше сили.	Shout_GiantsMight
h89b6e006g139bgf893g9a7dg642ea772fd27	As a bonus action, you can cause a melee weapon you are wielding to emit dim light in a 10-foot radius for 10 turns. The light is sunlight. While the weapon gleams, it deals radiant damage instead of its normal damage type.	Як вторинну дію ви можете змусити холодну зброю, якою ви володієте, випромінювати тьмяне світло в радіусі 10 футів протягом 10 ходів. Світло — сонячне світло. Хоча зброя блищить, вона завдає променевої шкоди замість звичайного типу шкоди.		Shout_GleamOfWrath
hdd54bf99g06bfg8a6cg5904g1e14b2426411	"At the start of your turn, you can expend 1 Focus Point to imbue yourself with elemental energy. The energy lasts for 10 minutes. You gain the following benefits while this feature is active.

Reach: When you make an Unarmed Strike, your reach is [1] greater than normal, as elemental energy extends from you.

Elemental Strikes: Whenever you hit with your Unarmed Strike, you can cause it to deal your choice of Acid, Cold, Fire, Lightning, or Thunder damage rather than its normal damage type. When you deal one of these types with it, you can also force the target to make a Strength saving throw. On a failed save, you can move the target up to [1] toward or away from you, as elemental energy swirls around it."	"На початку свого ходу ви можете витратити 1 очко зосередження, щоб наповнити себе елементарною енергією. Енергія триває 10 хвилин. Поки ця особливість активна, ви отримуєте наведені нижче переваги.

Досяжність: коли ви завдаєте удару голіруч, ваша зона [1] більша, ніж зазвичай, оскільки від вас поширюється елементарна енергія.

Стихійні удари: кожного разу, коли ви б’єте своїм Удар голіруч, ви можете завдати йому шкоди від кислоти, холоду, вогню, блискавки чи грому за вашим вибором, а не звичайного типу шкоди. Коли ви маєте справу з одним із цих типів, ви також можете змусити ціль зробити кидок протидії силою. У разі невдалої протидії ви можете перемістити ціль до [1] до себе або від себе, коли навколо неї обертається елементарна енергія."		Shout_HarmonyOfFireAndWater
h93fa867eg625fg359eg2832g67fe332a6780	At the start of each of your turns, you can spend 1 Sorcery Point to gain Temporary Hit Points equal to 1d6 plus your Sorcerer level (no action required).	На початку кожного свого ходу ви можете витратити 1 чарівне очко, щоб отримати тимчасові очки здоров’я, що дорівнює 1d6 плюс ваш рівень Чародія (діяти не потрібно).		Shout_HeroicSoul
h5873afb5ga1a1gb7ddgaea4gaf5ab082ffd4	You can invoke the rune as a bonus action, gaining resistance to bludgeoning, piercing, and slashing damage for 1 minute.	Ви можете викликати руну як вторинну дію, отримуючи стійкість до ударів дубинкою, пронизливої та рубаючої шкоди протягом 1 хвилини.		Shout_HillRune
h28992689gab7eg0bcega955gb5ee06d7deaf	You can spend Hit Dice during a Short Rest to regain Hit Points.	Ви можете витратити Кістка здоров'я під час короткого відпочинку, щоб відновити Очки здоров’я.		Shout_HitPointDice;Shout_HitPointDice06;Shout_HitPointDice08;Shout_HitPointDice10;Shout_HitPointDice12
h0c4b99c4g1ad3gb7f0g11fbgb55e06b4ac67	As a bonus action on your turn, you can dismiss this spell and cause the weapon to emit a burst of radiance. Each creature of your choice that you can see within 30 feet of the weapon must make a Constitution saving throw. On a failed save, a creature takes 4d8 radiant damage, and it is blinded for 1 minute. On a successful save, a creature takes half as much damage and isn’t blinded. At the end of each of its turns, a blinded creature can make a Constitution saving throw, ending the effect on itself on a success.	Як вторинну дію у свій хід ви можете звільнити це закляття та змусити зброю випромінювати сплеск сяйва. Кожна істота за вашим вибором, яку ви бачите в радіусі 30 футів від зброї, повинна зробити кидок протидії статурою. За невдалої протидії істота зазнає 4d8 променеву шкоду та стає сліпою на 1 хвилину. За успішної протидії істота зазнає вдвічі менше шкоди і не осліплюється. Наприкінці кожного свого ходу засліплена істота може зробити кидок протидії статурою, припиняючи вплив на себе в разі успіху.		Shout_HolyWeapon
h169d7ad1g382fg6e64gd7bag6b40733be6b3	You can spend 1 minute grooming and caring for your mount, at the end of which it gains a number of Temporary Hit Points equal to twice your Rogue level.	Ви можете витратити 1 хвилину на догляд за своїм верховим скакуном, після чого він отримає кількість тимчасових очок здоров’я, що вдвічі перевищує ваш рівень ізгоїв.		Shout_HorseLord
h0f617ea9g5fc5gff42gae8ag41a6861d59c0	You imbue a weapon you are holding, or your Unarmed Strikes, with ravenous negative energy. For the duration, when you hit a creature with an attack using the empowered weapon or Unarmed Strike for the first time on a turn, the target takes Necrotic damage equal to your spellcasting ability modifier, and you gain a number of Temporary Hit Points equal to the Necrotic damage dealt.	Ви насичуєте зброю, яку тримаєте, або ваші удари голіруч ненажерливою негативною енергією. Протягом тривалості, коли ви вперше за хід вражаєте істоту атакою з використанням посиленої зброї або удару голіруч, ціль зазнає некротичну шкоду, що дорівнює вашому модифікатору здатності закляття, а ви зазнаєте кількість тимчасових очок здоров’я, що дорівнює завданій некротичній шкоді.		Shout_HungeringBlade;Shout_HungeringBlade_2;Shout_HungeringBlade_3;Shout_HungeringBlade_4;Shout_HungeringBlade_5;Shout_HungeringBlade_6;Shout_HungeringBlade_spellscroll
h7c530173g8791ge659gb6c1g8a5322a5aa9e	You replace the Hunter’s Prey option with the other one.	Ви замінюєте варіант Здобич мисливця на інший.		Shout_HuntersPrey
he100fd97g8c61g7accgc8ecg6628146a240d	Your tenacity can wear down even the most resilient foes. When you hit a creature with a weapon, the weapon deals an extra 1d8 damage to the target if it’s missing any of its Hit Points. You can deal this extra damage only once per turn.	Ваша наполегливість може виснажити навіть найстійкіших ворогів. Коли ви вдаряєте істоту зброєю, зброя завдає цілі додаткової шкоди 1d8, якщо їй не вистачає будь-якого з очок здоров’я. Ви можете завдати цю додаткову шкоду лише один раз за хід.		Shout_HuntersPrey_ColossusSlayer
haf4865d4g944ag9cf5gf8b0g84b701adf954	Once on each of your turns when you make an attack with a weapon, you can make another attack with the same weapon against a different creature that is within 5 feet of the original target, that is within the weapon’s range, and that you haven’t attacked this turn.	Під час кожного свого ходу, коли ви атакуєте зброєю, ви можете здійснити ще одну атаку цією ж зброєю проти іншої істоти, яка знаходиться в межах 5 футів від початкової цілі, яка знаходиться в радіусі дії зброї, і яку ви не атакували цього ходу.		Shout_HuntersPrey_HordeBreaker
hf54abe92g0c59g3206g795cg205f29ea03b8	"A Weapon you are holding is imbued with nature’s power. For the duration, you can use your spellcasting ability instead of Strength for the attack and damage rolls of melee attacks using that weapon, and the weapon’s damage die becomes a d8. If the attack deals damage, it is Force damage.

The spell ends early if you cast it again or if you let go of the weapon.

Cantrip Upgrade. The damage die changes when you reach levels 5 (d10), 10 (d12)."	"Зброя, яку ви тримаєте, насичена силою природи. Протягом цього часу ви можете використовувати свою здатність закляття замість Сили для кидків атаки та шкоди під час атак ближнього бою з використанням цієї зброї, а кістка шкоди зброї стає d8. Якщо атака завдає шкоди, це силова шкода.

Закляття закінчується раніше, якщо ви використовуєте його знову або відпускаєте зброю.

Замовляння Поліпшення. кістка шкоди змінюється, коли ви досягаєте рівнів 5 (d10), 10 (d12)."		Shout_ImprovedShillelagh
he28b1437g3278g7202g8a7dg0bb7c36a5d7a	"An event in your past left an indelible mark on you, infusing you with simmering magic. As a Bonus Action, you can unleash that magic for 1 minute, during which you gain the following benefits:

The spell save DC of your Sorcerer spells increases by 1.
You have Advantage on the attack rolls of Sorcerer spells you cast.

You can use this feature twice, and you regain all expended uses of it when you finish a Long Rest."	"Подія у вашому минулому залишила на вас незгладимий слід, наповнивши вас киплячою магією. Як вторинну дію ви можете розв’язати цю магію протягом 1 хвилини, протягом якої ви отримаєте такі переваги:

МС протидії закляттям ваших заклять Чародія збільшується на 1.
Ви маєте перевагу в кидках атаки чародіїв, які ви використовуєте.

Ви можете використати цю особливість двічі, і ви відновите всі витрачені її використання, коли завершите Довгий відпочинок."		Shout_InnateSorcery
ha3aeca2ag84a7g9aa2gc23cg0d41a7036cc2	When you finish a Short or Long Rest, you can give an inspiring performance: a speech, song, or dance. You can use this feature once per Short Rest. When you do so, each ally within 30 feet of you gains Temporary Hit Points equal to your character level plus your Proficiency Bonus.	Коли ви закінчите Короткий або Довгий відпочинок, ви можете дати надихаючий виступ: промову, пісню або танець. Ви можете використовувати цю особливість один раз за короткий відпочинок. Коли ви це зробите, кожен союзник у радіусі 30 футів від вас отримає тимчасові очки здоров’я, що дорівнюють вашому рівню персонажа плюс ваш бонус спеціалізації.		Shout_InspiringLeader
h9565b8f9gf2e2g563ag5bc6g05137c600621	You can take a Reaction and expend one use of your Bardic Inspiration to move up to half your Speed. Then one ally of your choice within 30 feet of you can also move up to half their Speed. None of this feature’s movement provokes Opportunity Attacks.	Ви можете застосувати реагування та витратити одне використання Бардівського натхнення, щоб збільшити швидкість до половини. Тоді один союзник на ваш вибір у межах 30 футів від вас також може збільшити швидкість до половини своєї швидкості. Жоден із рухів цієї особливості не провокує Принагідні атаки.		Shout_InspiringMovement
h37c2f505g74b4gdbc0gdcaagf075f1ac1bdb	You can use a bonus action on your turn to make your ranged attacks with a kensei weapon more deadly. When you do so, any target you hit with a ranged attack using a kensei weapon takes an extra 1d4 damage of the weapon’s type. You retain this benefit until the end of the current turn.	Ви можете використати вторинну дію у свій хід, щоб зробити ваші дистанційні атаки зброєю кенсей більш смертоносними. Коли ви це зробите, будь-яка ціль, яку ви вразите дистанційною атакою за допомогою зброї кенсей, отримає додаткову шкоду 1d4 типу зброї. Ви зберігаєте цю перевагу до кінця поточного ходу.		Shout_KenseisShot
hb1577082gdd8ag5ff6g60bcgd99dc936bbc9	Starting at character level 5, you can change your size to Large as a Bonus Action if you’re in a big enough space. This transformation lasts for 10 minutes.	Починаючи з 5 рівня персонажа, ви можете змінити свій розмір на Великий як вторинну дію, якщо ви знаходитесь у достатньо великому просторі. Це перетворення триває 10 хвилин.		Shout_LargeForm
h463652f9g2026g8164g2cf3g5dcaab1b644f	By expending a Risk Die, you roll a d20. If the result is 10 or higher, the damage of your next ranged weapon attack is doubled. If the result is lower than 10, the damage of your ranged weapon attacks this turn is halved.	Витрачаючи кістка ризику, ви кидаєте d20. Якщо результат 10 або вище, шкода від вашої наступної атаки дистанційною зброєю подвоюється. Якщо результат нижчий за 10, шкода від ваших атак дистанційною зброєю цього ходу зменшується вдвічі.		Shout_LiarsDice
h7d1ae2c1g95b6g5a3dgc067g1baf8491753f	"Cantrip learning mode is active. All Cleric cantrips are added to your spell list.

Selecting a cantrip to cast permanently teaches it to you right away — you don't need a valid target or to finish casting it.

After selecting two different cantrips, this mode ends."	"Режим навчання Замовляння активний. Усі закляття кліриків додаються до вашого списку заклять.

Вибір уміння для застосування назавжди навчить вас цьому відразу — вам не потрібна дійсна ціль або закінчувати її застосування.

Після вибору двох різних підказок цей режим завершується."		Shout_MagicInitiate_Cleric_Cantrip
h0452adf6gbffcga716g8490gdad124c18bb6	"Spell learning mode is active. All Cleric spells are added to your spell list.

Selecting a spell to cast permanently teaches it to you right away — you don't need a valid target or to finish casting it.

After selecting a spell, this mode ends."	"Режим навчання орфографії активний. Усі закляття кліриків додаються до вашого списку заклять.

Якщо ви виберете закляття для назавжди, ви одразу навчитеся цьому — вам не потрібна дійсна ціль або завершувати її застосування.

Після вибору закляття цей режим завершується."		Shout_MagicInitiate_Cleric_Spell
hb18213feg1443g46dfg66c8g43152a53cf75	"Cantrip learning mode is active. All Druid cantrips are added to your spell list.

Selecting a cantrip to cast permanently teaches it to you right away — you don't need a valid target or to finish casting it.

After selecting two different cantrips, this mode ends."	"Режим навчання Замовляння активний. Усі підказки друїдів додаються до вашого списку заклять.

Вибір уміння для застосування назавжди навчить вас цьому відразу — вам не потрібна дійсна ціль або закінчувати її застосування.

Після вибору двох різних підказок цей режим завершується."		Shout_MagicInitiate_Druid_Cantrip
he3771dbcg23f0g570dg2d5egf79cec30d589	"Spell learning mode is active. All Druid spells are added to your spell list.

Selecting a spell to cast permanently teaches it to you right away — you don't need a valid target or to finish casting it.

After selecting a spell, this mode ends."	"Режим навчання орфографії активний. Усі закляття Друїда додаються до вашого списку заклять.

Якщо ви виберете закляття для назавжди, ви одразу навчитеся цьому — вам не потрібна дійсна ціль або завершувати її застосування.

Після вибору закляття цей режим завершується."		Shout_MagicInitiate_Druid_Spell
hd31cacc2g7f81g20c3gc487gec7d06e97e53	"Cantrip learning mode is active. All Wizard cantrips are added to your spell list.

Selecting a cantrip to cast permanently teaches it to you right away — you don't need a valid target or to finish casting it.

After selecting two different cantrips, this mode ends."	"Режим навчання Замовляння активний. Усі підказки чарівника додаються до вашого списку заклять.

Вибір уміння для застосування назавжди навчить вас цьому відразу — вам не потрібна дійсна ціль або закінчувати її застосування.

Після вибору двох різних підказок цей режим завершується."		Shout_MagicInitiate_Wizard_Cantrip
hffa4fb6cg516eg4f17g0656geecaebcd5045	"Spell learning mode is active. All Wizard spells are added to your spell list.

Selecting a spell to cast permanently teaches it to you right away — you don't need a valid target or to finish casting it.

After selecting a spell, this mode ends."	"Режим навчання орфографії активний. Усі закляття Чарівника додаються до вашого списку заклять.

Якщо ви виберете закляття для назавжди, ви одразу навчитеся цьому — вам не потрібна дійсна ціль або завершувати її застосування.

Після вибору закляття цей режим завершується."		Shout_MagicInitiate_Wizard_Spell
h0475c80dgb3d2g65a0g32e3g51e0604b9fae	You can perform an esoteric rite for 1 minute. At the end of it, you regain expended Pact Magic spell slots but no more than a number equal to half your maximum (round up). Once you use this feature, you can’t do so again until you finish a Long Rest.	Провести езотеричний обряд можна протягом 1 хвилини. Наприкінці ви відновлюєте витрачені чарунки заклять Магія пакту, але не більше, ніж число, що дорівнює половині вашого максимуму (округлення в більшу сторону). Скориставшись цією особливістю, ви не зможете зробити це знову, доки не завершите довгий відпочинок.		Shout_MagicalCunning
hcae93600g722fg2de2g2f0fg60184d7ba2f0	For 1 minute, your blood becomes acidic. Each time a creature hits you with an attack while within 5 feet of you, it takes 2d6 Acid damage.	Протягом 1 хвилини ваша кров стає кислотною. Кожного разу, коли істота атакує вас у межах 5 футів від вас, вона зазнає 2d6 шкоди кислотою.		Shout_Mutations_AcidBlood
h55f2832cg60b4gcd10g11f2g30f9e75aa0b9	"For 1 hour, you have Advantage on <LSTag Type=""Skills"" Tooltip=""Insight"">Insight</LSTag>, <LSTag Type=""Skills"" Tooltip=""Intimidation"">Intimidation</LSTag> and <LSTag Type=""Skills"" Tooltip=""Persuasion"">Persuasion</LSTag> check."	"Протягом 1 години ви маєте перевагу в перевірці <LSTag Type=""Skills"" Tooltip=""Insight"">Проникливість</LSTag>, <LSTag Type=""Skills"" Tooltip=""Intimidation"">Залякування</LSTag> і <LSTag Type=""Skills"" Tooltip=""Persuasion"">Переконливість</LSTag>."		Shout_Mutations_Acumen
hd356b0cdg39beg042eg81feg07e80f4dede3	For 10 minutes, you grow leathery, feathery, or spectral wings from your back. You gain a Fly Speed equal to your Speed. You can’t benefit from this mutation while wearing Heavy armor.	Протягом 10 хвилин у вас на спині виростають шкірясті, пір’ясті чи примарні крила. Ви отримуєте швидкість польоту, рівну вашій швидкості. Ви не можете скористатися цією мутацією, якщо носите важку броню.		Shout_Mutations_Flight
h2c602649g9292g91d9g709bg07327682e721	Choose one of the following damage types: Acid, Cold, Fire, Lightning, Poison, or Thunder. For 10 minutes, whenever you hit with a weapon attack, you can cause it to deal the chosen type rather than its normal damage type.	Виберіть один із таких типів шкоди: кислота, холод, вогонь, блискавка, отрута або грім. Протягом 10 хвилин кожного разу, коли ви атакуєте зброєю, ви можете завдати шкоди вибраного типу, а не звичайного.		Shout_Mutations_Infused;Shout_Mutations_Infused_1;Shout_Mutations_Infused_2;Shout_Mutations_Infused_3;Shout_Mutations_Infused_4;Shout_Mutations_Infused_5;Shout_Mutations_Infused_6
h9dbb965ag2bcegf72bg5bb2gc4f359dca388	"For 10 minutes, you have the <LSTag Type=""Status"" Tooltip=""INVISIBLE"">Invisible</LSTag> condition. This effect ends early if you dismiss it (no action required), or you attack or cast a spell."	"Протягом 10 хвилин ви маєте стан <LSTag Type=""Status"" Tooltip=""INVISIBLE"">Невидимість</LSTag>. Цей ефект закінчується раніше, якщо ви відкидаєте його (діяти не потрібно) або атакуєте або використовуєте закляття."		Shout_Mutations_Invisibility
h95627a66gf92eg2d99g31e2ge9a622a94222	For 1 minute, you have Advantage on Strength checks and saving throws. You also have Advantage on attack rolls using Strength, and you deal 1d6 extra damage to targets you hit with a Strength-based attack. The damage is the same type dealt by the attack.	Протягом 1 хвилини ви маєте перевагу в перевірці сили та кидках протидії. Ви також маєте перевагу в кидках атаки за допомогою Сили та завдаєте 1d6 додаткової шкоди цілям, яких ви вразили атакою на основі Сили. Шкода такого ж типу, як і атака.		Shout_Mutations_Might
h8a5acea8g48afg5d80g2670g4f92b9e54c1e	You regain Hit Points equal to 2d8 plus your Monster Hunter level.	Ви відновлюєте життєві бали, що дорівнюють 2d8 плюс ваш рівень Мисливець на чудовиськ.		Shout_Mutations_Regeneration
ha9065fa0gda11g9fbag0a9fgd56f197c42ac	For 1 minute, you have Resistance to Bludgeoning, Piercing, and Slashing damage.	Протягом 1 хвилини у вас є опір дубинкам, колючим і рубаючим шкодою.		Shout_Mutations_Resistance
he571e586gc384gf9bbg0231g7c7be2144adc	"Vanish into the darkness and become <LSTag Type=""Status"" Tooltip=""INVISIBLE"">Invisible</LSTag>."	"Зникни в темряві та стань <LSTag Type=""Status"" Tooltip=""INVISIBLE"">Невидимим</LSTag>."		Shout_OneWithShadows
h2eeadc40g0ba4g1146g9408g3a7f972a8ba4	"As a Bonus Action, you can conjure a pact weapon in your hand—a Simple or Martial Melee weapon of your choice with which you bond—or create a bond with a magic weapon you touch; you can’t bond with a magic weapon if someone else is attuned to it or another Warlock is bonded with it. Until the bond ends, you have proficiency with the weapon, and you can use it as a Spellcasting Focus.

Whenever you attack with the bonded weapon, you can use your Charisma modifier for the attack and damage rolls instead of using Strength or Dexterity; and you can cause the weapon to deal Necrotic, Psychic, or Radiant damage or its normal damage type.

Your bond with the weapon ends if you use this feature’s Bonus Action again, if the weapon is more than 5 feet away from you for 1 minute or more, or if you die. A conjured weapon disappears when the bond ends."	"У якості вторинної дії ви можете викликати у своїй руці зброю угоди — просту чи бойову зброю ближнього бою на ваш вибір, з якою ви зв’яжетеся — або створити зв’язок за допомогою магічної зброї, до якої торкаєтеся; ви не можете зв’язатися з магічною зброєю, якщо хтось інший налаштований на неї або інший чаклун пов’язаний з нею. Доки зв’язок не закінчиться, ви володієте навичками володіння зброєю та можете використовувати її як фокус закляття.

Кожного разу, коли ви атакуєте зв’язаною зброєю, ви можете використовувати свій модифікатор Харизми для кидків атаки та шкоди замість Сили чи Спритності; і ви можете змусити зброю завдати некротичної, психічної чи променевої шкоди або звичайний тип шкоди.

Ваш зв’язок зі зброєю припиняється, якщо ви знову використовуєте вторинну дію цієї особливості, якщо зброя перебуває на відстані понад 5 футів від вас протягом 1 хвилини або більше, або якщо ви помрете. Заклинана зброя зникає, коли зв’язок закінчується."		Shout_PactOfTheBlade_Bind;Shout_PactOfTheBlade_Bind_1;Shout_PactOfTheBlade_Bind_2;Shout_PactOfTheBlade_Bind_3;Shout_PactOfTheBlade_Bind_4
h7c130582g00ecg4530gb10cgc2b455501996	"Cantrip learning mode is active. Every cantrip from every class's spell list is added to your spell list.

Selecting a cantrip to cast permanently teaches it to you right away — you don't need a valid target or to finish casting it.

After selecting three different cantrips, this mode ends."	"Режим навчання Замовляння активний. Кожна спроба зі списку заклять кожного класу додається до вашого списку заклять.

Вибір уміння для застосування назавжди навчить вас цьому відразу — вам не потрібна дійсна ціль або закінчувати її застосування.

Після вибору трьох різних підказок цей режим завершується."		Shout_PactOfTheTome_Cantrip
h4c44c0abg262cg8e6egf06cg92cf676855e3	You can expend 1 Focus Point to take both the Disengage and the Dodge actions as a Bonus Action.	Ви можете витратити 1 очко зосередження, щоб виконувати дії «Відключення» та «Ухилення» як вторинну дію.		Shout_PatientDefense
h910e9fadg34c1gb42dg1da1g53563f066381	Apply Poison or Toxin to your currently equipped weapon set.	Застосуйте отруту або токсин до свого набору зброї.		Shout_PoisonersKit
h653acf2cg148dg50a8g434ag58a00ffde028	The Poison you apply becomes more potent each time you reach Rogue levels 5 and 9.	Отрута, яку ви застосовуєте, стає сильнішою щоразу, коли ви досягаєте рівнів 5 і 9 ізгоїв.		Shout_PoisonersKit
hc75d67a3g0d25g5303gc7a2ga9450b0024d2	Apply Poison or Toxin to your currently equipped weapon set.	Застосуйте отруту або токсин до свого набору зброї.		Shout_PoisonersKit_Feat
h0c2f65eegc089g9bd2g0b8cg8544a81b14cb	The Poison you apply becomes more potent each time you reach levels 5 and 9.	Отрута, яку ви застосовуєте, стає сильнішою кожного разу, коли ви досягаєте рівнів 5 і 9.		Shout_PoisonersKit_Feat
h8c7b0986g2c44g4065gc905g112f0d2b3ba7	Apply Poison to your currently equipped weapon set.	Застосуйте отруту до вашого комплекту зброї.		Shout_PoisonersKit_Poison
h23ed695dg9dc7gde96ge8bdgdd8f39573f79	The Poison you apply becomes more potent each time you reach Rogue levels 5 and 9.	Отрута, яку ви застосовуєте, стає сильнішою щоразу, коли ви досягаєте рівнів 5 і 9 ізгоїв.		Shout_PoisonersKit_Poison
h71e44abbge57bg7ad1g947ag37e74b144b9f	Apply Poison to your currently equipped weapon set.	Застосуйте отруту до вашого комплекту зброї.		Shout_PoisonersKit_Poison_Feat
h33116f45g7e7bgc7ceg8c72g03da6816dff4	The Poison you apply becomes more potent each time you reach levels 5 and 9.	Отрута, яку ви застосовуєте, стає сильнішою щоразу, коли ви досягаєте рівнів 5 і 9.		Shout_PoisonersKit_Poison_Feat
h39c54639gfc00g9983g819dg040b092116ce	Apply Toxin to your currently equipped weapon set.	Застосуйте токсин до свого комплекту зброї.		Shout_PoisonersKit_Toxin
hb178fcfbg2a6bg595fg1a08g177cffbae328	When you apply a toxin, you can deal damage immediately. The Poison you apply becomes more potent each time you reach Rogue levels 5 and 9.	Коли ви застосовуєте токсин, ви можете негайно завдати шкоди. Отрута, яку ви застосовуєте, стає сильнішою щоразу, коли ви досягаєте рівнів 5 і 9 ізгоїв.		Shout_PoisonersKit_Toxin
hbe9f2752g8f47geea4gedcfg417ece6cb1bd	Apply Toxin to your currently equipped weapon set.	Застосуйте токсин до свого комплекту зброї.		Shout_PoisonersKit_Toxin_Feat
h87d82c29gd117g1a29ge05cg9e2b93fce725	When you apply a toxin, you can deal damage immediately. The Poison you apply becomes more potent each time you reach levels 5 and 9.	Коли ви застосовуєте токсин, ви можете негайно завдати шкоди. Отрута, яку ви застосовуєте, стає сильнішою щоразу, коли ви досягаєте рівнів 5 і 9.		Shout_PoisonersKit_Toxin_Feat
h5a116b29gfa53g8de0g6237g5a2e4982dfe5	Gain the benefits of a Short Rest.	Отримайте переваги короткого відпочинку.		Shout_PrayerOfHealing;Shout_PrayerOfHealing_spellscroll
h568cd018gb348gb0a5g559fgc0dd5e263efc	Gain the benefits of a Short Rest.	Отримайте переваги короткого відпочинку.		Shout_PrayerOfHealing_3
hb81653bdgbf89g4d3eg8b44g1d6392df53a6	Gain the benefits of a Short Rest.	Отримайте переваги короткого відпочинку.		Shout_PrayerOfHealing_4
h8d8901f6g2e5cg9e63gccfag9986aa35774d	Gain the benefits of a Short Rest.	Отримайте переваги короткого відпочинку.		Shout_PrayerOfHealing_5
h29b83689gfd3bg5f53g17f0g9a9d6b677256	Gain the benefits of a Short Rest.	Отримайте переваги короткого відпочинку.		Shout_PrayerOfHealing_6
heb6d34e0g71aega6e8g5c93gaf4c63c25c3c	"You create a minor magical effect within range, producing one of the following results:

Ignite. You light a light source, such as a candle, torch, or small campfire.
Snuff. You extinguish a light source, such as a candle, torch, or small campfire.
Clean. You instantaneously clean an object no larger than 1 cubic foot."	"Ви створюєте незначний магічний ефект у межах діапазону, що призводить до одного з наступних результатів:

Запалити. Ви запалюєте джерело світла, наприклад свічку, факел або маленьке багаття.
Нюхальний табак. Ви гасите джерело світла, наприклад свічку, факел або маленьке багаття.
чистий. Ви миттєво очищаєте об’єкт розміром не більше 1 кубічного фута."		Shout_Prestidigitation
ha704fba0g722ag5d54g1576g599bf886f456	You instantaneously clean an object no larger than 1 cubic foot.	Ви миттєво очищаєте об’єкт розміром не більше 1 кубічного фута.		Shout_Prestidigitation_Clean
h42a9eafag659dgb810gad4egb8a174c73524	You extinguish a light source, such as a candle, torch, or small campfire.	Ви гасите джерело світла, наприклад свічку, факел або маленьке багаття.		Shout_Prestidigitation_Dark
ha1bc5cf5g9a11g73a8g06b2g71e2ab12d1d2	You light a light source, such as a candle, torch, or small campfire.	Ви запалюєте джерело світла, наприклад свічку, факел або маленьке багаття.		Shout_Prestidigitation_Light
h35a0000fg8dc5g3af7ge6b5g3ad5700dd6e6	"You can manifest shimmering blades of psychic energy.

While wielding a dagger, shortsword, or scimitar, you can change the weapon’s damage type to Psychic and give it the <LSTag Tooltip=""Thrown"">Thrown</LSTag> property."	"Ви можете проявити мерехтливі леза психічної енергії.

Маючи кинджал, короткий меч або ятаган, ви можете змінити тип шкоди зброї на Психічний і надати їй властивість <LSTag Tooltip=""Thrown"">Метальна</LSTag>."		Shout_PsychicBlades
hff09f5d5ga364g24e6ga7a8g00dbb675ea16	"You can weave a veil of psychic static to mask yourself. As a Magic action, you gain the <LSTag Type=""Status"" Tooltip=""INVISIBLE"">Invisible</LSTag> condition for 1 hour. This invisibility ends early immediately after you deal damage to a creature or you force a creature to make a saving throw."	"Ви можете сплести завісу психічної статики, щоб замаскувати себе. Як магічна дія ви отримуєте стан <LSTag Type=""Status"" Tooltip=""INVISIBLE"">Невидимість</LSTag> на 1 годину. Ця невидимість закінчується відразу після того, як ви завдаєте шкоди істоті або змушуєте істоту зробити кидок протидії."		Shout_PsychicVeil
h6fbb1933ge0e0gc26ag9144gcde944d43651	As a Magic action, you present your Holy Symbol and expend a use of your Channel Divinity to emit a flash of light in a 30-foot Emanation originating from yourself. Any magical Darkness—such as that created by the Darkness spell—in that area is dispelled. Additionally, each creature of your choice in that area must make a Constitution saving throw, taking Radiant damage equal to 2d10 plus your Cleric level on a failed save or half as much damage on a successful one.	У якості магічної дії ви представляєте свій Священний Символ і використовуєте Боже наснаження, щоб випромінювати спалах світла в 30-футовій еманації, що походить від вас самих. Будь-яка магічна Темрява — наприклад, створена закляттям Темряви — у цій області розсіюється. Крім того, кожна істота за вашим вибором у цій зоні повинна зробити кидок протидії «Статура», зазнавши шкоди від «Сяйва», що дорівнює 2d10 плюс ваш рівень клірика за невдалої протидії або вдвічі менше шкоди за успішної протидії.		Shout_RadianceOfTheDawn
hdc0c151fgfe8egbcabge68cg685831c227f1	Deal [1] extra damage with melee and improvised weapons, and throwing.	Рукопашна й підручна зброя, а також метання завдають додаткові [1] шкоди.	Рукопашна й підручна зброя, а також метання завдають додаткові [1] шкоди.	Shout_Rage_Frenzy
h3f4c0be2gf28cg9925g8be8g0c8a747faf6e	"You can use <LSTag Type=""Spell"" Tooltip=""Shout_PackHowl_Barbarian"">Inciting Howl</LSTag>, and your allies have <LSTag Tooltip=""Advantage"">Advantage</LSTag> on <LSTag Tooltip=""AttackRoll"">Attack Rolls</LSTag> against enemies within [1] of you."	"Ви можете використовувати <LSTag Type=""Spell"" Tooltip=""Shout_PackHowl_Barbarian"">Бадьоре виття</LSTag>, а ваші союзники отримають <LSTag Tooltip=""Advantage"">Перевага</LSTag> на <LSTag Tooltip=""AttackRoll"">Кидки атаки</LSTag> проти ворогів в межах [1] від вас."		Shout_Rage_Totem_Wolf
hba999864g53e8g9570g151dg74f237601880	Expend a spell slot to regain the use of your Ranger's Companion.	Витратьте чарунку заклять, щоб відновити використання напарника слідопита.		Shout_RangersCompanion;Shout_RangersCompanion_2;Shout_RangersCompanion_3;Shout_RangersCompanion_4;Shout_RangersCompanion_5;Shout_RangersCompanion_6
hae41811bg62eeg0a5bge75bgde45ea1213a3	As a Bonus Action, you give yourself Advantage on your next attack roll on the current turn.	Як вторинну дію ви надаєте собі перевагу під час наступного кидка атаки поточного ходу.		Shout_RovingAim
hb8fdcfc4ga498g2b1cg07dfg1712e7560d44	Whenever you finish a Short Rest, you can perform a ritual on a melee weapon you are proficient with that deals Piercing or Slashing damage, sanctifying it. It becomes your sanctified blade, and you can only have one such blade at a time. The blade gains the Finesse property for you, and attacks made with it against Aberrations, Fiends, and Undead ignore Resistance to damage.	Щоразу, коли ви завершуєте короткий відпочинок, ви можете виконати ритуал на холодній зброї, якою ви володієте, яка завдає пронизливої або рубаючої шкоди, освячуючи її. Він стає вашим освяченим клинком, і ви можете мати лише один такий клинок за раз. Клинок отримує властивість Фехтувальна замість вас, а атаки, здійснені з ним проти аберацій, злихів і нежиті, ігнорують стійкість до шкоди.		Shout_SanctifiedChampion
h974a5e6ag1e52gc326gd4b2g92e4681ec152	This spell is a dummy with no functionality. When choosing a spell to add to your spellbook through the Wizard's Savant feature, level-up cannot proceed if you have already learned every eligible spell by other means, such as scribing scrolls, leaving nothing left to pick. This spell was added as a workaround for that situation.	Це закляття є манекеном без функціональності. Коли ви вибираєте закляття для додавання до вашої книги заклять за допомогою особливості Чарівник's Мудрець, підвищення рівня не може продовжитися, якщо ви вже вивчили кожне відповідне закляття іншими способами, наприклад, прописуючи сувої, не залишаючи нічого для вибору. Це закляття було додано як обхідний шлях для цієї ситуації.		Shout_SavantDummy_1;Shout_SavantDummy_2;Shout_SavantDummy_3;Shout_SavantDummy_4;Shout_SavantDummy_5;Shout_SavantDummy_6
hc17eba4eg936fg2851g0508gb73011778121	"While you are <LSTag Type=""Status"" Tooltip=""RAGE"">raging</LSTag>, once per turn, you can emit tendrils of shadow smoke. The smoke extends 10 feet from you in every direction. Any creature other than you that is within the smoke is <LSTag Type=""Status"" Tooltip=""BLINDED"">Blinded</LSTag>."	"Поки ви <LSTag Type=""Status"" Tooltip=""RAGE"">У люті</LSTag>, один раз за хід ви можете випускати вусики тіньового диму. Дим тягнеться на 10 футів від вас у будь-якому напрямку. Будь-яка істота, крім вас, яка знаходиться в диму, є <LSTag Type=""Status"" Tooltip=""BLINDED"">Засліплений</LSTag>."		Shout_ShadowSmoke
h01b344bfgb2ffg91fcg0c56gee5f0fb1bf6f	You gain the ability to augment your weapons further with your ki. As a bonus action, you can expend 1 ki points to grant one kensei weapon you touch a bonus to attack and damage rolls when you attack with it. This bonus lasts for 1 minute or until you use this feature again.	Ви отримуєте можливість посилити свою зброю за допомогою свого кі. Як вторинну дію ви можете витратити 1 кі очки, щоб надати одній зброї кенсей, якої ви торкаєтеся, бонус до кидків атаки та шкоди, коли ви атакуєте нею. Цей бонус діє протягом 1 хвилини або до тих пір, поки ви знову не скористаєтеся цією особливістю.		Shout_SharpenTheBlade
hf61e69c2g84a1g28cdg2869gee89659329d6	"A Club or Quarterstaff you are holding is imbued with nature’s power. For the duration, you can use your spellcasting ability instead of Strength for the attack and damage rolls of melee attacks using that weapon, and the weapon’s damage die becomes a d8. If the attack deals damage, it is Force damage.

The spell ends early if you cast it again or if you let go of the weapon.

Cantrip Upgrade. The damage die changes when you reach levels 5 (d10), 10 (d12)."	"Клуб або Бойовий посох, який ви тримаєте, наповнений силою природи. Протягом цього періоду ви можете використовувати свою здатність закляття замість Сили для кидків атаки та шкоди рукопашних атак із використанням цієї зброї, а кістка шкоди від зброї стає d8. Якщо атака завдає шкоди, це силова шкода.

Закляття закінчується раніше, якщо ви використовуєте його знову або відпускаєте зброю.

Замовляння Поліпшення. Кошт шкоди змінюється, коли ви досягаєте рівнів 5 (d10), 10 (d12)."		Shout_Shillelagh;Shout_Shillelagh_spellscroll
h7b17de26g4a12g2a89g2353gedd40e2fbe9a	"Home can be wherever you are. You draw upon the Gloaming Court’s quiet dominion over shadow and secrecy, wrapping yourself and your allies in its subtle protection. As an action, you invoke this power to conjure a protective refuge and immediately gain the benefits of a short rest.

Until you complete your next long rest, you and your allies gain a +5 bonus to Dexterity (<LSTag Type=""Skills"" Tooltip=""Stealth"">Stealth</LSTag>) and Wisdom (<LSTag Type=""Skills"" Tooltip=""Perception"">Perception</LSTag>) checks."	"Дім може бути де б ти не був. Ви спираєтеся на тихе панування Похмурого Суду над тінню й таємницею, огортаючи себе та своїх союзників його тонким захистом. Як дію, ви викликаєте цю силу, щоб викликати захисний притулок і негайно отримати переваги короткого відпочинку.

Поки ви не завершите свій наступний довгий відпочинок, ви та ваші союзники отримаєте бонус +5 до перевірок спритності (<LSTag Type=""Skills"" Tooltip=""Stealth"">Скритність</LSTag>) і мудрості (<LSTag Type=""Skills"" Tooltip=""Perception"">Уважність</LSTag>)."		Shout_SongOfRest_Hearth
h5ef71f37g9eeeg0a14g2f05g417ed20720ed	You regain Sorcery Points equal to half your maximum.	Ви відновлюєте очки чародійства, що дорівнюють половині вашого максимуму.		Shout_SorcerousRestoration
haf3b75e3g8f42g8af5ge959ga8ee656088f7	As a Bonus Action, you give yourself Advantage on your next attack roll on the current turn. You can use this feature only if you haven’t moved during this turn, and after you use it, your Speed is 0 until the end of the current turn.	Як вторинну дію ви надаєте собі перевагу під час наступного кидка атаки поточного ходу. Ви можете використовувати цю особливість, лише якщо ви не рухалися протягом цього ходу, і після того, як ви її використаєте, ваша швидкість дорівнюватиме 0 до кінця поточного ходу.		Shout_SteadyAim
h83374bedgf40agd759g1784gd9c5f24545a3	"You can expend 1 Focus Point to take both the Disengage and <LSTag Type=""Spell"" Tooltip=""Shout_Dash"">Dash</LSTag> actions as a Bonus Action, and your jump distance is doubled for the turn."	"Ви можете витратити 1 очко зосередження, щоб виконати обидві дії «Від’єднання» та «<LSTag Type=""Spell"" Tooltip=""Shout_Dash"">Ривок</LSTag>» як вторинну дію, а відстань вашого стрибка подвоюється для ходу."		Shout_StepOfTheWind
hd00a3cd4g9f52gd499g2530gb2fb01ccdeba	You can draw on the mystical power of night to rise into the air. As a bonus action when you are in dim light or darkness, you can magically give yourself a flying speed equal to your walking speed for 1 minute. You can use this bonus action a number of times equal to your wisdom modifier, and you regain all expended uses when you finish a long rest.	Ви можете скористатися містичною силою ночі, щоб піднятися в повітря. Як вторинну дію, коли ви перебуваєте в тьмяному світлі чи темряві, ви можете чарівним чином налаштувати собі швидкість польоту, що дорівнює швидкості вашої ходьби на 1 хвилину. Ви можете використати цю вторинну дію кількість разів, що дорівнює вашому модифікатору мудрості, і ви відновите всі витрачені використання, коли завершите довгий відпочинок.		Shout_StepsOfNight
h75559935g2e90ga5d1g57b2g1393773adde2	You can invoke the rune as a bonus action to enter a prophetic state for 1 minute or until you’re incapacitated. Until the state ends, when you or another creature you can see within 60 feet of you makes an attack roll, a saving throw, or an ability check, you can use your reaction to cause the roll to have advantage or disadvantage.	Ви можете викликати руну як вторинну дію, щоб увійти в пророчий стан на 1 хвилину або до втрати працездатності. Доки стан не закінчиться, коли ви або інша істота, яку ви бачите в радіусі 60 футів від вас, робите кидок на атаку, кидок протидії або перевірку здібностей, ви можете використовувати своє реагування, щоб зробити кидок перевагою чи Завадою.		Shout_StormRune
h928f5df7ga251g34dbg0162g20a1a67d1a84	You have absorbed primeval magic that gives you an echo of the might of giants. When you take this feat, choose one of the benefits listed below. Once per turn, when you hit a target with a melee weapon attack or a ranged weapon attack using a thrown weapon, you can imbue the attack with an additional effect depending on the benefit you chose:	Ви увібрали первісну магію, яка дає вам відлуння могутності велетнів. Здійснюючи цей риса, виберіть одну з перелічених нижче переваг. Один раз за хід, коли ви вражаєте ціль атакою зброєю ближнього бою або атакою зброєю далекого бою з використанням метальної зброї, ви можете наповнити атаку додатковим ефектом залежно від вибраної переваги:		Shout_StrikeOfTheGiantsSelect
h31271d37gef33g6d93g7cfag28a0f45dd8d8	You can use this feat a number of times equal to your proficiency bonus, and you regain all expended uses when you finish a long rest.	Ви можете використати цю здатність стільки разів, скільки буде дорівнювати вашому бонусу спеціалізації, і ви відновите всі витрачені використання, коли завершите довгий відпочинок.		Shout_StrikeOfTheGiantsSelect;Shout_StrikeOfTheGiantsSelect_Cloud;Shout_StrikeOfTheGiantsSelect_Fire;Shout_StrikeOfTheGiantsSelect_Frost;Shout_StrikeOfTheGiantsSelect_Hill;Shout_StrikeOfTheGiantsSelect_Stone;Shout_StrikeOfTheGiantsSelect_Storm
h897e40eeg7135g851fg8143gc3ccb162516c	The target takes an extra 1d4 thunder damage. You become invisible to it until the start of your next turn or until immediately after you make an attack roll or cast a spell.	Ціль зазнає додаткової шкоди від удару грому 1d4. Ви стаєте невидимим для нього до початку вашого наступного ходу або відразу після того, як ви зробите кидок на атаку або використаєте закляття.		Shout_StrikeOfTheGiantsSelect_Cloud
he2204be6g0a15geff5g35a0g192affa407ee	The target takes an extra 1d10 fire damage.	Ціль зазнає додаткової шкоди від вогню 1d10.		Shout_StrikeOfTheGiantsSelect_Fire
h0e59eedfg13a0g2433g31c1g969915edce8d	The target takes an extra 1d6 cold damage. If the target is a creature, it must succeed on a Constitution saving throw, or its speed is reduced to 0 until the start of your next turn.	Ціль зазнає додаткову холодну шкоду 1d6. Якщо ціль — істота, вона має успішно виконати кидок протидії «Статура», або її швидкість зменшується до 0 до початку вашого наступного ходу.		Shout_StrikeOfTheGiantsSelect_Frost
h05ec7064ga697gdc69g5003g66e24f5cb04b	The target takes an extra 1d6 force damage. If the target is a creature, it must succeed on a Strength saving throw or have the prone condition.	Ціль отримує додаткову силу 1d6. Якщо ціль — істота, вона має успішно виконати кидок «Сила» або мати стан Повалення».		Shout_StrikeOfTheGiantsSelect_Hill
hc3df7c24g824ag06f4ge664geda5e80d2018	The target takes an extra 1d6 force damage. If the target is a creature, it must succeed on a Strength saving throw or be pushed 10 feet from you in a straight line.	Ціль отримує додаткову силу 1d6. Якщо ціль — істота, вона має вдало виконати кидок протидії силою або бути відштовхнута на 10 футів від вас по прямій лінії.		Shout_StrikeOfTheGiantsSelect_Stone
hf81d0d50g810egc762gf156g017583f5ab0c	The target takes an extra 1d6 lightning damage. If the target is a creature, it must succeed on a Constitution saving throw, or it has disadvantage on attack rolls until the start of your next turn.	Ціль зазнає додаткової шкоди від блискавки 1d6. Якщо ціль — істота, вона має вдало виконати кидок протидії «Статура», або вона має Завада у кидках на атаку до початку вашого наступного ходу.		Shout_StrikeOfTheGiantsSelect_Storm
h112c7e0eg78abgd915gaaeag4b58bbd6c408	"When you use this action, you are not subject to the <LSTag Type=""Status"" Tooltip=""ONE_SPELL_WITH_A_SPELL_SLOT_PER_TURN"">One Spell with a Spell Slot per Turn</LSTag> restriction."	"Коли ви використовуєте цю дію, на вас не поширюється обмеження <LSTag Type=""Status"" Tooltip=""ONE_SPELL_WITH_A_SPELL_SLOT_PER_TURN"">Одне закляття з чарункою заклять за хід</LSTag>."		Shout_SwiftWitchcraft
hf825d6a4g01fbg9069gd8b6gd7c305318fc8	You can cast more than one spell that uses a spell slot on your turn. Once you use this benefit, you can’t do so again until you finish a Long Rest.	У свій хід можна використати більше одного закляття, яке використовує чарунку заклять. Скориставшись цією перевагою, ви не зможете зробити це знову, доки не завершите довгий відпочинок.		Shout_SwiftWitchcraft
h650ea344gc449g2751g4692g5f60cf3d64d3	You create a momentary circle of spectral blades that sweep around you. All other creatures within 5 feet of you must succeed on a Dexterity saving throw or take [1].	Ви створюєте миттєве коло спектральних лез, які проносяться навколо вас. Усі інші істоти в радіусі 5 футів від вас повинні успішно виконати кидок протидії спритністю або взяти [1].		Shout_SwordBurst;Shout_SwordBurst_spellscroll
h22dd46abgbee6g491bg8b3eg17ea18400639	You can expend one use of your Bardic Inspiration to encourage allies within 30 feet of yourself. An encouraged ally gains a +5 bonus to its next Initiative roll.	Ви можете витратити одне використання Бардівського натхнення, щоб підбадьорити союзників у радіусі 30 футів від себе. Заохочений союзник отримує бонус +5 до наступного кидка ініціативи.		Shout_TandemFootwork
h853f3b07gf693g964eg9f97g97a2cfda50ef	Each creature in a [1] Emanation originating from you must succeed on a Constitution saving throw or take Thunder damage.	Кожна істота в еманації [1], що походить від вас, повинна досягти успіху в кидку протидії «Статура» або отримати шкоди від «Грому».		Shout_Thunderclap;Shout_Thunderclap_spellscroll
h029cddf2gf1b9g86a2g45e7g18bf046b40f1	You unleash a wave of swirling shadows that fills an area next to you. Each creature in a 10-foot Cube of Darkness originating from you when you cast the spell makes a Wisdom saving throw. On a failed save, a creature takes 2d8 psychic damage and is Blinded until the start of your next turn. On a successful save, it takes half as much damage and isn’t Blinded.	Ви запускаєте хвилю кружляючих тіней, які заповнюють територію поруч з вами. Кожна істота в 10-футовому Кубі Темряви, що походить від вас, коли ви використовуєте закляття, робить кидок протидії мудрістю. У разі невдалої протидії істота зазнає психічну шкоду 2d8 і стає засліпленою до початку вашого наступного ходу. За успішної протидії він зазнає вдвічі менше шкоди і не осліпляється.		Shout_TideOfDarkness;Shout_TideOfDarkness_2;Shout_TideOfDarkness_3;Shout_TideOfDarkness_4;Shout_TideOfDarkness_5;Shout_TideOfDarkness_6;Shout_TideOfDarkness_spellscroll
hc95f4dcfg8caeg69e9gc8b5ge035fe1dc1a3	As a Magic action, you can give yourself a number of Temporary Hit Points equal to 1d8 plus your Wisdom modifier (minimum of 1).	Як магічну дію ви можете надати собі кількість тимчасових очок здоров’я, що дорівнює 1d8 плюс ваш модифікатор мудрості (мінімум 1).		Shout_Tireless
h7e9705fdg8018gea33g08e7g9a5b338d7d6a	As an action, you present your holy symbol, and a sphere of twilight emanates from you. The sphere is centered on you, has a 30-foot radius, and is filled with dim light. The sphere moves with you, and it lasts for 1 minute or until you are incapacitated or die. Whenever a creature ends its turn in the sphere, it gains temporary hit points equal to 1d6 plus your Cleric level and ends one effect causing it to be charmed or frightened.	Як дію, ви представляєте свій святий символ, і від вас виходить сфера сутінків. Сфера зосереджена на вас, має радіус 30 футів і наповнена тьмяним світлом. Сфера рухається разом з вами, і це триває 1 хвилину або поки ви не станете недієздатним або не помрете. Щоразу, коли істота закінчує свій хід у сфері, вона отримує тимчасові очки здоров’я, що дорівнюють 1d6 плюс ваш рівень клірика, і припиняє один ефект, що спричиняє її зачарування або страх.		Shout_TwilightSanctuary
h48a9451fg4097gddefg1177g77b625d48f82	You can regain all expended Focus Points. When you do so, roll your Martial Arts die, and regain a number of Hit Points equal to your Monk level plus the number rolled.	Ви можете відновити всі витрачені очки фокусування. Коли ви це зробите, киньте свій кістка бойових мистецтв і відновіть кількість очок здоров’я, що дорівнює вашому рівню монаха плюс викинуте число.		Shout_UncannyMetabolism
h8686f980g14cdg48cdg0923g21540c804c00	As a Bonus Action, you can make one attack with a weapon or an Unarmed Strike.	Як вторинну дію ви можете здійснити одну атаку зі зброєю або удар голіруч.		Shout_WarPriest
h46ea941fg771dgceb6g2492gb66d8a8c13e0	"A divine entity helps ensure you can continue the fight. You have a pool of four d12s that you can spend to heal yourself. As a Bonus Action, you can expend dice from the pool, roll them, and regain a number of Hit Points equal to the roll’s total.

Your pool regains all expended dice when you finish a Long Rest.

The pool’s maximum number of dice increases by one when you reach Barbarian levels 6 (5 dice), 12 (6 dice), and 17 (7 dice)."	"Божественна сутність допомагає вам продовжувати боротьбу. У вас є запас із чотирьох d12, які ви можете витратити, щоб зцілити себе. Як вторинну дію ви можете витрачати кістки з запасу, кидати їх і відновлювати кількість очок здоров’я, що дорівнює загальній сумі кидка.

Ваш запас повертає всі витрачені кістки, коли ви закінчуєте Довгий відпочинок.

Максимальна кількість кісток у запасі збільшується на один, коли ви досягаєте рівнів Варвара 6 (5 кісток), 12 (6 кісток) і 17 (7 кісток)."		Shout_WarriorOfTheGods;Shout_WarriorOfTheGods_1;Shout_WarriorOfTheGods_2;Shout_WarriorOfTheGods_3;Shout_WarriorOfTheGods_4;Shout_WarriorOfTheGods_5;Shout_WarriorOfTheGods_6
h202adf83g5a60g677dg2f14g1cbdfc06aeab	As a Bonus Action, you can roll your Martial Arts die. You regain a number of Hit Points equal to the number rolled plus your Wisdom modifier (minimum of 1 Hit Point regained).	Як вторинну дію ви можете кинути кістка бойових мистецтв. Ви відновлюєте кількість очок здоров’я, що дорівнює кількості викинутих плюс ваш модифікатор мудрості (отримано мінімум 1 очко здоров’я).		Shout_WholenessOfBody
hc24409fagede8g0aaag1ad3g32c2949bb667	As a Bonus Action, you can expend a use of your Wild Shape to regain a number of Hit Points equal to 2d6 plus your Druid level. This healing increases by 1d6 when you reach Druid levels 5 (3d6 plus your Druid level) and 10 (4d6 plus your Druid level).	Як вторинну дію, ви можете витратити використання вашої Дика подоба, щоб відновити кількість очок здоров’я, що дорівнює 2d6 плюс ваш рівень друїда. Це зцілення збільшується на 1d6, коли ви досягаєте рівнів друїда 5 (3d6 плюс ваш рівень друїда) і 10 (4d6 плюс ваш рівень друїда).		Shout_WildRecovery
h70ae88b1gd34eg0e8ag5b7bga526ea0cf7a6	You can restore one use of Wild Shape by expending a spell slot (no action required).	Ви можете відновити один раз використання Дика подоба, витративши чарунку заклять (діяти не потрібно).		Shout_WildResurgence;Shout_WildResurgence_1;Shout_WildResurgence_2;Shout_WildResurgence_3;Shout_WildResurgence_4;Shout_WildResurgence_5;Shout_WildResurgence_6
h672e82feg2734g7895ga227gd76ffbfded41	"Assume the shape of a giant badger that can <LSTag Type=""Spell"" Tooltip=""Target_Burrow_GiantBadger"">Burrow</LSTag> into the ground."	"Прийміть форму гігантського борсука, який може <LSTag Type=""Spell"" Tooltip=""Target_Burrow_GiantBadger"">ритися </LSTag> у землю."		Shout_WildShape_Combat_Badger
h2d9c047cg3532g702ege224g72b70a01e316	"While in animal shape, you can't talk or cast spells. You take on the attributes of your beast form - excluding your <LSTag Tooltip=""Intelligence"">Intelligence</LSTag>, <LSTag Tooltip=""Wisdom"">Wisdom</LSTag>, and <LSTag Tooltip=""Charisma"">Charisma</LSTag> scores."	"Перебуваючи у формі тварини, ви не можете розмовляти чи чаклувати. Ви приймаєте атрибути вашої форми звіра, за винятком вашого <LSTag Tooltip=""Intelligence"">Інтелекту</LSTag>, <LSTag Tooltip=""Wisdom"">Мудрості</LSTag> та <LSTag Tooltip=""Charisma"">Харизма</LSTag> бали."		Shout_WildShape_Combat_Badger
h3d2a0062g8a04g4942g776fg8389d4b68f1b	"Assume the shape of a polar bear that can <LSTag Type=""Spell"" Tooltip=""Shout_GoadingRoar_Bear_Summon"">Goad</LSTag> enemies into attacking it."	"Прийміть форму білого ведмедя, який може <LSTag Type=""Spell"" Tooltip=""Shout_GoadingRoar_Bear_Summon"">Провокація</LSTag> ворогів змусити його атакувати."		Shout_WildShape_Combat_Bear_Polar
h3b7d345ag5345g49ffg6c00g90a138a19f95	"While in animal shape, you can't talk or cast spells. You take on the attributes of your beast form - excluding your <LSTag Tooltip=""Intelligence"">Intelligence</LSTag>, <LSTag Tooltip=""Wisdom"">Wisdom</LSTag>, and <LSTag Tooltip=""Charisma"">Charisma</LSTag> scores."	"Перебуваючи у формі тварини, ви не можете розмовляти чи чаклувати. Ви приймаєте атрибути вашої форми звіра, за винятком вашого <LSTag Tooltip=""Intelligence"">Інтелекту</LSTag>, <LSTag Tooltip=""Wisdom"">Мудрості</LSTag> та <LSTag Tooltip=""Charisma"">Харизма</LSTag> бали."		Shout_WildShape_Combat_Bear_Polar
he8e15200g5d16g3cfag9fd3g57eec75fb43b	"Take the shape of a cat that can avoid attention and <LSTag Type=""Spell"" Tooltip=""Shout_Distract_Cat_Summon"">Meow</LSTag> to distract enemies."	"Прийміть форму кота, який може уникати уваги, і <LSTag Type=""Spell"" Tooltip=""Shout_Distract_Cat_Summon"">Няв</LSTag>, щоб відвернути ворогів."		Shout_WildShape_Combat_Cat
h2fa825ceg9a28g20c8g48d0g40216361a33e	"While in animal shape, you can't talk or cast spells. You take on the attributes of your beast form - excluding your <LSTag Tooltip=""Intelligence"">Intelligence</LSTag>, <LSTag Tooltip=""Wisdom"">Wisdom</LSTag>, and <LSTag Tooltip=""Charisma"">Charisma</LSTag> scores."	"Перебуваючи у формі тварини, ви не можете розмовляти чи чаклувати. Ви приймаєте атрибути вашої форми звіра, за винятком вашого <LSTag Tooltip=""Intelligence"">Інтелекту</LSTag>, <LSTag Tooltip=""Wisdom"">Мудрості</LSTag> та <LSTag Tooltip=""Charisma"">Харизма</LSTag> бали."		Shout_WildShape_Combat_Cat
h6827c922gd910gca98gee99gdbd9b0f178b1	"Assume the shape of a deep rothé that casts <LSTag Type=""Spell"" Tooltip=""Target_DancingLights"">Dancing Lights</LSTag> and <LSTag Type=""Spell"" Tooltip=""Rush_Rush_DeepRothe"">Charges</LSTag> its enemies."	"Прийміть форму глибокого роте, який кидає <LSTag Type=""Spell"" Tooltip=""Target_DancingLights"">Танок вогників</LSTag> і <LSTag Type=""Spell"" Tooltip=""Rush_Rush_DeepRothe"">Заряди</LSTag> своїх ворогів."		Shout_WildShape_Combat_DeepRothe
h1479e906gc7dag1d98gf6d0g21845e6cae8e	"While in animal shape, you can't talk or cast spells. You take on the attributes of your beast form - excluding your <LSTag Tooltip=""Intelligence"">Intelligence</LSTag>, <LSTag Tooltip=""Wisdom"">Wisdom</LSTag>, and <LSTag Tooltip=""Charisma"">Charisma</LSTag> scores."	"Перебуваючи у формі тварини, ви не можете розмовляти чи чаклувати. Ви приймаєте атрибути вашої форми звіра, за винятком вашого <LSTag Tooltip=""Intelligence"">Інтелекту</LSTag>, <LSTag Tooltip=""Wisdom"">Мудрості</LSTag> та <LSTag Tooltip=""Charisma"">Харизма</LSTag> бали."		Shout_WildShape_Combat_DeepRothe
h97d1904cg83d1gdb83ge2b8gfb2e45881c92	You can cast Circle of the Moon Spells while you’re in Wild Shape.	Ви можете використовувати закляття Коло місяця, перебуваючи в Дикій формі.		Shout_WildShape_Combat_Heal
h6c004994g2426gc2fbg7e1eg48891af8e993	"Take the shape of a dire raven that can avoid attention and <LSTag Type=""Spell"" Tooltip=""Target_RendVision_Raven_Summon"">Blind</LSTag> enemies."	"Прийміть форму жахливого ворона, який може уникнути уваги та <LSTag Type=""Spell"" Tooltip=""Target_RendVision_Raven_Summon"">Засліплення</LSTag> ворогів."		Shout_WildShape_Combat_Raven
h23312037g140dg2713g1d14gd9b396f2c1e0	"While in animal shape, you can't talk or cast spells. You take on the attributes of your beast form - excluding your <LSTag Tooltip=""Intelligence"">Intelligence</LSTag>, <LSTag Tooltip=""Wisdom"">Wisdom</LSTag>, and <LSTag Tooltip=""Charisma"">Charisma</LSTag> scores."	"Перебуваючи у формі тварини, ви не можете розмовляти чи чаклувати. Ви приймаєте атрибути вашої форми звіра, за винятком вашого <LSTag Tooltip=""Intelligence"">Інтелекту</LSTag>, <LSTag Tooltip=""Wisdom"">Мудрості</LSTag> та <LSTag Tooltip=""Charisma"">Харизма</LSTag> бали."		Shout_WildShape_Combat_Raven
h9f0fbf45g41d6gb607g5104g558e4732b4de	"Assume the shape of a giant spider that can <LSTag Type=""Spell"" Tooltip=""Target_Web_Spider"">Enweb</LSTag> enemies."	"Прийміть форму гігантського павука, який може <LSTag Type=""Spell"" Tooltip=""Target_Web_Spider"">Обплутування</LSTag> ворогів."		Shout_WildShape_Combat_Spider
h30b03151g5293g0f58g25ecg192e954a1d18	"While in animal shape, you can't talk or cast spells. You take on the attributes of your beast form - excluding your <LSTag Tooltip=""Intelligence"">Intelligence</LSTag>, <LSTag Tooltip=""Wisdom"">Wisdom</LSTag>, and <LSTag Tooltip=""Charisma"">Charisma</LSTag> scores."	"Перебуваючи у формі тварини, ви не можете розмовляти чи чаклувати. Ви приймаєте атрибути вашої форми звіра, за винятком вашого <LSTag Tooltip=""Intelligence"">Інтелекту</LSTag>, <LSTag Tooltip=""Wisdom"">Мудрості</LSTag> та <LSTag Tooltip=""Charisma"">Харизма</LSTag> бали."		Shout_WildShape_Combat_Spider
hc4d3f811g2a89g0e6dg5219gcf3bfa3167c3	"Assume the shape of a dire wolf that can <LSTag Type=""Spell"" Tooltip=""Shout_PackHowl_Wolf_Dire"">Incite</LSTag> allies and <LSTag Type=""Spell"" Tooltip=""Target_Bite_Wolf_Dire_Wildshape"">Distract</LSTag> enemies."	"Прийміть форму страшного вовка, який може <LSTag Type=""Spell"" Tooltip=""Shout_PackHowl_Wolf_Dire""> підбурювати</LSTag> союзників і <LSTag Type=""Spell"" Tooltip=""Target_Bite_Wolf_Dire_Wildshape""> відволікати</LSTag> ворогів."		Shout_WildShape_Combat_Wolf_Dire
hec2215cegc8c3g171bg67cdg7de02f56bba6	"While in animal shape, you can't talk or cast spells. You take on the attributes of your beast form - excluding your <LSTag Tooltip=""Intelligence"">Intelligence</LSTag>, <LSTag Tooltip=""Wisdom"">Wisdom</LSTag>, and <LSTag Tooltip=""Charisma"">Charisma</LSTag> scores."	"Перебуваючи у формі тварини, ви не можете розмовляти чи чаклувати. Ви приймаєте атрибути вашої форми звіра, за винятком вашого <LSTag Tooltip=""Intelligence"">Інтелекту</LSTag>, <LSTag Tooltip=""Wisdom"">Мудрості</LSTag> та <LSTag Tooltip=""Charisma"">Харизма</LSTag> бали."		Shout_WildShape_Combat_Wolf_Dire
h019511d5gb330g2cd9gd860g84e25789d117	"A constellation of a wise dragon appears on you. When you make a <LSTag Tooltip=""SavingThrow"">Saving Throw</LSTag> to maintain <LSTag Tooltip=""Concentration"">Concentration</LSTag> on a spell, a roll result of 9 or lower is considered a 10."	"На вас з'являється сузір'я мудрого дракона. Коли ви робите <LSTag Tooltip=""SavingThrow"">Кидок протидії</LSTag> для підтримки <LSTag Tooltip=""Concentration"">Концентрація</LSTag> на заклятті, результат кидка 9 або менше вважається 10."		Shout_Wildshape_Star_Dragon
hbb7ccd06g2737gdcf2gc167g21f32c9615fb	Burning radiance erupts from you in a [1] Emanation. Each creature of your choice that you can see in it must succeed on a Constitution saving throw or take Radiant damage.	Палаюче сяйво виривається з вас у еманації [1]. Кожна істота за вашим вибором, яку ви можете побачити в ньому, має успішно виконати кидок протидії статурою або отримати шкоди від Променева.		Shout_WordOfRadiance;Shout_WordOfRadiance_spellscroll
h57810054gfe7fgd3feg857agf79b5362dc6c	As a Bonus Action, you can expend a use of your Wild Shape to manifest a 5-foot Emanation that takes the form of ocean spray that surrounds you. It ends early if you dismiss it (no action required), manifest it again, or have the Incapacitated condition.	Як вторинну дію ви можете використати свою Дику фігуру, щоб проявити 5-футову еманацію, яка набуває форми океанських бризок, які вас оточують. Він закінчується раніше, якщо ви відхиляєте його (не потрібно ніяких дій), проявляєте його знову або маєте стан Недієздатності.		Shout_WrathOfTheSea
h552007ebg0886g488bgccfag99d4097696ee	"You draw power from the strange and ancient horrors of the land, causing you to sprout unnatural growths, such as bloody antlers or putrid fangs, or causing your shadow to lengthen or twist around you. As a Bonus Action, you can expend a use of Favored Enemy to transform into a ghastly form, gaining the following benefits for 1 minute or until you have the Incapacitated condition, die, or end the transformation (no action required).

Ancient Armor. You gain a +1 bonus to AC, as your body is wreathed in rotten bark and beastly bristles. This bonus increases to +2 when you reach Ranger level 11.

Prowling Retribution. Immediately after a creature you can see within 5 feet of yourself deals damage to you or one of your allies, you can make an Opportunity Attack against that creature.

Unnerving Aura. When you transform and at the start of each of your subsequent turns, each creature of your choice in a 10-foot Emanation originating from you makes a Wisdom saving throw against your spell save DC. On a failed save, a creature has the Frightened condition until the start of your next turn."	"Ви черпаєте силу з дивних і стародавніх жахів землі, змушуючи вас проростати неприродні нарости, такі як криваві роги чи гнилі ікла, або змушуючи вашу тінь подовжуватися чи звиватися навколо вас. Як вторинну дію ви можете використати улюбленого ворога, щоб перетворитися на жахливу форму, отримуючи наступні переваги на 1 хвилину або до стану недієздатності, смерті або завершення трансформації (діяти не потрібно).

Старовинні обладунки. Ви отримуєте бонус +1 до РЗ, оскільки ваше тіло оповите гнилою корою та звірячою щетиною. Цей бонус збільшується до +2, коли ви досягаєте рівня слідопита 11.

Крадуча відплата. Відразу після того, як істота, яку ви бачите в радіусі 5 футів від себе, завдає шкоди вам або одному з ваших союзників, ви можете здійснити принагідну атаку проти цієї істоти.

Неймовірна аура. Під час трансформації та на початку кожного наступного ходу кожна істота за вашим вибором у 10-футовій Еманації, що походить від вас, робить кидок протидії мудрістю проти вашого МС протидії закляттям. За невдалої протидії істота перебуває в стані Переляку до початку вашого наступного ходу."		Shout_WrathOfTheWild
h2a819702g2758g04dcg200age5456cbe7459	Once per Short Rest, as a Bonus Action, you unleash a battle cry infused with divine energy; creatures of your choice within 60 feet of you gain Advantage on attack rolls and saving throws until the start of your next turn.	Один раз за короткий відпочинок, як вторинну дію, ви запускаєте бойовий клич, наповнений божественною енергією; істоти за вашим вибором у межах 60 футів від вас отримують перевагу в кидках атаки та кидках протидії до початку вашого наступного ходу.		Shout_ZealousPresence
hf0938809g82f6ge8a7gea01gff762cf6f570	As a Magic action, you can expend one use of this class’s Channel Oath to overwhelm foes with awe. As you present your Holy Symbol or weapon, you can target a number of creatures equal to your Charisma modifier (minimum of one creature) that you can see within [1] of yourself. Each target must succeed on a Wisdom saving throw or have the Frightened condition for 1 minute.	Як дію магії, ви можете витратити одне використання Божого наснаження цього класу, щоб охопити ворогів страхом. Коли ви представляєте свій священний символ або зброю, ви можете націлити кількість істот, що дорівнює вашому модифікатору харизми (мінімум одна істота), яку ви можете бачити в межах [1]. Кожна ціль повинна успішно виконати кидок протидії мудрістю або перебувати в стані переляку протягом 1 хвилини.		Target_AbjureFoes;Target_AbjureFoes_1;Target_AbjureFoes_2;Target_AbjureFoes_3;Target_AbjureFoes_4;Target_AbjureFoes_5;Target_AbjureFoes_6
h3838231fg4eb9g1855g186cg2e9b9e1e45e6	When you expend a use of your Bardic Inspiration as part of an action, a Bonus Action, or a Reaction, you can make one Unarmed Strike as part of that action, Bonus Action, or Reaction.	Коли ви використовуєте своє Бардівське натхнення як частину дії, вторинної дії чи реагування, ви можете виконати один удар голіруч як частину цієї дії, вторинної дії чи реагування.		Target_AgileStrike
h8c0c79e8geefage313gb534gd315de67d298	Increase your allies' hit point maximum by [1].	Збільште максимум здоров’я своїх союзників на [1].		Target_Aid;Target_Aid_3;Target_Aid_4;Target_Aid_5;Target_Aid_6;Target_Aid_spellscroll
h420df6cbg0932g5e3dgc009g752d63452593	You can use your Channel Divinity to twist a creature’s fate. As a Bonus Action, you can expend one use of your Channel Divinity to choose a creature you can see within 120 feet of yourself. That creature has Disadvantage on the next saving throw it makes against your spells before the end of your next turn.	Ви можете використовувати Боже наснаження, щоб змінити долю істоти. У якості вторинної дії ви можете витратити одне використання Божого наснаження, щоб вибрати істоту, яку ви бачите в межах 120 футів від себе. Ця істота має Завада під час наступного кидка захисту, який вона робить проти ваших заклять до кінця вашого наступного ходу.		Target_AllWillBeDust
hfcb8cbcbgfee5g3bb5g28a1g1961e2da2896	Strike at a creature with a gossamer, skin-adhering web and pull it [1] closer to you.	Ударити істоту липкою павутиною та підтягнути її на [1] до себе.	Ударити істоту липкою павутиною та підтягнути її на [1] до себе.	Target_ArachnoidStalker_Pull
h9b6e054dg85d4gfb2cge79dg58537fc3ddfb	You project a line of web at a point you can see within 30 feet, pulling yourself to that point in a straight line without provoking Opportunity Attacks.	Ви проектуєте лінію павутини в точку, яку ви можете бачити в межах 30 футів, тягнучись до цієї точки по прямій лінії, не провокуючи принагідні атаки.		Target_ArachnoidStalker_WebSwing
hde43de07gcaa5gae30g5a72gf42e5fc93579	Choose one creature or object you can see within 30 feet of the target. Healing energy flows into the chosen recipient, restoring 2d6 Hit Points to it.	Виберіть одну істоту або об’єкт, який ви бачите в межах 30 футів від цілі. Цілюща енергія надходить у вибраного одержувача, відновлюючи йому 2d6 очки здоров’я.		Target_ArcaneJolt
h6d0dda4egb427g6516gd80egc26058c2e9e9	Heal yourself or a nearby ally. 	Вилікуйте себе або найближчого союзника.		Target_AuraOfVitality_Activate
h4016a9a2g8d51g2860gce0aga3dae07e0895	"You attempt to bring a dim-witted creature to heel. A creature with an <LSTag Tooltip=""Intelligence"">Intelligence</LSTag> of 3 or lower must succeed on an <LSTag Tooltip=""Intelligence"">Intelligence</LSTag> <LSTag Tooltip=""SavingThrow"">Saving Throw</LSTag> or become <LSTag Type=""Status"" Tooltip=""AWAKEN"">Dominated</LSTag> by you until you finish a <LSTag Tooltip=""LongRest"">Long Rest</LSTag>."	"Ви намагаєтеся змусити тупоумну істоту напасти. Істота з <LSTag Tooltip=""Intelligence"">Інтелект</LSTag> 3 або нижче має досягти успіху на <LSTag Tooltip=""Intelligence"">Інтелект</LSTag> <LSTag Tooltip=""SavingThrow"">Кидок протидії</LSTag> або станьте <LSTag Type=""Status"" Tooltip=""AWAKEN"">Підпорядкований</LSTag>, доки не завершите <LSTag Tooltip=""LongRest"">Довгий відпочинок</LSTag>."		Target_Awaken;Target_Awaken_6;Target_Awaken_spellscroll
he20dfbbag75a3gc426g332eg26d5f5687c72	As a bonus action, you can choose one creature you can see within 60 feet of you and spend a number of those dice equal to half your druid level or less. Roll the spent dice and add them together. The target regains a number of hit points equal to the total. The target also gains 1 temporary hit point per die spent.	Як вторинну дію ви можете вибрати одну істоту, яку бачите в радіусі 60 футів від себе, і витратити кількість цих кісток, що дорівнює половині вашого рівня друїда або менше. Киньте використані кістки та складіть їх разом. Ціль повертає кількість очок здоров’я, рівну загальній кількості. Ціль також отримує 1 тимчасове здоров’я за кожен витрачений кістка.		Target_Balm;Target_Balm_1;Target_Balm_2;Target_Balm_3;Target_Balm_4;Target_Balm_5;Target_Balm_6
hc28180b6gd682g61eeg8306g1eedeb4d7eca	"Protect a creature from attacks: increase its <LSTag Tooltip=""ArmourClass"">Armour Class</LSTag> up to 17."	"Захистіть істоту від атак: підвищте її <LSTag Tooltip=""ArmourClass"">Рівень захисту</LSTag> до 17."		Target_Barkskin;Target_Barkskin_spellscroll
he98774ddgb351g4334ga0c4g94eb491799f9	"Protect a creature from attacks: increase its <LSTag Tooltip=""ArmourClass"">Armour Class</LSTag> up to 17."	"Захистіть істоту від атак: підвищте її <LSTag Tooltip=""ArmourClass"">Рівень захисту</LSTag> до 17."		Target_Barkskin_3
hfdb4bc7egb29fg2b6dgb0fag989e7aa14a3c	"Protect a creature from attacks: increase its <LSTag Tooltip=""ArmourClass"">Armour Class</LSTag> up to 17."	"Захистіть істоту від атак: підвищте її <LSTag Tooltip=""ArmourClass"">Рівень захисту</LSTag> до 17."		Target_Barkskin_4
h1ab050e1g1d3eg6b96g5e48gaeeb61a573c7	"Protect a creature from attacks: increase its <LSTag Tooltip=""ArmourClass"">Armour Class</LSTag> up to 17."	"Захистіть істоту від атак: підвищте її <LSTag Tooltip=""ArmourClass"">Рівень захисту</LSTag> до 17."		Target_Barkskin_5
h5291b7b2g07c8gad18gb4a3gd07bb197df01	"Protect a creature from attacks: increase its <LSTag Tooltip=""ArmourClass"">Armour Class</LSTag> up to 17."	"Захистіть істоту від атак: підвищте її <LSTag Tooltip=""ArmourClass"">Рівень захисту</LSTag> до 17."		Target_Barkskin_6
h5b259fc9g61a3g1b94g1d3cgb22d7ecefdc2	"You can tap into the grand equation of existence to imbue a creature with a shimmering shield of order. As a Magic action, you can expend 1 to 5 Sorcery Points to create a magical ward around yourself or another creature you can see within 30 feet of yourself. The ward is represented by a number of d8s equal to the number of Sorcery Points spent to create it. When the warded creature takes damage, it can expend a number of those dice, roll them, and reduce the damage taken by the total rolled on those dice.

The ward lasts until you finish a Long Rest or until you use this feature again."	"Ви можете доторкнутися до великого рівняння існування, щоб наповнити істоту мерехтливим щитом порядку. Як дію магії, ви можете витратити від 1 до 5 очок чарівництва, щоб створити магічний охорону навколо себе або іншої істоти, яку ви бачите в межах 30 футів від себе. оберіг представлений кількістю d8, що дорівнює кількості очок чародійства, витрачених на його створення. Коли захищена істота зазнає шкоди, вона може витратити певну кількість цих кісток, кинути їх і зменшити отриману шкоду від загальної кількості викинутих кісток.

Захист триває, доки ви не завершите Довгий відпочинок або доки ви знову не скористаєтеся цією особливістю."		Target_BastionOfLaw;Target_BastionOfLaw_1;Target_BastionOfLaw_2;Target_BastionOfLaw_3;Target_BastionOfLaw_4;Target_BastionOfLaw_5
h92b0717fg3876gf392gd6bege29b23736c7c	"Curse a creature with your touch. The curse either bestows <LSTag Tooltip=""Disadvantage"">Disadvantage</LSTag> on <LSTag Tooltip=""AbilityCheck"">checks</LSTag> and <LSTag Tooltip=""SavingThrow"">Saving Throws</LSTag> or <LSTag Tooltip=""AttackRoll"">attacks</LSTag>, lets you deal additional damage to the target, or robs it of its actions.  "	"Проклясти істоту власним дотиком. Прокляття створює на вибір <LSTag Tooltip=""Disadvantage"">заваду</LSTag> для <LSTag Tooltip=""AbilityCheck"">перевірок</LSTag>, <LSTag Tooltip=""SavingThrow"">кидків протидії</LSTag> або <LSTag Tooltip=""AttackRoll"">атак</LSTag>, дає змогу завдати додаткової шкоди цілі чи обмежити її дії.  "	"Проклясти істоту власним дотиком. Прокляття створює на вибір <LSTag Tooltip=""Disadvantage"">заваду</LSTag> для <LSTag Tooltip=""AbilityCheck"">перевірок</LSTag>, <LSTag Tooltip=""SavingThrow"">кидків протидії</LSTag> або <LSTag Tooltip=""AttackRoll"">атак</LSTag>, дає змогу завдати додаткової шкоди цілі чи обмежити її дії.  "	Target_BestowCurse;Target_BestowCurse_4;Target_BestowCurse_5;Target_BestowCurse_6;Target_BestowCurse_spellscroll
h11528aaeg2fcfg0c2cge5e2g2687b402d219	"Curse a creature with your touch. It suffers <LSTag Tooltip=""Disadvantage"">Disadvantage</LSTag> on Charisma <LSTag Tooltip=""AbilityCheck"">Checks</LSTag> and <LSTag Tooltip=""SavingThrow"">Saving Throws</LSTag>."	"Проклясти істоту своїм дотиком. Вона отримає <LSTag Tooltip=""Disadvantage"">заваду</LSTag> для <LSTag Tooltip=""AbilityCheck"">перевірок</LSTag> харизми й <LSTag Tooltip=""SavingThrow"">кидків протидії</LSTag> харизмою."	"Проклясти істоту своїм дотиком. Вона отримає <LSTag Tooltip=""Disadvantage"">заваду</LSTag> для <LSTag Tooltip=""AbilityCheck"">перевірок</LSTag> харизми й <LSTag Tooltip=""SavingThrow"">кидків протидії</LSTag> харизмою."	Target_BestowCurse_Ability_Charisma;Target_BestowCurse_Ability_Charisma_4;Target_BestowCurse_Ability_Charisma_5;Target_BestowCurse_Ability_Charisma_6
h04219409g50b2gc6a1gd8efg9b21029bf88e	"Curse a creature with your touch. It suffers <LSTag Tooltip=""Disadvantage"">Disadvantage</LSTag> on Constitution <LSTag Tooltip=""AbilityCheck"">Checks</LSTag> and <LSTag Tooltip=""SavingThrow"">Saving Throws</LSTag>."	"Проклясти істоту своїм дотиком. Вона отримає <LSTag Tooltip=""Disadvantage"">заваду</LSTag> для <LSTag Tooltip=""AbilityCheck"">перевірок</LSTag> статури й <LSTag Tooltip=""SavingThrow"">кидків протидії</LSTag> статурою."	"Проклясти істоту своїм дотиком. Вона отримає <LSTag Tooltip=""Disadvantage"">заваду</LSTag> для <LSTag Tooltip=""AbilityCheck"">перевірок</LSTag> статури й <LSTag Tooltip=""SavingThrow"">кидків протидії</LSTag> статурою."	Target_BestowCurse_Ability_Constitution;Target_BestowCurse_Ability_Constitution_4;Target_BestowCurse_Ability_Constitution_5;Target_BestowCurse_Ability_Constitution_6
h3c8544c2g5491g2702g54f1gaf24b22f35fd	"Curse a creature with your touch. It suffers <LSTag Tooltip=""Disadvantage"">Disadvantage</LSTag> on Dexterity <LSTag Tooltip=""AbilityCheck"">Checks</LSTag> and <LSTag Tooltip=""SavingThrow"">Saving Throws</LSTag>."	"Проклясти істоту своїм дотиком. Вона отримає <LSTag Tooltip=""Disadvantage"">заваду</LSTag> для <LSTag Tooltip=""AbilityCheck"">перевірок</LSTag> спритності й <LSTag Tooltip=""SavingThrow"">кидків протидії</LSTag> спритністю."	"Проклясти істоту своїм дотиком. Вона отримає <LSTag Tooltip=""Disadvantage"">заваду</LSTag> для <LSTag Tooltip=""AbilityCheck"">перевірок</LSTag> спритності й <LSTag Tooltip=""SavingThrow"">кидків протидії</LSTag> спритністю."	Target_BestowCurse_Ability_Dexterity;Target_BestowCurse_Ability_Dexterity_4;Target_BestowCurse_Ability_Dexterity_5;Target_BestowCurse_Ability_Dexterity_6
h51855810g14b0g7ed1ge485ged81cdef077a	"Curse a creature with your touch. It suffers <LSTag Tooltip=""Disadvantage"">Disadvantage</LSTag> on Intelligence <LSTag Tooltip=""AbilityCheck"">Checks</LSTag> and <LSTag Tooltip=""SavingThrow"">Saving Throws</LSTag>."	"Проклясти істоту своїм дотиком. Вона отримає <LSTag Tooltip=""Disadvantage"">заваду</LSTag> для <LSTag Tooltip=""AbilityCheck"">перевірок</LSTag> інтелекту й <LSTag Tooltip=""SavingThrow"">кидків протидії</LSTag> інтелектом."	"Проклясти істоту своїм дотиком. Вона отримає <LSTag Tooltip=""Disadvantage"">заваду</LSTag> для <LSTag Tooltip=""AbilityCheck"">перевірок</LSTag> інтелекту й <LSTag Tooltip=""SavingThrow"">кидків протидії</LSTag> інтелектом."	Target_BestowCurse_Ability_Intelligence;Target_BestowCurse_Ability_Intelligence_4;Target_BestowCurse_Ability_Intelligence_5;Target_BestowCurse_Ability_Intelligence_6
h61fc3e75g1ec0gc89ag9436g4e8ddfbca849	"Curse a creature with your touch. It suffers <LSTag Tooltip=""Disadvantage"">Disadvantage</LSTag> on Strength <LSTag Tooltip=""AbilityCheck"">Checks</LSTag> and <LSTag Tooltip=""SavingThrow"">Saving Throws</LSTag>."	"Проклясти істоту своїм дотиком. Вона отримає <LSTag Tooltip=""Disadvantage"">заваду</LSTag> для <LSTag Tooltip=""AbilityCheck"">перевірок</LSTag> сили й <LSTag Tooltip=""SavingThrow"">кидків протидії</LSTag> силою."	"Проклясти істоту своїм дотиком. Вона отримає <LSTag Tooltip=""Disadvantage"">заваду</LSTag> для <LSTag Tooltip=""AbilityCheck"">перевірок</LSTag> сили й <LSTag Tooltip=""SavingThrow"">кидків протидії</LSTag> силою."	Target_BestowCurse_Ability_Strength;Target_BestowCurse_Ability_Strength_4;Target_BestowCurse_Ability_Strength_5;Target_BestowCurse_Ability_Strength_6
h3d982533g8b9dg4f19geb4cgafe40d2d26a2	"Curse a creature with your touch. It suffers <LSTag Tooltip=""Disadvantage"">Disadvantage</LSTag> on Wisdom <LSTag Tooltip=""AbilityCheck"">Checks</LSTag> and <LSTag Tooltip=""SavingThrow"">Saving Throws</LSTag>."	"Проклясти істоту своїм дотиком. Вона отримає <LSTag Tooltip=""Disadvantage"">заваду</LSTag> для <LSTag Tooltip=""AbilityCheck"">перевірок</LSTag> мудрості й <LSTag Tooltip=""SavingThrow"">кидків протидії</LSTag> мудрістю."	"Проклясти істоту своїм дотиком. Вона отримає <LSTag Tooltip=""Disadvantage"">заваду</LSTag> для <LSTag Tooltip=""AbilityCheck"">перевірок</LSTag> мудрості й <LSTag Tooltip=""SavingThrow"">кидків протидії</LSTag> мудрістю."	Target_BestowCurse_Ability_Wisdom;Target_BestowCurse_Ability_Wisdom_4;Target_BestowCurse_Ability_Wisdom_5;Target_BestowCurse_Ability_Wisdom_6
hc0faf0e3g6b1bgefbbge13cg61d3cdca920b	"Curse a creature with your touch. It has <LSTag Tooltip=""Disadvantage"">Disadvantage</LSTag> on <LSTag Tooltip=""AttackRoll"">Attack Rolls</LSTag> against you."	"Проклясти істоту своїм дотиком. Вона отримає <LSTag Tooltip=""Disadvantage"">заваду</LSTag> для <LSTag Tooltip=""AttackRoll"">кидків атаки</LSTag> проти вас."	"Проклясти істоту своїм дотиком. Вона отримає <LSTag Tooltip=""Disadvantage"">заваду</LSTag> для <LSTag Tooltip=""AttackRoll"">кидків атаки</LSTag> проти вас."	Target_BestowCurse_Attack;Target_BestowCurse_Attack_4;Target_BestowCurse_Attack_5;Target_BestowCurse_Attack_6
h939eeb3ag4c51g814fg5bf4g9fa6032ff773	Curse a creature with your touch. Your attacks and spells deal an additional [1] to the target.	Проклясти істоту своїм дотиком. Ваші атаки й закляття завдають цілі додаткові [1].	Проклясти істоту своїм дотиком. Ваші атаки й закляття завдають цілі додаткові [1].	Target_BestowCurse_ExtraDamage;Target_BestowCurse_ExtraDamage_4;Target_BestowCurse_ExtraDamage_5;Target_BestowCurse_ExtraDamage_6
ha3b0041age779g58c9g2677g7edfe5553164	Curse a creature with your touch. It fills with dread, possibly skipping its turn.	Проклясти істоту своїм дотиком і сповнити її жаху, який може змусити її пропустити хід.	Проклясти істоту своїм дотиком і сповнити її жаху, який може змусити її пропустити хід.	Target_BestowCurse_SkipTurn;Target_BestowCurse_SkipTurn_4;Target_BestowCurse_SkipTurn_5;Target_BestowCurse_SkipTurn_6
hefcf1e0bge10fg7393g82e0g78428fef9233	You can touch one nonmagical object that is a suit of armor or a simple or martial weapon. Until the end of your next long rest or until you die, the object becomes a magic item, granting a +1 bonus to AC if it’s armor or a +1 bonus to attack and damage rolls if it’s a weapon.	Ви можете торкнутися одного немагічного об’єкта, який є обладунком або простою чи бойовою зброєю. До кінця вашого наступного довгого відпочинку або поки ви не помрете, об’єкт стає магічним предметом, надаючи бонус +1 РЗ, якщо це броня, або бонус +1 до кидків атаки та шкоди, якщо це зброя.		Target_BlessingOfTheForge;Target_BlessingOfTheForge_Armor;Target_BlessingOfTheForge_Weapon
h13f755b1gb20cg69d9g98a6g40d319bcab11	While you cast Moonbeam, a creature of your choice that you can see within 60 feet of yourself regains 2d4 Hit Points.	Поки ви використовуєте Місячний промінь, вибрана вами істота, яку ви бачите в межах 60 футів від себе, відновлює 2d4 очки здоров’я.		Target_BlessingsOfMoonlight
h2ee464d4g6606g2b85g7008gfc6f4aaa15b0	Choose a Humanoid of your size that you can see in range. You physically transform to become an exact duplicate of that creature for the duration. Even a thorough physical examination fails to find any differences between you and the target.	Виберіть гуманоїда свого розміру, якого ви можете бачити в радіусі. Ви фізично трансформуєтеся, щоб стати точною копією цієї істоти на час. Навіть ретельний фізичний огляд не може виявити жодних відмінностей між вами та ціллю.		Target_BodyWarpingOfGorgoroth;Target_BodyWarpingOfGorgoroth_2;Target_BodyWarpingOfGorgoroth_3;Target_BodyWarpingOfGorgoroth_4;Target_BodyWarpingOfGorgoroth_5;Target_BodyWarpingOfGorgoroth_6;Target_BodyWarpingOfGorgoroth_spellscroll
h0e37672dgdb7bg5838g12bcg8e96a88d3d98	Strike with your weapon, afflicting your foe with a resonance that hurts them for [1] when they move.	Ударити зброєю, спричинивши резонанс, що завдає [1], коли ворог рухається.	Ударити зброєю, спричинивши резонанс, що завдає [1], коли ворог рухається.	Target_BoomingBlade_ClassSpell;Target_BoomingBlade_ClassSpell_spellscroll
hf411e734g4162g32ddg2c68g075dce673ed3	Try to kick a target away. Your chances depend on your Athletics, and are higher if you're hidden or invisible.	Спробувати копнути ціль. Успішність залежить від атлетизму й зростає, якщо ви скрадаєтесь або невидимі.	Спробувати копнути ціль. Успішність залежить від атлетизму й зростає, якщо ви скрадаєтесь або невидимі.	Target_BootOfTheGiants
h5acf268bg7a2dgd7c7g4d2dg20caffe2e8a4	"You can kick targets up to twice the weight that <LSTag Type=""Spell"" Tooltip=""Target_Shove"">Shoving</LSTag> them would allow."	"Ви можете копнути ціль, що вдвічі важча за вагу, яку ви здатні <LSTag Type=""Spell"" Tooltip=""Target_Shove"">штовхнути</LSTag>."	"Ви можете копнути ціль, що вдвічі важча за вагу, яку ви здатні <LSTag Type=""Spell"" Tooltip=""Target_Shove"">штовхнути</LSTag>."	Target_BootOfTheGiants
h1d68851cgda5ag5482g75f2gc0f7b6817b16	"While your <LSTag Type=""Status"" Tooltip=""RAGE"">Rage</LSTag> is active, you can use your Reaction to lash out with spectral branches of the World Tree and pull a creature you can see within 30 feet of you. The target must succeed on a Strength saving throw (DC 8 + your Strength modifier + your Proficiency Bonus) or be pulled up to 20 feet straight toward you. After pulling the target, you can reduce its Speed to 0 until the start of your next turn."	"Поки ваш <LSTag Type=""Status"" Tooltip=""RAGE"">Лють</LSTag> активний, ви можете використовувати своє реагування, щоб накинутися спектральними гілками Світового дерева та потягнути істоту, яку ви бачите в межах 30 футів від вас. Ціль має успішно виконати кидок із заощадженням сили (МС 8 + ваш модифікатор сили + ваш бонус спеціалізації) або бути підтягнута на 20 футів прямо до вас. Витягнувши ціль, ви можете зменшити її швидкість до 0 до початку наступного ходу."		Target_BranchesOfTheTree
hc00e6ea9gfd5egcff2g4900g073fd4c5bd3f	"You burn all seals you have placed on the creature, dealing 1d6 fire or necrotic damage (your choice) to it per seal burned. Once a seal is burned, it immediately vanishes.

Once you reach 5th level in this class, your connection to your archdevil strengthens. Each burned seal deals an extra 1d6 damage, for a total of 2d6 per seal. The damage per seal increases by an additional 1d6 when you reach 10th level (for a total of 3d6 per seal)."	"Ви спалюєте всі печатки, накладені на істоту, завдаючи їй 1d6 вогню або некротичної шкоди (на ваш вибір) за кожну спалену печатку. Як тільки печатку спалюють, вона відразу зникає.

Коли ви досягнете 5-го рівня в цьому класі, ваш зв'язок із архідияволом зміцниться. Кожна спалена печатка завдає додаткової шкоди 1d6 на загальну суму 2d6 за печатку. Шкода за печатку збільшується на додатковий 1d6, коли ви досягаєте 10-го рівня (загалом 3d6 за печатку)."		Target_BurningSeals_Fire;Target_BurningSeals_Necrotic
hb5aeae53g0a47g6c52g8ed3gf1c8722ca565	When you hit a creature with your sanctified blade, you can expend 1 Divine Point to bind it in holy chains. The target must succeed on a Strength saving throw or take Radiant damage equal to your Wisdom modifier and gain the Restrained condition until the end of your next turn.	Коли ви вдаряєте істоту своїм освяченим клинком, ви можете витратити 1 божественне очко, щоб зв’язати її священними ланцюгами. Ціль має досягти успіху в кидку протидії Сили або отримати шкоди Сяйва, що дорівнює вашому модифікатору Мудрості, і отримати стан Стриманості до кінця вашого наступного ходу.		Target_ChainsOfJudgement
h8a7a7954g6da6g0f9cgced3g9dfea486d831	"You conjure spinning daggers in a 5-foot-radius, 40-foot-high Cylinder centered on a point within range. Each creature in that area takes Slashing damage. A creature also takes this damage if it ends its turn there or if the Cylinder moves into its space. A creature takes this damage only once per turn.

On your later turns, you can take a Magic action to move the Cylinder up to 30 feet."	"Ви створюєте кинджали, що обертаються, у циліндрі радіусом 5 футів і висотою 40 футів, центр якого знаходиться в межах досяжності. Кожна істота в цій області зазнає рубаючу шкоду. Істота також зазнає цю шкоду, якщо закінчує свій хід на цьому місці або якщо Циліндр переміщується в його простір. Істота зазнає цю шкоду лише один раз за хід.

На наступних ходах ви можете виконати магічну дію, щоб перемістити циліндр на 30 футів."		Target_CloudOfDaggers;Target_CloudOfDaggers_3;Target_CloudOfDaggers_4;Target_CloudOfDaggers_5;Target_CloudOfDaggers_6;Target_CloudOfDaggers_spellscroll
h397f04c0gccd3gd295ga021g620c652c55a6	Take a Magic action to teleport the daggers up to 30 feet.	Виконайте магічну дію, щоб телепортувати кинджали на відстань до 30 футів.		Target_CloudOfDaggers_Move
hdc6544c3gfdf8g7fbeg01beg66ea43bb6f3b	Take a Magic action to teleport the daggers up to 30 feet.	Виконайте магічну дію, щоб телепортувати кинджали на відстань до 30 футів.		Target_CloudOfDaggers_Move_3
h32b22995g2857gfa18gcd1cg50ffda0195dd	Take a Magic action to teleport the daggers up to 30 feet.	Виконайте магічну дію, щоб телепортувати кинджали на відстань до 30 футів.		Target_CloudOfDaggers_Move_4
ha97083f1g4db3gf664gd422g662591619c09	Take a Magic action to teleport the daggers up to 30 feet.	Виконайте магічну дію, щоб телепортувати кинджали на відстань до 30 футів.		Target_CloudOfDaggers_Move_5
h80951a8egaf3eg2e55g487ag32eaf1d2ca05	Take a Magic action to teleport the daggers up to 30 feet.	Виконайте магічну дію, щоб телепортувати кинджали на відстань до 30 футів.		Target_CloudOfDaggers_Move_6
hc2d61264g8816g804bg2a62g2c5d7e343f46	As a Bonus Action, you magically teleport up to 30 feet to an unoccupied space you can see.	Як вторинну дію ви магічним чином телепортуєтесь на висоту до 30 футів у незайнятий простір, який ви бачите.		Target_CloudsJaunt
h772a3501g29e1g74bcg3360ga8ee385e1660	Command a creature to move towards you on its turn and do nothing else.	Наказати істоті рухатися до вас і не робити більше нічого у її хід.	Наказати істоті рухатися до вас і не робити більше нічого у її хід.	Target_Command_Approach;Target_Command_Approach_5;Target_Command_Approach_5_AI;Target_Command_Approach_6;Target_Command_Approach_6_AI;Target_MAG_Command_Approach
hf6670ab9g66a2g89b8gc628g4941759ee8a3	Command [1] creatures to move towards you on their turn and do nothing else.	Наказати [1] істотам рухатися до вас і не робити більше нічого у їхній хід.	Наказати [1] істотам рухатися до вас і не робити більше нічого у їхній хід.	Target_Command_Approach_2;Target_Command_Approach_2_AI;Target_Command_Approach_3;Target_Command_Approach_3_AI;Target_Command_Approach_4;Target_Command_Approach_4_AI
heb586d99g7909g8d2agba09g8eafafdd641a	Command a creature to flee, move closer, freeze, drop to the ground or drop its weapon.	Наказати істоті тікати, підійти, завмерти, лягти на землю чи викинути зброю.	Наказати істоті тікати, підійти, завмерти, лягти на землю чи викинути зброю.	Target_Command_Container;Target_Command_Container_2;Target_Command_Container_3;Target_Command_Container_4;Target_Command_Container_5;Target_Command_Container_6;Target_MAG_Command_Container
haa798117g4af5gc976g2156gcd7d9cfa57c8	Command a creature to drop its weapon.	Наказати істоті викинути свою зброю.	Наказати істоті викинути свою зброю.	Target_Command_Drop;Target_Command_Drop_5;Target_Command_Drop_5_AI;Target_Command_Drop_6;Target_Command_Drop_6_AI;Target_MAG_Command_Drop
hee947f6cg01fagd435g52efgfb659ac55b62	Command [1] creatures to drop their weapon.	Наказати [1] істотам кинути зброю.	Наказати [1] істотам кинути зброю.	Target_Command_Drop_2;Target_Command_Drop_2_AI;Target_Command_Drop_3;Target_Command_Drop_3_AI;Target_Command_Drop_4;Target_Command_Drop_4_AI
h807fdee2g6faagd89bgd238g06ee74951945	Command a creature to flee from you on its turn and do nothing else.	Наказати істоті тікати від вас і не робити більше нічого у її хід.	Наказати істоті тікати від вас і не робити більше нічого у її хід.	Target_Command_Flee;Target_Command_Flee_5;Target_Command_Flee_5_AI;Target_Command_Flee_6;Target_Command_Flee_6_AI;Target_MAG_Command_Flee
h0017ec1bgcad9g1c8fg0907g944a2b5a65d0	Command [1] creatures to flee from you on their turn and do nothing else.	Наказати [1] істотам тікати від вас і не робити більше нічого в їхній хід.	Наказати [1] істотам тікати від вас і не робити більше нічого в їхній хід.	Target_Command_Flee_2;Target_Command_Flee_2_AI;Target_Command_Flee_3;Target_Command_Flee_3_AI;Target_Command_Flee_4;Target_Command_Flee_4_AI
h409cb932g8ed1gc110g3616g0fa1bc73cc21	"Command a creature to fall <LSTag Type=""Status"" Tooltip=""PRONE"">Prone</LSTag> immediately."	"Наказати істоті негайно <LSTag Type=""Status"" Tooltip=""PRONE"">впасти</LSTag> додолу."	"Наказати істоті негайно <LSTag Type=""Status"" Tooltip=""PRONE"">впасти</LSTag> додолу."	Target_Command_Grovel;Target_Command_Grovel_5;Target_Command_Grovel_5_AI;Target_Command_Grovel_6;Target_Command_Grovel_6_AI;Target_MAG_Command_Grovel
h54191720g4dd8g0abcg14e6ga9a2a26a4c77	"Command [1] creatures to fall <LSTag Type=""Status"" Tooltip=""PRONE"">Prone</LSTag> on their turn."	"Наказати [1] істотам <LSTag Type=""Status"" Tooltip=""PRONE"">повалитись</LSTag> у їхній хід."	"Наказати [1] істотам <LSTag Type=""Status"" Tooltip=""PRONE"">повалитись</LSTag> у їхній хід."	Target_Command_Grovel_2;Target_Command_Grovel_2_AI;Target_Command_Grovel_3;Target_Command_Grovel_3_AI;Target_Command_Grovel_4;Target_Command_Grovel_4_AI
hea75c4c8gb2f4gbcaeg222bgdd00ad78c2d4	Command a creature to halt, preventing it from moving or taking any type of action.	Наказати істоті завмерти на місці й не виконувати жодних дій.	Наказати істоті завмерти на місці й не виконувати жодних дій.	Target_Command_Halt;Target_Command_Halt_2;Target_Command_Halt_2_AI;Target_Command_Halt_3;Target_Command_Halt_3_AI;Target_Command_Halt_4;Target_Command_Halt_4_AI;Target_Command_Halt_5;Target_Command_Halt_5_AI;Target_Command_Halt_6;Target_Command_Halt_6_AI;Target_Command_Halt_NPC;Target_Command_spellscroll;Target_MAG_Command_Halt
h9b0cd366gbd09g6961gafeag741567bd7be7	Choose a willing ally who can see or hear you, and an enemy for that ally to attack, then expend one Superiority Die. Your ally can immediately use its Reaction to make one attack with a weapon against the chosen enemy, adding the Superiority Die to the attack’s damage roll on a hit.	Виберіть добровільного союзника, який бачить або чує вас, і ворога, щоб атакувати цього союзника, а потім витратите один кістка переваги. Ваш союзник може негайно використати своє реагування, щоб здійснити одну атаку зброєю проти вибраного ворога, додаючи кістка переваги до кидка шкоди від удару.		Target_CommandersStrike
h844db55cg4f62gabe3gbb9cg8faa13c91a88	You can expend a seal as a bonus action to teleport up to an unoccupied space you can see.	Ви можете використати печатку як вторинну дію, щоб телепортуватися до незайнятого місця, яке ви бачите.		Target_ConflagrantChannel
hd5c12bafga9aagfb28g8efbg6a56a1770bd5	"You conjure spirits from the Elemental Planes that flit around you in a 15-foot Emanation for the duration. Until the spell ends, any attack you make deals an extra [1] damage when you hit a creature in the Emanation. This damage is Acid, Cold, Fire, or Lightning (your choice when you make the attack).

In addition, the ground in the Emanation is Difficult Terrain for your enemies."	"Ви викликаєте духів з планів елементарів, які літають навколо вас у 15-футовій еманації протягом усього часу. Доки закляття не закінчиться, будь-яка ваша атака завдає додаткової шкоди [1], коли ви вдаряєте істоту в Еманації. Ця шкода: кислота, холод, вогонь або блискавка (на ваш вибір під час атаки).

Крім того, земля в Еманації є складною місцевістю для ваших ворогів."		Target_ConjureElementals_Minor_Container;Target_ConjureElementals_Minor_Container_spellscroll
h11cbe00dg7613g77ebgcbf6g82af126dc834	"You conjure spirits from the Elemental Planes that flit around you in a 15-foot Emanation for the duration. Until the spell ends, any attack you make deals an extra [1] damage when you hit a creature in the Emanation. This damage is Acid, Cold, Fire, or Lightning (your choice when you make the attack).

In addition, the ground in the Emanation is Difficult Terrain for your enemies."	"Ви викликаєте духів з планів елементарів, які літають навколо вас у 15-футовій еманації протягом усього часу. Доки закляття не закінчиться, будь-яка ваша атака завдає додаткової шкоди [1], коли ви вдаряєте істоту в Еманації. Ця шкода: кислота, холод, вогонь або блискавка (на ваш вибір під час атаки).

Крім того, земля в Еманації є складною місцевістю для ваших ворогів."		Target_ConjureElementals_Minor_Container_5
hf72ba7eeg74aeg8025g8d10g383f2aab6a51	"You conjure spirits from the Elemental Planes that flit around you in a 15-foot Emanation for the duration. Until the spell ends, any attack you make deals an extra [1] damage when you hit a creature in the Emanation. This damage is Acid, Cold, Fire, or Lightning (your choice when you make the attack).

In addition, the ground in the Emanation is Difficult Terrain for your enemies."	"Ви викликаєте духів з планів елементарів, які літають навколо вас у 15-футовій еманації протягом усього часу. Доки закляття не закінчиться, будь-яка ваша атака завдає додаткової шкоди [1], коли ви вдаряєте істоту в Еманації. Ця шкода: кислота, холод, вогонь або блискавка (на ваш вибір під час атаки).

Крім того, земля в Еманації є складною місцевістю для ваших ворогів."		Target_ConjureElementals_Minor_Container_6
h96663848g22b6g4fd3g0749gcca87a42edab	"You conjure nature spirits that flit around you in a 10-foot Emanation for the duration. Whenever the Emanation enters the space of a creature you can see and whenever a creature you can see enters the Emanation or ends its turn there, you can force that creature to make a Wisdom saving throw. The creature takes Force damage on a failed save or half as much damage on a successful one. A creature makes this save only once per turn.

In addition, you can take the Disengage action as a Bonus Action for the spell’s duration."	"Ви викликаєте духів природи, які літають навколо вас у 10-футовій еманації протягом усього часу. Щоразу, коли Еманація входить у простір істоти, яку ви бачите, і коли істота, яку ви бачите, входить у Еманацію або закінчує свій хід там, ви можете змусити цю істоту зробити кидок протидії мудрістю. Істота зазнає силової шкоди за невдалої протидії або вдвічі менше шкоди за успішної протидії. Істота виконує цей кидок протидії лише один раз за хід.

Крім того, ви можете взяти дію «Відключення» як вторинну дію на час дії закляття."		Target_ConjureWoodlandBeings;Target_ConjureWoodlandBeings_spellscroll
hfbad83efgcb7cg321ag47a0g402ce027568b	"You conjure nature spirits that flit around you in a 10-foot Emanation for the duration. Whenever the Emanation enters the space of a creature you can see and whenever a creature you can see enters the Emanation or ends its turn there, you can force that creature to make a Wisdom saving throw. The creature takes Force damage on a failed save or half as much damage on a successful one. A creature makes this save only once per turn.

In addition, you can take the Disengage action as a Bonus Action for the spell’s duration."	"Ви викликаєте духів природи, які літають навколо вас у 10-футовій еманації протягом усього часу. Щоразу, коли Еманація входить у простір істоти, яку ви бачите, і коли істота, яку ви бачите, входить у Еманацію або закінчує свій хід там, ви можете змусити цю істоту зробити кидок протидії мудрістю. Істота зазнає силової шкоди за невдалої протидії або вдвічі менше шкоди за успішної протидії. Істота виконує цей кидок протидії лише один раз за хід.

Крім того, ви можете взяти дію «Відключення» як вторинну дію на час дії закляття."		Target_ConjureWoodlandBeings_5
hc98c1c9egd99agca86ged41g2a76a0c61645	"You conjure nature spirits that flit around you in a 10-foot Emanation for the duration. Whenever the Emanation enters the space of a creature you can see and whenever a creature you can see enters the Emanation or ends its turn there, you can force that creature to make a Wisdom saving throw. The creature takes Force damage on a failed save or half as much damage on a successful one. A creature makes this save only once per turn.

In addition, you can take the Disengage action as a Bonus Action for the spell’s duration."	"Ви викликаєте духів природи, які літають навколо вас у 10-футовій еманації протягом усього часу. Щоразу, коли Еманація входить у простір істоти, яку ви бачите, і коли істота, яку ви бачите, входить у Еманацію або закінчує свій хід там, ви можете змусити цю істоту зробити кидок протидії мудрістю. Істота зазнає силової шкоди за невдалої протидії або вдвічі менше шкоди за успішної протидії. Істота виконує цей кидок протидії лише один раз за хід.

Крім того, ви можете взяти дію «Відключення» як вторинну дію на час дії закляття."		Target_ConjureWoodlandBeings_6
hb4966935g797fgd4eeg3b81gfdb9e22897c3	"<LSTag Type=""Status"" Tooltip=""POISONED"">Poison</LSTag> a target and possibly afflict them with a disease of your choice. "	"<LSTag Type=""Status"" Tooltip=""POISONED"">Отруїти</LSTag> ворога з вірогідністю заразити вибраною хворобою."	"<LSTag Type=""Status"" Tooltip=""POISONED"">Отруїти</LSTag> ворога з вірогідністю заразити вибраною хворобою."	Target_Contagion
h1f54b341g6e6eg9e51gbbb2g3ae56c83c6b0	"Hot fingers of pain push through the creature's eyes, impairing its <LSTag Tooltip=""Wisdom"">Wisdom</LSTag>."	"Пекучий біль пронизує очі істоти, погіршуючи її <LSTag Tooltip=""Wisdom"">мудрість</LSTag>."	"Пекучий біль пронизує очі істоти, погіршуючи її <LSTag Tooltip=""Wisdom"">мудрість</LSTag>."	Target_Contagion_BlindingSickness;Target_Contagion_BlindingSickness_6
hf347385ag4b90g0bccg6810g6a4336d13205	"The target receives <LSTag Tooltip=""Disadvantage"">Disadvantage</LSTag> on <LSTag Tooltip=""Wisdom"">Wisdom</LSTag> <LSTag Tooltip=""AbilityCheck"">Checks</LSTag> and <LSTag Tooltip=""SavingThrow"">Saving Throws</LSTag>, and is <LSTag Type=""Status"" Tooltip=""BLINDED"">Blinded</LSTag>."	"Ціль отримує <LSTag Tooltip=""Disadvantage"">заваду</LSTag> для <LSTag Tooltip=""AbilityCheck"">перевірок</LSTag> <LSTag Tooltip=""Wisdom"">мудрості</LSTag> й <LSTag Tooltip=""SavingThrow"">кидків протидії</LSTag> нею, а також стає <LSTag Type=""Status"" Tooltip=""BLINDED"">сліпою</LSTag>."	"Ціль отримує <LSTag Tooltip=""Disadvantage"">заваду</LSTag> для <LSTag Tooltip=""AbilityCheck"">перевірок</LSTag> <LSTag Tooltip=""Wisdom"">мудрості</LSTag> й <LSTag Tooltip=""SavingThrow"">кидків протидії</LSTag> нею, а також стає <LSTag Type=""Status"" Tooltip=""BLINDED"">сліпою</LSTag>."	Target_Contagion_BlindingSickness;Target_Contagion_BlindingSickness_6
h90e25986gc508g3040g78f2g37b619d56eff	"Fever squeezes huge drops of thick oily sweat from the creature's pores, impairing its <LSTag Tooltip=""Strength"">Strength</LSTag>."	"Лихоманка вичавлює з пор істоти густий липкий піт, знижуючи її <LSTag Tooltip=""Strength"">силу</LSTag>."	"Лихоманка вичавлює з пор істоти густий липкий піт, знижуючи її <LSTag Tooltip=""Strength"">силу</LSTag>."	Target_Contagion_FilthFever;Target_Contagion_FilthFever_6
hdf0b87a9gd828gc1e6g2550gefd2e87d2187	"The target receives <LSTag Tooltip=""Disadvantage"">Disadvantage</LSTag> on <LSTag Tooltip=""Strength"">Strength</LSTag> <LSTag Tooltip=""AbilityCheck"">Checks</LSTag>, <LSTag Tooltip=""SavingThrow"">Saving Throws</LSTag>, and <LSTag Tooltip=""AttackRoll"">Attack Rolls</LSTag> that use Strength."	"Ціль отримує <LSTag Tooltip=""Disadvantage"">заваду</LSTag> для <LSTag Tooltip=""AttackRoll"">кидків атаки</LSTag>, які використовують силу, а також для <LSTag Tooltip=""AbilityCheck"">перевірок</LSTag> <LSTag Tooltip=""Strength"">сили</LSTag> й <LSTag Tooltip=""SavingThrow"">кидків протидії</LSTag> нею."	"Ціль отримує <LSTag Tooltip=""Disadvantage"">заваду</LSTag> для <LSTag Tooltip=""AttackRoll"">кидків атаки</LSTag>, які використовують силу, а також для <LSTag Tooltip=""AbilityCheck"">перевірок</LSTag> <LSTag Tooltip=""Strength"">сили</LSTag> й <LSTag Tooltip=""SavingThrow"">кидків протидії</LSTag> нею."	Target_Contagion_FilthFever;Target_Contagion_FilthFever_6
ha7172be5g9a1dg6b7eg869eg3e1be7a02761	"The creature begins to mortify, becoming a festering flesh sack propped up by bones, impairing its <LSTag Tooltip=""Charisma"">Charisma</LSTag>."	"Істота починає мертвіти, перетворюючись на хворобливий мішок плоті й кісток, що погіршує її <LSTag Tooltip=""Charisma"">харизму</LSTag>."	"Істота починає мертвіти, перетворюючись на хворобливий мішок плоті й кісток, що погіршує її <LSTag Tooltip=""Charisma"">харизму</LSTag>."	Target_Contagion_FleshRot;Target_Contagion_FleshRot_6;Target_Contagion_FleshRot_NPC
h6f598134gfdd5g5fcag12e7gc1a187e6f4df	"The target receives <LSTag Tooltip=""Disadvantage"">Disadvantage</LSTag> on <LSTag Tooltip=""Charisma"">Charisma</LSTag> <LSTag Tooltip=""AbilityCheck"">Checks</LSTag> and is afflicted with <LSTag Tooltip=""Vulnerable"">Vulnerability</LSTag> to all damage."	"Ціль отримує <LSTag Tooltip=""Disadvantage"">заваду</LSTag> для <LSTag Tooltip=""AbilityCheck"">перевірок</LSTag> <LSTag Tooltip=""Charisma"">харизми</LSTag> й набуває <LSTag Tooltip=""Vulnerable"">вразливості</LSTag> до будь-якої шкоди."	"Ціль отримує <LSTag Tooltip=""Disadvantage"">заваду</LSTag> для <LSTag Tooltip=""AbilityCheck"">перевірок</LSTag> <LSTag Tooltip=""Charisma"">харизми</LSTag> й набуває <LSTag Tooltip=""Vulnerable"">вразливості</LSTag> до будь-якої шкоди."	Target_Contagion_FleshRot;Target_Contagion_FleshRot_6;Target_Contagion_FleshRot_NPC
h7180ffffg94e0g62ecgc9d2geb17dda556b4	"The creature's brain begins to cook in a rancid stew of hot sour blood, impairing its <LSTag Tooltip=""Intelligence"">Intelligence</LSTag>."	"Мозок істоти починає варитися в гарячому супі з гіркої крові, що погіршує її <LSTag Tooltip=""Intelligence"">інтелект</LSTag>."	"Мозок істоти починає варитися в гарячому супі з гіркої крові, що погіршує її <LSTag Tooltip=""Intelligence"">інтелект</LSTag>."	Target_Contagion_Mindfire;Target_Contagion_Mindfire_6
h583c93b5gb72dg99a7g150fgbea09cdefdb0	"The target receives <LSTag Tooltip=""Disadvantage"">Disadvantage</LSTag> on <LSTag Tooltip=""Intelligence"">Intelligence</LSTag> <LSTag Tooltip=""AbilityCheck"">Checks</LSTag> and <LSTag Tooltip=""SavingThrow"">Saving Throws</LSTag>, and is <LSTag Type=""Status"" Tooltip=""TIMMASK_SPORES"">Befuddled</LSTag>."	"Ціль отримує <LSTag Tooltip=""Disadvantage"">заваду</LSTag> для <LSTag Tooltip=""AbilityCheck"">перевірок</LSTag> <LSTag Tooltip=""Intelligence"">інтелекту</LSTag> й <LSTag Tooltip=""SavingThrow"">кидків протидії</LSTag> ним і стає <LSTag Type=""Status"" Tooltip=""TIMMASK_SPORES"">задурманеною</LSTag>."	"Ціль отримує <LSTag Tooltip=""Disadvantage"">заваду</LSTag> для <LSTag Tooltip=""AbilityCheck"">перевірок</LSTag> <LSTag Tooltip=""Intelligence"">інтелекту</LSTag> й <LSTag Tooltip=""SavingThrow"">кидків протидії</LSTag> ним і стає <LSTag Type=""Status"" Tooltip=""TIMMASK_SPORES"">задурманеною</LSTag>."	Target_Contagion_Mindfire;Target_Contagion_Mindfire_6
h01c25572gbd5aga134gedfdg8370f246017a	"Spasms rack the creature, impairing its <LSTag Tooltip=""Dexterity"">Dexterity</LSTag>."	"Істоту хапають спазми, що погіршує її <LSTag Tooltip=""Dexterity"">спритність</LSTag>."	"Істоту хапають спазми, що погіршує її <LSTag Tooltip=""Dexterity"">спритність</LSTag>."	Target_Contagion_Seizure;Target_Contagion_Seizure_6;Target_Contagion_spellscroll
h8183d3a3gf76eg41c0g6a3dgc647116e8fb4	"The target receives <LSTag Tooltip=""Disadvantage"">Disadvantage</LSTag> on <LSTag Tooltip=""Dexterity"">Dexterity</LSTag> <LSTag Tooltip=""AbilityCheck"">Checks</LSTag>, <LSTag Tooltip=""SavingThrow"">Saving Throws</LSTag>, and <LSTag Tooltip=""AttackRoll"">Attack Rolls</LSTag>."	"Ціль отримує <LSTag Tooltip=""Disadvantage"">заваду</LSTag> для <LSTag Tooltip=""AttackRoll"">кидків атаки</LSTag>, <LSTag Tooltip=""AbilityCheck"">перевірок</LSTag> <LSTag Tooltip=""Dexterity"">спритності</LSTag> й <LSTag Tooltip=""SavingThrow"">кидків протидії</LSTag> нею."	"Ціль отримує <LSTag Tooltip=""Disadvantage"">заваду</LSTag> для <LSTag Tooltip=""AttackRoll"">кидків атаки</LSTag>, <LSTag Tooltip=""AbilityCheck"">перевірок</LSTag> <LSTag Tooltip=""Dexterity"">спритності</LSTag> й <LSTag Tooltip=""SavingThrow"">кидків протидії</LSTag> нею."	Target_Contagion_Seizure;Target_Contagion_Seizure_6;Target_Contagion_spellscroll
h4fbb8bf1g63cfg6668ge8b1gd539b92f4cf7	"Fever squeezes huge drops of thick oily sweat from the creature's pores, impairing its <LSTag Tooltip=""Constitution"">Constitution</LSTag>."	"Лихоманка вичавлює з пор істоти густий липкий піт, знижуючи її <LSTag Tooltip=""Constitution"">статуру</LSTag>."	"Лихоманка вичавлює з пор істоти густий липкий піт, знижуючи її <LSTag Tooltip=""Constitution"">статуру</LSTag>."	Target_Contagion_SlimyDoom;Target_Contagion_SlimyDoom_6;Target_Contagion_SlimyDoom_NPC
h7713650dge307gc350g9718gee92e99c79f7	"The target receives <LSTag Tooltip=""Disadvantage"">Disadvantage</LSTag> on <LSTag Tooltip=""Constitution"">Constitution</LSTag> <LSTag Tooltip=""AbilityCheck"">Checks</LSTag> and <LSTag Tooltip=""SavingThrow"">Saving Throws</LSTag>. Whenever they are hit, they get <LSTag Type=""Status"" Tooltip=""STUNNED"">Stunned</LSTag>."	"Ціль отримує <LSTag Tooltip=""Disadvantage"">заваду</LSTag> для <LSTag Tooltip=""AbilityCheck"">перевірок</LSTag> <LSTag Tooltip=""Constitution"">статури</LSTag> й <LSTag Tooltip=""SavingThrow"">кидків протидії</LSTag> нею. Зазнавши удару, ціль стає <LSTag Type=""Status"" Tooltip=""STUNNED"">приголомшеною</LSTag>."	"Ціль отримує <LSTag Tooltip=""Disadvantage"">заваду</LSTag> для <LSTag Tooltip=""AbilityCheck"">перевірок</LSTag> <LSTag Tooltip=""Constitution"">статури</LSTag> й <LSTag Tooltip=""SavingThrow"">кидків протидії</LSTag> нею. Зазнавши удару, ціль стає <LSTag Type=""Status"" Tooltip=""STUNNED"">приголомшеною</LSTag>."	Target_Contagion_SlimyDoom;Target_Contagion_SlimyDoom_6;Target_Contagion_SlimyDoom_NPC
h6085ac63gc82egb7b9g858cg0fd5ce6726aa	You can take a Bonus Action to magically create icy terrain on up to five spaces. The ice-covered spaces become Difficult Terrain and remain until the end of your next turn. When you take this Bonus Action, you may spend one or more Sorcery Points to freeze an additional five spaces for each Sorcery Point spent.	Ви можете виконати вторинну дію, щоб магічним чином створити крижану місцевість на максимум п’яти ділянках. Покриті льодом місця стають складними та залишаються до кінця вашого наступного ходу. Коли ви виконуєте цю вторинну дію, ви можете витратити один або кілька очок чарівництва, щоб заморозити додаткові п’ять місць за кожне витрачене очко чародійства.		Target_CreateIce;Target_CreateIce_1;Target_CreateIce_2;Target_CreateIce_3;Target_CreateIce_4;Target_CreateIce_5;Target_CreateIce_6
h62513dd3g7a62g4659g151cg25df749019af	As a Bonus Action, you can expend a use of your Channel Divinity to open a planar tear at a point you can see within 60 feet of you, creating a powerful vacuum in a 15-foot-radius Sphere centered on that point. Each creature in the area must make a Dexterity saving throw. On a failed save, a creature takes Force damage equal to 1d8 plus your Cleric level and is pulled up to 15 feet toward the point. On a successful save, a creature takes half as much Force damage only. The tear then vanishes.	Як вторинну дію ви можете використати Боже наснаження, щоб відкрити плоску сльозу в точці, яку ви бачите в межах 60 футів від вас, створюючи потужний вакуум у сфері радіусом 15 футів з центром у цій точці. Кожна істота в зоні повинна зробити кидок протидії спритністю. У разі невдалої протидії істота зазнає силової шкоди, що дорівнює 1d8 плюс ваш рівень клірика, і підтягується до точки на 15 футів. За успішної протидії істота зазнає лише вдвічі менше силової шкоди. Потім сльоза зникає.		Target_CreateVoid
hba39350fgd122gc25bgbeaegca4f83c67943	Teleport to an unoccupied, obscured spot. Before or after teleporting, you can make one attack.	Телепортуйтеся в незайняте затемнене місце. До або після телепортації ви можете зробити одну атаку.		Target_CreepingFog
hee4eeb62g90f6g0d54g43a5g6045f299125f	"The light of dawn shines down on a location you specify within range. Until the spell ends, a 30-foot-radius, 40-foot-high cylinder of bright light glimmers there. This light is sunlight.

When the cylinder appears, each creature in it must make a Constitution saving throw, taking 4d10 radiant damage on a failed save, or half as much damage on a successful one. A creature must also make this saving throw whenever it ends its turn in the cylinder.

If you’re within 60 feet of the cylinder, you can move it up to 60 feet as a bonus action on your turn."	"Світанок освітлює вказане вами місце в межах діапазону. Поки закляття не закінчиться, там мерехтить циліндр яскравого світла радіусом 30 футів і висотою 40 футів. Це світло — сонячне світло.

Коли з’являється циліндр, кожна істота в ньому повинна зробити кидок протидії, отримуючи 4d10 променеву шкоду за невдалої протидії або вдвічі менше шкоди за успішної протидії. Істота також повинна робити цей кидок протидії щоразу, коли закінчується її хід у циліндрі.

Якщо ви перебуваєте в межах 60 футів від циліндра, ви можете перемістити його на 60 футів як бонус у свій хід."		Target_Dawn;Target_Dawn_6;Target_Dawn_spellscroll
h265bf700gf237g4650gaff9g2cfecd6bb6bd	Move the cylinder of dawnlight up to [1]. Creatures caught in the light where it reappears, and creatures that end their turn within it, are seared by sunlight.	Перемістіть циліндр світанкового світла вгору до [1]. Істоти, захоплені світлом там, де воно знову з’являється, і істоти, які закінчують свій хід у ньому, обпалюються сонячним світлом.		Target_Dawn_Move
h9bba05a0ga2fag0a19gfc1egb6a0b1880e7a	For the duration, an inky aura surrounds one creature you touch. The target has Advantage on Death Saving Throws, and once per turn, when a creature within 5 feet of the target hits it with a melee attack roll, the attacker takes 2d4 Necrotic damage.	Протягом цього часу чорнильна аура оточує одну істоту, до якої ви торкаєтесь. Ціль має перевагу в кидках протидії смерті, і один раз за хід, коли істота в межах 5 футів від цілі вражає її кидком атаки ближнього бою, нападник зазнає 2d4 некротичну шкоду.		Target_DeathArmor;Target_DeathArmor_3;Target_DeathArmor_4;Target_DeathArmor_5;Target_DeathArmor_6;Target_DeathArmor_spellscroll
h81b4dc8dg3da9gf440gb6ccgfc1f97fafdf6	As an action, you invoke the authority of Dispater. You make a weapon attack and choose a number of willing creatures up to your proficiency bonus who you can see within 30 feet of you. Each creature you choose can use a reaction to make a weapon attack or cast a damage-dealing cantrip with a casting time of 1 action.	У якості дії ви використовуєте повноваження Диспатер. Ви атакуєте зі зброєю та обираєте кількість бажаючих створінь до вашого бонусу спеціалізації, яких ви можете побачити в радіусі 30 футів від себе. Кожна істота, яку ви виберете, може використати реагування, щоб атакувати зброєю або використати здатність, що завдає шкоди, із часом застосування 1 дії.		Target_Devastator
h7bd1bb01g45ccge8e6g5722g3072b6b0bf23	"You have the <LSTag Type=""Status"" Tooltip=""INVISIBLE"">Invisible</LSTag> condition until the start of your next turn or until immediately after you make an attack roll, deal damage, or cast a spell."	"Ви перебуваєте в стані <LSTag Type=""Status"" Tooltip=""INVISIBLE"">Невидимості</LSTag> до початку свого наступного ходу або доки не виконаєте кидок атаки, не завдасте шкоди чи не прокажете закляття."		Target_DisappearingStep
h7d9f76degac92g087cg01abg39b7a8899657	One creature of your choice that you can see within range hears a discordant melody in its mind. The target makes a Wisdom saving throw. On a failed save, it takes Psychic damage and use its next turn to move as far away from you as it can. On a successful save, the target takes half as much damage only.	Одна істота за вашим вибором, яку ви бачите в радіусі, чує у своєму розумі суперечливу мелодію. Ціль робить кидок протидії мудрістю. У разі невдалої протидії він зазнає психічну шкоду та використовує наступний хід, щоб відійти від вас якомога далі. За успішної протидії ціль зазнає удвічі менше шкоди.		Target_DissonantWhispers;Target_DissonantWhispers_2;Target_DissonantWhispers_3;Target_DissonantWhispers_4;Target_DissonantWhispers_5;Target_DissonantWhispers_6;Target_DissonantWhispers_spellscroll
he5c89bffgb42ege4daga349g64ec3fecb28f	As a Magic action, you point your Holy Symbol at another creature you can see within [1] of yourself and focus divine energy at it. You either restore Hit Points to the creature or force the creature to make a Constitution saving throw. On a failed save, the creature takes Necrotic or Radiant damage (your choice). On a successful save, the creature takes half as much damage (round down).	Як магічна дія, ви спрямовуєте свій Священний символ на іншу істоту, яку бачите в межах [1] від себе, і фокусуєте на ній божественну енергію. Ви або відновлюєте очки здоров’я істоті, або змушуєте істоту зробити кидок протидії статурою. У разі невдалої протидії істота зазнає некротичну або променеву шкоду (на ваш вибір). За успішної протидії істота зазнає вдвічі менше шкоди (округляємо в меншу сторону).		Target_DivineSpark
hbcd0c295g2003g99d5ge6fcg5fad76be07bb	You restore Hit Points to a creature.	Ви відновлюєте очки здоров’я істоті.		Target_DivineSpark_Heal
hb95127abg79cag5782ge868geb1002d62c1c	You deal damage to a creature.	Ви завдаєте шкоди істоті.		Target_DivineSpark_Necrotic;Target_DivineSpark_Radiant
h2882b8f2g2c4dg9432gc6b0gd97aa3d6ec17	You teleport to an unoccupied space you can see within 30 feet of yourself and take on a semi-incorporeal form, which lasts until the end of your next turn. While in this form, you have Resistance to Bludgeoning, Piercing, and Slashing damage, and you have Immunity to the Prone, and Restrained conditions.	Ви телепортуєтесь у незайнятий простір, який бачите в межах 30 футів від себе, і приймаєте напівбезтілесну форму, яка зберігається до кінця вашого наступного ходу. Перебуваючи в цій формі, ви маєте стійкість до дубинної, колольної та рубаючої шкоди, а також маєте імунітет до лежачих і стриманих станів.		Target_DjinnisEscape
h7ffa0044gb8c8g868fg7f1fgf74e697c363e	You can use your Channel Divinity to hasten a creature’s doom. As a Bonus Action, you can expend one use your Channel Divinity to choose a creature you can see within 120 feet of yourself. For 10 minutes, attack rolls against the creature can score a Critical Hit on a roll of 19 or 20 on the d20.	Ви можете використати свій Боже наснаження, щоб прискорити загибель істоти. Як вторинну дію ви можете витратити одну, використовуючи свій Боже наснаження, щоб вибрати істоту, яку ви бачите в радіусі 120 футів від себе. Протягом 10 хвилин кидки атаки проти істоти можуть отримати критичне влучання при кидку 19 або 20 на d20.		Target_DoomSong
h792db4a7g911aga472g7377ge4c0224fc65a	When you reach character level 5, you can channel draconic magic to give yourself temporary flight. As a Bonus Action, you sprout spectral wings on your back that last for 10 minutes or until you retract the wings (no action required) or have the Incapacitated condition. During that time, you have a Fly Speed equal to your Speed. Your wings appear to be made of the same energy as your Breath Weapon. Once you use this trait, you can’t use it again until you finish a Long Rest.	Коли ви досягнете 5-го рівня персонажа, ви зможете спрямувати драконічну магію, щоб дати собі тимчасовий політ. Як вторинну дію, у вас на спині з’являються спектральні крила, які тривають 10 хвилин або доки ви не заберете крила (діяти не потрібно) або не станете недієздатним. Протягом цього часу ваша швидкість польоту дорівнює вашій швидкості. Здається, ваші крила зроблені з тієї ж енергії, що й ваша зброя дихання. Скориставшись цією рисою, ви не зможете використати її знову, доки не завершите Довгий відпочинок.		Target_DraconicFlight
h0dcdc1c9g2349g6dc5g0490g2bd7268e6913	You touch one willing creature, and choose Acid, Cold, Fire, Lightning, or Poison. Until the spell ends, the target can take a Magic action to exhale a 15-foot Cone. Each creature in that area makes a Dexterity saving throw, taking damage of the chosen type on a failed save or half as much damage on a successful one.	Ви торкаєтеся однієї бажаючий істоти та вибираєте кислоту, холод, вогонь, блискавку або отруту. Доки закляття не закінчиться, ціль може виконати магічну дію, щоб видихнути 15-футовий конус. Кожна істота в цій зоні робить кидок протидії спритністю, зазнаючи шкоди вибраного типу за невдалої протидії або вдвічі менше шкоди за успішної протидії.		Target_DragonsBreath;Target_DragonsBreath_Acid;Target_DragonsBreath_Acid_3;Target_DragonsBreath_Acid_4;Target_DragonsBreath_Acid_5;Target_DragonsBreath_Acid_6;Target_DragonsBreath_Cold;Target_DragonsBreath_Cold_3;Target_DragonsBreath_Cold_4;Target_DragonsBreath_Cold_5;Target_DragonsBreath_Cold_6;Target_DragonsBreath_Fire;Target_DragonsBreath_Fire_3;Target_DragonsBreath_Fire_4;Target_DragonsBreath_Fire_5;Target_DragonsBreath_Fire_6;Target_DragonsBreath_Lightning;Target_DragonsBreath_Lightning_3;Target_DragonsBreath_Lightning_4;Target_DragonsBreath_Lightning_5;Target_DragonsBreath_Lightning_6;Target_DragonsBreath_Poison;Target_DragonsBreath_Poison_3;Target_DragonsBreath_Poison_4;Target_DragonsBreath_Poison_5;Target_DragonsBreath_Poison_6;Target_DragonsBreath_spellscroll
h7859cbddgc1d2g2fb6g37e8ge9fff27abfce	You can take a Magic action to instill terror in a creature you can see within 30 feet of yourself. The target must succeed on a Wisdom saving throw or have the Frightened condition until the end of your next turn.	Ви можете застосувати магічну дію, щоб вселити жах у істоту, яку бачите в межах 30 футів від себе. Ціль має успішно виконати кидок протидії мудрістю або мати стан переляку до кінця вашого наступного ходу.		Target_DragonsTerror
h73861110g988dg24c3g72e2gfe79f0ecaf49	On a failed Wisdom saving throw, the target is trapped in a dream, gaining no benefit from its rest. When the target wakes up, it takes 3d6 Psychic damage.	Під час невдалого кидка протидії Мудрості ціль потрапляє в пастку сну, не отримуючи жодної користі від свого відпочинку. Коли ціль прокидається, вона зазнає 3d6 психічну шкоду.		Target_Dream;Target_Dream_6;Target_Dream_spellscroll
hb1c6082fg95a4g4e37g8d16gf3ae92c04751	Expend an action to channel your magic through your duplicate. On its turn, it can cast one of your cantrips, using your spell save DC and spell attack bonus — letting you cast as though you were in the illusion's space.	Витратьте дію, щоб направити свою магію через свій дублікат. У свою чергу він може застосувати одну з ваших чарів, використовуючи ваш МС протидії закляттям і бонус до атаки заклять — дозволяючи вам використовувати так, ніби ви перебуваєте в просторі ілюзії.		Target_DuplicitousCantrip
h9a4f2b81gd37eg46c2gb058ge1d93f7a2c46	Expend an action and a spell slot to channel your magic through your duplicate. On its turn, it can cast one of your prepared spells with that slot, using your spell save DC and spell attack bonus — letting you cast as though you were in the illusion's space.	використайте дію та чарунку заклять, щоб направити свою магію через свій дублікат. У свою чергу він може використати одне з підготовлених вами заклять із цією чарункою, використовуючи ваш МС протидії закляттям і бонус до атаки заклять — дозволяючи вам використовувати так, ніби ви перебуваєте в просторі ілюзії.		Target_DuplicitousCasting;Target_DuplicitousCasting_2;Target_DuplicitousCasting_3;Target_DuplicitousCasting_4;Target_DuplicitousCasting_5;Target_DuplicitousCasting_6;Target_DuplicitousCasting_Container
h637a148fgbbb7g2269gfdd1g3f81fddd5949	"As a Magic action, you can expend 2 Focus Points to cause elemental energy to burst in a [1] radius Sphere centered on a point within [2] of yourself. Choose a damage type: Acid, Cold, Fire, Lightning, or Thunder.

Each creature in the Sphere must make a Dexterity saving throw. On a failed save, a creature takes damage of the chosen type equal to three rolls of your Martial Arts die. On a successful save, a creature takes half as much damage."	"Як магічна дія, ви можете витратити 2 очки зосередження, щоб спричинити спалах елементарної енергії в Сфері радіуса [1] з центром у точці в межах [2] від вас. Виберіть тип шкоди: кислота, холод, вогонь, блискавка або грім.

Кожна істота в Сфері повинна зробити кидок протидії спритністю. За невдалої протидії істота зазнає шкоди вибраного типу, що дорівнює трьом кидкам кістки бойових мистецтв. За успішної протидії істота зазнає вдвічі менше шкоди."		Target_ElementalBurst;Target_ElementalBurst_1;Target_ElementalBurst_2;Target_ElementalBurst_3;Target_ElementalBurst_4;Target_ElementalBurst_5
hf94f341dged44gb9bcged64g8666ae8b410e	As a bonus action, you restore a total number of hit points equal to five times your illrigger level, divided however you choose between yourself and other creatures within 30 feet of you.	Як вторинну дію ви відновлюєте загальну кількість очок здоров’я, що дорівнює п’ятикратному вашому рівню Ілріґер, розділеному між собою та іншими істотами в радіусі 30 футів від вас.		Target_EmboldenAllies
h331a5a4cg366cg82a3g63e0g6899f199c8bb	As a bonus action, you restore a total number of hit points equal to five times your illrigger level, divided however you choose between yourself and other creatures within 30 feet of you.	Як вторинну дію ви відновлюєте загальну кількість очок здоров’я, що дорівнює п’ятикратному вашому рівню Ілріґер, розділеному між собою та іншими істотами в радіусі 30 футів від вас.		Target_EmboldenAllies_1;Target_EmboldenAllies_2;Target_EmboldenAllies_3;Target_EmboldenAllies_4;Target_EmboldenAllies_5;Target_EmboldenAllies_6
h74764f94g16bbg3291g6bf1g64f2467c1d2d	As a Bonus Action, you bolster one ally you can see within 30 feet. That ally gains Temporary Hit Points equal to 2d6 plus your Proficiency Bonus. You can use this Bonus Action a number of times equal to your Proficiency Bonus, and you regain all expended uses when you finish a Long Rest.	Як вторинну дію ви підсилюєте одного союзника, якого бачите в радіусі 30 футів. Цей союзник отримує тимчасові очки здоров’я, що дорівнюють 2d6 плюс ваш бонус спеціалізації. Ви можете використати цю вторинну дію кількість разів, що дорівнює вашому бонусу спеціалізації, і ви відновите всі витрачені використання, коли завершите довгий відпочинок.		Target_EncourageAlly
h37588848gdc10g2334gdf51ga179befdb18d	"As you finish a Short or Long Rest, you can play a song on a Musical Instrument with which you have proficiency and give <LSTag Type=""Status"" Tooltip=""HEROIC_INSPIRATION_TEMP"">Heroic Inspiration</LSTag> to allies who hear the song. The number of allies you can affect in this way equals your Proficiency Bonus."	"Закінчивши короткий або довгий відпочинок, ви можете зіграти пісню на музичному інструменті, яким ви володієте, і дати <LSTag Type=""Status"" Tooltip=""HEROIC_INSPIRATION_TEMP"">героїчне натхнення</LSTag> союзникам, які почують пісню. Кількість союзників, на яких ви можете вплинути таким чином, дорівнює вашому бонусу спеціалізації."		Target_EncouragingSong
h0680f65eg2944g3595ga9d1gc7b9d923668f	"A tendril of inky darkness reaches out from you, touching a creature you can see within range to drain life from it. The target must make a Dexterity saving throw. On a successful save, the target takes [1] necrotic damage, and the spell ends. On a failed save, the target takes [2] necrotic damage, and until the spell ends, you can use your action on each of your turns to automatically deal 4d8 necrotic damage to the target. The spell ends if you use your action to do anything else, if the target is ever outside the spell’s range, or if the target has total cover from you.

Whenever the spell deals damage to a target, you regain hit points equal to half the amount of necrotic damage the target takes."	"Вусик чорнильної темряви тягнеться від вас, торкаючись істоти, яку ви бачите в радіусі, щоб витягти з неї життя. Ціль повинна зробити кидок протидії спритністю. За успішної протидії ціль отримує [1] некротичну шкоду, і закляття закінчується. У разі невдалої протидії ціль зазнає некротичну шкоду [2], і доки закляття не закінчиться, ви можете використовувати свою дію кожного ходу, щоб автоматично завдати цілі некротичної шкоди 4d8. Закляття закінчується, якщо ви використовуєте свою дію для будь-яких інших дій, якщо ціль коли-небудь опиниться поза зоною дії закляття або якщо ціль має повне прикриття від вас.

Щоразу, коли закляття завдає цілі шкоди, ви відновлюєте очки здоров’я, що дорівнюють половині кількості некротичної шкоди, яку отримує ціль."		Target_Enervation;Target_Enervation_6;Target_Enervation_spellscroll
hf4388f0fgae70g972fg864eg47c7de2d60c5	Surrounded by silver mist, you teleport to an unoccupied space you can see.	Срібна імла огортає вас і телепортує до незайнятого місця в полі зору.	Срібна імла огортає вас і телепортує до незайнятого місця в полі зору.	Target_EtherealJaunt;Target_EtherealJaunt_Queen;Target_EtherealJaunt_Spiderling;Target_HiddenPaths;Target_MistyStep;Target_MistyStep_3;Target_MistyStep_4;Target_MistyStep_5;Target_MistyStep_6;Target_MistyStep_Free;Target_MistyStep_Githyanki;Target_MistyStep_spellscroll;Target_SummonFey_FeyStep;Target_UNI_MistyStep_DrowCommander_Amulet;Target_UNI_MistyStep_NightWalkers
h8b8b45b5g6648g381bg1bccg8ba31a12abd5	You can drain enemies to embolden your allies. Whenever you burn one or more seals on a creature, you can choose an ally you can see within 30 feet of you. That ally gains Temporary Hit Points equal to the number rolled on one Seal damage die.	Ви можете виснажувати ворогів, щоб підбадьорити своїх союзників. Щоразу, коли ви спалюєте одну або кілька печаток на істоті, ви можете вибрати союзника, якого бачите в межах 30 футів від вас. Цей союзник зазнає тимчасові очки здоров’я, які дорівнюють числу, викинутому на одному кістці шкоди печатки.		Target_Exsanguinate
h2617fe64ge08cg8debgc3f1g7f4a57cefae0	As a bonus action, you can magically teleport up to 30 feet to an unoccupied space you can see.	Як вторинну дію ви можете магічно телепортуватися на відстань до 30 футів у незайнятий простір, який ви бачите.		Target_FeyStep_Eladrin;Target_FeyStep_Eladrin_General
hb284f5d4gf341g5049g2ce3g9ea223e41a38	Immediately after you use your Fey Step, up to two creatures of your choice that you can see within 10 feet of you must succeed on a Wisdom saving throw or be charmed by you for 1 minute, or until you or your companions deal any damage to the creatures.	Одразу після того, як ви використовуєте свій крок Фей, до двох істот на ваш вибір, яких ви бачите в радіусі 10 футів від вас, повинні вдатися до кидка протидії Мудрості або бути зачарованими вами на 1 хвилину, або поки ви або ваші супутники не завдасте будь-якої шкоди істотам.		Target_FeyStep_Eladrin_Autumn
h4a8a3d05ged7ag55e3g1276g814259823391	Immediately after you use your Fey Step, each creature of your choice that you can see within 5 feet of you takes fire damage equal to your proficiency bonus.	Одразу після того, як ви використовуєте свій крок Фей, кожна вибрана вами істота, яку ви бачите в радіусі 5 футів від себе, отримує вогонь, що дорівнює вашому бонусу спеціалізації.		Target_FeyStep_Eladrin_Summer
h8756f6c6ga536g0a7agc01agf500547496f2	You touch a melee weapon and place a magical effect into it, creating a visible rune etched into the weapon. Attacks made by the invoked weapon deal an extra 1d8 Fire damage on a hit.	Ви торкаєтесь холодної зброї та надаєте на неї магічний ефект, створюючи видиму руну, викарбувану на зброї. Атаки, здійснені викликаною зброєю, завдають додаткової 1d8 шкоди від вогню під час удару.		Target_FireRune;Target_FireRune_3;Target_FireRune_4;Target_FireRune_5;Target_FireRune_6;Target_FireRune_spellscroll
h285600aag7ea5gc76dg7ee0gf02eee80c3a6	You touch a willing creature. For the duration, the target gains a Fly Speed of 60 feet and can hover. When the spell ends, the target falls if it is still aloft unless it can stop the fall.	Ти торкаєшся добровільної істоти. Протягом цього часу ціль отримує швидкість польоту 60 футів і може зависати. Коли закляття закінчується, ціль падає, якщо вона все ще вгорі, якщо вона не може зупинити падіння.		Target_Fly;Target_Fly_spellscroll
hc3d38c0eg2fe4g7216g4d25g664b8ca1c301	You touch a willing creature. For the duration, the target gains a Fly Speed of 60 feet and can hover. When the spell ends, the target falls if it is still aloft unless it can stop the fall.	Ти торкаєшся добровільної істоти. Протягом цього часу ціль отримує швидкість польоту 60 футів і може зависати. Коли закляття закінчується, ціль падає, якщо вона все ще вгорі, якщо вона не може зупинити падіння.		Target_Fly_4
h406d239cgf596g3642g0c30g97eb1a38e37a	You touch a willing creature. For the duration, the target gains a Fly Speed of 60 feet and can hover. When the spell ends, the target falls if it is still aloft unless it can stop the fall.	Ти торкаєшся добровільної істоти. Протягом цього часу ціль отримує швидкість польоту 60 футів і може зависати. Коли закляття закінчується, ціль падає, якщо вона все ще вгорі, якщо вона не може зупинити падіння.		Target_Fly_5
h680a104dg18d0g6bfeg6161ga38f884a1c38	You touch a willing creature. For the duration, the target gains a Fly Speed of 60 feet and can hover. When the spell ends, the target falls if it is still aloft unless it can stop the fall.	Ти торкаєшся добровільної істоти. Протягом цього часу ціль отримує швидкість польоту 60 футів і може зависати. Коли закляття закінчується, ціль падає, якщо вона все ще вгорі, якщо вона не може зупинити падіння.		Target_Fly_6
h885fc7c4ga223g5fe2g45e3gcecbe30e37ae	If you hit a creature that is at least one size smaller than you with the demolisher, you can pull the creature up to 10 feet toward yourself.	Якщо ви вдарите руйнівником істоту, яка принаймні на один розмір менша за вас, ви можете підтягнути істоту до себе на 10 футів.		Target_ForceDemolisher_Pull
h4fbaa426ge15cg76e8g135bg063e1212f51b	If you hit a creature that is at least one size smaller than you with the demolisher, you can push the creature up to 10 feet straight away from yourself.	Якщо ви вдарите руйнівником істоту, яка принаймні на один розмір менша за вас, ви можете штовхнути істоту на відстань до 10 футів прямо від себе.		Target_ForceDemolisher_Push
h3b19ec2fg1828gff82g805cg351bdc1b191b	As a Magic action, choose a number of creatures you can see equal to your Wisdom modifier (minimum of one). Each chosen creature regains Hit Points equal to 1d10 plus your Ranger level and has Advantage on saving throws to avoid or end the Frightened condition for 1 hour.	Як магічну дію виберіть кількість істот, які ви можете бачити, рівну вашому модифікатору Мудрості (мінімум одну). Кожна вибрана істота відновлює очки здоров’я, що дорівнюють 1d10 плюс ваш рівень слідопита, і має перевагу в кидках протидії, щоб уникнути або припинити стан страху на 1 годину.		Target_FortifyingSoul;Target_FortifyingSoul_1;Target_FortifyingSoul_2;Target_FortifyingSoul_3;Target_FortifyingSoul_4;Target_FortifyingSoul_5;Target_FortifyingSoul_6
h834e8d02gd8f9g2e05ge709gc3ecb8d0d3da	You twist your visage to scare a creature that you can see within range. The creature must succeed on a Wisdom saving throw or have the Frightened condition until the start of your next turn.	Ви викривляєте своє обличчя, щоб налякати істоту, яку ви бачите в радіусі. Істота повинна досягти успіху в кидку протидії Мудрості або мати стан Переляку до початку вашого наступного ходу.		Target_FrightfulStart;Target_FrightfulStart_spellscroll
h2cd9bbb6g9caag4ec1gcc4bg1cdb130a755f	You cause numbing frost to form on one creature that you can see within range. The target must make a Constitution saving throw. On a failed save, the target takes cold damage, and it has disadvantage on the next weapon attack roll it makes before the end of its next turn.	Ви викликаєте оніміння інею на одній істоті, яку ви можете бачити в радіусі дії. Ціль повинна виконати кидок протидії. У разі невдалої протидії ціль зазнає холодну шкоду, і вона має Завада під час наступного кидка атаки зброєю, який вона робить до кінця свого наступного ходу.		Target_Frostbite;Target_Frostbite_spellscroll
h820d0d49g5c04gb627g8857g7f344163dd3d	You can order your allies to follow your formation (no action required). Choose a number of creatures within 60 feet of you that can hear you, up to your proficiency bonus. Each target can immediately move up to its speed without provoking opportunity attacks.	Ви можете наказати своїм союзникам стежити за вашим формуванням (не потрібно ніяких дій). Виберіть кількість істот у радіусі 60 футів від вас, які можуть вас почути, до вашого бонусу спеціалізації. Кожна ціль може миттєво рухатися до своєї швидкості, не провокуючи можливі атаки.		Target_GrandStrategist
h61a4b68fgff5eg7169g07bfg95aab5c70a68	You brandish the weapon used in the spell’s casting and make a melee attack with it against one creature within 5 feet of you. On a hit, the target suffers the weapon attack’s normal effects, and you can cause green fire to leap from the target to a different creature that you can see within 5 feet of it. The second creature takes [1].	Ви розмахуєте зброєю, яка використовується під час застосування закляття, і атакуєте нею ближнього бою проти однієї істоти в радіусі 5 футів від вас. Після влучання ціль зазнає звичайних ефектів збройної атаки, і ви можете змусити зелений вогонь перестрибнути з цілі на іншу істоту, яку ви бачите в межах 5 футів від неї. Друга істота бере [1].		Target_GreenFlameBlade;Target_GreenFlameBlade_spellscroll
h6bfa7986g7edeg322fgd99egace84461fcf5	You choose a number of allies within a 30-foot emanation originating from you, up to a number of allies equal to your Charisma modifier. Each of those allies regains Hit Points equal to 1d10 + your Fighter level.	Ви обираєте кількість союзників у межах 30-футової еманації, що походить від вас, до кількості союзників, що дорівнює вашому модифікатору Харизми. Кожен із цих союзників відновлює очки здоров’я, що дорівнюють 1d10 + ваш рівень Бійця.		Target_GroupRecovery;Target_GroupRecovery_1;Target_GroupRecovery_2;Target_GroupRecovery_3;Target_GroupRecovery_4;Target_GroupRecovery_5;Target_GroupRecovery_6
h52e0bfc4g2561g410ag637eg759d80be5ce4	You can make one weapon attack on the first turn of combat without using an action.	Ви можете здійснити одну атаку зброєю в першому ході бою, не використовуючи дію.		Target_HairTrigger
h0fc86f08g49ceg3decg4adfg5398a052f261	As a Magic action, you can expend 1 Focus Point to touch a creature and restore a number of Hit Points equal to a roll of your Martial Arts die plus your Wisdom modifier.	Як магічна дія, ви можете витратити 1 очко зосередження, щоб торкнутися істоти та відновити кількість очок здоров’я, що дорівнює кидку кістки бойових мистецтв плюс ваш модифікатор мудрості.		Target_HandOfHealing
hfd0a6b5aga1ceg3d50gd059gcb8b4baca023	As a Magic action, you touch a creature and roll a number of d4s equal to your Proficiency Bonus. The creature regains a number of Hit Points equal to the total rolled.	Як магічна дія, ви торкаєтеся істоти та кидаєте кількість d4, що дорівнює вашому бонусу спеціалізації. Істота відновлює кількість очок здоров’я, що дорівнює загальній кількості очок.		Target_HealingHands
h13ee529eg2e3ag6b49ge487g5564265ef86c	"You gain the ability to channel celestial energy to heal wounds. You have a pool of d6s to fuel this healing. The number of dice in the pool equals 1 plus your Warlock level.

As a Bonus Action, you can heal yourself or one creature you can see within 60 feet of yourself, expending dice from the pool. The maximum number of dice you can expend at once equals your Charisma modifier (minimum of one die). Roll the dice you expend, and restore a number of Hit Points equal to the roll’s total. Your pool regains all expended dice when you finish a Long Rest."	"Ви отримуєте здатність направляти небесну енергію на лікування ран. У вас є запас d6 для підживлення цього зцілення. Кількість кісток у запасі дорівнює 1 плюс ваш рівень чаклуна.

Як вторинну дію ви можете зцілити себе або одну істоту, яку бачите в радіусі 60 футів від себе, витрачаючи кістки з запасу. Максимальна кількість кісток, які ви можете використати одночасно, дорівнює вашому модифікатору Харизми (мінімум один кістка). Киньте кістки, які ви витратили, і відновіть кількість очок здоров’я, що дорівнює загальній сумі кидка. Ваш запас повертає всі витрачені кістки, коли ви закінчуєте Довгий відпочинок."		Target_HealingLight;Target_HealingLight_1;Target_HealingLight_2;Target_HealingLight_3;Target_HealingLight_4;Target_HealingLight_5;Target_HealingLight_6
h6ee711f7gf822ge79eg39abg3424b665f17d	You create an eruption of smoldering hellfire around a creature you can see within range.	Ви створюєте виверження тліючого пекельного вогню навколо істоти, яку бачите в радіусі дії.		Target_Hellfire;Target_Hellfire_spellscroll
h4c5188d3gb6e3g5ec6g15ddgca76b9bd33bb	If the target is an interdicted creature, it makes the saving throw with Disadvantage.	Якщо ціль — заборонена істота, вона виконує кидок протидії із Завадою.		Target_HellsLash;Target_HellsLash_2;Target_HellsLash_3;Target_HellsLash_4;Target_HellsLash_5;Target_HellsLash_6;Target_HellsLash_spellscroll
h4ee31ebcgb443g419agf6c4gb829136d660a	You lash a whip of crimson energy at a creature you can see within range, creating a conduit between you and the target. The target must succeed on a Constitution saving throw or take 4d4 fire damage and be tethered. A tethered creature takes 2d4 fire damage at the beginning of each of their turns. A tethered creature can repeat the saving throw at the end of each of their turns, ending the effect on a success.	Ви кидаєте батогом багряної енергії істоту, яку бачите в радіусі, створюючи канал між вами та ціллю. Ціль має успішно виконати кидок протидії «Статура» або отримати шкоди від вогню 4d4 і бути прив’язаною. Прив’язана істота зазнає 2d4 шкоди вогнем на початку кожного свого ходу. Прив’язана істота може повторити кидок протидії наприкінці кожного свого ходу, завершуючи ефект успіху.		Target_HellsLash;Target_HellsLash_2;Target_HellsLash_3;Target_HellsLash_4;Target_HellsLash_5;Target_HellsLash_6;Target_HellsLash_spellscroll
hce562dddgafdeg09c2gfcbfgfbdf120f983f	"If the target dies before the spell ends, you can Hex a new creature without expending a <LSTag Tooltip=""SpellSlot"">spell slot</LSTag>."	"Якщо ціль вмирає до припинення дії закляття, можна накласти прокльон на іншу істоту без витрати <LSTag Tooltip=""SpellSlot"">чарунки</LSTag>."	"Якщо ціль вмирає до припинення дії закляття, можна накласти прокльон на іншу істоту без витрати <LSTag Tooltip=""SpellSlot"">чарунки</LSTag>."	Target_Hex;Target_Hex_4;Target_Hex_5;Target_Hex_6
h65f3ea14g5c79g6cdag91a8g8747542a090c	"Make your attacks deal an additional [1] damage to the target and give it <LSTag Tooltip=""Disadvantage"">Disadvantage</LSTag> on an <LSTag Tooltip=""Abilities"">Ability</LSTag> of your choosing."	"Ціль зазнаватиме додаткові [1] шкоди щоразу, як ви її атакуєте. Також вона матиме <LSTag Tooltip=""Disadvantage"">заваду</LSTag> для <LSTag Tooltip=""Abilities"">здібності</LSTag> на ваш вибір."	"Ціль зазнаватиме додаткові [1] шкоди щоразу, як ви її атакуєте. Також вона матиме <LSTag Tooltip=""Disadvantage"">заваду</LSTag> для <LSTag Tooltip=""Abilities"">здібності</LSTag> на ваш вибір."	Target_Hex;Target_Hex_4;Target_Hex_5;Target_Hex_6
h5fb3e9b6gc371g5c19g6943gfa3f460b2856	"If the target dies before the spell ends, you can Hex a new creature without expending a <LSTag Tooltip=""SpellSlot"">spell slot</LSTag>."	"Якщо ціль вмирає до припинення дії закляття, можна накласти прокльон на іншу істоту без витрати <LSTag Tooltip=""SpellSlot"">чарунки</LSTag>."	"Якщо ціль вмирає до припинення дії закляття, можна накласти прокльон на іншу істоту без витрати <LSTag Tooltip=""SpellSlot"">чарунки</LSTag>."	Target_Hex_2
h4eb29c67ga49agd6e4g8d5ag46d694f80e9e	"Make your attacks deal an additional [1] damage to the target and give it <LSTag Tooltip=""Disadvantage"">Disadvantage</LSTag> on an <LSTag Tooltip=""Abilities"">Ability</LSTag> of your choosing."	"Ціль зазнаватиме додаткові [1] шкоди щоразу, як ви її атакуєте. Також вона матиме <LSTag Tooltip=""Disadvantage"">заваду</LSTag> для <LSTag Tooltip=""Abilities"">здібності</LSTag> на ваш вибір."	"Ціль зазнаватиме додаткові [1] шкоди щоразу, як ви її атакуєте. Також вона матиме <LSTag Tooltip=""Disadvantage"">заваду</LSTag> для <LSTag Tooltip=""Abilities"">здібності</LSTag> на ваш вибір."	Target_Hex_2
hd4782a03g4747ga790g93f8gb5ba22e3ba1a	"If the target dies before the spell ends, you can Hex a new creature without expending a <LSTag Tooltip=""SpellSlot"">spell slot</LSTag>."	"Якщо ціль вмирає до припинення дії закляття, можна накласти прокльон на іншу істоту без витрати <LSTag Tooltip=""SpellSlot"">чарунки</LSTag>."	"Якщо ціль вмирає до припинення дії закляття, можна накласти прокльон на іншу істоту без витрати <LSTag Tooltip=""SpellSlot"">чарунки</LSTag>."	Target_Hex_3
hfd42c4cdg4002g1993ge98ag453cbbdf7684	"Make your attacks deal an additional [1] damage to the target and give it <LSTag Tooltip=""Disadvantage"">Disadvantage</LSTag> on an <LSTag Tooltip=""Abilities"">Ability</LSTag> of your choosing."	"Ціль зазнаватиме додаткові [1] шкоди щоразу, як ви її атакуєте. Також вона матиме <LSTag Tooltip=""Disadvantage"">заваду</LSTag> для <LSTag Tooltip=""Abilities"">здібності</LSTag> на ваш вибір."	"Ціль зазнаватиме додаткові [1] шкоди щоразу, як ви її атакуєте. Також вона матиме <LSTag Tooltip=""Disadvantage"">заваду</LSTag> для <LSTag Tooltip=""Abilities"">здібності</LSTag> на ваш вибір."	Target_Hex_3
h7362e90bg474ag92ddg105fg55c4d3f42ec4	"Deal an additional [1] when you attack the target and impart <LSTag Tooltip=""Disadvantage"">Disadvantage</LSTag> on Charisma <LSTag Tooltip=""AbilityCheck"">Checks</LSTag>."	"Надайте додатковий [1], коли ви атакуєте ціль і надаєте <LSTag Tooltip=""Disadvantage"">Завада</LSTag> на Харизма <LSTag Tooltip=""AbilityCheck"">Перевірки</LSTag>."		Target_Hex_Charisma;Target_Hex_Charisma_2;Target_Hex_Charisma_3;Target_Hex_Charisma_4;Target_Hex_Charisma_5;Target_Hex_Charisma_6
h4cdd970cg98a9g8973ga41eg3a0152f76dc6	"Deal an additional [1] when you attack the target and impart <LSTag Tooltip=""Disadvantage"">Disadvantage</LSTag> on Constitution <LSTag Tooltip=""AbilityCheck"">Checks</LSTag>."	"Завдайте додаткової [1] під час атаки цілі й надайте їй <LSTag Tooltip=""Disadvantage"">заваду</LSTag> для <LSTag Tooltip=""AbilityCheck"">перевірок</LSTag> статури."		Target_Hex_Constitution;Target_Hex_Constitution_2;Target_Hex_Constitution_3;Target_Hex_Constitution_4;Target_Hex_Constitution_5;Target_Hex_Constitution_6
h9de3bf52g05b5ge6b3g5e7fgcfe595cd5d02	"Deal an additional [1] when you attack the target and impart <LSTag Tooltip=""Disadvantage"">Disadvantage</LSTag> on Dexterity <LSTag Tooltip=""AbilityCheck"">Checks</LSTag>."	"Завдайте додаткової [1] під час атаки цілі й надайте їй <LSTag Tooltip=""Disadvantage"">заваду</LSTag> для <LSTag Tooltip=""AbilityCheck"">перевірок</LSTag> спритності."		Target_Hex_Dexterity;Target_Hex_Dexterity_2;Target_Hex_Dexterity_3;Target_Hex_Dexterity_4;Target_Hex_Dexterity_5;Target_Hex_Dexterity_6
hba170a9fg16c5g2958gb01bg45ea03cb9d9d	"Deal an additional [1] when you attack the target and impart <LSTag Tooltip=""Disadvantage"">Disadvantage</LSTag> on Intelligence <LSTag Tooltip=""AbilityCheck"">Checks</LSTag>."	"Завдайте додаткової [1] під час атаки цілі й надайте їй <LSTag Tooltip=""Disadvantage"">заваду</LSTag> для <LSTag Tooltip=""AbilityCheck"">перевірок</LSTag> інтелекту."		Target_Hex_Intelligence;Target_Hex_Intelligence_2;Target_Hex_Intelligence_3;Target_Hex_Intelligence_4;Target_Hex_Intelligence_5;Target_Hex_Intelligence_6
h23e856a5g4d0ag528cgd0fag36230f54235f	"Curse a new creature without expending an extra <LSTag Tooltip=""SpellSlot"">spell slot</LSTag>."	"Проклясти нову істоту без витрати <LSTag Tooltip=""SpellSlot"">чарунки</LSTag>."	"Проклясти нову істоту без витрати <LSTag Tooltip=""SpellSlot"">чарунки</LSTag>."	Target_Hex_Reapply
hfda85d46g3626g88f8gecffg03e1abc1eb12	"The Cursed creature takes additional damage whenever you attack it and has <LSTag Tooltip=""Disadvantage"">Disadvantage</LSTag> on <LSTag Tooltip=""AbilityCheck"">Ability Checks</LSTag> with an <LSTag Tooltip=""Ability"">Ability</LSTag> of your choosing."	"Проклята істота зазнає додаткову шкоду від ваших атак, а також має <LSTag Tooltip=""Disadvantage"">заваду</LSTag> для <LSTag Tooltip=""AbilityCheck"">перевірок</LSTag> <LSTag Tooltip=""Ability"">здібності</LSTag> на ваш вибір."	"Проклята істота зазнає додаткову шкоду від ваших атак, а також має <LSTag Tooltip=""Disadvantage"">заваду</LSTag> для <LSTag Tooltip=""AbilityCheck"">перевірок</LSTag> <LSTag Tooltip=""Ability"">здібності</LSTag> на ваш вибір."	Target_Hex_Reapply
hc1282babgcb3dge035g6100g9c90f22e8322	"Deal an additional [1] when you attack the target and impart <LSTag Tooltip=""Disadvantage"">Disadvantage</LSTag> on Charisma <LSTag Tooltip=""AbilityCheck"">Checks</LSTag>."	"Надайте додатковий [1], коли ви атакуєте ціль і надаєте <LSTag Tooltip=""Disadvantage"">Завада</LSTag> на Харизма <LSTag Tooltip=""AbilityCheck"">Перевірки</LSTag>."		Target_Hex_Reapply_Charisma
hd9a8ca0ag30cagfb8agbc55g0402f2d4ba55	"Deal an additional [1] when you attack the target and impart <LSTag Tooltip=""Disadvantage"">Disadvantage</LSTag> on Constitution <LSTag Tooltip=""AbilityCheck"">Checks</LSTag>."	"Завдайте додаткової [1] під час атаки цілі й надайте їй <LSTag Tooltip=""Disadvantage"">заваду</LSTag> для <LSTag Tooltip=""AbilityCheck"">перевірок</LSTag> статури."		Target_Hex_Reapply_Constitution
h4d10531bg4d81g6ccegbf1bgda8710332c45	"Deal an additional [1] when you attack the target and impart <LSTag Tooltip=""Disadvantage"">Disadvantage</LSTag> on Dexterity <LSTag Tooltip=""AbilityCheck"">Checks</LSTag>."	"Завдайте додаткової [1] під час атаки цілі й надайте їй <LSTag Tooltip=""Disadvantage"">заваду</LSTag> для <LSTag Tooltip=""AbilityCheck"">перевірок</LSTag> спритності."		Target_Hex_Reapply_Dexterity
h58e709b8gc090g659agd6b3g9e417bbbda73	"Deal an additional [1] when you attack the target and impart <LSTag Tooltip=""Disadvantage"">Disadvantage</LSTag> on Intelligence <LSTag Tooltip=""AbilityCheck"">Checks</LSTag>."	"Завдайте додаткової [1] під час атаки цілі й надайте їй <LSTag Tooltip=""Disadvantage"">заваду</LSTag> для <LSTag Tooltip=""AbilityCheck"">перевірок</LSTag> інтелекту."		Target_Hex_Reapply_Intelligence
ha11a0af0gf1fdg6d14gc928g6c0b30819c32	"Deal an additional [1] when you attack the target and impart <LSTag Tooltip=""Disadvantage"">Disadvantage</LSTag> on Strength <LSTag Tooltip=""AbilityCheck"">Checks</LSTag>."	"Завдайте додаткової [1] під час атаки цілі й надайте їй <LSTag Tooltip=""Disadvantage"">заваду</LSTag> для <LSTag Tooltip=""AbilityCheck"">перевірок</LSTag> сили."		Target_Hex_Reapply_Strength
h43d4b358gb8f2ga4c7g6624g8428e6a2d7e0	"Deal an additional [1] when you attack the target and impart <LSTag Tooltip=""Disadvantage"">Disadvantage</LSTag> on Wisdom <LSTag Tooltip=""AbilityCheck"">Checks</LSTag>."	"Завдайте додаткової [1] під час атаки цілі й надайте їй <LSTag Tooltip=""Disadvantage"">заваду</LSTag> для <LSTag Tooltip=""AbilityCheck"">перевірок</LSTag> мудрості."		Target_Hex_Reapply_Wisdom
h2237238fg8d1fgafb3g32e9ge243c83acb05	"Deal an additional [1] when you attack the target and impart <LSTag Tooltip=""Disadvantage"">Disadvantage</LSTag> on Strength <LSTag Tooltip=""AbilityCheck"">Checks</LSTag>."	"Завдайте додаткової [1] під час атаки цілі й надайте їй <LSTag Tooltip=""Disadvantage"">заваду</LSTag> для <LSTag Tooltip=""AbilityCheck"">перевірок</LSTag> сили."		Target_Hex_Strength;Target_Hex_Strength_2;Target_Hex_Strength_3;Target_Hex_Strength_4;Target_Hex_Strength_5;Target_Hex_Strength_6
hd0159c36g4f28g7ca7g887dga2bf48ba4acd	"Deal an additional [1] when you attack the target and impart <LSTag Tooltip=""Disadvantage"">Disadvantage</LSTag> on Wisdom <LSTag Tooltip=""AbilityCheck"">Checks</LSTag>."	"Завдайте додаткової [1] під час атаки цілі й надайте їй <LSTag Tooltip=""Disadvantage"">заваду</LSTag> для <LSTag Tooltip=""AbilityCheck"">перевірок</LSTag> мудрості."		Target_Hex_Wisdom;Target_Hex_Wisdom_2;Target_Hex_Wisdom_3;Target_Hex_Wisdom_4;Target_Hex_Wisdom_5;Target_Hex_Wisdom_6;Target_Hex_spellscroll
he39926bdgdb3ag2cd8gd6c1g17c647980ce1	"You imbue a weapon you touch with holy power. Until the spell ends, the weapon emits bright light in a 30-foot radius and dim light for an additional 30 feet. In addition, weapon attacks made with it deal an extra 2d8 radiant damage on a hit. If the weapon isn’t already a magic weapon, it becomes one for the duration.

As a bonus action on your turn, you can dismiss this spell and cause the weapon to emit a burst of radiance. Each creature of your choice that you can see within 30 feet of the weapon must make a Constitution saving throw. On a failed save, a creature takes 4d8 radiant damage, and it is blinded for 1 minute. On a successful save, a creature takes half as much damage and isn’t blinded. At the end of each of its turns, a blinded creature can make a Constitution saving throw, ending the effect on itself on a success."	"Ви насичуєте зброю, якої торкаєтеся, святою силою. Доки закляття не закінчиться, зброя випромінює яскраве світло в радіусі 30 футів і тьмяне світло ще на 30 футів. Крім того, атаки зброєю, здійснені з його допомогою, завдають додаткової променевої шкоди 2d8 під час удару. Якщо зброя ще не є чарівною, вона стає нею на час.

Як вторинну дію у свій хід ви можете звільнити це закляття та змусити зброю випромінювати сплеск сяйва. Кожна істота за вашим вибором, яку ви бачите в радіусі 30 футів від зброї, повинна зробити кидок протидії статурою. За невдалої протидії істота зазнає 4d8 променевої шкоди та стає сліпою на 1 хвилину. За успішної протидії істота зазнає вдвічі менше шкоди і не осліплюється. Наприкінці кожного свого ходу засліплена істота може зробити кидок протидії статурою, припиняючи вплив на себе в разі успіху."		Target_HolyWeapon;Target_HolyWeapon_6;Target_HolyWeapon_spellscroll
h8caea2f7gd7feg90a5gc318g2cfb95c6f90b	You whisper a divine word under your breath, careful not to speak loudly, for such celestial power isn’t for the unworthy. Make a ranged spell attack against a target within range. On a hit, the target takes Radiant damage. If the target is a Fey, Fiend, or an Undead, its Speed is reduced by 10 feet and it can’t take Reactions until the end of its next turn.	Ти шепочеш божественне слово собі під ніс, обережно, щоб не говорити голосно, бо така небесна сила не для недостойних. Зробіть дальню атаку закляттям проти цілі в радіусі. Після влучання ціль зазнає променеву шкоду. Якщо ціллю є Фей, Демон або Нежить, її швидкість зменшується на 10 футів, і вона не може приймати реагування до кінця свого наступного ходу.		Target_HolyWord;Target_HolyWord_spellscroll
h8fd47ec3gac34g4144g6243g234bbbbbb9ae	The target must make a Constitution saving throw. On a failed save, it takes [1], and you regain hit points equal to the damage dealt. On a successful save, it takes half as much damage, and you regain hit points equal to the damage dealt.	Ціль повинна виконати кидок протидії. У разі невдалої протидії потрібно [1], і ви відновлюєте очки здоров’я, що дорівнюють завданій шкоді. За успішної протидії він зазнає вдвічі менше шкоди, і ви відновлюєте життєві бали, що дорівнюють завданій шкоді.		Target_InfernalConduit_Devour
ha334fba5ge039gfb31g1b15g55b8f07d80f4	"Sacrifice half your remaining <LSTag Tooltip=""HitPoints"">hit points</LSTag> to heal a target for the same amount."	"Пожертвувати половиною поточних <LSTag Tooltip=""HitPoints"">очок здоров'я</LSTag>, щоб зцілити ціль на таку ж кількість очок."	"Пожертвувати половиною поточних <LSTag Tooltip=""HitPoints"">очок здоров'я</LSTag>, щоб зцілити ціль на таку ж кількість очок."	Target_InfernalConduit_Invigorate
h391dd984g6a8cge5b0g94c0g187d5c88d2a9	"Roll your <LSTag Type=""ActionResource"" Tooltip=""BardicInspiration"">Bardic Inspiration</LSTag> die; that creature gains a number of Temporary Hit Points equal to the number rolled plus your Charisma modifier (minimum of 2 Temporary Hit Points). When a creature gains Temporary Hit Points in this way, it can immediately take a Reaction to move up to its Speed without provoking Opportunity Attacks or take the Dodge action."	"Киньте кістка <LSTag Type=""ActionResource"" Tooltip=""BardicInspiration"">Бардівське натхнення</LSTag>; ця істота отримує кількість тимчасових очок здоров’я, що дорівнює кількості викинутих плюс ваш модифікатор Харизми (мінімум 2 тимчасові окуляри здоров’я). Коли істота таким чином отримує тимчасові очки здоров’я, вона може негайно застосувати реагування, щоб підвищити свою швидкість, не провокуючи принагідних атак і не вдаючись до дії ухилення."		Target_InspirationalDance
h354b3d9ag3986g5438g5c7fg5f7f7196c4c4	"When you take a Bonus Action to give a creature a <LSTag Type=""ActionResource"" Tooltip=""BardicInspiration"">Bardic Inspiration</LSTag> die, you can have the <LSTag Type=""Status"" Tooltip=""INVISIBLE"">Invisible</LSTag> condition and teleport up to 30 feet to an unoccupied space you can see as part of that Bonus Action. This invisibility lasts until the start of your next turn and ends early immediately after you make an attack roll, deal damage, or cast a spell."	"Коли ви виконуєте вторинну дію, щоб дати істоті кістка <LSTag Type=""ActionResource"" Tooltip=""BardicInspiration"">Бардівське натхнення</LSTag>, ви можете отримати стан <LSTag Type=""Status"" Tooltip=""INVISIBLE"">Невидимість</LSTag> і телепортуватися на відстань до 30 футів у вільний простір, який ви бачите як частину ця вторинна дія. Ця невидимість триває до початку вашого наступного ходу і закінчується відразу після того, як ви робите кидок на атаку, завдаєте шкоди або використовуєте закляття."		Target_InspiredEclipse
h46a88a7bg99ddgbfe4gc4aeg5843b027814d	You can expend one use of your Channel Oath and distribute Temporary Hit Points to creatures of your choice within 30 feet of yourself, which can include you. The total number of Temporary Hit Points equals 2d8 plus your Paladin level, divided among the chosen creatures however you like.	Ви можете витратити одне використання вашого Божого наснаження та розподілити тимчасові очки здоров’я між істотами на ваш вибір у межах 30 футів від вас, серед яких можете бути й ви. Загальна кількість тимчасових очок здоров’я дорівнює 2d8 плюс ваш рівень паладина, розділений між вибраними істотами, як вам подобається.		Target_InspiringGlory;Target_InspiringGlory_1;Target_InspiringGlory_2;Target_InspiringGlory_3;Target_InspiringGlory_4;Target_InspiringGlory_5;Target_InspiringGlory_6
hc0c004d2g6411g3244g9901gb849e25f434f	One ally of your choice within 30 feet of you can move up to half their Speed. This movement does not provoke Opportunity Attacks.	Один союзник на ваш вибір у межах 30 футів від вас може рухатися до половини своєї швидкості. Цей рух не провокує Принагідні атаки.		Target_InspiringMovement
h8774fb9bg4691ge891gcd62g04a6e30adc85	"Distract your enemies with an illusion. Within [1] of the illusion, <LSTag Tooltip=""AttackRoll"">Attack Rolls</LSTag> have <LSTag Tooltip=""Advantage"">Advantage</LSTag> for you and your allies. Both the attacker and the creature must be within [1] of the illusion."	"Відволікайте ворогів за допомогою ілюзії. У [1] ілюзії <LSTag Tooltip=""AttackRoll"">Кидки атаки</LSTag> має <LSTag Tooltip=""Advantage"">Перевага</LSTag> для вас і ваших союзників. І нападник, і істота мають бути в межах [1] від ілюзії."		Target_InvokeDuplicity
h85297685gf059g72c0g4f9aga4eff80cbe14	You can cast spells as though you were in the illusion’s space, but you must use your own senses.	Ви можете чаклувати так, ніби перебуваєте в просторі ілюзії, але ви повинні використовувати власні органи чуття.		Target_InvokeDuplicity
h4b50165cg7c3dg0c06g4d6cgbbeb1860e49c	Touch a willing creature. For the duration, once on each of the target's turns, it can spend 10 feet of movement to jump up to 30 feet. In addition, the target's maximum jump distance is tripled.	Доторкніться до бажаної істоти. Протягом кожного ходу цілі вона може витратити 10 футів руху, щоб підстрибнути до 30 футів. Крім того, максимальна відстань стрибка цілі збільшується втричі.		Target_Jump;Target_Jump_Ritual;Target_Jump_spellscroll
h2c906325gf33ag8c1cgb681g54b7ac099738	Touch a willing creature. For the duration, once on each of the target's turns, it can spend 10 feet of movement to jump up to 30 feet. In addition, the target's maximum jump distance is tripled.	Доторкніться до бажаної істоти. Протягом кожного ходу цілі вона може витратити 10 футів руху, щоб підстрибнути до 30 футів. Крім того, максимальна відстань стрибка цілі збільшується втричі.		Target_Jump_2
h35f37f72g15a5g5604gdb78g977b94b87709	Touch a willing creature. For the duration, once on each of the target's turns, it can spend 10 feet of movement to jump up to 30 feet. In addition, the target's maximum jump distance is tripled.	Доторкніться до бажаної істоти. Протягом кожного ходу цілі вона може витратити 10 футів руху, щоб підстрибнути до 30 футів. Крім того, максимальна відстань стрибка цілі збільшується втричі.		Target_Jump_3
ha63bbbd5g91e2g8333gb91ag7753f4337e19	Touch a willing creature. For the duration, once on each of the target's turns, it can spend 10 feet of movement to jump up to 30 feet. In addition, the target's maximum jump distance is tripled.	Доторкніться до бажаної істоти. Протягом кожного ходу цілі вона може витратити 10 футів руху, щоб підстрибнути до 30 футів. Крім того, максимальна відстань стрибка цілі збільшується втричі.		Target_Jump_4
h57ee6921g4a34g9c18gedfbg01c62484a2ed	Touch a willing creature. For the duration, once on each of the target's turns, it can spend 10 feet of movement to jump up to 30 feet. In addition, the target's maximum jump distance is tripled.	Доторкніться до бажаної істоти. Протягом кожного ходу цілі вона може витратити 10 футів руху, щоб підстрибнути до 30 футів. Крім того, максимальна відстань стрибка цілі збільшується втричі.		Target_Jump_5
ha30a8814gd13dg168cgb242g878fd141f459	Touch a willing creature. For the duration, once on each of the target's turns, it can spend 10 feet of movement to jump up to 30 feet. In addition, the target's maximum jump distance is tripled.	Доторкніться до бажаної істоти. Протягом кожного ходу цілі вона може витратити 10 футів руху, щоб підстрибнути до 30 футів. Крім того, максимальна відстань стрибка цілі збільшується втричі.		Target_Jump_6
h138ad957g4e4cgf396gebd4g8ad15a605ba6	"Turn a creature's flesh hard as stone. It takes only <LSTag Tooltip=""Resistant"">half the damage</LSTag> of all Bludgeoning, Piercing, and Slashing damage."	"Перетворіть плоть істоти твердою, як камінь. Він отримує лише <LSTag Tooltip=""Resistant"">половину шкоди</LSTag> усієї шкоди від кидків, колольних і рубаючих ударів."		Target_LOW_RamazithsTower_Stoneskin
h917f9908g4fcbge66dgb997gdac87ffc4aff	The spell ends if you drop to 0 Hit Points. It also ends if the spell is cast again on either of the connected creatures. The spell remains in effect only while you and the target are within 60 feet of each other.	Закляття закінчується, якщо ви впадете до 0 очок здоров’я. Воно також закінчується, якщо закляття накладено знову на будь-яку з пов’язаних істот. Закляття залишається в силі лише тоді, коли ви та ціль перебуваєте на відстані 60 футів один від одного.		Target_LOW_WardingBond_Distant
h7d366d57g2abcg334egec99gd574e5abbc31	"As a Magic action, you can expend a use of your Wild Shape and choose a point within 60 feet of yourself. Vitality-giving flowers and life-draining thorns briefly appear in a 10-foot-radius Sphere centered on that point. Enemy creatures in the Sphere take 2d6 Necrotic damage. Creatures in the area that are not your enemies regain 2d6 Hit Points.

The damage and healing each increase by 1d6 when you reach Druid level 5 (3d6) and level 10 (4d6)."	"Як магічна дія, ви можете витратити використання вашої Дика подоба і вибрати точку в межах 60 футів від себе. Квіти, що дають життєву силу, і шипи, що виснажують життя, на короткий час з’являються в Сфері радіусом 10 футів з центром у цій точці. Ворожі істоти в Сфері зазнають 2d6 Некротичну шкоду. Істоти в зоні, які не є вашими ворогами, відновлюють очки здоров’я 2d6.

Шкода та зцілення збільшуються на 1d6, коли ви досягаєте рівня друїда 5 (3d6) і рівня 10 (4d6)."		Target_LandsAid
h21000e09gdda6g7a5fg404eg1458b9ccd985	"At the start of each of your turns while your <LSTag Type=""Status"" Tooltip=""RAGE"">Rage</LSTag> is active, you can choose another creature within 10 feet of yourself to gain Temporary Hit Points. To determine the number of Temporary Hit Points, roll a number of d6s equal to your <LSTag Type=""Status"" Tooltip=""RAGE"">Rage</LSTag> Damage bonus, and add them together. If any of these Temporary Hit Points remain when your Rage ends, they vanish."	"На початку кожного свого ходу, поки ваш <LSTag Type=""Status"" Tooltip=""RAGE"">Лють</LSTag> активний, ви можете вибрати іншу істоту в межах 10 футів від себе, щоб отримати тимчасові очки здоров’я. Щоб визначити кількість тимчасових очок здоров’я, киньте кількість d6, що дорівнює вашому бонусу до шкоди <LSTag Type=""Status"" Tooltip=""RAGE"">Лють</LSTag>, і додайте їх разом. Якщо будь-яке з цих тимчасових очок здоров’я залишиться після закінчення вашої люті, вони зникнуть."		Target_LifeGivingForce
h8d64c0afgae6cg9327g2eb2g99fc3bf2c7c7	Teleport to an area and deal [1] where you land. The impact blast spreads in a [2] zone.	Телепортуватися та завдати [1] в місці появи. Зона ураження вибухом сягає [2].	Телепортуватися та завдати [1] в місці появи. Зона ураження вибухом сягає [2].	Target_MAG_Legendary_HellCrawler
hb291dd01gaa36gf848g9cb2g11776f6a95ba	You touch a willing creature. When the creature takes damage before the spell ends, the creature reduces the total damage taken by 1d4. A creature can benefit from this spell only once per turn.	Ти торкаєшся добровільної істоти. Коли істота зазнає шкоди до закінчення дії закляття, істота зменшує загальну шкоду, яку отримує 1d4. Істота може отримати користь від цього закляття лише один раз за хід.		Target_MAG_Resistance
h8a6538f6g5014g1d67gff85g2b5551228583	Teleport to an unoccupied, obscured spot.	Телепортуватися до незайнятого місця з обмеженою видимістю.	Телепортуватися до незайнятого місця з обмеженою видимістю.	Target_MAG_Shadow_Shadowstep
h1cf67618gcdc1g9bf0g352egd9e5052a34ad	The spell ends if you drop to 0 Hit Points. It also ends if the spell is cast again on either of the connected creatures. The spell remains in effect only while you and the target are within 60 feet of each other.	Закляття закінчується, якщо ви впадете до 0 очок здоров’я. Воно також закінчується, якщо закляття накладено знову на будь-яку з пов’язаних істот. Закляття залишається в силі лише тоді, коли ви та ціль перебуваєте на відстані 60 футів один від одного.		Target_MAG_WardingBond
hf1072944g3718g45edgace3ga7e816803e30	"Reach into the target's pockets and attempt to steal an item. The Dexterity (<LSTag Type=""Skills"" Tooltip=""SleightOfHand"">Sleight of Hand</LSTag>) check uses your own modifier as the Arcane Trickster."	"Полізте в кишені цілі та спробуйте вкрасти предмет. Перевірка спритності (<LSTag Type=""Skills"" Tooltip=""SleightOfHand"">Спритність рук</LSTag>) використовує ваш власний модифікатор як Аркан Трикстер."		Target_MageHand_Pickpocketing
hf3454d49ga887g5e0fg8d2agc0bbd2b7d8f1	You touch a nonmagical weapon. Until the spell ends, that weapon becomes a magic weapon with a +[1] bonus to attack rolls and damage rolls. The spell ends early if you cast it again.	Ви торкаєтесь немагічної зброї. Доки закляття не закінчиться, ця зброя стає магічною зброєю з +[1] бонусом до кидків атаки та кидків шкоди. Закляття закінчується раніше, якщо ви повторите його.		Target_MagicWeapon;Target_MagicWeapon_spellscroll
h3de4daa5g270dgd865g3b17g917d23d9331c	You touch a nonmagical weapon. Until the spell ends, that weapon becomes a magic weapon with a +[1] bonus to attack rolls and damage rolls. The spell ends early if you cast it again.	Ви торкаєтесь немагічної зброї. Доки закляття не закінчиться, ця зброя стає магічною зброєю з бонусом +[1] до кидків атаки та кидків шкоди. Закляття закінчується раніше, якщо ви повторите його.		Target_MagicWeapon_3
h50bff1e7g1854g3605g542bg6e07ef5207cb	You touch a nonmagical weapon. Until the spell ends, that weapon becomes a magic weapon with a +[1] bonus to attack rolls and damage rolls. The spell ends early if you cast it again.	Ви торкаєтесь немагічної зброї. Доки закляття не закінчиться, ця зброя стає магічною зброєю з +[1] бонусом до кидків атаки та кидків шкоди. Закляття закінчується раніше, якщо ви повторите його.		Target_MagicWeapon_4
hfa97514cg1b62ge708ge36dg6b7323d4da3e	You touch a nonmagical weapon. Until the spell ends, that weapon becomes a magic weapon with a +[1] bonus to attack rolls and damage rolls. The spell ends early if you cast it again.	Ви торкаєтесь немагічної зброї. Доки закляття не закінчиться, ця зброя стає магічною зброєю з бонусом +[1] до кидків атаки та кидків шкоди. Закляття закінчується раніше, якщо ви повторите його.		Target_MagicWeapon_5
h85706f21g3bf8g589fgb2e1gb85b9c796d1c	You touch a nonmagical weapon. Until the spell ends, that weapon becomes a magic weapon with a +[1] bonus to attack rolls and damage rolls. The spell ends early if you cast it again.	Ви торкаєтесь немагічної зброї. Доки закляття не закінчиться, ця зброя стає магічною зброєю з +[1] бонусом до кидків атаки та кидків шкоди. Закляття закінчується раніше, якщо ви повторите його.		Target_MagicWeapon_6
h719facf1g5f1cg71c4gbf18g0bc0200d571d	Each of those creatures gains Temporary Hit Points equal to twice the number rolled on the Bardic Inspiration die, and each can move without provoking Opportunity Attacks until the end of its next turn.	Кожна з цих істот отримує тимчасові очки здоров’я, які вдвічі перевищують кількість, викинуту на кістці Бардівське натхнення, і кожна з них може рухатися, не провокуючи принагідних атак до кінця свого наступного ходу.		Target_MantleOfInspiration
h52a153aag53d8g2658g72aegc55c7baffc11	Each of those creatures gains Temporary Hit Points equal to twice the number rolled on the Bardic Inspiration die, and each can move without provoking Opportunity Attacks until the end of its next turn.	Кожна з цих істот отримує тимчасові очки здоров’я, які вдвічі перевищують кількість, викинуту на кістці Бардівське натхнення, і кожна з них може рухатися, не провокуючи принагідних атак до кінця свого наступного ходу.		Target_MantleOfInspiration_1
hd927a3dfg462bg2162g0ddegc1f29c11bb86	Each of those creatures gains Temporary Hit Points equal to twice the number rolled on the Bardic Inspiration die, and each can move without provoking Opportunity Attacks until the end of its next turn.	Кожна з цих істот отримує тимчасові очки здоров’я, які вдвічі перевищують кількість, викинуту на кістці Бардівське натхнення, і кожна з них може рухатися, не провокуючи принагідних атак до кінця свого наступного ходу.		Target_MantleOfInspiration_2
hf3f5c8f9g2b3bg1058g7715gee2645709a64	Each of those creatures gains Temporary Hit Points equal to twice the number rolled on the Bardic Inspiration die, and each can move without provoking Opportunity Attacks until the end of its next turn.	Кожна з цих істот отримує тимчасові очки здоров’я, які вдвічі перевищують кількість, викинуту на кістці Бардівське натхнення, і кожна з них може рухатися, не провокуючи принагідних атак до кінця свого наступного ходу.		Target_MantleOfInspiration_3;Target_MantleOfInspiration_4;Target_MantleOfInspiration_5;Target_MantleOfInspiration_6
h3f49f302g9b29g72f7g25f0g2f3ff3297c48	You try to temporarily sliver the mind of one creature you can see within range. The target must succeed on an Intelligence saving throw or take Psychic damage and subtract 1d4 from the next saving throw it makes before the end of your next turn.	Ви намагаєтеся тимчасово відрізати розум однієї істоти, яку можете побачити в радіусі дії. Ціль має вдало виконати кидок протидії інтелектом або отримати психічну шкоду та відняти 1d4 від наступного кидка, який вона здійснить до кінця вашого наступного ходу.		Target_MindSliver;Target_MindSliver_spellscroll
h05f1c3ebg02fcg677cga473g464cac2d584f	"You drive a spike of psionic energy into the mind of one creature you can see within range. The target makes a Wisdom saving throw, taking Psychic damage on a failed save or half as much damage on a successful one. On a failed save, you also always know the target’s location until the spell ends. While you have this knowledge, the target can’t become hidden from you, and if it has the <LSTag Type=""Status"" Tooltip=""INVISIBLE"">Invisible</LSTag> condition, it gains no benefit from that condition against you."	"Ви вганяєте спалах псіонічної енергії в розум однієї істоти, яку бачите в радіусі. Ціль виконує кидок протидії мудрістю, отримуючи психічну шкоду за невдалої протидії або вдвічі менше шкоди за успішної протидії. У разі невдалої протидії ви також завжди знаєте місцезнаходження цілі, доки закляття не закінчиться. Поки ви володієте цими знаннями, мета не може бути прихованою від вас, і якщо вона має умову <LSTag Type=""Status"" Tooltip=""INVISIBLE"">Невидимість</LSTag>, вона не отримує жодної вигоди від цієї умови проти вас."		Target_MindSpike;Target_MindSpike_3;Target_MindSpike_4;Target_MindSpike_5;Target_MindSpike_6;Target_MindSpike_spellscroll
hac6a3cd4g227dg6382g6388g92a7edb553be	You psychically lash out at one creature you can see within range. The target must make an Intelligence saving throw. On a failed save, the target takes psychic damage, and it can’t take a reaction until the end of its next turn. Moreover, on its next turn, it must choose whether it gets an action, or a bonus action; it gets only one of the two. On a successful save, the target takes half as much damage and suffers none of the spell’s other effects.	Ви психічно накидаєтеся на одну істоту, яку бачите в радіусі. Ціль повинна зробити кидок протидії інтелектом. У разі невдалої протидії ціль зазнає психічну шкоду та не може реагувати до кінця наступного ходу. Крім того, наступного ходу він повинен вибрати, чи отримає він дію чи вторинну дію; він отримує лише одне з двох. За успішної протидії ціль зазнає вдвічі менше шкоди і не страждає від інших ефектів закляття.		Target_MindWhip;Target_MindWhip_3;Target_MindWhip_4;Target_MindWhip_5;Target_MindWhip_6;Target_MindWhip_spellscroll
hb5c8a2c2gcb05g89ceg701dg519dda931a2d	"A silvery beam of pale light shines down in a 5-foot-radius, 40-foot-high Cylinder centered on a point within range. Until the spell ends, Dim Light fills the Cylinder, and you can take a Magic action on later turns to move the Cylinder up to 60 feet.

When the Cylinder appears, each creature in it makes a Constitution saving throw. On a failed save, a creature takes Radiant damage. On a successful save, a creature takes half as much damage only. A creature also makes this save when the spell’s area moves into its space and when it ends its turn there. A creature makes this save only once per turn."	"Сріблястий промінь блідого світла сяє вниз у циліндр радіусом 5 футів і висотою 40 футів, центр якого знаходиться в межах діапазону. Доки закляття не закінчиться, тьмяне світло заповнює циліндр, і ви можете виконати магічну дію на наступних ходах, щоб перемістити циліндр на 60 футів.

Коли з’являється циліндр, кожна істота в ньому виконує кидок протидії. У разі невдалої протидії істота зазнає променеву шкоду. За успішної протидії істота зазнає удвічі менше шкоди. Істота також виконує цей кидок протидії, коли область дії закляття переміщується в її простір і коли її хід там закінчується. Істота виконує цей кидок протидії лише один раз за хід."		Target_Moonbeam;Target_Moonbeam_spellscroll
hc24592adg7667g3703g77f3g28bd0167f967	"A silvery beam of pale light shines down in a 5-foot-radius, 40-foot-high Cylinder centered on a point within range. Until the spell ends, Dim Light fills the Cylinder, and you can take a Magic action on later turns to move the Cylinder up to 60 feet.

When the Cylinder appears, each creature in it makes a Constitution saving throw. On a failed save, a creature takes Radiant damage. On a successful save, a creature takes half as much damage only. A creature also makes this save when the spell’s area moves into its space and when it ends its turn there. A creature makes this save only once per turn."	"Сріблястий промінь блідого світла сяє вниз у циліндр радіусом 5 футів і висотою 40 футів, центр якого знаходиться в межах діапазону. Доки закляття не закінчиться, тьмяне світло заповнює циліндр, і ви можете виконати магічну дію на наступних ходах, щоб перемістити циліндр на 60 футів.

Коли з’являється циліндр, кожна істота в ньому виконує кидок протидії. У разі невдалої протидії істота зазнає променеву шкоду. За успішної протидії істота зазнає удвічі менше шкоди. Істота також виконує цей кидок протидії, коли область дії закляття переміщується в її простір і коли її хід там закінчується. Істота виконує цей кидок протидії лише один раз за хід."		Target_Moonbeam_3
h2a605fbbg9e30g5d2fg99cfge3895f1bc658	"A silvery beam of pale light shines down in a 5-foot-radius, 40-foot-high Cylinder centered on a point within range. Until the spell ends, Dim Light fills the Cylinder, and you can take a Magic action on later turns to move the Cylinder up to 60 feet.

When the Cylinder appears, each creature in it makes a Constitution saving throw. On a failed save, a creature takes Radiant damage. On a successful save, a creature takes half as much damage only. A creature also makes this save when the spell’s area moves into its space and when it ends its turn there. A creature makes this save only once per turn."	"Сріблястий промінь блідого світла сяє вниз у циліндр радіусом 5 футів і висотою 40 футів, центр якого знаходиться в межах діапазону. Доки закляття не закінчиться, тьмяне світло заповнює циліндр, і ви можете виконати магічну дію на наступних ходах, щоб перемістити циліндр на 60 футів.

Коли з’являється циліндр, кожна істота в ньому виконує кидок протидії. У разі невдалої протидії істота зазнає променеву шкоду. За успішної протидії істота зазнає удвічі менше шкоди. Істота також виконує цей кидок протидії, коли область дії закляття переміщується в її простір і коли її хід там закінчується. Істота виконує цей кидок протидії лише один раз за хід."		Target_Moonbeam_4
h3d8e9323g4462gb81dg88e1g83c02f1a2c2b	"A silvery beam of pale light shines down in a 5-foot-radius, 40-foot-high Cylinder centered on a point within range. Until the spell ends, Dim Light fills the Cylinder, and you can take a Magic action on later turns to move the Cylinder up to 60 feet.

When the Cylinder appears, each creature in it makes a Constitution saving throw. On a failed save, a creature takes Radiant damage. On a successful save, a creature takes half as much damage only. A creature also makes this save when the spell’s area moves into its space and when it ends its turn there. A creature makes this save only once per turn."	"Сріблястий промінь блідого світла сяє вниз у циліндр радіусом 5 футів і висотою 40 футів, центр якого знаходиться в межах діапазону. Доки закляття не закінчиться, тьмяне світло заповнює циліндр, і ви можете виконати магічну дію на наступних ходах, щоб перемістити циліндр на 60 футів.

Коли з’являється циліндр, кожна істота в ньому виконує кидок протидії. У разі невдалої протидії істота зазнає променеву шкоду. За успішної протидії істота зазнає удвічі менше шкоди. Істота також виконує цей кидок протидії, коли область дії закляття переміщується в її простір і коли її хід там закінчується. Істота виконує цей кидок протидії лише один раз за хід."		Target_Moonbeam_5
heee3ac7dg3b5cg3d93geb1dgae3f70c163c3	"A silvery beam of pale light shines down in a 5-foot-radius, 40-foot-high Cylinder centered on a point within range. Until the spell ends, Dim Light fills the Cylinder, and you can take a Magic action on later turns to move the Cylinder up to 60 feet.

When the Cylinder appears, each creature in it makes a Constitution saving throw. On a failed save, a creature takes Radiant damage. On a successful save, a creature takes half as much damage only. A creature also makes this save when the spell’s area moves into its space and when it ends its turn there. A creature makes this save only once per turn."	"Сріблястий промінь блідого світла сяє вниз у циліндр радіусом 5 футів і висотою 40 футів, центр якого знаходиться в межах діапазону. Доки закляття не закінчиться, тьмяне світло заповнює циліндр, і ви можете виконати магічну дію на наступних ходах, щоб перемістити циліндр на 60 футів.

Коли з’являється циліндр, кожна істота в ньому виконує кидок протидії. У разі невдалої протидії істота зазнає променеву шкоду. За успішної протидії істота зазнає удвічі менше шкоди. Істота також виконує цей кидок протидії, коли область дії закляття переміщується в її простір і коли її хід там закінчується. Істота виконує цей кидок протидії лише один раз за хід."		Target_Moonbeam_6
h2effdbc6g3649ga065g631ag652379eb3394	Move the beam of moonlight up to [1].	Перемістіть промінь місячного світла вгору до [1].		Target_Moonbeam_Move
h743085a1g10dfg57d1g29eagd8357d3c8d91	Move the beam of moonlight up to [1].	Перемістіть промінь місячного світла вгору до [1].		Target_Moonbeam_Move_3
h86e6e70dg96a1gf0b3g1ac9g183926c4fc52	Move the beam of moonlight up to [1].	Перемістіть промінь місячного світла вгору до [1].		Target_Moonbeam_Move_4
hab03ad6cgd566g99b9g7354g5588d613d94d	Move the beam of moonlight up to [1].	Перемістіть промінь місячного світла вгору до [1].		Target_Moonbeam_Move_5
h8816ef8fg0960g42a5g2260g3c275dbbd0f6	Move the beam of moonlight up to [1].	Перемістіть промінь місячного світла вгору до [1].		Target_Moonbeam_Move_6
hde80ec9cg7cdbg9ea0g9225gb25148c847a9	You magically transport yourself, reappearing amid a burst of moonlight.	Ви чарівним чином переносите себе, знову з’являючись серед спалаху місячного світла.		Target_MoonlightStep;Target_MoonlightStep_2;Target_MoonlightStep_3;Target_MoonlightStep_4;Target_MoonlightStep_5;Target_MoonlightStep_6;Target_MoonlightStep_Spell;Target_MoonlightStep_Spell_3;Target_MoonlightStep_Spell_4;Target_MoonlightStep_Spell_5;Target_MoonlightStep_Spell_6
h5ed5413eg93c7gb24cg21d8g7901b49c4c83	You begin a whispered dirge that is magically accompanied by the howling of spirits and other grim portents. For the duration, an aura radiates from you in a 30-foot Emanation. When you create the aura and at the start of each of your turns while it persists, you can choose one creature in it to make a Constitution saving throw. On a failure, the creature takes 3d8 Necrotic damage.	Ви починаєте пошепки панахиду, яка чарівним чином супроводжується виттям духів та іншими похмурими ознаками. Протягом цього часу аура випромінює від вас 30-футову еманацію. Коли ви створюєте ауру, і на початку кожного свого ходу, поки вона зберігається, ви можете вибрати одну істоту в ній, щоб зробити кидок протидії статурою. У разі невдачі істота зазнає 3d8 некротичну шкоду.		Target_MurmursOfDoom;Target_MurmursOfDoom_4;Target_MurmursOfDoom_5;Target_MurmursOfDoom_6;Target_MurmursOfDoom_Recast;Target_MurmursOfDoom_spellscroll
h29339e6ag5488gb3c9gf071g0b4a21da192a	"As a Bonus Action, wrap a shadow rope around a creature's throat to start <LSTag Type=""Status"" Tooltip=""GARROTE_TARGET_HUMANOID"">Garrotting</LSTag> it."	"Як вторинну дію, обмотайте тіньову мотузку навколо горла істоти, щоб почати її <LSTag Type=""Status"" Tooltip=""GARROTE_TARGET_HUMANOID"">Удушення</LSTag>."		Target_NoEscape
h348d60dcgba3eg7259gaac2g9675ec8837a8	"As a Bonus Action, you present your Holy Symbol and expend a use of Channel Divinity to curse one creature you can see within 30 feet of yourself until the start of your next turn. While cursed, the creature has Disadvantage on attack rolls and saving throws.

When you or an ally you can see hits the cursed target with an attack roll, you can end the curse early (no action required) to deal extra Necrotic or Radiant damage (your choice) equal to your Cleric level."	"Як вторинну дію ви представляєте свій Священний символ і витрачаєте використання Боже наснаження, щоб проклясти одну істоту, яку ви бачите в межах 30 футів від себе, до початку вашого наступного ходу. Під час прокляття істота має Завади під час кидків атаки та кидків протидії.

Коли ви або ваш союзник, якого ви бачите, влучає в прокляту ціль кидком атаки, ви можете припинити прокляття достроково (не потрібно ніяких дій), щоб завдати додаткової некротичної чи променевої шкоди (на ваш вибір), що дорівнює вашому рівню клірика."		Target_PathToTheGrave
h1fc6d592gcc27gfae8g9211ge723a0f1c0e7	"Haunt a creature with its worst nightmares. It takes [1] per turn, has <LSTag Tooltip=""Disadvantage"">Disadvantage</LSTag> on <LSTag Tooltip=""AbilityCheck"">Ability Checks</LSTag> and <LSTag Tooltip=""AttackRoll"">Attack Rolls</LSTag>."	"Переслідуйте істоту з її найгіршими кошмарами. За хід потрібно [1], має <LSTag Tooltip=""Disadvantage"">Завада</LSTag> на <LSTag Tooltip=""AbilityCheck"">Перевірки характеристик</LSTag> і <LSTag Tooltip=""AttackRoll"">Кидки атаки</LSTag>."		Target_PhantasmalKiller;Target_PhantasmalKiller_spellscroll
h28a36b4cg27b2gab96g42b0gbade6f8162f6	"Haunt a creature with its worst nightmares. It takes [1] per turn, has <LSTag Tooltip=""Disadvantage"">Disadvantage</LSTag> on <LSTag Tooltip=""AbilityCheck"">Ability Checks</LSTag> and <LSTag Tooltip=""AttackRoll"">Attack Rolls</LSTag>."	"Переслідуйте істоту з її найгіршими кошмарами. За хід потрібно [1], має <LSTag Tooltip=""Disadvantage"">Завада</LSTag> на <LSTag Tooltip=""AbilityCheck"">Перевірки характеристик</LSTag> і <LSTag Tooltip=""AttackRoll"">Кидки атаки</LSTag>."		Target_PhantasmalKiller_5
h32d2aff6ga0b0g13a1g550dgd7e4309b96fb	"Haunt a creature with its worst nightmares. It takes [1] per turn, has <LSTag Tooltip=""Disadvantage"">Disadvantage</LSTag> on <LSTag Tooltip=""AbilityCheck"">Ability Checks</LSTag> and <LSTag Tooltip=""AttackRoll"">Attack Rolls</LSTag>."	"Переслідуйте істоту з її найгіршими кошмарами. За хід потрібно [1], має <LSTag Tooltip=""Disadvantage"">Завада</LSTag> на <LSTag Tooltip=""AbilityCheck"">Перевірки характеристик</LSTag> і <LSTag Tooltip=""AttackRoll"">Кидки атаки</LSTag>."		Target_PhantasmalKiller_6
h7d1b5755g3943g8854gdc14g83c3921a9c89	"You summon a phantom steed in an unoccupied space near the target, and the target immediately mounts it.

The steed can take one of the following actions of your choice on each of its turns: <LSTag Type=""Spell"" Tooltip=""Shout_Dash"">Dash</LSTag>, Disengage, Dodge

While mounted on the steed, when you take damage of 4 or higher, you must make a DC 8 Dexterity saving throw. On a failed save, you fall off the steed and have the Prone condition for 1 turn.


Only a player with a pure heart can see the steed."	"Ви викликаєте фантомного коня в незайнятому місці біля цілі, і ціль негайно сідає на нього.

Кінь може виконувати одну з таких дій за вашим вибором під час кожного свого ходу: <LSTag Type=""Spell"" Tooltip=""Shout_Dash"">Ривок</LSTag>, Від’єднатися, Ухилитися

Перебуваючи на коні, коли ви зазнаєте шкоди 4 або більше, ви повинні зробити МС 8 кидок протидії спритністю. За невдалої протидії ви падаєте з коня й маєте стан «Лежаючи» протягом 1 ходу.


Тільки гравець із чистим серцем може побачити коня."		Target_PhantomSteed;Target_PhantomSteed_4;Target_PhantomSteed_5;Target_PhantomSteed_6;Target_PhantomSteed_spellscroll
hf73a03f1g9a62g7708g6ac9ge3ea9b45c4a8	As a Magic action, you present your Holy Symbol and expend a use of your Channel Divinity to evoke healing energy that can restore a number of Hit Points equal to five times your Cleric level. Choose Bloodied creatures within [1] of yourself (which can include you), and divide those Hit Points among them.	У якості магічної дії ви представляєте свій Священний символ і використовуєте Боже наснаження, щоб викликати цілющу енергію, яка може відновити кількість очок здоров’я, що в п’ять разів перевищує ваш рівень клірика. Виберіть закривавлених істот у межах [1] від себе (до яких можете включати вас) і розподіліть ці очки здоров’я між ними.		Target_PreserveLife;Target_PreserveLife_1;Target_PreserveLife_2;Target_PreserveLife_3;Target_PreserveLife_4;Target_PreserveLife_5;Target_PreserveLife_6
h5084d2fcg51fdgc84dg02cfg9b81d8b498cd	"You can choose a number of creatures equal to your Proficiency Bonus that you can see within 30 feet of yourself. Those creatures gain <LSTag Type=""Status"" Tooltip=""HEROIC_INSPIRATION_TEMP"">Heroic Inspiration</LSTag>."	"Ви можете вибрати кількість істот, що дорівнює вашому бонусу спеціалізації, яких ви можете бачити в межах 30 футів від себе. Ці істоти отримують <LSTag Type=""Status"" Tooltip=""HEROIC_INSPIRATION_TEMP"">Героїчне натхнення</LSTag>."		Target_PurpleDragonRook
hb0fdd4d9g503ege786g4e88g495448e216a3	"If the bearer succeeds on a DC 15 <LSTag Type=""Skills"" Tooltip=""Medicine"">Medicine</LSTag> check, they can produce two alchemical extracts."	"Якщо пред’явнику вдається виконати перевірку МС 15 <LSTag Type=""Skills"" Tooltip=""Medicine"">Медицина</LSTag>, він може створити два алхімічні екстракти."		Target_RMI_AlchemyJug
hf478fc95g9735gc147g5553g233bdcac6a42	The bearer gains resistance to bludgeoning, piercing, and slashing damage from both nonmagical and magical attacks.	Носій зазнає опір ударам, колючим і рубаючим шкодою як від немагічних, так і від магічних атак.		Target_RMI_ArmorOfResistance
hd8a61fbeg966eg2925g4b33g06cdd667a7db	The bearer’s carrying capacity is increased tenfold.	Вантажопідйомність носія збільшується в десятки разів.		Target_RMI_BagOfHolding
h0389208ag20a5gb33cgd6d4g1a76d494f34c	The bearer can see through darkness, including magical darkness.	Носій може бачити крізь темряву, включаючи магічну темряву.		Target_RMI_GooglesOfNight
h9bd0edfeg5b4bg76fcgd748gbcbb2d766208	The bearer gains a +5 bonus to initiative rolls and can’t be surprised.	Носій отримує бонус +5 до кидків ініціативи, і його не можна здивувати.		Target_RMI_HelmOfAwarreness
h0824e195g8da3g869egd6degc36598f5aef9	The bearer can perceive invisible creatures.	Носій може сприймати невидимих істот.		Target_RMI_LanternOfRevealing
h2506c258gdab0g3285g53bfgf5fce0bc588f	While the bearer is wearing armor, their AC increases by 1.	Коли носій одягнений в обладунки, його РЗ збільшується на 1.		Target_RMI_MagicArmor
h3954fb1dg17ffgbfe6g0d00gcb12888367f4	The effect improves when you reach 10th level in this class.	Ефект покращується, коли ви досягаєте 10-го рівня в цьому класі.		Target_RMI_MagicShield
hb0d3133ege1fag851cg713dg91c9c8490f25	While the bearer is wielding a shield, the bonus to AC granted by the shield increases by 1.	Поки носій тримає щит, бонус до РЗ, наданий щитом, збільшується на 1.		Target_RMI_MagicShield
h691f58a3ge691g16f4gde31g4c0d91423c51	The bearer gains a +1 bonus to weapon attack rolls and damage rolls.	Носій зазнає бонус +1 до кидків атаки зброєю та кидків шкоди.		Target_RMI_MagicWeapon
he84d9497g813dgb574g14d2gb058fd491739	The effect improves when you reach 10th level in this class.	Ефект покращується, коли ви досягаєте 10-го рівня в цьому класі.		Target_RMI_MagicWeapon
he36cd52fg6e2bge975g091bg43b8e9e46b3b	When the bearer makes a Constitution saving throw to maintain concentration, a roll of 9 or lower on the d20 is treated as a 10.	Коли носій виконує кидок протидії, щоб зберегти концентрацію, кидок 9 або менше на d20 розглядається як 10.		Target_RMI_MindSharpener
h5b29d851g37dcg46cfg001dgf73693142fb1	The bearer ignores difficult terrain and can’t be paralyzed or restrained.	Носій ігнорує складну місцевість і не може бути паралізований або стриманий.		Target_RMI_RingOfFreeAction
h937ad414g9893g62b3g50bage2997ca1cdc5	The bearer gains a +1 bonus to AC and saving throws.	Носій отримує бонус +1 до РЗ і кидків протидії.		Target_RMI_RingOfProtection
h854823d6g3f6bg1eb4g1910g0b257fdf29dd	The bearer’s spell save DC and spell attack rolls each increase by 1.	Кожен кидок протидії закляття носія та кидок атаки заклять збільшується на 1.		Target_RMI_WandOfTheWarMage
h742a9d61gdb3fgfc8fg01f1g4eaa6842ed54	The effect improves when you reach 10th level in this class.	Ефект покращується, коли ви досягаєте 10-го рівня в цьому класі.		Target_RMI_WandOfTheWarMage
h79b37e05gb883gd560g64b2g438c7bb607f1	The bearer gains a +1 bonus to attack rolls and damage rolls with unarmed strikes.	Носій зазнає бонус +1 до кидків атаки та кидків шкоди ударами голіруч.		Target_RMI_WrapsOfUnarmedPower
h1c0dd1f2g5d3cgb248g24b7gdebae85359ea	The effect improves when you reach 10th level in this class.	Ефект покращується, коли ви досягаєте 10-го рівня в цьому класі.		Target_RMI_WrapsOfUnarmedPower
h02149e62gbafbgc9c5g274fg20af94229331	You choose a number of allies within a 30-foot emanation originating from you, up to a number of allies equal to your Charisma modifier. Each of those allies gains the benefit of your Action Surge.	Ви обираєте кількість союзників у межах 30-футової еманації, що походить від вас, до кількості союзників, що дорівнює вашому модифікатору Харизми. Кожен із цих союзників отримує переваги від вашого Внутрішній резерв.		Target_RallyingSurge;Target_RallyingSurge_1;Target_RallyingSurge_2;Target_RallyingSurge_3;Target_RallyingSurge_4;Target_RallyingSurge_5;Target_RallyingSurge_6
h1944ab59g9198g6ac4gba4ag5a0efe856cbb	"Summon a black bear that can maul enemies with its <LSTag Type=""Spell"" Tooltip=""Target_Claws_Bear_Black_Summon"">Claws</LSTag> and knock them down with a <LSTag Type=""Spell"" Tooltip=""Rush_Rush_Boar_Summon"">Charge</LSTag>."	"Викличте чорного ведмедя, який може розтерзати ворогів своїми <LSTag Type=""Spell"" Tooltip=""Target_Claws_Bear_Black_Summon"">Пазурі</LSTag> і збити їх з ніг <LSTag Type=""Spell"" Tooltip=""Rush_Rush_Boar_Summon"">Натиск</LSTag>."		Target_RangersCompanion_Bear
hd5b90e52gc2cagaf46gca4cg4997c18e17fb	"Summon a boar that can gore enemies with its <LSTag Type=""Spell"" Tooltip=""Target_Tusk_Boar_Summon"">Tusk</LSTag> and knock them down with a <LSTag Type=""Spell"" Tooltip=""Rush_Rush_Boar_Summon"">Charge</LSTag>."	"Викликайте кабана, який може пронизувати ворогів своїм <LSTag Type=""Spell"" Tooltip=""Target_Tusk_Boar_Summon"">Ікло</LSTag>, і збивайте їх з ніг <LSTag Type=""Spell"" Tooltip=""Rush_Rush_Boar_Summon"">Натиск</LSTag>."		Target_RangersCompanion_Boar
hafbed588gb94eg788agb035g22cf2f434eb4	"Summon a wolf spider that can lunge at enemies with its <LSTag Type=""Spell"" Tooltip=""Target_Bite_GiantSpider_Summon"">Bite</LSTag> and knock them down with a <LSTag Type=""Spell"" Tooltip=""Rush_Rush_Boar_Summon"">Charge</LSTag>."	"Викликайте павука-вовка, який може кидатися на ворогів за допомогою <LSTag Type=""Spell"" Tooltip=""Target_Bite_GiantSpider_Summon"">Укус</LSTag>, і збивати їх за допомогою <LSTag Type=""Spell"" Tooltip=""Rush_Rush_Boar_Summon"">Натиск</LSTag>."		Target_RangersCompanion_GiantSpider
hbd1c29f3g9d49g7f6bgd0f5g7628a41aeced	"Summon a dire raven that can fly and strike at enemies with its <LSTag Type=""Spell"" Tooltip=""Target_Beak_Raven_Summon_BeastMaster"">Beak</LSTag>. It doesn’t provoke <LSTag Tooltip=""OpportunityAttack"">Opportunity Attacks</LSTag> when it flies out of an enemy’s reach."	"Викличте жахливого ворона, який може літати та вражати ворогів своїм <LSTag Type=""Spell"" Tooltip=""Target_Beak_Raven_Summon_BeastMaster"">Дзьоб</LSTag>. Він не провокує <LSTag Tooltip=""OpportunityAttack"">Принагідні атаки</LSTag>, коли летить поза межами досяжності ворога."		Target_RangersCompanion_Raven
h67d9ca78g7e48g27e7g2e6bg3fd979f583a5	"Summon a wolf that can tear into enemies with its <LSTag Type=""Spell"" Tooltip=""Target_Bite_Wolf_Summon"">Bite</LSTag> and knock them down with a <LSTag Type=""Spell"" Tooltip=""Rush_Rush_Boar_Summon"">Charge</LSTag>."	"Викличте вовка, який може врізатися у ворогів за допомогою <LSTag Type=""Spell"" Tooltip=""Target_Bite_Wolf_Summon"">Укус</LSTag>, і збити їх за допомогою <LSTag Type=""Spell"" Tooltip=""Rush_Rush_Boar_Summon"">Натиск</LSTag>."		Target_RangersCompanion_Wolf
hab5f59ebgf7a8g70bag4453g8c9195f80563	The target is pushed [1] straight away from you. You can then move up to half your Speed straight toward the target without provoking Opportunity Attacks.	Ціль штовхається [1] прямо від вас. Тоді ви можете рухатися до половини вашої швидкості прямо до цілі, не провокуючи принагідної атаки.		Target_RecklessAttackForcefulBlow;Target_RecklessAttackForcefulBlow_Unarmed
h0eff4b2bgeb61g4e62ga1ffg3b4f777317e1	The target’s Speed is reduced by [1] until the start of your next turn. A target can be affected by only one Hamstring Blow at a time—the most recent one.	Швидкість цілі зменшується на [1] до початку вашого наступного ходу. На ціль може вплинути лише один удар підколінного сухожилля за раз — останній.		Target_RecklessAttackHamstringBlow;Target_RecklessAttackHamstringBlow_Unarmed
h34d645ffgccd0g672cg5920g5e1aa15ee5a7	Immediately after you teleport, you and one creature you can see within 10 feet of yourself gains 1d10 Temporary Hit Points.	Відразу після телепортації ви та одна істота, яку ви бачите в радіусі 10 футів від себе, отримуєте 1d10 тимчасові очки здоров’я.		Target_RefreshingStep
h4b191d6dgbd05g6ddag5c61g939a2ce25012	"You learn the arcane plans of magic items, allowing you to create replicas of them and grant those items to yourself or your allies. A replicated magic item loses its magic when you finish a Long Rest.

You can create only one instance of each replicated item when you finish a Long Rest. A creature can benefit from only one replicated item at a time.

Creating each replicated magic item requires you to have reached a certain Artificer level."	"Ви дізнаєтесь про таємні плани магічних предметів, що дозволяє створювати їх копії та надавати ці предмети собі або своїм союзникам. Відтворений магічний предмет втрачає свою магію, коли ви завершуєте Довгий відпочинок.

Ви можете створити лише один екземпляр кожного скопійованого предмета, коли закінчите Довгий відпочинок. Істота може отримати вигоду лише від одного скопійованого предмета за раз.

Щоб створити кожен дубльований магічний предмет, потрібно досягти певного рівня Майстра."		Target_ReplicateMagicItem
hd537bc94g933ag4203ga905g390b91aed106	You touch a willing creature. When the creature takes damage before the spell ends, the creature reduces the total damage taken by 1d4. A creature can benefit from this spell only once per turn.	Ти торкаєшся добровільної істоти. Коли істота зазнає шкоди до закінчення дії закляття, істота зменшує загальну шкоду, яку отримує 1d4. Істота може отримати користь від цього закляття лише один раз за хід.		Target_Resistance;Target_Resistance_spellscroll
h09168b32g9fe8gac39gedf6g93f7c55f5e17	Place one Illrigger Seal on the target.	Помістіть одну печатку Ілригера на ціль.		Target_Seal
h7630efebgc128g1a88g3056g3cd8dbd6ce14	You can use your Channel Divinity to turn a creature’s shadow against them. As an action, choose one creature that you can see within 30 feet of you. It is restrained by its shadow until the end of your next turn. You can use this feature even if the target is in an area where it casts no shadow.	Ви можете використовувати Боже наснаження, щоб звернути тінь істоти проти них. Як дію виберіть одну істоту, яку ви бачите в межах 30 футів від себе. Він стримується своєю тінню до кінця вашого наступного ходу. Ви можете використовувати цю особливість, навіть якщо ціль знаходиться в зоні, де вона не відкидає тіні.		Target_ShadowGrasp
h2702a54eg25d6geee6g89b1g70955d610f89	You can expend a seal as a bonus action to weave a mantle of semisolid shadows around yourself or a creature you touch. The target gains a +2 bonus to AC for 1 minute.	Ви можете використати печатку як вторинну дію, щоб сплести мантію з напівтвердих тіней навколо себе або істоти, якої ви торкаєтеся. Ціль отримує бонус +2 до РЗ на 1 хвилину.		Target_ShadowShroud
hbe999f21g0f08ge96cg6594g8835d9d3fdc5	"Teleport to a shadowy location. If you are <LSTag Type=""Status"" Tooltip=""GARROTE_TARGET"">Garrotting</LSTag> a creature, it teleports with you."	"Телепортуватися до затіненого місця. Істота, на яку накинута <LSTag Type=""Status"" Tooltip=""GARROTE_TARGET"">гарота</LSTag>, телепортуєтеся разом із вами."	"Телепортуватися до затіненого місця. Істота, на яку накинута <LSTag Type=""Status"" Tooltip=""GARROTE_TARGET"">гарота</LSTag>, телепортуєтеся разом із вами."	Target_ShadowTeleport_Meazel
hc70ed331g6b46g77d9g4d4cg645da0871699	Teleport to a shadowy location.	Телепортуватися до затіненого місця.	Телепортуватися до затіненого місця.	Target_ShadowTeleport_Meenlock
haddbec72gf9c4g510bg8c8cgba4bcfd87301	"As an action, you can shape-shift to change your appearance and your voice. You determine the specifics of the changes, including your coloration, hair length, and sex. You can also adjust your height and weight and can change your size between Medium and Small. You can make yourself appear as a member of another playable species, though none of your game statistics change. You can’t duplicate the appearance of an individual you’ve never seen, and you must adopt a form that has the same basic arrangement of limbs that you have. This trait doesn’t change your clothing and equipment.

While shape-shifted with this trait, you have Advantage on Charisma checks.

You stay in the new form until you take an action to revert to your true form."	"Як дію, ви можете змінити форму, щоб змінити свій зовнішній вигляд і свій голос. Ви визначаєте особливості змін, включаючи свій колір, довжину волосся та стать. Ви також можете регулювати свій зріст і вагу, а також змінювати розмір між Середнім і Малим. Ви можете відображати себе як представника іншого ігрового виду, хоча ваша ігрова статистика не зміниться. Ви не можете повторити зовнішній вигляд людини, яку ніколи не бачили, і ви повинні прийняти форму, яка має таке ж основне розташування кінцівок, що й у вас. Ця риса не змінює ваш одяг і спорядження.

Хоча ця риса змінює форму, ви маєте перевагу в перевірці харизми.

Ви залишаєтесь у новій формі, доки не зробите дію, щоб повернутися до вашої справжньої форми."		Target_ShapeShifter
h28541eafg02e0g2a1ag2ebcgdcdb10c35901	Trip a target with your shield, knocking it Prone.	Підштовхніть ціль своїм щитом, збиваючи її з ніг.		Target_ShieldBash_Prone
hfd45482dg5fa4g36cdg880egb6a399856ada	Shove a target with your shield to push it back.	Штовхнути ціль щитом, щоб відсунути її.	Штовхнути ціль щитом, щоб відсунути її.	Target_ShieldBash_Shove
h0fb46065g45fege74age2e5g0f1ff68942df	"Each creature of your choice in a 5-foot-radius Sphere centered on a point within range must succeed on a Wisdom saving throw or have the Incapacitated condition until the end of its next turn, at which point it must repeat the save. If the target fails the second save, the target has the <LSTag Type=""Status"" Tooltip=""SLEEP"">Unconscious</LSTag> condition for the duration. The spell ends on a target if it takes damage or someone within 5 feet of it takes an action to shake it out of the spell’s effect."	"Кожна істота за вашим вибором у Сфері радіусом 5 футів із центром у точці в межах радіусу дії має успішно виконати кидок протидії мудрістю або мати стан Недієздатності до кінця свого наступного ходу, після чого вона повинна повторити порятунок. Якщо ціль не вдається виконати другий кидок протидії, ціль має умову <LSTag Type=""Status"" Tooltip=""SLEEP"">Непритомність</LSTag> протягом тривалості. Закляття закінчується на цілі, якщо вона зазнає шкоди або хтось у радіусі 5 футів від неї виконує дії, щоб вивести її з-під ефекту закляття."		Target_Sleep;Target_Sleep_spellscroll
h4fcec4c9gde1eg19b6gebddg9af35fef4ff5	"Each creature of your choice in a 5-foot-radius Sphere centered on a point within range must succeed on a Wisdom saving throw or have the Incapacitated condition until the end of its next turn, at which point it must repeat the save. If the target fails the second save, the target has the <LSTag Type=""Status"" Tooltip=""SLEEP"">Unconscious</LSTag> condition for the duration. The spell ends on a target if it takes damage or someone within 5 feet of it takes an action to shake it out of the spell’s effect."	"Кожна істота за вашим вибором у Сфері радіусом 5 футів із центром у точці в межах радіусу дії має успішно виконати кидок протидії мудрістю або мати стан Недієздатності до кінця свого наступного ходу, після чого вона повинна повторити порятунок. Якщо ціль не вдається виконати другий кидок протидії, ціль має умову <LSTag Type=""Status"" Tooltip=""SLEEP"">Непритомність</LSTag> протягом усього часу. Закляття закінчується на цілі, якщо вона зазнає шкоди або хтось у радіусі 5 футів від неї виконує дії, щоб вивести її з-під ефекту закляття."		Target_Sleep_2
h2ba0acdeg33d2g33c7g5f83gb4c34e1444c0	"Each creature of your choice in a 5-foot-radius Sphere centered on a point within range must succeed on a Wisdom saving throw or have the Incapacitated condition until the end of its next turn, at which point it must repeat the save. If the target fails the second save, the target has the <LSTag Type=""Status"" Tooltip=""SLEEP"">Unconscious</LSTag> condition for the duration. The spell ends on a target if it takes damage or someone within 5 feet of it takes an action to shake it out of the spell’s effect."	"Кожна істота за вашим вибором у Сфері радіусом 5 футів із центром у точці в межах радіусу дії має успішно виконати кидок протидії мудрістю або мати стан Недієздатності до кінця свого наступного ходу, після чого вона повинна повторити порятунок. Якщо ціль не вдається виконати другий кидок протидії, ціль має умову <LSTag Type=""Status"" Tooltip=""SLEEP"">Непритомність</LSTag> протягом тривалості. Закляття закінчується на цілі, якщо вона зазнає шкоди або хтось у радіусі 5 футів від неї виконує дії, щоб вивести її з-під ефекту закляття."		Target_Sleep_3
ha765fffag4904gfe52g8d54gd4472a83f8fc	"Each creature of your choice in a 5-foot-radius Sphere centered on a point within range must succeed on a Wisdom saving throw or have the Incapacitated condition until the end of its next turn, at which point it must repeat the save. If the target fails the second save, the target has the <LSTag Type=""Status"" Tooltip=""SLEEP"">Unconscious</LSTag> condition for the duration. The spell ends on a target if it takes damage or someone within 5 feet of it takes an action to shake it out of the spell’s effect."	"Кожна істота за вашим вибором у Сфері радіусом 5 футів із центром у точці в межах радіусу дії має успішно виконати кидок протидії мудрістю або мати стан Недієздатності до кінця свого наступного ходу, після чого вона повинна повторити порятунок. Якщо ціль не вдається виконати другий кидок протидії, ціль має умову <LSTag Type=""Status"" Tooltip=""SLEEP"">Непритомність</LSTag> протягом тривалості. Закляття закінчується на цілі, якщо вона зазнає шкоди або хтось у радіусі 5 футів від неї виконує дії, щоб вивести її з-під ефекту закляття."		Target_Sleep_4
h804ad0f1g6cb1ge2ecg1066g91b9c7f2effa	"Each creature of your choice in a 5-foot-radius Sphere centered on a point within range must succeed on a Wisdom saving throw or have the Incapacitated condition until the end of its next turn, at which point it must repeat the save. If the target fails the second save, the target has the <LSTag Type=""Status"" Tooltip=""SLEEP"">Unconscious</LSTag> condition for the duration. The spell ends on a target if it takes damage or someone within 5 feet of it takes an action to shake it out of the spell’s effect."	"Кожна істота за вашим вибором у Сфері радіусом 5 футів із центром у точці в межах радіусу дії має успішно виконати кидок протидії мудрістю або мати стан Недієздатності до кінця свого наступного ходу, після чого вона повинна повторити порятунок. Якщо ціль не вдається виконати другий кидок протидії, ціль має умову <LSTag Type=""Status"" Tooltip=""SLEEP"">Непритомність</LSTag> протягом тривалості. Закляття закінчується на цілі, якщо вона зазнає шкоди або хтось у радіусі 5 футів від неї виконує дії, щоб вивести її з-під ефекту закляття."		Target_Sleep_5
h47a0106cg9a69g79a5g7f31g8c859cf2dd61	"Each creature of your choice in a 5-foot-radius Sphere centered on a point within range must succeed on a Wisdom saving throw or have the Incapacitated condition until the end of its next turn, at which point it must repeat the save. If the target fails the second save, the target has the <LSTag Type=""Status"" Tooltip=""SLEEP"">Unconscious</LSTag> condition for the duration. The spell ends on a target if it takes damage or someone within 5 feet of it takes an action to shake it out of the spell’s effect."	"Кожна істота за вашим вибором у Сфері радіусом 5 футів із центром у точці в межах радіусу дії має успішно виконати кидок протидії мудрістю або мати стан Недієздатності до кінця свого наступного ходу, після чого вона повинна повторити порятунок. Якщо ціль не вдається виконати другий кидок протидії, ціль має умову <LSTag Type=""Status"" Tooltip=""SLEEP"">Непритомність</LSTag> протягом тривалості. Закляття закінчується на цілі, якщо вона зазнає шкоди або хтось у радіусі 5 футів від неї виконує дії, щоб вивести її з-під ефекту закляття."		Target_Sleep_6
h39dbb752g7bd1g7b6fgad55gb007b398ba91	Once per turn when you hit a creature with your pact weapon, you can expend a Pact Magic spell slot to deal an extra 1d8 Force damage to the target, plus another 1d8 per level of the spell slot, and you can give the target the Prone condition if it is Huge or smaller.	Один раз за хід, коли ви вдаряєте істоту своєю пактною зброєю, ви можете використати чарунку заклять Магія пакту, щоб завдати цілі додаткової шкоди 1d8 Силова, а також ще один 1d8 на рівень чарунки заклять, і ви можете надати цілі стан Повалення, якщо вона Величезна або менша.		Target_Smite_Eldritch;Target_Smite_Eldritch_3;Target_Smite_Eldritch_4;Target_Smite_Eldritch_5
hf1e8a3afg2d52gf821gfb11ge37ef7d60eda	When you deal Sneak Attack damage, you can forgo your Sneak Attack's extra damage. If you do, the target must succeed on a Constitution saving throw or be Paralyzed until the end of your next turn.	Коли ви завдаєте шкоди від підступного удару, ви можете відмовитися від додаткової шкоди від підступного удару. Якщо ви це зробите, ціль має вдало виконати кидок протидії статурою або бути паралізованою до кінця вашого наступного ходу.		Target_SneakAttack_Paralytic
hb742b3aagabfcg536cg10e0g99bbe354e49a	Heal a creature within range that has 0 Hit Points and isn’t dead.	Вилікуйте істоту в радіусі дії, яка має 0 очок здоров’я та не мертва.		Target_SpareTheDying;Target_SpareTheDying_BonusAction;Target_SpareTheDying_spellscroll
h8e4177f4g16c3g3fc7g9a6eg1f1682c821e8	You can choose a space within 30 feet of yourself that is occupied by a creature. If that creature is willing, you both teleport, swapping places.	Ви можете вибрати місце в межах 30 футів від себе, яке буде зайнято істотою. Якщо ця істота бажає, ви обидва телепортуєтесь, помінявшись місцями.		Target_SpatialExchange
he35c6486g7f21gd1fag785egf414f915b565	"You send forth a spectral copy of yourself to strike down your foe. Make a melee spell attack against a creature within 20 feet of you. On a hit, the target takes [1] damage of your weapon’s damage type.

You can then spend your action to move up to 20 feet in a straight line towards the target, streaking through a spectral trail, and take the Attack action against it. To use this action, you must attack with the melee weapon used for the casting of this spell."	"Ви посилаєте примарну копію себе, щоб вразити свого ворога. Зробіть атаку закляттям ближнього бою проти істоти в межах 20 футів від вас. Під час влучання ціль зазнає [1] шкоди типу шкоди вашої зброї.

Потім ви можете витратити свою дію на переміщення до 20 футів по прямій лінії до цілі, проходячи крізь спектральний слід, і виконати проти неї дію «Атака». Щоб скористатися цією дією, ви повинні атакувати холодною зброєю, яка використовується для застосування цього закляття."		Target_SpectralSlash;Target_SpectralSlash_2;Target_SpectralSlash_3;Target_SpectralSlash_4;Target_SpectralSlash_5;Target_SpectralSlash_6;Target_SpectralSlash_spellscroll
h8a4d1ebag9e23g557bg322agfe82662adcaa	When you spend at least 1 Sorcery Point as part of a Magic action or a Bonus Action on your turn, you can unleash one of the following magical effects of your choice. You can do so only once per turn.	Коли ви витратите принаймні 1 очко чародійства як частину магічної дії або вторинної дії у свій хід, ви можете розв’язати один із наведених нижче магічних ефектів за вашим вибором. Ви можете зробити це лише один раз за хід.		Target_SpellFireBurst
h0ffef888g07e1g2e7dgf090g1e02c22995ae	You or one creature you can see within 30 feet of yourself gains Temporary Hit Points equal to 1d4 plus your Charisma modifier.	Ви або одна істота, яку ви бачите в радіусі 30 футів від себе, отримуєте тимчасові очки здоров’я, що дорівнюють 1d4 плюс ваш модифікатор Харизми.		Target_SpellFireBurst_1
h37be3b80g09fbg170eg2b7cg065997dc9bf9	One creature you can see within 30 feet of yourself takes 1d4 Fire damage.	Одна істота, яку ви бачите в радіусі 30 футів від себе, зазнає 1d4 шкоди від вогню.		Target_SpellFireBurst_2
hf4271cc8ge175g82fcg26deg011060d3570a	One creature you can see within 30 feet of yourself takes 1d4 Radiant damage.	Одна істота, яку ви бачите в радіусі 30 футів від себе, зазнає 1d4 променевої шкоди.		Target_SpellFireBurst_3
hc68e827eg501cgbab0ga48egb7055d764e5b	"You conjure a pillar of spellfire in a 20-foot-radius, 20-foot-high Cylinder centered on a point within range. The area of the Cylinder is Bright Light, and each creature in it when it appears makes a Constitution saving throw, taking Radiant damage on a failed save or half as much damage on a successful one. A creature also makes this save when it enters the spell’s area for the first time on a turn or ends its turn there. A creature makes this save only once per turn.

In addition, whenever a creature in the Cylinder casts a spell, that creature makes a Constitution saving throw. On a failed save, the spell dissipates with no effect, and the action, Bonus Action, or Reaction used to cast it is wasted.

When you cast this spell, you can designate creatures to be unaffected by it."	"Ви викликаєте стовп чарівного вогню в циліндрі радіусом 20 футів і висотою 20 футів, центр якого знаходиться в межах досяжності. Зона циліндра — це Яскраве Світло, і кожна істота в ньому, коли вона з’являється, робить кидок протидії, отримуючи променеву шкоду за невдалої протидії або вдвічі меншу за успішне. Істота також виконує цей кидок протидії, коли вона входить у зону дії закляття вперше під час ходу або закінчує свій хід там. Істота виконує цей кидок протидії лише один раз за хід.

Крім того, щоразу, коли істота в Циліндрі використовує закляття, ця істота робить кидок протидії статурою. У разі невдалої протидії закляття розсіюється без ефекту, а дія, вторинна дія або реагування, використані для його застосування, витрачаються даремно.

Коли ви використовуєте це закляття, ви можете призначити істот, на яких воно не впливає."		Target_SpellfireStorm;Target_SpellfireStorm_5;Target_SpellfireStorm_6;Target_SpellfireStorm_spellscroll
h496851c8g04fdg00a4g089dg29319b878d02	Teleport up to 30 feet to an unoccupied space it can see.	Телепортуватися на відстань до 30 футів у вільний простір, який він бачить.		Target_Spirit_Renegade
he182f30fgc762gfc22g6adegda911d4ae8ea	Your tinkering has borne you a companion, a Steel Defender.	Завдяки твоєму майстерності ти отримав напарника, Сталевого Захисника.		Target_SteelDefender
hbeb30ce1gced1g1c41gd105g57e6ea60c80e	You can invoke the Stone Rune to force a creature into a hypnotic state for 1 minute.	Ви можете викликати кам'яну руну, щоб змусити істоту перейти в гіпнотичний стан на 1 хвилину.		Target_StoneRune
h36a49c70g93aeg56fag31d6g861694b3eca0	"Turn a creature's flesh hard as stone. It takes only <LSTag Tooltip=""Resistant"">half the damage</LSTag> of all Bludgeoning, Piercing, and Slashing damage."	"Перетворіть плоть істоти твердою, як камінь. Він отримує лише <LSTag Tooltip=""Resistant"">половину шкоди</LSTag> усієї шкоди від кидків, колольних і рубаючих ударів."		Target_Stoneskin;Target_Stoneskin_spellscroll
hbd15ec06ga1begd062g730ega5c6e100ec6f	"Turn a creature's flesh hard as stone. It takes only <LSTag Tooltip=""Resistant"">half the damage</LSTag> of all Bludgeoning, Piercing, and Slashing damage."	"Перетворіть плоть істоти твердою, як камінь. Він отримує лише <LSTag Tooltip=""Resistant"">половину шкоди</LSTag> усієї шкоди від кидків, колольних і рубаючих ударів."		Target_Stoneskin_5
h901059e2g5cefg4bbbg2e95g491ea1dbb812	"Turn a creature's flesh hard as stone. It takes only <LSTag Tooltip=""Resistant"">half the damage</LSTag> of all Bludgeoning, Piercing, and Slashing damage."	"Перетворіть плоть істоти твердою, як камінь. Він отримує лише <LSTag Tooltip=""Resistant"">половину шкоди</LSTag> усієї шкоди від кидків, колольних і рубаючих ударів."		Target_Stoneskin_6
h352899a3g7e44g14c0g1466gcef7fe4c478f	When you take damage from a creature within 60 feet of you, you can take a Reaction to deal 1d8 Thunder damage to that creature.	Коли ви зазнаєте шкоди від істоти в радіусі 60 футів від вас, ви можете застосувати реагування, щоб завдати 1d8 шкоди грому цій істоті.		Target_StormsThunder
h2a979e60g8047g338bg7d21g17a10ae143c0	You understand the power of striking from the shadows. Once per turn, when you hit an interdicted creature with a melee weapon attack and you have advantage on the attack roll, you can roll a number of d4s equal to your proficiency bonus and deal extra damage equal to the total you rolled.	Ви розумієте силу удару з тіні. Один раз за хід, коли ви вражаєте заборонену істоту атакою зі зброї ближнього бою та маєте перевагу в кидку атаки, ви можете кинути кількість d4, що дорівнює вашому бонусу спеціалізації, і завдати додаткової шкоди, що дорівнює загальній сумі, яку ви викинули.		Target_StrikeFromTheDark
h102e9b14g2c12gd739gf2fegff7c28ae9efe	You call forth a Celestial spirit. It manifests in an angelic form in an unoccupied space that you can see within range and uses the Celestial Spirit stat block.	Ви викликаєте Небесного Духа. Він проявляється в формі ангела в незайнятому просторі, який ви можете бачити в межах досяжності, і використовує блок статистики Небесного Духа.		Target_SummonCelestial;Target_SummonCelestial_6;Target_SummonCelestial_spellscroll
hba16fabfga4e3g6b7bg7403g2f3b23634fe6	The chosen creature gains 1d10 Temporary Hit Points.	Вибрана істота отримує 1d10 тимчасові очки здоров’я.		Target_SummonCelestial_BolsteringTouch
h3f1546c3g603ega888gd0fege4945802fd62	The spirit touches another creature. The target regains Hit Points equal to 2d8 + 5.	Дух торкається іншої істоти. Ціль відновлює очки здоров’я, що дорівнюють 2d8 + 5.		Target_SummonCelestial_HealingTouch
h9d6713c3gcb8cgea0fg44deg1925c2bcb55d	You call forth a Dragon spirit. It manifests in an unoccupied space that you can see within range and uses the Draconic Spirit stat block. The creature disappears when it drops to 0 Hit Points or when the spell ends.	Ви викликаєте дух Дракона. Він проявляється в незайнятому просторі, який ви можете бачити в межах досяжності, і використовує блок статистичних даних «Дух дракона». Істота зникає, коли її очок здоров’я падає до 0 або коли закінчується дія закляття.		Target_SummonDragon;Target_SummonDragon_6;Target_SummonDragon_spellscroll
haddaa3c4ga780gc6c0g5533g2da826d6931f	"You cause psychic energy to erupt at a point within range. Each creature in a  [1] radius Sphere centered on that point makes an Intelligence saving throw, taking Psychic damage on a failed save or half as much damage on a successful one.

On a failed save, a target also has muddled thoughts for 1 minute. During that time, it subtracts 1d6 from all its attack rolls and ability checks, as well as any Constitution saving throws to maintain Concentration. The target makes an Intelligence saving throw at the end of each of its turns, ending the effect on itself on a success."	"Ви викликаєте викид психічної енергії в точці в межах діапазону. Кожна істота в Сфері радіуса [1] з центром у цій точці робить кидок протидії інтелектом, отримуючи психічну шкоду за невдалої протидії або вдвічі менше шкоди за успішної протидії.

За невдалої протидії ціль також має плутані думки протягом 1 хвилини. Протягом цього часу він віднімає 1d6 з усіх своїх кидків атаки та перевірок здібностей, а також будь-яких кидків протидії статурою для підтримки концентрації. Ціль робить кидок протидії інтелектом в кінці кожного свого ходу, припиняючи вплив на себе після успіху."		Target_SynapticStatic;Target_SynapticStatic_6;Target_SynapticStatic_spellscroll
hd3e9c567g2905g672bg0224gf1c8ec229255	The spell ends if you drop to 0 Hit Points. It also ends if the spell is cast again on either of the connected creatures. The spell remains in effect only while you and the target are within 60 feet of each other.	Закляття закінчується, якщо ви впадете до 0 очок здоров’я. Воно також закінчується, якщо закляття накладено знову на будь-яку з пов’язаних істот. Закляття залишається в силі лише тоді, коли ви та ціль перебуваєте на відстані 60 футів один від одного.		Target_TWN_WardingBond
h5f480b91gf52bg2751g6254gdd8113ff8e2e	When you cast this spell, a flexible exoskeleton covered in thorns appears around a willing target within range. The target gains [1] Temporary Hit Points. If a creature hits the target with a melee attack roll before the spell ends, that creature takes Piercing damage equal to the number of Temporary Hit Points lost as a result of the attack. This spell ends early if the target has no remaining Temporary Hit Points granted by this spell.	Коли ви використовуєте це закляття, навколо бажаної цілі в радіусі з’являється гнучкий екзоскелет, укритий шипами. Ціль отримує [1] тимчасових очок здоров’я. Якщо істота вражає ціль за допомогою кидка атаки ближнього бою до закінчення дії закляття, ця істота зазнає колольну шкоду, що дорівнює кількості тимчасових очок здоров’я, втрачених у результаті атаки. Це закляття закінчується раніше, якщо ціль не має тимчасових очок здоров’я, наданих цим закляттям.		Target_ThornArmor;Target_ThornArmor_2;Target_ThornArmor_3;Target_ThornArmor_4;Target_ThornArmor_5;Target_ThornArmor_6;Target_ThornArmor_spellscroll
h1ec14486gf908gc063g0557g6983b686c4ae	A creature hit by the pulse has Disadvantage on attack rolls against targets other than you until the start of your next turn.	Істота, уражена імпульсом, має Завада у кидках атаки проти інших цілей, крім вас, до початку вашого наступного ходу.		Target_ThunderPulse
h82f58797g491fg0f3ag42b4g05c22ee9679d	Whenever you take the Bonus Action to create or move the illusion of your Invoke Duplicity, you can teleport, swapping places with the illusion.	Кожного разу, коли ви виконуєте вторинну дію, щоб створити або перемістити ілюзію свого Дволикість, ви можете телепортуватися, помінявши місця з ілюзією.		Target_TrickstersTransposition
h2a98d2a4g6136gc14eg1cb9g3739feecfebf	A creature you touch is magically infused with the regenerative properties of troll blood. For the duration of the spell, the target regains 5 Hit Points at the start of each of its turns, if it has at least 1 Hit Point, and automatically succeeds on Death Saving Throws.	Істота, до якої ви торкаєтеся, чарівним чином наповнюється регенеруючими властивостями крові тролів. Протягом дії закляття ціль відновлює 5 очок здоров’я на початку кожного свого ходу, якщо вона має принаймні 1 очко здоров’я, і автоматично виконує кидки протидії від смерті.		Target_TrollbloodInfusion;Target_TrollbloodInfusion_4;Target_TrollbloodInfusion_5;Target_TrollbloodInfusion_6;Target_TrollbloodInfusion_spellscroll
h573020b3g1241g8748g5cccgf1a7c580e5d4	Guided by a flash of magical insight, you make one attack with the weapon used in the spell’s casting. The attack uses your spellcasting ability for the attack and damage rolls instead of using Strength or Dexterity. If the attack deals damage, it can be Radiant damage or the weapon’s normal damage type (your choice).	Керуючись спалахом магічного проникнення, ви виконуєте одну атаку зброєю, яка використовується під час застосування закляття. Атака використовує вашу здатність закляття для кидків атаки та шкоди замість використання сили чи спритності. Якщо атака завдає шкоди, це може бути променева шкода або звичайний тип шкоди зброї (на ваш вибір).		Target_TrueStrike
hfc5b991fgffcdgbc3bgbe4eg4bbb47637ce8	Guided by a flash of magical insight, you make one attack with the weapon used in the spell’s casting. The attack uses your spellcasting ability for the attack and damage rolls instead of using Strength or Dexterity. If the attack deals damage, it can be Radiant damage or the weapon’s normal damage type (your choice).	Керуючись спалахом магічного проникнення, ви виконуєте одну атаку зброєю, яка використовується під час застосування закляття. Атака використовує вашу здатність закляття для кидків атаки та шкоди замість використання сили чи спритності. Якщо атака завдає шкоди, це може бути променева шкода або звичайний тип шкоди зброї (на ваш вибір).		Target_TrueStrike_CompassSpear;Target_TrueStrike_Melee;Target_TrueStrike_Radiant;Target_TrueStrike_spellscroll
h347e6fe4g42a8g22ecgdb29gefc97f004483	"You create a long, life-stealing tendril of shadow that lashes out at a creature you can see within range.

Make a ranged spell attack against the target. On a hit, the target takes Necrotic damage. Roll the spell's damage dice again and gain Temporary Hit Points equal to the result.
"	"Ви створюєте довгий вусик тіні, що краде життя, який кидається на істоту, яку ви бачите в радіусі.

Зробіть дальню атаку закляттям проти цілі. Після удару ціль зазнає некротичну шкоду. Знову киньте кістка шкоди від закляття та отримайте тимчасові очки здоров’я, що дорівнюють результату."		Target_UmbralTendril;Target_UmbralTendril_2;Target_UmbralTendril_3;Target_UmbralTendril_4;Target_UmbralTendril_5;Target_UmbralTendril_6;Target_UmbralTendril_spellscroll
heca0b0d3g54dbgf86cg916cg906977301869	When you burn one or more seals on an interdicted creature, you can use your reaction to unleash an explosion of hellish energy around them. Each creature of your choice within 10 feet of the target must make a Dexterity saving throw. On a failed save, a creature takes the same amount and type of damage as the seals dealt to the interdicted creature. On a successful save, a creature takes half as much damage.	Коли ви спалюєте одну або кілька печаток на забороненій істоті, ви можете використовувати своє реагування, щоб розв’язати навколо них вибух пекельної енергії. Кожна істота за вашим вибором у межах 10 футів від цілі повинна зробити кидок протидії спритністю. За невдалої протидії істота зазнає таку ж кількість і тип шкоди, як і печатки, завдані забороненій істоті. За успішної протидії істота зазнає вдвічі менше шкоди.		Target_UnleashHell_Fire;Target_UnleashHell_Necrotic
h99fc91bfg4ca1g9784g96bege336a9f9cf88	As a Magic action, you can unleash one of your channeled spirits. Choose one creature you can see within 30 feet of yourself as the spirit’s target. The spirit then takes effect; if a spirit’s effect requires a saving throw, the DC equals your Bard spell save DC. This action allows you to actually use the spirit.	У якості магічної дії ви можете звільнити одного зі своїх духів, що направляються. Виберіть одну істоту, яку ви бачите в межах 30 футів від себе, як ціль духу. Тоді дух починає діяти; якщо ефект духу потребує кидка протидії, МС дорівнює вашому МС протидії закляттям Барда. Ця дія дозволяє реально використовувати дух.		Target_UnleashingASpirit
hec346c79gf7e0ga44egbc79gbe72af6c9ba3	"The target makes a Dexterity saving throw, taking Fire damage equal to four rolls of your <LSTag Type=""ActionResource"" Tooltip=""BardicInspiration"">Bardic Inspiration</LSTag> die on a failed save or half as much damage on a successful one."	"Ціль робить кидок протидії спритністю, зазнаючи шкоди від вогню, що дорівнює чотирьом кидкам вашої смерті <LSTag Type=""ActionResource"" Tooltip=""BardicInspiration"">Бардівське натхнення</LSTag> у разі невдалої протидії або вдвічі менше шкоди при вдалому."		Target_UnleashingASpirit_Arsonist
h97319f1bgef21gc6f0g305bg9cc81c5b14c1	"Until the end of your next turn, any creature that hits the target with a melee attack roll takes Force damage equal to a roll of your <LSTag Type=""ActionResource"" Tooltip=""BardicInspiration"">Bardic Inspiration</LSTag> die."	"До кінця вашого наступного ходу будь-яка істота, яка влучає в ціль атакою ближнього бою, зазнає силової шкоди, що дорівнює кидку вашої кістки <LSTag Type=""ActionResource"" Tooltip=""BardicInspiration"">Бардівського натхнення</LSTag>."		Target_UnleashingASpirit_Avenger
h809e5f68g6c1fg087fg4ebbgd6a42f20a3f2	"The target regains Hit Points equal to a roll of your <LSTag Type=""ActionResource"" Tooltip=""BardicInspiration"">Bardic Inspiration</LSTag> die plus your Charisma modifier."	"Ціль відновлює очки здоров’я, що дорівнюють кидку вашого кістки <LSTag Type=""ActionResource"" Tooltip=""BardicInspiration"">Бардівське натхнення</LSTag> плюс ваш модифікатор Харизми."		Target_UnleashingASpirit_Beloved
h173fc315gc0d2g81edgd93dg3ddf2abd9626	The target and each creature of your choice in a 30-foot Emanation originating from the target must succeed on a Wisdom saving throw or have the Frightened condition until the start of your next turn. While a creature is Frightened, its Speed is halved (round down), and it can take either an action or a Bonus Action, not both.	Ціль і кожна істота за вашим вибором у 30-футовій Еманації, що походить від цілі, повинні успішно виконати кидок протидії мудрістю або мати стан Переляку до початку вашого наступного ходу. Поки істота налякана, її швидкість зменшується вдвічі (округляється вниз), і вона може виконувати або дію, або вторинну дію, а не обидва.		Target_UnleashingASpirit_Coward
hf34a9c9bga45bgc852g5af5g53f40d5fc0f3	The target has Advantage on D20 Tests until the start of your next turn.	Ціль має перевагу в перевірках D20 до початку вашого наступного ходу.		Target_UnleashingASpirit_Fortune Teller
h6b7ca201g1238g4bbdg17feg37877398fd9e	Until the end of its turn, the target can use its Reaction to teleport up to 30 feet to an unoccupied space it can see.	До кінця свого ходу ціль може використовувати своє реагування, щоб телепортуватися на відстань до 30 футів у незайнятий простір, який вона може бачити.		Target_UnleashingASpirit_Renegade
h1558545egaf7dg1079g8177g9f6871b6f525	"The target has the <LSTag Type=""Status"" Tooltip=""INVISIBLE"">Invisible</LSTag> condition until the end of its next turn or until the target makes an attack roll, deals damage, or casts a spell. When the invisibility ends, each creature in a 5-foot Emanation originating from the target must succeed on a Constitution saving throw or take Necrotic damage equal to two rolls of your <LSTag Type=""ActionResource"" Tooltip=""BardicInspiration"">Bardic Inspiration</LSTag> die."	"Ціль має стан <LSTag Type=""Status"" Tooltip=""INVISIBLE"">Невидимість</LSTag> до кінця свого наступного ходу або поки ціль не зробить кидок атаки, завдасть шкоди або не використає закляття. Коли невидимість закінчується, кожна істота в 5-футовій еманації, що походить від цілі, має успішно виконати кидок протидії «Статура» або отримати некротичну шкоду, що дорівнює двом кидкам вашого кістки <LSTag Type=""ActionResource"" Tooltip=""BardicInspiration"">Бардівське натхнення</LSTag>."		Target_UnleashingASpirit_Shade
ha93da29dg5863g46a5gb636gdc16581b4520	"The target takes Force damage equal to a roll of your <LSTag Type=""ActionResource"" Tooltip=""BardicInspiration"">Bardic Inspiration</LSTag> die plus your Charisma modifier."	"Ціль зазнає силову шкоду, рівну кидку вашого кістки <LSTag Type=""ActionResource"" Tooltip=""BardicInspiration"">Бардівське натхнення</LSTag> плюс ваш модифікатор Харизми."		Target_UnleashingASpirit_Sharpshooter
h8bd54844g8c51g684dg0147ga45b20304d23	"The target makes a Wisdom saving throw. On a failed save, the target takes Psychic damage equal to two rolls of your <LSTag Type=""ActionResource"" Tooltip=""BardicInspiration"">Bardic Inspiration</LSTag> die and has the Charmed condition until the start of your next turn. On a successful save, the target takes half as much damage only."	"Ціль робить кидок протидії мудрістю. У разі невдалої протидії ціль зазнає психічну шкоду, що дорівнює двом кидкам вашого кістки <LSTag Type=""ActionResource"" Tooltip=""BardicInspiration"">Бардівське натхнення</LSTag>, і має стан «Зачарування» до початку вашого наступного ходу. За успішної протидії ціль зазнає удвічі менше шкоди."		Target_UnleashingASpirit_Trickster
h3c143767g21a8g66bcg6a21gf96dcfb36b88	"The target gains Temporary Hit Points equal to a roll of your <LSTag Type=""ActionResource"" Tooltip=""BardicInspiration"">Bardic Inspiration</LSTag> die plus your Bard level. While the target has these Temporary Hit Points, its Speed increases by 10 feet."	"Ціль отримує тимчасові очки здоров’я, що дорівнюють кидку вашого кістки <LSTag Type=""ActionResource"" Tooltip=""BardicInspiration"">Бардівське натхнення</LSTag> плюс ваш рівень Барда. Поки ціль має ці тимчасові очки здоров’я, її швидкість збільшується на 10 футів."		Target_UnleashingASpirit_Wayfarer
hee7efdd5g7678gd390g9d02gfa6d6bde145c	You brandish the weapon used in the spell’s casting and make a melee attack with it against one creature within 5 feet of you. On a hit, the target suffers the weapon attack’s normal effects and then radiates a dark aura of energy until the start of your next turn. If the target makes an attack or casts a spell before then, the target takes [1] and the spell ends.	Ви розмахуєте зброєю, яка використовується під час застосування закляття, і атакуєте нею ближнього бою проти однієї істоти в радіусі 5 футів від вас. Після влучання ціль зазнає звичайних ефектів атаки зі зброєю, а потім випромінює темну ауру енергії до початку вашого наступного ходу. Якщо ціль атакує або використовує закляття до цього часу, ціль приймає [1], і закляття закінчується.		Target_VengefulBlade;Target_VengefulBlade_spellscroll
hd82204a6g3799gdefdg1b5egd96a90423f8e	The night has taught you to be vigilant. As an action, you give one creature you touch (including possibly yourself) a +5 bonus to its next Initiative roll. This benefit ends immediately if you use this feature again.	Ніч навчила бути пильним. Як дію, ви даєте одній істоті, якої ви торкаєтеся (включаючи, можливо, себе), бонус +5 до наступного кидка ініціативи. Ця перевага негайно закінчується, якщо ви знову скористаєтеся цією особливістю.		Target_VigilantBlessing
hb07fc0ddg58b4ga6acgedc3gd632be720493	You gain the ability to foretell a creature’s doom. As a Bonus Action, choose a creature you can see within 120 feet of yourself. Until the start of your next turn, attack rolls against that creature have Advantage.	Ви отримуєте здатність передвіщати загибель істоти. Як вторинну дію виберіть істоту, яку ви бачите в межах 120 футів від себе. До початку вашого наступного ходу кидки атаки проти цієї істоти мають перевагу.		Target_VisionsOfAnnihilation
hca956f6fg7446gdf7fg60bag36e7853ca0c9	The spell ends if you drop to 0 Hit Points. It also ends if the spell is cast again on either of the connected creatures. The spell remains in effect only while you and the target are within 60 feet of each other.	Закляття закінчується, якщо ви впадете до 0 очок здоров’я. Воно також закінчується, якщо закляття накладено знову на будь-яку з пов’язаних істот. Закляття залишається в силі лише тоді, коли ви та ціль перебуваєте на відстані 60 футів один від одного.		Target_WardingBond;Target_WardingBond_spellscroll
hd0f268c5ga792g388ag89beg27993a801b4e	The spell ends if you drop to 0 Hit Points. It also ends if the spell is cast again on either of the connected creatures. The spell remains in effect only while you and the target are within 60 feet of each other.	Закляття закінчується, якщо ви впадете до 0 очок здоров’я. Воно також закінчується, якщо закляття накладено знову на будь-яку з пов’язаних істот. Закляття залишається в силі лише тоді, коли ви та ціль перебуваєте на відстані 60 футів один від одного.		Target_WardingBond_3
hddf1d80agc605gd10ageadfg364f889fcd0e	The spell ends if you drop to 0 Hit Points. It also ends if the spell is cast again on either of the connected creatures. The spell remains in effect only while you and the target are within 60 feet of each other.	Закляття закінчується, якщо ви впадете до 0 очок здоров’я. Воно також закінчується, якщо закляття накладено знову на будь-яку з пов’язаних істот. Закляття залишається в силі лише тоді, коли ви та ціль перебуваєте на відстані 60 футів один від одного.		Target_WardingBond_4
hfb95ce72g8252ge83fg5316gf6e8f6c45584	The spell ends if you drop to 0 Hit Points. It also ends if the spell is cast again on either of the connected creatures. The spell remains in effect only while you and the target are within 60 feet of each other.	Закляття закінчується, якщо ви впадете до 0 очок здоров’я. Воно також закінчується, якщо закляття накладено знову на будь-яку з пов’язаних істот. Закляття залишається в силі лише тоді, коли ви та ціль перебуваєте на відстані 60 футів один від одного.		Target_WardingBond_5
hacd0f311gff68ge0cegd678g80ea9a8ee794	The spell ends if you drop to 0 Hit Points. It also ends if the spell is cast again on either of the connected creatures. The spell remains in effect only while you and the target are within 60 feet of each other.	Закляття закінчується, якщо ви впадете до 0 очок здоров’я. Воно також закінчується, якщо закляття накладено знову на будь-яку з пов’язаних істот. Закляття залишається в силі лише тоді, коли ви та ціль перебуваєте на відстані 60 футів один від одного.		Target_WardingBond_6
hcade1749gdcc0g1f97g1533gca440242cfde	You can use your Channel Oath to invest your presence with the warding power of your faith. You can choose a number of creatures you can see within 30 feet of you, up to a number equal to your Charisma modifier (minimum of one creature). For 1 minute, you and the chosen creatures have advantage on Intelligence, Wisdom, and Charisma saving throws.	Ви можете використовувати своє Боже наснаження, щоб поєднати свою присутність з охоронною силою вашої віри. Ви можете вибрати кількість істот, яких ви бачите в радіусі 30 футів від себе, до числа, що дорівнює вашому модифікатору Харизми (мінімум одна істота). Протягом 1 хвилини ви та вибрані істоти маєте перевагу в кидках протидії інтелектом, мудрістю та харизмою.		Target_WatchersWill;Target_WatchersWill_1;Target_WatchersWill_2;Target_WatchersWill_3;Target_WatchersWill_4;Target_WatchersWill_5;Target_WatchersWill_6
hfce3b1a5gd494ge7ddge2b2gaa37f42771ce	The target must succeed on a Constitution saving throw against your spell save DC or take Cold damage and, if the creature is Large or smaller, be pushed up to 15 feet away from you. To determine this damage, roll a number of d6s equal to your Wisdom modifier.	Ціль має досягти успіху в кидку протидії «Статура» проти вашого МС протидії закляттям або отримати шкоди від холоду, і, якщо істота Велика або менша, її відштовхують на 15 футів від вас. Щоб визначити цю шкоду, киньте кількість d6, що дорівнює вашому модифікатору Мудрості.		Target_WrathOfTheSea;Target_WrathOfTheSea_FirstTurn
h6153da66gbfbeg1d0dgec8agfbc6490c04f5	Creatures within 10 feet of the space you left or the space you appear in (your choice) must succeed on a Wisdom saving throw against your spell save DC or take 2d10 Psychic damage.	Істоти в радіусі 10 футів від простору, який ви залишили, або простору, в якому ви з’являєтеся (на ваш вибір), повинні досягти успіху в кидку протидії Мудрості проти вашого МС протидії закляттям або отримати 2d10 Психічну шкоду.		Teleportation_DreadfulStep
h9cda9df5g341bg90cag16e9gfc25dc9df498	When you use your Fey Step, you can touch one willing creature within 5 feet of you. That creature then teleports instead of you, appearing in an unoccupied space of your choice that you can see within 30 feet of you.	Коли ви використовуєте свій Феї Крок, ви можете торкнутися однієї бажаючий істоти в радіусі 5 футів від вас. Потім ця істота телепортується замість вас, з’являючись у незайнятому місці за вашим вибором, яке ви можете бачити в межах 30 футів від вас.		Teleportation_FeyStep_Eladrin_Spring
hfa86f65dg33d6g9ea6g0948gfbf198214a31	When you use your Fey Step, one creature of your choice that you can see within 5 feet of you before you teleport must succeed on a Wisdom saving throw or be frightened of you until the end of your next turn.	Коли ви використовуєте свій крок Фей, одна істота за вашим вибором, яку ви бачите в радіусі 5 футів від себе перед тим, як телепортуватися, повинна успішно виконати кидок протидії мудрістю або боятися вас до кінця вашого наступного ходу.		Teleportation_FeyStep_Eladrin_Winter
h85215a15gab76gffacg9824gfed9a8a89e8b	As a Bonus Action, you can move the illusion.	Як вторинну дію ви можете перемістити ілюзію.		Teleportation_InvokeDuplicity_Move
h444275c2g565cg45a9gdfbdg183d47facddb	Creatures within 10 feet of the space you left must succeed on a Wisdom saving throw against your spell save DC or have Disadvantage on attack rolls against creatures other than you until the start of your next turn.	Істоти в межах 10 футів від простору, який ви залишили, повинні досягти успіху в кидку протидії Мудрості проти вашого МС протидії закляттям або мати Завада у кидках атаки проти інших істот, крім вас, до початку вашого наступного ходу.		Teleportation_TauntingStep
h789e4f7cgbbfdgd136g7526g0cb392afcf9d	You can move an object or a creature with your mind. As a Magic action, choose one target you can see within 30 feet of yourself; the target must be a loose object that is Large or smaller or one willing creature other than you. You transport the target up to 30 feet to an unoccupied space you can see. Alternatively, if the target is a Tiny object, you can transport it to or from your hand.	Ви можете рухати предмет або істоту за допомогою розуму. Як магічну дію виберіть одну ціль, яку ви бачите в межах 30 футів від себе; мішенню має бути Великий або менший об’єкт, що має вільний об’єкт, або одна істота, окрім вас. Ви транспортуєте ціль на відстань до 30 футів у незайняте місце, яке ви можете бачити. Крім того, якщо метою є крихітний об’єкт, ви можете транспортувати його у свою руку або з неї.		Teleportation_TelekineticMovement;Teleportation_TelekineticMovement_ShortRest
h05279eecg66b6g48b2gd7bbg31b8b9364190	A line of roaring flame 30 feet long and 5 feet wide emanates from you in a direction you choose. Each creature in the line must make a Dexterity saving throw. A creature takes fire damage on a failed save, or half as much damage on a successful one.	Лінія ревучого полум'я довжиною 30 футів і шириною 5 футів виходить від вас у вибраному вами напрямку. Кожна істота в лінії повинна зробити кидок протидії спритністю. Істота зазнає шкоди вогнем за невдалої протидії або вдвічі менше шкоди при вдалому.		Zone_AganazzarsScorcher;Zone_AganazzarsScorcher_3;Zone_AganazzarsScorcher_4;Zone_AganazzarsScorcher_5;Zone_AganazzarsScorcher_6;Zone_AganazzarsScorcher_spellscroll
h08797ed7gc753g8f41gd903g4ec54ed567d1	"You channel energy from the Astral Sea to unleash a torrent of magic from yourself. Choose Cold or Radiant for the type of energy channeled. Each creature in a 30-foot Cone originating from you makes a Dexterity saving throw. On a failed save, the target takes damage of the chosen type and suffers an additional effect determined by the damage type:

Cold Damage. The target has Disadvantage on the next D20 Test it makes before the end of your next turn.
Radiant Damage. The target has the Blinded condition until the end of your next turn.

On a successful save, the target takes half as much damage only."	"Ви направляєте енергію з Астрального моря, щоб вивільнити з себе потік магії. Виберіть «Холодний» або «Сяючий» відповідно до типу спрямованої енергії. Кожна істота в 30-футовому конусі, що походить від вас, виконує кидок протидії спритністю. У разі невдалої протидії ціль зазнає шкоди вибраного типу та зазнає додатковий ефект, який визначається типом шкоди:

Шкода від холоду. Ціль має Завада у наступному перевірці D20, який вона виконує до кінця вашого наступного ходу.
променеве шкоди. Ціль перебуває в стані засліплення до кінця вашого наступного ходу.

За успішної протидії ціль зазнає удвічі менше шкоди."		Zone_AstralFlood;Zone_AstralFlood_Cold;Zone_AstralFlood_Cold_4;Zone_AstralFlood_Cold_5;Zone_AstralFlood_Cold_6;Zone_AstralFlood_Radiant;Zone_AstralFlood_Radiant_4;Zone_AstralFlood_Radiant_5;Zone_AstralFlood_Radiant_6;Zone_AstralFlood_spellscroll
h82f57f8fg4253ga79egce21gde7d5fe72f73	You can use an action to exhale a plume of powerful energy from inside of you. Each creature in a 15-foot cone must make a Dexterity saving throw against your spell save DC. A creature takes Fire damage on a failed save, or half as much on a successful one.	Ви можете використовувати дію, щоб видихнути шлейф потужної енергії зсередини. Кожна істота в 15-футовому конусі повинна зробити кидок протидії спритністю проти вашого МС протидії закляттям. Істота зазнає шкоди від вогню за невдалої протидії або вдвічі менше при вдалому.		Zone_BreathWeapon_DragonShape
h6d46b975ga195gac49gab4cg2ff48ea0ff54	Your breath weapon improves at certain levels. At 6th level, your breath weapon deals 3d6 damage. At 10th level, it deals 4d6 damage.	Ваша дихальна зброя покращується на певних рівнях. На 6-му рівні ваша дихальна зброя завдає шкоди 3d6. На 10-му рівні він завдає шкоди 4d6.		Zone_BreathWeapon_DragonShape
hb0efd2ceg0833g9420g8355ge424da379f9e	You launch a dazzling array of flashing, colorful light. Each creature in a 15-foot Cone originating from you must succeed on a Constitution saving throw or have the Blinded condition until the end of your next turn.	Ви запускаєте сліпучу низку миготливого кольорового світла. Кожна істота в 15-футовому конусі, що походить від вас, повинна успішно виконати кидок протидії «Статура» або мати стан засліплення до кінця вашого наступного ходу.		Zone_ColorSpray;Zone_ColorSpray_2;Zone_ColorSpray_3;Zone_ColorSpray_4;Zone_ColorSpray_5;Zone_ColorSpray_6;Zone_ColorSpray_spellscroll
h59b9e3afg4467g5a79gf262g265bd2bcb18d	Make a flurry of frost, crisp air, and condensed snow crystals erupt from your hands.	Випустити з рук шквал холодного, кусючого вітру й густого снігу.	Випустити з рук шквал холодного, кусючого вітру й густого снігу.	Zone_ConeOfCold;Zone_ConeOfCold_6;Zone_ConeOfCold_spellscroll
h567842fbg3adcgb2d8ga509g4f0c4fef8cc5	The cannon blasts fire in a 15-foot Cone. Each creature in that area makes a Dexterity saving throw against your spell save DC, taking Fire damage on a failed save or half as much damage on a successful one. Flammable objects in the Cone that aren’t being worn or carried start burning.	Гармата веде вогонь у 15-футовому конусі. Кожна істота в цій області робить кидок протидії спритністю проти вашого МС протидії закляттям, зазнаючи шкоди від вогню за невдалої протидії або вдвічі менше шкоди за успішної протидії. Легкозаймисті предмети в Конус, які не носять і не переносять, починають горіти.		Zone_EC_Flamethrower
h1042549ag1908gfbe0g5f54g6b7fb0d8ba00	"When you cast this spell, choose one of the following effects that determine the spell’s damage type:

Air. The damage type is Thunder. Each creature that fails the saving throw is pushed 10 feet away from you.

Coldfire. The damage type is Cold. Each creature that fails the saving throw has the Frightened condition until the start of your next turn.

Earth. The damage type is Bludgeoning. Each creature that fails the saving throw has its Speed reduced to 0 until the end of its next turn.

Fire. The damage type is Fire. Each creature that fails the saving throw is engulfed in flames and takes Fire damage at the end of its next turn. As an action, it can extinguish fire on itself by giving itself the Prone condition and rolling on the ground. The fire also goes out if it is doused, submerged, or suffocated.

Water. The damage type is Acid. Each creature that fails the saving throw has the Prone condition.

Each creature within a 30-foot Cone of destructive elemental energy must make a Dexterity saving throw. On a failed save, a target takes damage of the chosen type. On a successful save, the target takes half as much damage only."	"Коли ви використовуєте це закляття, виберіть один із наступних ефектів, які визначають тип шкоди закляття:

повітря. Тип шкоди - Грім. Кожна істота, якій не вдалося виконати кидок протидії, відштовхується на 10 футів від вас.

Холодовогонь. Тип шкоди - Холод. Кожна істота, яка не пройшла кидок протидії, має стан Переляку» до початку вашого наступного ходу.

земля. Тип шкоди - Забійна. Швидкість кожної істоти, яка не пройшла кидок протидії, знижується до 0 до кінця наступного ходу.

Вогонь. Тип шкоди - вогонь. Кожна істота, яка не здійснила кидок протидії, охоплюється полум’ям і зазнає шкоди від вогню в кінці наступного ходу. У якості дії він може загасити вогонь на собі, перейшовши в стан Повалення» та покотившись по землі. Вогонь також гасне, якщо його залити, занурити або задушити.

вода Тип шкоди - кислота. Кожна істота, якій не вдалося виконати кидок протидії, має стан Повалення».

Кожна істота в межах 30-футового конуса руйнівної стихійної енергії має зробити кидок протидії спритністю. У разі невдалої протидії ціль зазнає шкоди вибраного типу. За успішної протидії ціль зазнає удвічі менше шкоди."		Zone_ElementalExhalation
hbdbf38edg682agb073g615cgd0646d705eb5	"Air. The damage type is Thunder. Each creature that fails the saving throw is pushed 10 feet away from you.

Each creature within a 30-foot Cone of destructive elemental energy must make a Dexterity saving throw. On a failed save, a target takes damage of the chosen type. On a successful save, the target takes half as much damage only."	"повітря. Тип шкоди - Грім. Кожна істота, якій не вдалося виконати кидок протидії, відштовхується на 10 футів від вас.

Кожна істота в межах 30-футового конуса руйнівної стихійної енергії має зробити кидок протидії спритністю. У разі невдалої протидії ціль зазнає шкоди вибраного типу. За успішної протидії ціль зазнає удвічі менше шкоди."		Zone_ElementalExhalation_Air;Zone_ElementalExhalation_Air_4;Zone_ElementalExhalation_Air_5;Zone_ElementalExhalation_Air_6
h7bd2461bgfa71g3829g28e1gaef49599b4e9	"Coldfire. The damage type is Cold. Each creature that fails the saving throw has the Frightened condition until the start of your next turn.

Earth. The damage type is Bludgeoning. Each creature that fails the saving throw has its Speed reduced to 0 until the end of its next turn.

Each creature within a 30-foot Cone of destructive elemental energy must make a Dexterity saving throw. On a failed save, a target takes damage of the chosen type. On a successful save, the target takes half as much damage only."	"Холодовогонь. Тип шкоди - Холод. Кожна істота, яка не пройшла кидок протидії, має стан Переляку» до початку вашого наступного ходу.

земля. Тип шкоди - Забійна. Швидкість кожної істоти, яка не пройшла кидок протидії, знижується до 0 до кінця наступного ходу.

Кожна істота в межах 30-футового конуса руйнівної стихійної енергії має зробити кидок протидії спритністю. У разі невдалої протидії ціль зазнає шкоди вибраного типу. За успішної протидії ціль зазнає удвічі менше шкоди."		Zone_ElementalExhalation_Coldfire;Zone_ElementalExhalation_Coldfire_4;Zone_ElementalExhalation_Coldfire_5;Zone_ElementalExhalation_Coldfire_6
hc45e0fa7gb4cege9f5g982fg7301666e820d	"Earth. The damage type is Bludgeoning. Each creature that fails the saving throw has its Speed reduced to 0 until the end of its next turn.

Each creature within a 30-foot Cone of destructive elemental energy must make a Dexterity saving throw. On a failed save, a target takes damage of the chosen type. On a successful save, the target takes half as much damage only."	"земля. Тип шкоди - Забійна. Швидкість кожної істоти, яка не пройшла кидок протидії, знижується до 0 до кінця наступного ходу.

Кожна істота в межах 30-футового конуса руйнівної стихійної енергії має зробити кидок протидії спритністю. У разі невдалої протидії ціль зазнає шкоди вибраного типу. За успішної протидії ціль зазнає удвічі менше шкоди."		Zone_ElementalExhalation_Earth;Zone_ElementalExhalation_Earth_4;Zone_ElementalExhalation_Earth_5;Zone_ElementalExhalation_Earth_6
h8d7f1f17ge505g0aa1gebcag3a7e09bf05d6	"Fire. The damage type is Fire. Each creature that fails the saving throw is engulfed in flames and takes Fire damage at the end of its next turn. As an action, it can extinguish fire on itself by giving itself the Prone condition and rolling on the ground. The fire also goes out if it is doused, submerged, or suffocated.

Each creature within a 30-foot Cone of destructive elemental energy must make a Dexterity saving throw. On a failed save, a target takes damage of the chosen type. On a successful save, the target takes half as much damage only."	"Вогонь. Тип шкоди - вогонь. Кожна істота, яка не здійснила кидок протидії, охоплюється полум’ям і зазнає шкоди від вогню в кінці наступного ходу. У якості дії він може загасити вогонь на собі, перейшовши в стан Повалення» та покотившись по землі. Вогонь також гасне, якщо його залити, занурити або задушити.

Кожна істота в межах 30-футового конуса руйнівної стихійної енергії має зробити кидок протидії спритністю. У разі невдалої протидії ціль зазнає шкоди вибраного типу. За успішної протидії ціль зазнає удвічі менше шкоди."		Zone_ElementalExhalation_Fire;Zone_ElementalExhalation_Fire_4;Zone_ElementalExhalation_Fire_5;Zone_ElementalExhalation_Fire_6
haebb0bd5g858bg5610gf623g1dcd18a2a0dd	"Water. The damage type is Acid. Each creature that fails the saving throw has the Prone condition.

Each creature within a 30-foot Cone of destructive elemental energy must make a Dexterity saving throw. On a failed save, a target takes damage of the chosen type. On a successful save, the target takes half as much damage only."	"вода Тип шкоди - кислота. Кожна істота, якій не вдалося виконати кидок протидії, має стан Повалення».

Кожна істота в межах 30-футового конуса руйнівної стихійної енергії має зробити кидок протидії спритністю. У разі невдалої протидії ціль зазнає шкоди вибраного типу. За успішної протидії ціль зазнає удвічі менше шкоди."		Zone_ElementalExhalation_Water;Zone_ElementalExhalation_Water_4;Zone_ElementalExhalation_Water_5;Zone_ElementalExhalation_Water_6;Zone_ElementalExhalation_spellscroll
h6a7e8dbfg5edcgcfebgef9bgb58dbe804543	You can expend 2 Divine Points to call down radiant blades in a 45-foot-long, 5-foot-wide Line. Each creature in the Line must make a Dexterity saving throw, taking Radiant damage equal to your Sneak Attack damage on a failed save, or half as much damage on a successful one.	Ви можете витратити 2 божественні очки, щоб викликати сяючі клинки в лінії довжиною 45 футів і шириною 5 футів. Кожна істота в лінії повинна зробити кидок протидії спритністю, отримавши променевої шкоди, що дорівнює вашій шкоді від підступного удару за невдалої протидії або вдвічі менше шкоди за успішної протидії.		Zone_EruptingBlades
h55dbf30agbd12g301dga596g935c9cd3ab5e	Silver energy bursts out from you in a 120-foot-long, 5-foot-wide Line. Each creature of your choice in the Line makes a Strength saving throw. On a failed save, a creature takes Force damage and has the Prone condition. On a successful save, a creature takes half as much damage only.	Срібна енергія виривається з вас у лінії довжиною 120 футів і шириною 5 футів. Кожна вибрана вами істота в Лінії робить кидок протидії силою. За невдалої протидії істота зазнає силової шкоди та має стан Повалення». За успішної протидії істота зазнає удвічі менше шкоди.		Zone_LaeralsSilverLance;Zone_LaeralsSilverLance_4;Zone_LaeralsSilverLance_5;Zone_LaeralsSilverLance_6;Zone_LaeralsSilverLance_spellscroll
hfdadc829g334eg78cegcbaegac19146a68cc	You can take a Magic action to unleash a concentrated beam of lightning from the blade in a Line that is 60 feet long and 5 feet wide. Each creature in the Line must make a DC 15 Dexterity saving throw, taking 4d6 Lightning damage on a failed save or half as much damage on a successful one.	Ви можете виконати магічну дію, щоб випустити зосереджений промінь блискавки з клинка в лінію довжиною 60 футів і шириною 5 футів. Кожна істота в Лінії повинна зробити МС 15 кидок протидії спритністю, отримавши 4d6 шкоди від блискавки за невдалої протидії або вдвічі менше шкоди за успішної протидії.		Zone_MAG_Voltedge
ha5f5579fg9ce6ge4abg474ag9e80c16acfae	"You summon and unleash a murder of deadly crows. Each creature of your choice in a 30-foot Cone originating from you makes a Dexterity saving throw. On a failed save, the target takes 5d6 Force damage and has the <LSTag Type=""Status"" Tooltip=""BLINDED"">Blinded</LSTag> condition. On a successful save, it takes half as much damage only. A Blinded creature repeats the save at the end of each of its turns, ending the effect on itself on a success."	"Ви викликаєте та розв'язуєте вбивство смертоносних ворон. Кожна істота за вашим вибором у 30-футовому конусі, що походить від вас, виконує кидок протидії спритністю. У разі невдалої протидії ціль зазнає 5d6 шкоди сили та має стан <LSTag Type=""Status"" Tooltip=""BLINDED"">Засліплений</LSTag>. За успішної протидії він зазнає лише вдвічі менше шкоди. Засліплена істота повторює порятунок наприкінці кожного ходу, припиняючи ефект на себе в разі успіху."		Zone_MurderOfCrows;Zone_MurderOfCrows_5;Zone_MurderOfCrows_6;Zone_MurderOfCrows_spellscroll
hb4eeb71eg4ea7gf2cdg4726g7e2a70934cc5	A burst of cold energy emanates from you in a 30-foot cone. Each creature in that area must make a Constitution saving throw. On a failed save, a creature takes cold damage and is hindered by ice formations for 1 turn. A creature hindered by ice has its speed reduced to 0. On a successful save, a creature takes half as much damage and isn’t hindered by ice.	Спалах холодної енергії виходить від вас у 30-футовому конусі. Кожна істота в цій області повинна зробити кидок протидії статурою. За невдалої протидії істота зазнає шкоди холодом і їй заважають утворення льоду протягом 1 ходу. Швидкість істоти, якій заважає лід, знижується до 0. За успішної протидії істота зазнає вдвічі менше шкоди і їй не заважає лід.		Zone_RimesBindingIce;Zone_RimesBindingIce_3;Zone_RimesBindingIce_4;Zone_RimesBindingIce_5;Zone_RimesBindingIce_6;Zone_RimesBindingIce_spellscroll
h41750364g33fcg4cefg8a48ge532dc677bbf	Channel your ki into a searing wave of energy. Expel fire from your outstretched hands, hitting each target with [1] and igniting anything flammable.	Спрямуйте свою кі в пекучу хвилю енергії. Виганяйте вогонь зі своїх витягнутих рук, вражаючи кожну ціль за допомогою [1] і запалюючи все легкозаймисте.		Zone_SearingArcStrike;Zone_SearingArcStrike_1;Zone_SearingArcStrike_2;Zone_SearingArcStrike_3;Zone_SearingArcStrike_4;Zone_SearingArcStrike_5
ha9c3ab13g3fb0g8a2eg5ee1gfbd234126c3d	You conjure up a wave of water that crashes down on an area within range. The area can be up to 30 feet long, up to 10 feet wide, and up to 10 feet tall. Each creature in that area must make a Dexterity saving throw. On a failed save, a creature takes 4d8 bludgeoning damage and is knocked prone. On a successful save, a creature takes half as much damage and isn’t knocked prone	Ви викликаєте хвилю води, яка обрушується на область у межах досяжності. Ділянка може бути до 30 футів у довжину, до 10 футів у ширину та до 10 футів у висоту. Кожна істота в цій області повинна зробити кидок протидії спритністю. За невдалої протидії істота зазнає 4d8 ударної шкоди та викидається з ніг. За успішної протидії істота зазнає вдвічі менше шкоди і не збивається		Zone_TidalWave;Zone_TidalWave_4;Zone_TidalWave_5;Zone_TidalWave_6;Zone_TidalWave_spellscroll
